rank,frequency
1,1049111
2,839757
3,505736
4,262038
5,250080
6,237516
7,232406
8,169290
9,166177
10,159553
11,153560
12,149275
13,148952
14,147514
15,137782
16,131438
17,125286
18,121962
19,120443
20,114715
21,113122
22,109807
23,107020
24,105244
25,105099
26,103737
27,103412
28,102167
29,101596
30,101247
31,97312
32,96845
33,94710
34,94089
35,91830
36,90160
37,89017
38,87183
39,86603
40,86584
41,85791
42,85049
43,82930
44,82792
45,82207
46,82190
47,81228
48,80875
49,80531
50,80055
51,79846
52,78324
53,78085
54,77971
55,77953
56,77899
57,77077
58,74758
59,74229
60,73031
61,72723
62,72402
63,72203
64,71360
65,70211
66,69647
67,69430
68,69022
69,68926
70,68223
71,67568
72,66965
73,66901
74,66337
75,66283
76,65599
77,64692
78,64379
79,62766
80,61405
81,61368
82,61310
83,60283
84,60094
85,59651
86,58856
87,58469
88,58104
89,57446
90,56743
91,56739
92,56728
93,56648
94,55731
95,55681
96,55019
97,54417
98,54291
99,54239
100,54237
101,53727
102,53543
103,53353
104,53140
105,53068
106,53043
107,52925
108,52495
109,51934
110,51618
111,51494
112,51380
113,51096
114,50642
115,50199
116,50064
117,48800
118,48270
119,48154
120,47845
121,47843
122,47137
123,46949
124,46032
125,45576
126,45528
127,45474
128,45364
129,44789
130,44671
131,44634
132,44384
133,44197
134,43893
135,43821
136,43643
137,43635
138,43543
139,43483
140,43469
141,43213
142,43140
143,43123
144,42952
145,42918
146,42568
147,42478
148,42271
149,42258
150,42205
151,41768
152,41174
153,40894
154,40559
155,40543
156,39890
157,39859
158,39856
159,39790
160,39387
161,39228
162,38929
163,38459
164,38202
165,38195
166,38078
167,37916
168,37912
169,37645
170,37587
171,37516
172,37485
173,37450
174,37080
175,37067
176,37029
177,36772
178,36505
179,35977
180,35650
181,35469
182,35466
183,35125
184,35086
185,35040
186,34956
187,34932
188,34797
189,34796
190,34723
191,34670
192,34623
193,34595
194,34537
195,34431
196,34173
197,34105
198,33969
199,33966
200,33879
201,33829
202,33800
203,33504
204,33300
205,33255
206,33214
207,32839
208,32787
209,32683
210,32636
211,32429
212,32362
213,32211
214,32148
215,32138
216,32065
217,31978
218,31965
219,31895
220,31691
221,31642
222,31587
223,31505
224,31468
225,31431
226,31291
227,31224
228,30978
229,30767
230,30648
231,30636
232,30553
233,30383
234,30344
235,30121
236,30070
237,30030
238,29994
239,29854
240,29803
241,29779
242,29426
243,29405
244,29383
245,29210
246,29187
247,29148
248,28956
249,28856
250,28722
251,28672
252,28317
253,28306
254,28182
255,27994
256,27946
257,27863
258,27778
259,27434
260,27359
261,27255
262,27210
263,27046
264,27004
265,26927
266,26870
267,26848
268,26810
269,26806
270,26803
271,26653
272,26639
273,26634
274,26240
275,26012
276,25998
277,25967
278,25956
279,25923
280,25898
281,25851
282,25767
283,25751
284,25712
285,25628
286,25600
287,25549
288,25547
289,25528
290,25369
291,25215
292,25146
293,25091
294,25051
295,25009
296,24984
297,24939
298,24847
299,24807
300,24428
301,24349
302,24331
303,24272
304,24203
305,24191
306,24152
307,24041
308,23998
309,23946
310,23923
311,23641
312,23509
313,23475
314,23384
315,22974
316,22934
317,22826
318,22816
319,22792
320,22759
321,22635
322,22583
323,22534
324,22529
325,22506
326,22464
327,22392
328,22347
329,22291
330,22181
331,22124
332,22044
333,22037
334,21973
335,21962
336,21923
337,21907
338,21718
339,21681
340,21630
341,21589
342,21547
343,21521
344,21464
345,21299
346,21229
347,21141
348,21064
349,21059
350,21009
351,20923
352,20901
353,20861
354,20830
355,20793
356,20761
357,20711
358,20675
359,20612
360,20584
361,20579
362,20477
363,20451
364,20414
365,20378
366,19949
367,19858
368,19849
369,19819
370,19756
371,19688
372,19678
373,19676
374,19646
375,19628
376,19603
377,19569
378,19553
379,19482
380,19481
381,19459
382,19449
383,19399
384,19317
385,19278
386,19248
387,19225
388,19214
389,19169
390,19150
391,19044
392,18962
393,18957
394,18941
395,18918
396,18874
397,18793
398,18781
399,18768
400,18711
401,18615
402,18447
403,18362
404,18350
405,18336
406,18332
407,18321
408,18262
409,18174
410,18143
411,18114
412,18082
413,18073
414,17990
415,17969
416,17928
417,17846
418,17788
419,17756
420,17683
421,17678
422,17674
423,17631
424,17564
425,17522
426,17507
427,17497
428,17482
429,17405
430,17362
431,17241
432,17232
433,17232
434,17195
435,17172
436,17152
437,17146
438,17105
439,17086
440,17069
441,17056
442,17009
443,16896
444,16883
445,16883
446,16861
447,16825
448,16799
449,16783
450,16724
451,16717
452,16610
453,16570
454,16553
455,16478
456,16442
457,16348
458,16304
459,16259
460,16190
461,16081
462,16063
463,16034
464,16028
465,16002
466,15964
467,15909
468,15890
469,15879
470,15818
471,15808
472,15735
473,15733
474,15688
475,15608
476,15594
477,15586
478,15553
479,15546
480,15512
481,15452
482,15425
483,15421
484,15388
485,15385
486,15359
487,15351
488,15328
489,15293
490,15146
491,15110
492,15040
493,14999
494,14910
495,14877
496,14807
497,14796
498,14792
499,14729
500,14687
501,14669
502,14639
503,14633
504,14632
505,14608
506,14607
507,14599
508,14579
509,14560
510,14503
511,14494
512,14405
513,14395
514,14388
515,14368
516,14334
517,14279
518,14276
519,14242
520,14230
521,14224
522,14188
523,14162
524,14158
525,14144
526,14114
527,14078
528,14040
529,13946
530,13936
531,13930
532,13916
533,13910
534,13905
535,13830
536,13812
537,13781
538,13757
539,13676
540,13675
541,13673
542,13571
543,13560
544,13555
545,13535
546,13471
547,13409
548,13406
549,13402
550,13361
551,13326
552,13301
553,13296
554,13283
555,13282
556,13281
557,13215
558,13215
559,13186
560,13171
561,13169
562,13160
563,13158
564,13155
565,13134
566,13126
567,13100
568,13094
569,13054
570,13046
571,12991
572,12981
573,12956
574,12934
575,12810
576,12787
577,12784
578,12772
579,12772
580,12764
581,12749
582,12732
583,12717
584,12711
585,12621
586,12603
587,12551
588,12549
589,12518
590,12512
591,12512
592,12487
593,12459
594,12450
595,12449
596,12430
597,12411
598,12403
599,12402
600,12391
601,12376
602,12356
603,12341
604,12333
605,12306
606,12300
607,12293
608,12290
609,12279
610,12274
611,12222
612,12220
613,12206
614,12166
615,12137
616,12129
617,12099
618,12099
619,12068
620,12066
621,12062
622,12043
623,12021
624,11996
625,11987
626,11964
627,11960
628,11930
629,11917
630,11905
631,11889
632,11881
633,11861
634,11851
635,11828
636,11802
637,11777
638,11766
639,11744
640,11739
641,11719
642,11670
643,11668
644,11652
645,11624
646,11606
647,11605
648,11583
649,11582
650,11560
651,11559
652,11516
653,11473
654,11431
655,11389
656,11384
657,11382
658,11357
659,11357
660,11332
661,11322
662,11307
663,11306
664,11291
665,11281
666,11278
667,11269
668,11262
669,11250
670,11240
671,11225
672,11210
673,11208
674,11179
675,11178
676,11174
677,11150
678,11136
679,11112
680,11111
681,11097
682,11007
683,11002
684,10996
685,10986
686,10973
687,10942
688,10917
689,10912
690,10904
691,10901
692,10891
693,10876
694,10860
695,10856
696,10850
697,10824
698,10806
699,10792
700,10761
701,10697
702,10697
703,10669
704,10669
705,10666
706,10654
707,10644
708,10564
709,10526
710,10500
711,10499
712,10488
713,10484
714,10463
715,10459
716,10413
717,10410
718,10388
719,10372
720,10341
721,10338
722,10331
723,10330
724,10327
725,10241
726,10219
727,10185
728,10173
729,10170
730,10146
731,10137
732,10136
733,10119
734,10114
735,10114
736,10104
737,10100
738,10098
739,10073
740,10041
741,10038
742,10030
743,10024
744,10016
745,9996
746,9986
747,9982
748,9967
749,9942
750,9922
751,9921
752,9876
753,9862
754,9859
755,9859
756,9788
757,9770
758,9756
759,9735
760,9708
761,9671
762,9669
763,9654
764,9627
765,9626
766,9603
767,9597
768,9586
769,9585
770,9578
771,9575
772,9544
773,9542
774,9532
775,9531
776,9517
777,9511
778,9509
779,9503
780,9499
781,9495
782,9492
783,9456
784,9448
785,9446
786,9435
787,9428
788,9418
789,9409
790,9409
791,9407
792,9403
793,9361
794,9353
795,9344
796,9330
797,9305
798,9283
799,9274
800,9252
801,9252
802,9250
803,9237
804,9236
805,9213
806,9196
807,9184
808,9181
809,9115
810,9107
811,9098
812,9092
813,9092
814,9089
815,9079
816,9076
817,9074
818,9063
819,9044
820,9043
821,9035
822,9028
823,9018
824,9017
825,8992
826,8983
827,8963
828,8955
829,8955
830,8949
831,8948
832,8945
833,8938
834,8911
835,8895
836,8867
837,8866
838,8851
839,8850
840,8838
841,8814
842,8805
843,8789
844,8786
845,8781
846,8778
847,8778
848,8769
849,8763
850,8760
851,8759
852,8727
853,8715
854,8710
855,8701
856,8696
857,8689
858,8672
859,8665
860,8657
861,8634
862,8625
863,8619
864,8612
865,8609
866,8551
867,8543
868,8539
869,8531
870,8524
871,8508
872,8504
873,8501
874,8499
875,8495
876,8493
877,8462
878,8448
879,8439
880,8421
881,8420
882,8407
883,8405
884,8398
885,8396
886,8392
887,8355
888,8354
889,8346
890,8325
891,8318
892,8315
893,8285
894,8269
895,8254
896,8254
897,8222
898,8200
899,8183
900,8175
901,8165
902,8141
903,8140
904,8125
905,8125
906,8105
907,8062
908,8054
909,8044
910,8027
911,8016
912,8011
913,7997
914,7996
915,7981
916,7968
917,7965
918,7951
919,7935
920,7929
921,7911
922,7908
923,7905
924,7905
925,7899
926,7894
927,7873
928,7856
929,7843
930,7835
931,7834
932,7833
933,7827
934,7823
935,7808
936,7800
937,7793
938,7789
939,7787
940,7784
941,7775
942,7771
943,7756
944,7742
945,7736
946,7735
947,7717
948,7698
949,7697
950,7697
951,7688
952,7667
953,7663
954,7660
955,7659
956,7648
957,7638
958,7630
959,7629
960,7623
961,7608
962,7606
963,7600
964,7594
965,7581
966,7574
967,7571
968,7571
969,7558
970,7549
971,7546
972,7535
973,7527
974,7527
975,7521
976,7503
977,7502
978,7490
979,7485
980,7475
981,7472
982,7466
983,7465
984,7448
985,7442
986,7442
987,7430
988,7403
989,7401
990,7400
991,7396
992,7392
993,7363
994,7341
995,7339
996,7335
997,7334
998,7309
999,7295
1000,7284
1001,7281
1002,7278
1003,7273
1004,7236
1005,7230
1006,7216
1007,7206
1008,7198
1009,7195
1010,7189
1011,7180
1012,7179
1013,7179
1014,7174
1015,7166
1016,7159
1017,7158
1018,7155
1019,7147
1020,7137
1021,7136
1022,7133
1023,7114
1024,7110
1025,7083
1026,7078
1027,7078
1028,7069
1029,7067
1030,7057
1031,7026
1032,7019
1033,7015
1034,7012
1035,7012
1036,6998
1037,6997
1038,6990
1039,6970
1040,6951
1041,6948
1042,6948
1043,6930
1044,6920
1045,6919
1046,6908
1047,6887
1048,6885
1049,6879
1050,6866
1051,6858
1052,6858
1053,6850
1054,6846
1055,6845
1056,6845
1057,6835
1058,6832
1059,6824
1060,6818
1061,6801
1062,6800
1063,6797
1064,6781
1065,6778
1066,6777
1067,6766
1068,6763
1069,6761
1070,6751
1071,6748
1072,6746
1073,6743
1074,6730
1075,6724
1076,6716
1077,6712
1078,6711
1079,6709
1080,6707
1081,6678
1082,6671
1083,6662
1084,6642
1085,6641
1086,6635
1087,6634
1088,6605
1089,6596
1090,6590
1091,6589
1092,6587
1093,6586
1094,6585
1095,6572
1096,6563
1097,6560
1098,6548
1099,6527
1100,6518
1101,6502
1102,6493
1103,6489
1104,6488
1105,6487
1106,6476
1107,6472
1108,6468
1109,6452
1110,6445
1111,6444
1112,6433
1113,6425
1114,6424
1115,6414
1116,6413
1117,6413
1118,6395
1119,6388
1120,6386
1121,6381
1122,6371
1123,6365
1124,6349
1125,6342
1126,6339
1127,6333
1128,6328
1129,6324
1130,6323
1131,6320
1132,6313
1133,6291
1134,6290
1135,6282
1136,6276
1137,6275
1138,6275
1139,6266
1140,6264
1141,6262
1142,6261
1143,6258
1144,6256
1145,6256
1146,6256
1147,6256
1148,6256
1149,6256
1150,6256
1151,6256
1152,6256
1153,6256
1154,6256
1155,6256
1156,6256
1157,6248
1158,6247
1159,6223
1160,6218
1161,6198
1162,6192
1163,6191
1164,6187
1165,6185
1166,6181
1167,6179
1168,6175
1169,6171
1170,6165
1171,6160
1172,6159
1173,6158
1174,6158
1175,6141
1176,6133
1177,6126
1178,6125
1179,6117
1180,6112
1181,6074
1182,6073
1183,6072
1184,6070
1185,6061
1186,6059
1187,6055
1188,6053
1189,6047
1190,6010
1191,6004
1192,5996
1193,5985
1194,5975
1195,5972
1196,5962
1197,5954
1198,5947
1199,5938
1200,5935
1201,5933
1202,5931
1203,5922
1204,5921
1205,5921
1206,5914
1207,5907
1208,5902
1209,5901
1210,5898
1211,5889
1212,5884
1213,5868
1214,5851
1215,5851
1216,5847
1217,5837
1218,5836
1219,5832
1220,5824
1221,5823
1222,5806
1223,5795
1224,5787
1225,5784
1226,5780
1227,5763
1228,5756
1229,5752
1230,5746
1231,5740
1232,5726
1233,5722
1234,5721
1235,5717
1236,5711
1237,5707
1238,5705
1239,5690
1240,5690
1241,5680
1242,5661
1243,5661
1244,5658
1245,5652
1246,5643
1247,5633
1248,5620
1249,5618
1250,5613
1251,5612
1252,5608
1253,5608
1254,5604
1255,5597
1256,5595
1257,5578
1258,5572
1259,5555
1260,5555
1261,5542
1262,5536
1263,5533
1264,5527
1265,5521
1266,5520
1267,5515
1268,5510
1269,5499
1270,5498
1271,5486
1272,5485
1273,5477
1274,5472
1275,5452
1276,5451
1277,5448
1278,5445
1279,5432
1280,5428
1281,5406
1282,5391
1283,5380
1284,5376
1285,5376
1286,5374
1287,5368
1288,5361
1289,5356
1290,5350
1291,5349
1292,5341
1293,5340
1294,5336
1295,5332
1296,5324
1297,5317
1298,5314
1299,5305
1300,5303
1301,5281
1302,5281
1303,5279
1304,5272
1305,5272
1306,5271
1307,5266
1308,5263
1309,5262
1310,5262
1311,5258
1312,5256
1313,5254
1314,5246
1315,5243
1316,5238
1317,5237
1318,5234
1319,5227
1320,5222
1321,5221
1322,5220
1323,5215
1324,5211
1325,5207
1326,5205
1327,5204
1328,5200
1329,5188
1330,5177
1331,5165
1332,5162
1333,5157
1334,5138
1335,5126
1336,5122
1337,5121
1338,5118
1339,5118
1340,5112
1341,5102
1342,5098
1343,5093
1344,5091
1345,5087
1346,5083
1347,5076
1348,5063
1349,5051
1350,5049
1351,5033
1352,5031
1353,5028
1354,5017
1355,5016
1356,4995
1357,4987
1358,4983
1359,4981
1360,4977
1361,4977
1362,4973
1363,4971
1364,4969
1365,4969
1366,4968
1367,4955
1368,4954
1369,4950
1370,4944
1371,4943
1372,4940
1373,4939
1374,4938
1375,4922
1376,4921
1377,4910
1378,4900
1379,4896
1380,4892
1381,4891
1382,4889
1383,4874
1384,4858
1385,4856
1386,4850
1387,4848
1388,4835
1389,4832
1390,4830
1391,4827
1392,4824
1393,4807
1394,4802
1395,4792
1396,4792
1397,4789
1398,4786
1399,4780
1400,4777
1401,4777
1402,4776
1403,4773
1404,4771
1405,4762
1406,4757
1407,4744
1408,4739
1409,4722
1410,4718
1411,4716
1412,4716
1413,4710
1414,4709
1415,4702
1416,4699
1417,4663
1418,4661
1419,4646
1420,4646
1421,4644
1422,4634
1423,4620
1424,4620
1425,4618
1426,4612
1427,4607
1428,4590
1429,4582
1430,4576
1431,4574
1432,4572
1433,4557
1434,4545
1435,4542
1436,4539
1437,4537
1438,4534
1439,4531
1440,4530
1441,4522
1442,4518
1443,4516
1444,4513
1445,4507
1446,4504
1447,4503
1448,4498
1449,4481
1450,4469
1451,4466
1452,4461
1453,4460
1454,4460
1455,4458
1456,4450
1457,4447
1458,4444
1459,4438
1460,4438
1461,4437
1462,4427
1463,4426
1464,4424
1465,4424
1466,4420
1467,4417
1468,4415
1469,4410
1470,4407
1471,4402
1472,4400
1473,4400
1474,4398
1475,4392
1476,4388
1477,4388
1478,4383
1479,4382
1480,4380
1481,4380
1482,4377
1483,4376
1484,4375
1485,4375
1486,4371
1487,4363
1488,4357
1489,4353
1490,4352
1491,4351
1492,4321
1493,4320
1494,4315
1495,4311
1496,4306
1497,4302
1498,4293
1499,4289
1500,4284
1501,4277
1502,4267
1503,4262
1504,4261
1505,4256
1506,4254
1507,4249
1508,4248
1509,4247
1510,4246
1511,4241
1512,4238
1513,4232
1514,4231
1515,4230
1516,4227
1517,4225
1518,4222
1519,4218
1520,4216
1521,4216
1522,4215
1523,4215
1524,4211
1525,4211
1526,4210
1527,4207
1528,4194
1529,4193
1530,4185
1531,4182
1532,4180
1533,4176
1534,4170
1535,4169
1536,4167
1537,4165
1538,4164
1539,4161
1540,4155
1541,4154
1542,4154
1543,4154
1544,4150
1545,4148
1546,4141
1547,4128
1548,4127
1549,4123
1550,4122
1551,4114
1552,4112
1553,4104
1554,4098
1555,4096
1556,4094
1557,4092
1558,4089
1559,4088
1560,4087
1561,4085
1562,4084
1563,4083
1564,4082
1565,4078
1566,4067
1567,4062
1568,4059
1569,4058
1570,4058
1571,4053
1572,4046
1573,4045
1574,4043
1575,4042
1576,4042
1577,4038
1578,4037
1579,4037
1580,4035
1581,4029
1582,4028
1583,4025
1584,4024
1585,4022
1586,4011
1587,4004
1588,4001
1589,3987
1590,3985
1591,3985
1592,3983
1593,3980
1594,3976
1595,3975
1596,3972
1597,3967
1598,3965
1599,3962
1600,3948
1601,3948
1602,3943
1603,3942
1604,3939
1605,3938
1606,3936
1607,3935
1608,3935
1609,3934
1610,3934
1611,3932
1612,3928
1613,3927
1614,3925
1615,3924
1616,3920
1617,3908
1618,3906
1619,3906
1620,3904
1621,3895
1622,3894
1623,3894
1624,3887
1625,3886
1626,3884
1627,3883
1628,3876
1629,3870
1630,3867
1631,3866
1632,3865
1633,3863
1634,3863
1635,3859
1636,3852
1637,3840
1638,3839
1639,3837
1640,3835
1641,3831
1642,3825
1643,3816
1644,3816
1645,3814
1646,3808
1647,3805
1648,3805
1649,3804
1650,3802
1651,3793
1652,3791
1653,3783
1654,3779
1655,3777
1656,3776
1657,3773
1658,3768
1659,3762
1660,3760
1661,3755
1662,3754
1663,3753
1664,3749
1665,3747
1666,3745
1667,3743
1668,3740
1669,3737
1670,3734
1671,3731
1672,3731
1673,3728
1674,3722
1675,3722
1676,3721
1677,3717
1678,3717
1679,3713
1680,3709
1681,3708
1682,3708
1683,3704
1684,3703
1685,3703
1686,3702
1687,3693
1688,3683
1689,3683
1690,3682
1691,3681
1692,3674
1693,3673
1694,3672
1695,3666
1696,3665
1697,3665
1698,3660
1699,3658
1700,3656
1701,3656
1702,3656
1703,3655
1704,3654
1705,3652
1706,3651
1707,3647
1708,3646
1709,3644
1710,3633
1711,3628
1712,3625
1713,3622
1714,3621
1715,3619
1716,3617
1717,3614
1718,3612
1719,3610
1720,3608
1721,3601
1722,3600
1723,3587
1724,3582
1725,3582
1726,3581
1727,3580
1728,3573
1729,3572
1730,3571
1731,3568
1732,3563
1733,3559
1734,3557
1735,3554
1736,3547
1737,3545
1738,3545
1739,3541
1740,3535
1741,3535
1742,3531
1743,3528
1744,3520
1745,3518
1746,3515
1747,3514
1748,3510
1749,3508
1750,3507
1751,3497
1752,3494
1753,3494
1754,3493
1755,3489
1756,3486
1757,3485
1758,3480
1759,3474
1760,3473
1761,3473
1762,3471
1763,3471
1764,3461
1765,3461
1766,3456
1767,3453
1768,3448
1769,3448
1770,3442
1771,3441
1772,3437
1773,3435
1774,3430
1775,3429
1776,3428
1777,3427
1778,3421
1779,3417
1780,3415
1781,3410
1782,3404
1783,3400
1784,3400
1785,3397
1786,3397
1787,3394
1788,3393
1789,3391
1790,3391
1791,3388
1792,3388
1793,3387
1794,3386
1795,3386
1796,3379
1797,3374
1798,3371
1799,3363
1800,3360
1801,3358
1802,3357
1803,3348
1804,3348
1805,3341
1806,3337
1807,3336
1808,3334
1809,3329
1810,3327
1811,3324
1812,3322
1813,3321
1814,3318
1815,3317
1816,3317
1817,3317
1818,3314
1819,3310
1820,3309
1821,3307
1822,3306
1823,3306
1824,3305
1825,3301
1826,3299
1827,3296
1828,3294
1829,3292
1830,3290
1831,3290
1832,3285
1833,3277
1834,3276
1835,3272
1836,3269
1837,3259
1838,3257
1839,3255
1840,3254
1841,3247
1842,3242
1843,3242
1844,3241
1845,3235
1846,3233
1847,3232
1848,3232
1849,3232
1850,3231
1851,3229
1852,3228
1853,3227
1854,3218
1855,3217
1856,3216
1857,3215
1858,3203
1859,3201
1860,3201
1861,3199
1862,3195
1863,3192
1864,3191
1865,3187
1866,3186
1867,3182
1868,3181
1869,3180
1870,3174
1871,3172
1872,3172
1873,3169
1874,3167
1875,3167
1876,3163
1877,3157
1878,3151
1879,3149
1880,3144
1881,3143
1882,3135
1883,3134
1884,3132
1885,3132
1886,3130
1887,3129
1888,3127
1889,3123
1890,3123
1891,3122
1892,3121
1893,3118
1894,3116
1895,3113
1896,3113
1897,3108
1898,3107
1899,3102
1900,3098
1901,3094
1902,3094
1903,3094
1904,3091
1905,3091
1906,3090
1907,3085
1908,3083
1909,3081
1910,3079
1911,3078
1912,3078
1913,3078
1914,3076
1915,3075
1916,3074
1917,3072
1918,3071
1919,3063
1920,3061
1921,3059
1922,3058
1923,3055
1924,3049
1925,3046
1926,3044
1927,3041
1928,3036
1929,3031
1930,3030
1931,3025
1932,3023
1933,3022
1934,3022
1935,3022
1936,3021
1937,3017
1938,3014
1939,3012
1940,3011
1941,3010
1942,3009
1943,3005
1944,3005
1945,3002
1946,2998
1947,2996
1948,2996
1949,2991
1950,2985
1951,2980
1952,2974
1953,2970
1954,2968
1955,2965
1956,2963
1957,2963
1958,2961
1959,2961
1960,2960
1961,2958
1962,2952
1963,2943
1964,2942
1965,2940
1966,2936
1967,2935
1968,2927
1969,2927
1970,2923
1971,2923
1972,2919
1973,2919
1974,2918
1975,2911
1976,2911
1977,2910
1978,2910
1979,2909
1980,2905
1981,2904
1982,2902
1983,2899
1984,2898
1985,2896
1986,2896
1987,2890
1988,2884
1989,2883
1990,2878
1991,2878
1992,2860
1993,2860
1994,2859
1995,2858
1996,2857
1997,2855
1998,2854
1999,2852
2000,2850
2001,2849
2002,2848
2003,2847
2004,2846
2005,2844
2006,2844
2007,2843
2008,2829
2009,2829
2010,2824
2011,2822
2012,2820
2013,2818
2014,2815
2015,2809
2016,2808
2017,2807
2018,2807
2019,2805
2020,2804
2021,2794
2022,2793
2023,2793
2024,2791
2025,2788
2026,2787
2027,2784
2028,2782
2029,2778
2030,2778
2031,2776
2032,2775
2033,2774
2034,2766
2035,2764
2036,2761
2037,2760
2038,2755
2039,2753
2040,2752
2041,2745
2042,2744
2043,2743
2044,2738
2045,2734
2046,2731
2047,2731
2048,2730
2049,2729
2050,2728
2051,2728
2052,2726
2053,2726
2054,2722
2055,2721
2056,2719
2057,2718
2058,2718
2059,2716
2060,2716
2061,2715
2062,2715
2063,2715
2064,2713
2065,2713
2066,2709
2067,2707
2068,2706
2069,2706
2070,2704
2071,2703
2072,2697
2073,2696
2074,2694
2075,2690
2076,2688
2077,2685
2078,2684
2079,2682
2080,2681
2081,2680
2082,2680
2083,2679
2084,2679
2085,2679
2086,2675
2087,2674
2088,2674
2089,2673
2090,2669
2091,2669
2092,2668
2093,2668
2094,2667
2095,2664
2096,2663
2097,2661
2098,2660
2099,2656
2100,2644
2101,2644
2102,2643
2103,2642
2104,2641
2105,2640
2106,2638
2107,2638
2108,2635
2109,2633
2110,2630
2111,2629
2112,2628
2113,2627
2114,2625
2115,2625
2116,2622
2117,2622
2118,2622
2119,2622
2120,2617
2121,2614
2122,2613
2123,2610
2124,2605
2125,2604
2126,2602
2127,2595
2128,2593
2129,2592
2130,2591
2131,2591
2132,2590
2133,2584
2134,2584
2135,2583
2136,2581
2137,2581
2138,2580
2139,2576
2140,2576
2141,2576
2142,2575
2143,2575
2144,2573
2145,2570
2146,2569
2147,2567
2148,2562
2149,2561
2150,2561
2151,2559
2152,2551
2153,2550
2154,2548
2155,2548
2156,2545
2157,2543
2158,2542
2159,2541
2160,2537
2161,2536
2162,2536
2163,2535
2164,2532
2165,2532
2166,2531
2167,2530
2168,2527
2169,2526
2170,2525
2171,2524
2172,2524
2173,2523
2174,2519
2175,2519
2176,2514
2177,2511
2178,2509
2179,2507
2180,2504
2181,2503
2182,2501
2183,2500
2184,2500
2185,2497
2186,2497
2187,2494
2188,2493
2189,2487
2190,2484
2191,2482
2192,2482
2193,2480
2194,2476
2195,2474
2196,2473
2197,2470
2198,2468
2199,2465
2200,2456
2201,2454
2202,2453
2203,2451
2204,2450
2205,2448
2206,2446
2207,2445
2208,2445
2209,2444
2210,2443
2211,2442
2212,2442
2213,2441
2214,2438
2215,2437
2216,2435
2217,2434
2218,2432
2219,2431
2220,2430
2221,2429
2222,2428
2223,2425
2224,2421
2225,2419
2226,2417
2227,2417
2228,2417
2229,2417
2230,2413
2231,2413
2232,2411
2233,2411
2234,2407
2235,2404
2236,2402
2237,2401
2238,2398
2239,2397
2240,2395
2241,2394
2242,2394
2243,2393
2244,2387
2245,2383
2246,2382
2247,2382
2248,2382
2249,2377
2250,2377
2251,2376
2252,2374
2253,2372
2254,2371
2255,2363
2256,2362
2257,2360
2258,2359
2259,2358
2260,2358
2261,2356
2262,2355
2263,2353
2264,2353
2265,2352
2266,2351
2267,2350
2268,2348
2269,2345
2270,2340
2271,2340
2272,2340
2273,2338
2274,2336
2275,2335
2276,2334
2277,2334
2278,2333
2279,2333
2280,2331
2281,2330
2282,2330
2283,2329
2284,2328
2285,2323
2286,2322
2287,2318
2288,2313
2289,2312
2290,2310
2291,2304
2292,2303
2293,2300
2294,2300
2295,2300
2296,2299
2297,2295
2298,2295
2299,2294
2300,2292
2301,2289
2302,2287
2303,2287
2304,2286
2305,2286
2306,2286
2307,2285
2308,2283
2309,2280
2310,2278
2311,2276
2312,2276
2313,2274
2314,2273
2315,2273
2316,2272
2317,2269
2318,2268
2319,2265
2320,2262
2321,2262
2322,2261
2323,2259
2324,2258
2325,2258
2326,2258
2327,2254
2328,2254
2329,2253
2330,2252
2331,2252
2332,2249
2333,2249
2334,2246
2335,2245
2336,2244
2337,2242
2338,2241
2339,2240
2340,2239
2341,2237
2342,2237
2343,2236
2344,2236
2345,2235
2346,2234
2347,2233
2348,2231
2349,2229
2350,2228
2351,2227
2352,2226
2353,2226
2354,2225
2355,2222
2356,2222
2357,2217
2358,2215
2359,2215
2360,2214
2361,2211
2362,2208
2363,2207
2364,2207
2365,2206
2366,2206
2367,2205
2368,2204
2369,2202
2370,2199
2371,2198
2372,2197
2373,2197
2374,2197
2375,2196
2376,2195
2377,2195
2378,2192
2379,2192
2380,2190
2381,2189
2382,2183
2383,2183
2384,2182
2385,2180
2386,2180
2387,2179
2388,2179
2389,2177
2390,2176
2391,2174
2392,2174
2393,2174
2394,2174
2395,2173
2396,2173
2397,2166
2398,2165
2399,2164
2400,2163
2401,2162
2402,2161
2403,2160
2404,2160
2405,2156
2406,2155
2407,2154
2408,2153
2409,2153
2410,2149
2411,2148
2412,2147
2413,2146
2414,2145
2415,2144
2416,2144
2417,2142
2418,2141
2419,2141
2420,2140
2421,2138
2422,2138
2423,2137
2424,2136
2425,2136
2426,2135
2427,2135
2428,2134
2429,2134
2430,2132
2431,2132
2432,2132
2433,2132
2434,2131
2435,2129
2436,2129
2437,2128
2438,2128
2439,2128
2440,2124
2441,2123
2442,2114
2443,2113
2444,2113
2445,2113
2446,2111
2447,2109
2448,2107
2449,2105
2450,2103
2451,2102
2452,2099
2453,2096
2454,2096
2455,2095
2456,2094
2457,2093
2458,2092
2459,2088
2460,2088
2461,2086
2462,2083
2463,2083
2464,2083
2465,2078
2466,2075
2467,2075
2468,2074
2469,2074
2470,2073
2471,2070
2472,2067
2473,2066
2474,2065
2475,2061
2476,2060
2477,2060
2478,2058
2479,2058
2480,2057
2481,2054
2482,2053
2483,2052
2484,2052
2485,2050
2486,2050
2487,2049
2488,2046
2489,2045
2490,2045
2491,2045
2492,2044
2493,2043
2494,2040
2495,2037
2496,2036
2497,2035
2498,2034
2499,2034
2500,2033
2501,2032
2502,2031
2503,2031
2504,2030
2505,2029
2506,2028
2507,2028
2508,2026
2509,2026
2510,2025
2511,2022
2512,2018
2513,2018
2514,2016
2515,2013
2516,2012
2517,2011
2518,2010
2519,2010
2520,2010
2521,2007
2522,2007
2523,2006
2524,2005
2525,2004
2526,2004
2527,2002
2528,2002
2529,2002
2530,2001
2531,2001
2532,2001
2533,2001
2534,1999
2535,1999
2536,1997
2537,1995
2538,1995
2539,1995
2540,1992
2541,1991
2542,1989
2543,1987
2544,1986
2545,1986
2546,1985
2547,1984
2548,1984
2549,1981
2550,1980
2551,1977
2552,1976
2553,1975
2554,1975
2555,1974
2556,1974
2557,1969
2558,1967
2559,1967
2560,1966
2561,1965
2562,1965
2563,1962
2564,1962
2565,1960
2566,1959
2567,1955
2568,1954
2569,1954
2570,1953
2571,1951
2572,1951
2573,1951
2574,1948
2575,1947
2576,1947
2577,1944
2578,1944
2579,1943
2580,1942
2581,1942
2582,1941
2583,1941
2584,1940
2585,1939
2586,1937
2587,1937
2588,1935
2589,1934
2590,1933
2591,1932
2592,1931
2593,1930
2594,1927
2595,1926
2596,1923
2597,1923
2598,1923
2599,1922
2600,1922
2601,1920
2602,1919
2603,1918
2604,1917
2605,1916
2606,1916
2607,1916
2608,1914
2609,1913
2610,1913
2611,1912
2612,1912
2613,1909
2614,1908
2615,1908
2616,1908
2617,1907
2618,1906
2619,1906
2620,1905
2621,1905
2622,1904
2623,1904
2624,1904
2625,1904
2626,1902
2627,1898
2628,1898
2629,1897
2630,1896
2631,1894
2632,1893
2633,1890
2634,1884
2635,1884
2636,1884
2637,1882
2638,1881
2639,1880
2640,1880
2641,1879
2642,1879
2643,1876
2644,1874
2645,1872
2646,1872
2647,1871
2648,1870
2649,1870
2650,1869
2651,1869
2652,1869
2653,1869
2654,1868
2655,1864
2656,1863
2657,1858
2658,1858
2659,1857
2660,1855
2661,1854
2662,1851
2663,1851
2664,1850
2665,1848
2666,1847
2667,1846
2668,1845
2669,1843
2670,1842
2671,1842
2672,1842
2673,1839
2674,1839
2675,1838
2676,1836
2677,1831
2678,1831
2679,1831
2680,1830
2681,1828
2682,1827
2683,1825
2684,1824
2685,1822
2686,1819
2687,1819
2688,1818
2689,1818
2690,1818
2691,1817
2692,1815
2693,1813
2694,1813
2695,1812
2696,1811
2697,1810
2698,1810
2699,1809
2700,1808
2701,1806
2702,1806
2703,1805
2704,1805
2705,1803
2706,1801
2707,1801
2708,1800
2709,1799
2710,1799
2711,1796
2712,1793
2713,1793
2714,1793
2715,1793
2716,1790
2717,1790
2718,1790
2719,1790
2720,1789
2721,1789
2722,1789
2723,1788
2724,1786
2725,1786
2726,1784
2727,1784
2728,1783
2729,1783
2730,1783
2731,1783
2732,1782
2733,1781
2734,1780
2735,1780
2736,1777
2737,1773
2738,1771
2739,1767
2740,1766
2741,1766
2742,1765
2743,1763
2744,1763
2745,1762
2746,1759
2747,1758
2748,1757
2749,1757
2750,1756
2751,1756
2752,1755
2753,1753
2754,1753
2755,1753
2756,1751
2757,1750
2758,1747
2759,1747
2760,1747
2761,1746
2762,1745
2763,1744
2764,1744
2765,1744
2766,1742
2767,1740
2768,1737
2769,1737
2770,1734
2771,1733
2772,1732
2773,1731
2774,1731
2775,1731
2776,1730
2777,1729
2778,1726
2779,1725
2780,1725
2781,1725
2782,1724
2783,1724
2784,1722
2785,1722
2786,1721
2787,1721
2788,1721
2789,1720
2790,1720
2791,1719
2792,1718
2793,1718
2794,1718
2795,1717
2796,1717
2797,1716
2798,1714
2799,1713
2800,1712
2801,1710
2802,1710
2803,1709
2804,1709
2805,1709
2806,1707
2807,1706
2808,1704
2809,1702
2810,1701
2811,1701
2812,1696
2813,1696
2814,1696
2815,1692
2816,1692
2817,1691
2818,1690
2819,1690
2820,1689
2821,1689
2822,1686
2823,1684
2824,1684
2825,1683
2826,1676
2827,1675
2828,1674
2829,1674
2830,1673
2831,1672
2832,1670
2833,1670
2834,1668
2835,1665
2836,1665
2837,1664
2838,1663
2839,1662
2840,1661
2841,1660
2842,1660
2843,1659
2844,1659
2845,1658
2846,1654
2847,1653
2848,1653
2849,1652
2850,1652
2851,1652
2852,1651
2853,1651
2854,1650
2855,1650
2856,1650
2857,1649
2858,1649
2859,1649
2860,1647
2861,1646
2862,1646
2863,1643
2864,1643
2865,1642
2866,1641
2867,1641
2868,1640
2869,1639
2870,1639
2871,1638
2872,1637
2873,1636
2874,1636
2875,1635
2876,1635
2877,1635
2878,1633
2879,1631
2880,1631
2881,1630
2882,1626
2883,1625
2884,1622
2885,1621
2886,1620
2887,1619
2888,1616
2889,1616
2890,1615
2891,1614
2892,1613
2893,1612
2894,1612
2895,1611
2896,1609
2897,1609
2898,1607
2899,1606
2900,1601
2901,1600
2902,1599
2903,1599
2904,1598
2905,1598
2906,1598
2907,1597
2908,1597
2909,1597
2910,1596
2911,1596
2912,1594
2913,1594
2914,1593
2915,1592
2916,1591
2917,1590
2918,1589
2919,1589
2920,1588
2921,1587
2922,1586
2923,1586
2924,1586
2925,1586
2926,1585
2927,1585
2928,1584
2929,1583
2930,1582
2931,1582
2932,1581
2933,1581
2934,1581
2935,1581
2936,1580
2937,1574
2938,1574
2939,1573
2940,1571
2941,1569
2942,1568
2943,1568
2944,1568
2945,1567
2946,1567
2947,1566
2948,1566
2949,1565
2950,1565
2951,1564
2952,1563
2953,1563
2954,1562
2955,1561
2956,1560
2957,1560
2958,1560
2959,1558
2960,1558
2961,1556
2962,1556
2963,1554
2964,1554
2965,1552
2966,1552
2967,1552
2968,1551
2969,1551
2970,1551
2971,1550
2972,1550
2973,1549
2974,1548
2975,1548
2976,1546
2977,1545
2978,1545
2979,1544
2980,1544
2981,1544
2982,1543
2983,1543
2984,1543
2985,1542
2986,1542
2987,1542
2988,1541
2989,1540
2990,1540
2991,1540
2992,1540
2993,1540
2994,1539
2995,1536
2996,1535
2997,1532
2998,1532
2999,1532
3000,1532
3001,1531
3002,1531
3003,1531
3004,1530
3005,1529
3006,1529
3007,1529
3008,1528
3009,1528
3010,1527
3011,1527
3012,1527
3013,1527
3014,1527
3015,1526
3016,1526
3017,1526
3018,1526
3019,1525
3020,1525
3021,1524
3022,1523
3023,1523
3024,1523
3025,1522
3026,1522
3027,1520
3028,1520
3029,1520
3030,1517
3031,1515
3032,1513
3033,1512
3034,1512
3035,1512
3036,1512
3037,1511
3038,1511
3039,1506
3040,1505
3041,1505
3042,1504
3043,1503
3044,1503
3045,1502
3046,1502
3047,1502
3048,1502
3049,1502
3050,1501
3051,1501
3052,1500
3053,1499
3054,1497
3055,1497
3056,1495
3057,1495
3058,1494
3059,1493
3060,1492
3061,1491
3062,1491
3063,1490
3064,1489
3065,1488
3066,1487
3067,1486
3068,1486
3069,1486
3070,1484
3071,1484
3072,1483
3073,1483
3074,1483
3075,1482
3076,1482
3077,1481
3078,1481
3079,1480
3080,1480
3081,1480
3082,1479
3083,1479
3084,1478
3085,1477
3086,1477
3087,1476
3088,1475
3089,1475
3090,1475
3091,1474
3092,1474
3093,1473
3094,1473
3095,1472
3096,1472
3097,1472
3098,1471
3099,1470
3100,1470
3101,1469
3102,1469
3103,1469
3104,1468
3105,1463
3106,1463
3107,1463
3108,1462
3109,1462
3110,1461
3111,1461
3112,1459
3113,1458
3114,1455
3115,1455
3116,1455
3117,1453
3118,1451
3119,1451
3120,1450
3121,1450
3122,1447
3123,1446
3124,1445
3125,1444
3126,1443
3127,1440
3128,1440
3129,1439
3130,1438
3131,1438
3132,1437
3133,1436
3134,1432
3135,1432
3136,1432
3137,1431
3138,1431
3139,1431
3140,1430
3141,1430
3142,1428
3143,1427
3144,1427
3145,1427
3146,1427
3147,1425
3148,1425
3149,1424
3150,1422
3151,1422
3152,1421
3153,1421
3154,1420
3155,1420
3156,1420
3157,1419
3158,1419
3159,1416
3160,1415
3161,1414
3162,1414
3163,1413
3164,1412
3165,1412
3166,1411
3167,1410
3168,1410
3169,1409
3170,1408
3171,1408
3172,1407
3173,1406
3174,1406
3175,1405
3176,1403
3177,1403
3178,1403
3179,1402
3180,1402
3181,1402
3182,1402
3183,1401
3184,1401
3185,1401
3186,1399
3187,1397
3188,1397
3189,1392
3190,1391
3191,1390
3192,1390
3193,1390
3194,1389
3195,1388
3196,1388
3197,1386
3198,1386
3199,1386
3200,1386
3201,1385
3202,1385
3203,1384
3204,1383
3205,1382
3206,1382
3207,1382
3208,1382
3209,1381
3210,1380
3211,1380
3212,1379
3213,1378
3214,1377
3215,1376
3216,1375
3217,1374
3218,1373
3219,1372
3220,1372
3221,1371
3222,1370
3223,1370
3224,1369
3225,1369
3226,1366
3227,1366
3228,1364
3229,1364
3230,1363
3231,1363
3232,1362
3233,1361
3234,1360
3235,1359
3236,1359
3237,1359
3238,1358
3239,1357
3240,1357
3241,1355
3242,1355
3243,1353
3244,1351
3245,1350
3246,1350
3247,1348
3248,1347
3249,1347
3250,1346
3251,1346
3252,1345
3253,1344
3254,1344
3255,1344
3256,1343
3257,1343
3258,1341
3259,1340
3260,1340
3261,1338
3262,1337
3263,1337
3264,1335
3265,1334
3266,1333
3267,1333
3268,1333
3269,1332
3270,1332
3271,1331
3272,1331
3273,1330
3274,1329
3275,1328
3276,1326
3277,1326
3278,1326
3279,1325
3280,1325
3281,1323
3282,1322
3283,1322
3284,1321
3285,1320
3286,1320
3287,1319
3288,1319
3289,1318
3290,1318
3291,1315
3292,1315
3293,1315
3294,1314
3295,1313
3296,1313
3297,1312
3298,1312
3299,1312
3300,1312
3301,1311
3302,1310
3303,1310
3304,1309
3305,1306
3306,1305
3307,1304
3308,1303
3309,1303
3310,1302
3311,1301
3312,1299
3313,1299
3314,1298
3315,1298
3316,1297
3317,1296
3318,1296
3319,1294
3320,1294
3321,1294
3322,1293
3323,1293
3324,1293
3325,1292
3326,1292
3327,1292
3328,1291
3329,1290
3330,1290
3331,1288
3332,1288
3333,1287
3334,1286
3335,1286
3336,1286
3337,1284
3338,1284
3339,1283
3340,1283
3341,1282
3342,1281
3343,1279
3344,1278
3345,1278
3346,1277
3347,1277
3348,1277
3349,1274
3350,1274
3351,1274
3352,1273
3353,1272
3354,1272
3355,1271
3356,1270
3357,1270
3358,1270
3359,1268
3360,1267
3361,1267
3362,1267
3363,1266
3364,1266
3365,1266
3366,1262
3367,1262
3368,1261
3369,1261
3370,1261
3371,1260
3372,1260
3373,1259
3374,1258
3375,1257
3376,1257
3377,1256
3378,1256
3379,1256
3380,1256
3381,1255
3382,1252
3383,1252
3384,1252
3385,1252
3386,1251
3387,1250
3388,1250
3389,1249
3390,1249
3391,1249
3392,1248
3393,1247
3394,1247
3395,1247
3396,1247
3397,1247
3398,1247
3399,1247
3400,1247
3401,1246
3402,1245
3403,1244
3404,1243
3405,1243
3406,1243
3407,1242
3408,1242
3409,1242
3410,1242
3411,1241
3412,1241
3413,1241
3414,1240
3415,1240
3416,1239
3417,1238
3418,1238
3419,1238
3420,1237
3421,1237
3422,1236
3423,1235
3424,1235
3425,1234
3426,1234
3427,1233
3428,1232
3429,1231
3430,1231
3431,1227
3432,1225
3433,1225
3434,1224
3435,1223
3436,1223
3437,1220
3438,1219
3439,1218
3440,1218
3441,1217
3442,1217
3443,1217
3444,1217
3445,1217
3446,1217
3447,1216
3448,1216
3449,1215
3450,1215
3451,1214
3452,1214
3453,1213
3454,1211
3455,1211
3456,1210
3457,1210
3458,1210
3459,1209
3460,1209
3461,1208
3462,1208
3463,1207
3464,1207
3465,1207
3466,1207
3467,1206
3468,1204
3469,1204
3470,1203
3471,1203
3472,1203
3473,1202
3474,1202
3475,1201
3476,1201
3477,1201
3478,1201
3479,1200
3480,1200
3481,1200
3482,1199
3483,1198
3484,1197
3485,1197
3486,1197
3487,1196
3488,1196
3489,1195
3490,1194
3491,1193
3492,1192
3493,1192
3494,1192
3495,1192
3496,1191
3497,1190
3498,1187
3499,1187
3500,1186
3501,1186
3502,1186
3503,1184
3504,1184
3505,1182
3506,1182
3507,1182
3508,1182
3509,1181
3510,1178
3511,1177
3512,1177
3513,1175
3514,1175
3515,1174
3516,1174
3517,1173
3518,1173
3519,1172
3520,1172
3521,1171
3522,1171
3523,1169
3524,1169
3525,1169
3526,1169
3527,1168
3528,1167
3529,1167
3530,1167
3531,1167
3532,1166
3533,1166
3534,1166
3535,1166
3536,1165
3537,1164
3538,1164
3539,1164
3540,1163
3541,1162
3542,1162
3543,1161
3544,1160
3545,1160
3546,1156
3547,1156
3548,1155
3549,1153
3550,1153
3551,1152
3552,1152
3553,1152
3554,1151
3555,1150
3556,1150
3557,1149
3558,1148
3559,1146
3560,1146
3561,1146
3562,1144
3563,1144
3564,1144
3565,1143
3566,1142
3567,1141
3568,1141
3569,1140
3570,1138
3571,1137
3572,1137
3573,1136
3574,1136
3575,1136
3576,1136
3577,1135
3578,1135
3579,1134
3580,1134
3581,1134
3582,1134
3583,1132
3584,1130
3585,1129
3586,1129
3587,1128
3588,1128
3589,1127
3590,1127
3591,1127
3592,1127
3593,1126
3594,1126
3595,1126
3596,1126
3597,1126
3598,1125
3599,1125
3600,1124
3601,1124
3602,1124
3603,1123
3604,1123
3605,1122
3606,1120
3607,1120
3608,1120
3609,1119
3610,1119
3611,1119
3612,1119
3613,1117
3614,1116
3615,1116
3616,1116
3617,1116
3618,1116
3619,1115
3620,1115
3621,1115
3622,1114
3623,1114
3624,1113
3625,1112
3626,1111
3627,1111
3628,1110
3629,1110
3630,1109
3631,1109
3632,1109
3633,1109
3634,1109
3635,1108
3636,1108
3637,1107
3638,1106
3639,1106
3640,1106
3641,1105
3642,1105
3643,1105
3644,1104
3645,1103
3646,1102
3647,1102
3648,1102
3649,1102
3650,1102
3651,1101
3652,1097
3653,1096
3654,1095
3655,1095
3656,1095
3657,1095
3658,1095
3659,1094
3660,1094
3661,1094
3662,1093
3663,1093
3664,1092
3665,1092
3666,1091
3667,1091
3668,1091
3669,1089
3670,1089
3671,1089
3672,1089
3673,1088
3674,1088
3675,1087
3676,1087
3677,1087
3678,1086
3679,1085
3680,1084
3681,1084
3682,1084
3683,1084
3684,1082
3685,1082
3686,1081
3687,1081
3688,1081
3689,1080
3690,1080
3691,1080
3692,1079
3693,1079
3694,1078
3695,1078
3696,1078
3697,1076
3698,1076
3699,1075
3700,1075
3701,1074
3702,1074
3703,1074
3704,1074
3705,1074
3706,1073
3707,1072
3708,1072
3709,1072
3710,1071
3711,1071
3712,1071
3713,1071
3714,1071
3715,1070
3716,1070
3717,1070
3718,1070
3719,1070
3720,1069
3721,1068
3722,1068
3723,1068
3724,1067
3725,1067
3726,1066
3727,1066
3728,1066
3729,1066
3730,1066
3731,1065
3732,1064
3733,1063
3734,1063
3735,1062
3736,1061
3737,1061
3738,1060
3739,1060
3740,1059
3741,1059
3742,1059
3743,1058
3744,1058
3745,1058
3746,1058
3747,1057
3748,1056
3749,1056
3750,1056
3751,1055
3752,1054
3753,1053
3754,1053
3755,1052
3756,1051
3757,1051
3758,1049
3759,1049
3760,1049
3761,1049
3762,1048
3763,1048
3764,1048
3765,1047
3766,1047
3767,1047
3768,1046
3769,1045
3770,1044
3771,1044
3772,1044
3773,1044
3774,1043
3775,1043
3776,1043
3777,1043
3778,1042
3779,1042
3780,1041
3781,1041
3782,1041
3783,1040
3784,1040
3785,1040
3786,1040
3787,1040
3788,1038
3789,1037
3790,1037
3791,1037
3792,1036
3793,1036
3794,1036
3795,1035
3796,1035
3797,1035
3798,1035
3799,1034
3800,1034
3801,1034
3802,1033
3803,1033
3804,1032
3805,1031
3806,1030
3807,1030
3808,1030
3809,1030
3810,1030
3811,1028
3812,1025
3813,1025
3814,1024
3815,1024
3816,1024
3817,1024
3818,1023
3819,1023
3820,1023
3821,1022
3822,1022
3823,1021
3824,1020
3825,1019
3826,1019
3827,1017
3828,1016
3829,1016
3830,1015
3831,1015
3832,1014
3833,1014
3834,1013
3835,1012
3836,1012
3837,1011
3838,1010
3839,1010
3840,1010
3841,1010
3842,1010
3843,1010
3844,1010
3845,1009
3846,1009
3847,1008
3848,1008
3849,1008
3850,1008
3851,1008
3852,1008
3853,1007
3854,1006
3855,1006
3856,1006
3857,1006
3858,1006
3859,1005
3860,1005
3861,1004
3862,1004
3863,1004
3864,1003
3865,1003
3866,1002
3867,1001
3868,1000
3869,1000
3870,999
3871,998
3872,998
3873,997
3874,997
3875,996
3876,996
3877,996
3878,996
3879,996
3880,996
3881,996
3882,995
3883,995
3884,995
3885,994
3886,994
3887,994
3888,993
3889,993
3890,993
3891,992
3892,991
3893,990
3894,990
3895,990
3896,989
3897,989
3898,989
3899,988
3900,988
3901,988
3902,986
3903,985
3904,984
3905,984
3906,983
3907,983
3908,983
3909,983
3910,983
3911,982
3912,982
3913,982
3914,982
3915,982
3916,981
3917,980
3918,980
3919,980
3920,979
3921,979
3922,978
3923,978
3924,977
3925,976
3926,975
3927,975
3928,975
3929,974
3930,974
3931,974
3932,973
3933,973
3934,973
3935,973
3936,973
3937,973
3938,972
3939,972
3940,972
3941,972
3942,971
3943,971
3944,970
3945,970
3946,970
3947,970
3948,969
3949,969
3950,968
3951,968
3952,968
3953,968
3954,967
3955,967
3956,966
3957,966
3958,966
3959,965
3960,965
3961,965
3962,964
3963,963
3964,963
3965,962
3966,962
3967,962
3968,961
3969,961
3970,960
3971,960
3972,959
3973,959
3974,959
3975,959
3976,959
3977,959
3978,958
3979,958
3980,958
3981,958
3982,957
3983,957
3984,956
3985,956
3986,955
3987,955
3988,954
3989,954
3990,953
3991,953
3992,951
3993,951
3994,951
3995,951
3996,950
3997,950
3998,950
3999,949
4000,949
4001,948
4002,947
4003,945
4004,945
4005,945
4006,944
4007,944
4008,944
4009,943
4010,943
4011,943
4012,942
4013,941
4014,941
4015,941
4016,940
4017,940
4018,940
4019,940
4020,939
4021,939
4022,939
4023,939
4024,939
4025,938
4026,938
4027,938
4028,937
4029,937
4030,937
4031,936
4032,936
4033,936
4034,935
4035,935
4036,933
4037,933
4038,933
4039,933
4040,932
4041,932
4042,932
4043,931
4044,931
4045,931
4046,931
4047,931
4048,930
4049,930
4050,929
4051,929
4052,929
4053,928
4054,928
4055,928
4056,927
4057,927
4058,927
4059,926
4060,926
4061,924
4062,924
4063,924
4064,923
4065,923
4066,922
4067,922
4068,921
4069,920
4070,919
4071,919
4072,919
4073,919
4074,918
4075,917
4076,917
4077,917
4078,917
4079,916
4080,915
4081,915
4082,915
4083,915
4084,915
4085,915
4086,914
4087,914
4088,914
4089,913
4090,913
4091,913
4092,912
4093,912
4094,912
4095,912
4096,911
4097,911
4098,911
4099,910
4100,910
4101,909
4102,908
4103,908
4104,907
4105,906
4106,906
4107,905
4108,905
4109,904
4110,904
4111,904
4112,903
4113,902
4114,901
4115,901
4116,901
4117,901
4118,900
4119,900
4120,899
4121,899
4122,899
4123,898
4124,898
4125,897
4126,896
4127,896
4128,896
4129,895
4130,895
4131,895
4132,895
4133,895
4134,894
4135,894
4136,894
4137,894
4138,894
4139,893
4140,893
4141,893
4142,893
4143,892
4144,892
4145,891
4146,889
4147,889
4148,889
4149,889
4150,889
4151,889
4152,888
4153,888
4154,888
4155,887
4156,887
4157,886
4158,886
4159,885
4160,885
4161,884
4162,884
4163,883
4164,883
4165,883
4166,881
4167,881
4168,881
4169,881
4170,880
4171,880
4172,879
4173,879
4174,879
4175,878
4176,878
4177,877
4178,876
4179,876
4180,876
4181,874
4182,873
4183,873
4184,873
4185,873
4186,872
4187,872
4188,872
4189,872
4190,872
4191,872
4192,871
4193,870
4194,870
4195,869
4196,869
4197,869
4198,868
4199,868
4200,867
4201,866
4202,866
4203,866
4204,865
4205,865
4206,864
4207,864
4208,864
4209,864
4210,864
4211,863
4212,863
4213,863
4214,863
4215,863
4216,862
4217,862
4218,862
4219,862
4220,862
4221,861
4222,861
4223,860
4224,860
4225,860
4226,860
4227,860
4228,860
4229,860
4230,859
4231,859
4232,859
4233,859
4234,858
4235,858
4236,858
4237,858
4238,857
4239,857
4240,857
4241,856
4242,856
4243,856
4244,855
4245,855
4246,854
4247,854
4248,854
4249,854
4250,854
4251,853
4252,853
4253,853
4254,852
4255,852
4256,852
4257,851
4258,850
4259,850
4260,850
4261,850
4262,850
4263,849
4264,849
4265,848
4266,848
4267,848
4268,848
4269,848
4270,848
4271,847
4272,847
4273,846
4274,846
4275,846
4276,846
4277,845
4278,845
4279,844
4280,844
4281,844
4282,844
4283,844
4284,843
4285,843
4286,843
4287,843
4288,843
4289,840
4290,840
4291,840
4292,838
4293,838
4294,838
4295,837
4296,837
4297,837
4298,837
4299,837
4300,836
4301,836
4302,835
4303,835
4304,835
4305,834
4306,833
4307,833
4308,833
4309,832
4310,832
4311,831
4312,831
4313,830
4314,830
4315,829
4316,829
4317,829
4318,829
4319,829
4320,829
4321,829
4322,828
4323,827
4324,827
4325,827
4326,827
4327,826
4328,826
4329,826
4330,825
4331,824
4332,824
4333,824
4334,822
4335,821
4336,821
4337,820
4338,820
4339,820
4340,820
4341,819
4342,819
4343,819
4344,819
4345,818
4346,818
4347,818
4348,818
4349,818
4350,817
4351,817
4352,817
4353,817
4354,816
4355,816
4356,815
4357,815
4358,815
4359,814
4360,812
4361,811
4362,811
4363,811
4364,811
4365,810
4366,810
4367,810
4368,809
4369,809
4370,808
4371,808
4372,807
4373,807
4374,807
4375,806
4376,806
4377,806
4378,806
4379,805
4380,805
4381,805
4382,804
4383,804
4384,804
4385,804
4386,803
4387,803
4388,803
4389,802
4390,802
4391,802
4392,802
4393,801
4394,801
4395,801
4396,800
4397,800
4398,800
4399,799
4400,799
4401,799
4402,799
4403,799
4404,799
4405,799
4406,798
4407,798
4408,798
4409,797
4410,797
4411,797
4412,797
4413,797
4414,797
4415,797
4416,796
4417,796
4418,796
4419,796
4420,796
4421,795
4422,795
4423,795
4424,794
4425,794
4426,794
4427,793
4428,793
4429,792
4430,791
4431,791
4432,791
4433,791
4434,790
4435,790
4436,790
4437,790
4438,790
4439,790
4440,789
4441,789
4442,789
4443,789
4444,789
4445,788
4446,788
4447,788
4448,788
4449,788
4450,787
4451,787
4452,787
4453,787
4454,786
4455,786
4456,786
4457,786
4458,784
4459,784
4460,784
4461,783
4462,783
4463,783
4464,783
4465,783
4466,782
4467,782
4468,781
4469,781
4470,781
4471,780
4472,780
4473,780
4474,780
4475,779
4476,779
4477,779
4478,779
4479,778
4480,778
4481,778
4482,777
4483,777
4484,777
4485,777
4486,777
4487,776
4488,776
4489,776
4490,775
4491,774
4492,774
4493,774
4494,773
4495,773
4496,773
4497,773
4498,773
4499,773
4500,772
4501,772
4502,772
4503,771
4504,771
4505,771
4506,771
4507,769
4508,769
4509,769
4510,768
4511,768
4512,768
4513,768
4514,767
4515,767
4516,767
4517,767
4518,767
4519,767
4520,767
4521,766
4522,766
4523,766
4524,766
4525,765
4526,765
4527,765
4528,765
4529,764
4530,764
4531,764
4532,763
4533,763
4534,763
4535,763
4536,763
4537,763
4538,762
4539,762
4540,761
4541,760
4542,760
4543,760
4544,760
4545,760
4546,760
4547,760
4548,759
4549,758
4550,758
4551,757
4552,757
4553,757
4554,756
4555,756
4556,756
4557,756
4558,755
4559,755
4560,755
4561,755
4562,755
4563,754
4564,754
4565,752
4566,752
4567,752
4568,752
4569,751
4570,751
4571,751
4572,750
4573,750
4574,749
4575,749
4576,749
4577,749
4578,748
4579,748
4580,748
4581,748
4582,748
4583,748
4584,748
4585,748
4586,747
4587,747
4588,747
4589,747
4590,746
4591,746
4592,746
4593,745
4594,745
4595,745
4596,745
4597,745
4598,745
4599,743
4600,743
4601,743
4602,743
4603,742
4604,742
4605,742
4606,742
4607,739
4608,739
4609,738
4610,738
4611,738
4612,737
4613,737
4614,737
4615,737
4616,736
4617,736
4618,736
4619,735
4620,735
4621,735
4622,735
4623,734
4624,734
4625,734
4626,732
4627,732
4628,732
4629,731
4630,731
4631,731
4632,730
4633,730
4634,729
4635,728
4636,728
4637,727
4638,727
4639,726
4640,726
4641,726
4642,725
4643,725
4644,725
4645,724
4646,724
4647,723
4648,723
4649,723
4650,722
4651,722
4652,721
4653,720
4654,719
4655,719
4656,719
4657,719
4658,718
4659,718
4660,717
4661,717
4662,716
4663,716
4664,716
4665,715
4666,714
4667,713
4668,713
4669,713
4670,712
4671,712
4672,711
4673,711
4674,710
4675,710
4676,709
4677,709
4678,708
4679,708
4680,708
4681,708
4682,708
4683,707
4684,706
4685,706
4686,706
4687,706
4688,705
4689,705
4690,705
4691,705
4692,705
4693,705
4694,704
4695,703
4696,703
4697,702
4698,702
4699,702
4700,702
4701,702
4702,702
4703,702
4704,701
4705,700
4706,700
4707,700
4708,700
4709,700
4710,699
4711,699
4712,698
4713,697
4714,697
4715,696
4716,696
4717,696
4718,696
4719,696
4720,696
4721,695
4722,695
4723,695
4724,695
4725,695
4726,694
4727,693
4728,693
4729,692
4730,692
4731,692
4732,692
4733,691
4734,691
4735,691
4736,691
4737,690
4738,690
4739,689
4740,688
4741,688
4742,688
4743,687
4744,687
4745,687
4746,687
4747,687
4748,686
4749,686
4750,686
4751,686
4752,686
4753,686
4754,686
4755,686
4756,685
4757,685
4758,684
4759,684
4760,684
4761,684
4762,684
4763,684
4764,683
4765,683
4766,683
4767,682
4768,682
4769,682
4770,681
4771,681
4772,681
4773,680
4774,680
4775,680
4776,680
4777,679
4778,679
4779,679
4780,679
4781,679
4782,678
4783,677
4784,677
4785,676
4786,676
4787,676
4788,676
4789,676
4790,676
4791,676
4792,676
4793,676
4794,676
4795,675
4796,675
4797,675
4798,675
4799,675
4800,675
4801,674
4802,674
4803,674
4804,673
4805,673
4806,673
4807,673
4808,672
4809,672
4810,672
4811,672
4812,672
4813,672
4814,672
4815,671
4816,671
4817,671
4818,671
4819,671
4820,671
4821,670
4822,670
4823,670
4824,670
4825,669
4826,669
4827,668
4828,668
4829,668
4830,668
4831,668
4832,667
4833,667
4834,667
4835,667
4836,666
4837,666
4838,666
4839,664
4840,664
4841,664
4842,664
4843,664
4844,663
4845,663
4846,663
4847,663
4848,663
4849,663
4850,663
4851,662
4852,662
4853,662
4854,661
4855,661
4856,661
4857,661
4858,660
4859,660
4860,659
4861,659
4862,659
4863,659
4864,659
4865,658
4866,657
4867,657
4868,656
4869,656
4870,655
4871,655
4872,654
4873,654
4874,654
4875,653
4876,652
4877,651
4878,651
4879,651
4880,650
4881,650
4882,650
4883,650
4884,650
4885,649
4886,649
4887,648
4888,648
4889,648
4890,648
4891,647
4892,647
4893,647
4894,647
4895,647
4896,647
4897,646
4898,646
4899,646
4900,646
4901,646
4902,645
4903,644
4904,643
4905,643
4906,643
4907,643
4908,643
4909,643
4910,643
4911,642
4912,642
4913,642
4914,641
4915,641
4916,641
4917,641
4918,641
4919,641
4920,640
4921,640
4922,640
4923,640
4924,640
4925,640
4926,640
4927,639
4928,639
4929,639
4930,639
4931,639
4932,638
4933,638
4934,638
4935,638
4936,638
4937,638
4938,638
4939,638
4940,638
4941,637
4942,637
4943,637
4944,637
4945,637
4946,636
4947,636
4948,636
4949,636
4950,635
4951,635
4952,635
4953,635
4954,635
4955,634
4956,634
4957,634
4958,634
4959,634
4960,634
4961,633
4962,633
4963,633
4964,633
4965,633
4966,632
4967,632
4968,632
4969,631
4970,631
4971,630
4972,630
4973,630
4974,630
4975,630
4976,630
4977,629
4978,629
4979,629
4980,629
4981,629
4982,628
4983,628
4984,627
4985,627
4986,627
4987,627
4988,627
4989,627
4990,626
4991,626
4992,626
4993,626
4994,625
4995,625
4996,625
4997,625
4998,625
4999,625
5000,625
5001,624
5002,624
5003,624
5004,624
5005,623
5006,623
5007,623
5008,623
5009,623
5010,623
5011,622
5012,622
5013,622
5014,622
5015,621
5016,621
5017,621
5018,621
5019,621
5020,621
5021,620
5022,620
5023,620
5024,619
5025,619
5026,619
5027,619
5028,619
5029,619
5030,619
5031,618
5032,618
5033,618
5034,618
5035,617
5036,616
5037,616
5038,616
5039,616
5040,616
5041,615
5042,615
5043,615
5044,615
5045,615
5046,615
5047,614
5048,614
5049,614
5050,614
5051,614
5052,613
5053,613
5054,613
5055,612
5056,612
5057,612
5058,611
5059,611
5060,611
5061,610
5062,610
5063,610
5064,610
5065,610
5066,610
5067,610
5068,609
5069,609
5070,609
5071,609
5072,609
5073,609
5074,609
5075,608
5076,608
5077,608
5078,608
5079,608
5080,607
5081,607
5082,607
5083,607
5084,607
5085,607
5086,606
5087,605
5088,605
5089,605
5090,605
5091,605
5092,604
5093,604
5094,604
5095,604
5096,603
5097,603
5098,602
5099,602
5100,602
5101,602
5102,602
5103,602
5104,601
5105,601
5106,600
5107,600
5108,600
5109,600
5110,599
5111,598
5112,598
5113,598
5114,598
5115,597
5116,597
5117,597
5118,597
5119,597
5120,596
5121,596
5122,596
5123,596
5124,596
5125,596
5126,595
5127,595
5128,595
5129,595
5130,595
5131,595
5132,594
5133,594
5134,594
5135,594
5136,594
5137,592
5138,592
5139,592
5140,591
5141,591
5142,591
5143,590
5144,590
5145,590
5146,590
5147,589
5148,589
5149,589
5150,589
5151,589
5152,589
5153,589
5154,589
5155,588
5156,588
5157,588
5158,588
5159,588
5160,588
5161,587
5162,587
5163,587
5164,587
5165,586
5166,586
5167,586
5168,586
5169,586
5170,586
5171,585
5172,585
5173,585
5174,585
5175,585
5176,585
5177,584
5178,584
5179,584
5180,584
5181,584
5182,583
5183,583
5184,583
5185,583
5186,583
5187,582
5188,582
5189,582
5190,582
5191,582
5192,582
5193,581
5194,581
5195,581
5196,580
5197,580
5198,580
5199,580
5200,580
5201,580
5202,579
5203,579
5204,578
5205,578
5206,578
5207,578
5208,577
5209,577
5210,577
5211,577
5212,577
5213,577
5214,577
5215,577
5216,577
5217,577
5218,576
5219,576
5220,576
5221,575
5222,575
5223,575
5224,575
5225,575
5226,575
5227,575
5228,575
5229,575
5230,575
5231,574
5232,574
5233,574
5234,574
5235,573
5236,573
5237,573
5238,573
5239,573
5240,573
5241,573
5242,573
5243,573
5244,573
5245,572
5246,572
5247,572
5248,572
5249,571
5250,571
5251,570
5252,570
5253,570
5254,570
5255,570
5256,569
5257,569
5258,568
5259,568
5260,568
5261,568
5262,568
5263,568
5264,567
5265,567
5266,567
5267,567
5268,567
5269,567
5270,566
5271,566
5272,566
5273,566
5274,566
5275,566
5276,565
5277,565
5278,565
5279,564
5280,564
5281,564
5282,564
5283,564
5284,563
5285,563
5286,563
5287,563
5288,563
5289,563
5290,562
5291,562
5292,562
5293,562
5294,562
5295,561
5296,561
5297,561
5298,561
5299,561
5300,561
5301,561
5302,560
5303,560
5304,560
5305,560
5306,559
5307,559
5308,559
5309,559
5310,559
5311,559
5312,559
5313,559
5314,558
5315,558
5316,558
5317,558
5318,558
5319,558
5320,558
5321,558
5322,558
5323,557
5324,557
5325,557
5326,557
5327,557
5328,557
5329,557
5330,557
5331,557
5332,556
5333,556
5334,556
5335,555
5336,555
5337,555
5338,555
5339,554
5340,554
5341,554
5342,554
5343,554
5344,554
5345,554
5346,553
5347,553
5348,553
5349,553
5350,553
5351,553
5352,552
5353,552
5354,552
5355,551
5356,551
5357,551
5358,551
5359,551
5360,551
5361,550
5362,550
5363,550
5364,550
5365,550
5366,550
5367,550
5368,549
5369,549
5370,549
5371,549
5372,548
5373,548
5374,548
5375,548
5376,548
5377,548
5378,548
5379,547
5380,547
5381,547
5382,547
5383,547
5384,546
5385,546
5386,546
5387,546
5388,545
5389,545
5390,545
5391,545
5392,545
5393,545
5394,544
5395,544
5396,544
5397,544
5398,544
5399,544
5400,544
5401,543
5402,543
5403,543
5404,543
5405,543
5406,543
5407,543
5408,543
5409,542
5410,542
5411,542
5412,542
5413,541
5414,541
5415,541
5416,541
5417,541
5418,541
5419,541
5420,540
5421,540
5422,540
5423,540
5424,540
5425,540
5426,540
5427,540
5428,539
5429,539
5430,539
5431,539
5432,539
5433,538
5434,538
5435,538
5436,538
5437,538
5438,538
5439,538
5440,537
5441,537
5442,537
5443,536
5444,536
5445,536
5446,536
5447,536
5448,536
5449,536
5450,536
5451,536
5452,535
5453,535
5454,535
5455,535
5456,535
5457,535
5458,535
5459,535
5460,534
5461,534
5462,534
5463,533
5464,533
5465,533
5466,533
5467,533
5468,533
5469,532
5470,532
5471,532
5472,532
5473,532
5474,531
5475,530
5476,530
5477,530
5478,529
5479,529
5480,529
5481,529
5482,529
5483,529
5484,529
5485,529
5486,529
5487,529
5488,528
5489,528
5490,528
5491,528
5492,528
5493,528
5494,527
5495,527
5496,527
5497,527
5498,527
5499,527
5500,526
5501,526
5502,526
5503,526
5504,526
5505,526
5506,526
5507,526
5508,525
5509,525
5510,525
5511,525
5512,524
5513,524
5514,524
5515,524
5516,524
5517,523
5518,523
5519,523
5520,522
5521,522
5522,522
5523,522
5524,522
5525,522
5526,521
5527,521
5528,520
5529,520
5530,520
5531,520
5532,519
5533,519
5534,519
5535,519
5536,519
5537,519
5538,519
5539,519
5540,518
5541,518
5542,518
5543,518
5544,517
5545,517
5546,517
5547,517
5548,517
5549,516
5550,516
5551,516
5552,516
5553,515
5554,515
5555,515
5556,515
5557,515
5558,515
5559,515
5560,515
5561,515
5562,515
5563,514
5564,514
5565,514
5566,514
5567,513
5568,513
5569,513
5570,513
5571,513
5572,513
5573,513
5574,512
5575,512
5576,512
5577,512
5578,512
5579,512
5580,512
5581,511
5582,511
5583,511
5584,511
5585,511
5586,510
5587,510
5588,510
5589,510
5590,510
5591,510
5592,509
5593,509
5594,509
5595,509
5596,509
5597,509
5598,509
5599,509
5600,509
5601,508
5602,508
5603,508
5604,508
5605,507
5606,507
5607,507
5608,507
5609,507
5610,507
5611,507
5612,507
5613,507
5614,507
5615,507
5616,506
5617,506
5618,505
5619,505
5620,505
5621,504
5622,504
5623,504
5624,504
5625,504
5626,504
5627,504
5628,503
5629,503
5630,503
5631,502
5632,502
5633,502
5634,502
5635,502
5636,502
5637,502
5638,501
5639,501
5640,501
5641,501
5642,501
5643,501
5644,501
5645,501
5646,501
5647,500
5648,500
5649,500
5650,500
5651,500
5652,500
5653,500
5654,500
5655,499
5656,499
5657,499
5658,499
5659,498
5660,498
5661,498
5662,498
5663,498
5664,498
5665,498
5666,498
5667,498
5668,498
5669,497
5670,497
5671,497
5672,497
5673,497
5674,497
5675,497
5676,497
5677,497
5678,497
5679,497
5680,496
5681,496
5682,496
5683,496
5684,496
5685,496
5686,495
5687,495
5688,495
5689,495
5690,495
5691,495
5692,495
5693,494
5694,494
5695,494
5696,494
5697,494
5698,494
5699,494
5700,494
5701,494
5702,493
5703,493
5704,493
5705,493
5706,493
5707,493
5708,493
5709,493
5710,493
5711,493
5712,492
5713,492
5714,492
5715,492
5716,492
5717,492
5718,492
5719,492
5720,492
5721,492
5722,491
5723,490
5724,490
5725,490
5726,490
5727,490
5728,490
5729,489
5730,489
5731,489
5732,489
5733,489
5734,489
5735,489
5736,489
5737,488
5738,488
5739,488
5740,488
5741,488
5742,487
5743,487
5744,487
5745,487
5746,487
5747,486
5748,486
5749,486
5750,486
5751,486
5752,485
5753,485
5754,485
5755,485
5756,485
5757,485
5758,485
5759,485
5760,485
5761,485
5762,485
5763,485
5764,485
5765,484
5766,484
5767,484
5768,484
5769,484
5770,483
5771,483
5772,483
5773,483
5774,483
5775,483
5776,483
5777,483
5778,482
5779,482
5780,482
5781,482
5782,482
5783,482
5784,481
5785,481
5786,481
5787,481
5788,481
5789,481
5790,480
5791,480
5792,480
5793,480
5794,480
5795,479
5796,479
5797,479
5798,479
5799,479
5800,479
5801,479
5802,479
5803,478
5804,478
5805,478
5806,478
5807,478
5808,478
5809,478
5810,478
5811,477
5812,477
5813,477
5814,477
5815,476
5816,476
5817,476
5818,476
5819,476
5820,476
5821,476
5822,476
5823,476
5824,476
5825,476
5826,475
5827,475
5828,475
5829,475
5830,475
5831,475
5832,475
5833,475
5834,475
5835,474
5836,474
5837,474
5838,474
5839,474
5840,474
5841,474
5842,474
5843,473
5844,473
5845,473
5846,472
5847,472
5848,472
5849,472
5850,471
5851,471
5852,471
5853,471
5854,471
5855,471
5856,471
5857,471
5858,471
5859,471
5860,471
5861,470
5862,470
5863,470
5864,470
5865,470
5866,470
5867,470
5868,470
5869,470
5870,469
5871,469
5872,469
5873,469
5874,469
5875,469
5876,469
5877,469
5878,469
5879,469
5880,468
5881,468
5882,468
5883,468
5884,468
5885,468
5886,467
5887,467
5888,467
5889,467
5890,467
5891,466
5892,466
5893,466
5894,466
5895,466
5896,466
5897,465
5898,465
5899,465
5900,465
5901,465
5902,465
5903,465
5904,464
5905,464
5906,464
5907,464
5908,464
5909,464
5910,464
5911,464
5912,464
5913,463
5914,463
5915,463
5916,463
5917,463
5918,463
5919,463
5920,463
5921,463
5922,462
5923,462
5924,462
5925,462
5926,462
5927,462
5928,461
5929,461
5930,461
5931,461
5932,461
5933,461
5934,461
5935,461
5936,460
5937,460
5938,460
5939,459
5940,459
5941,459
5942,459
5943,458
5944,458
5945,458
5946,458
5947,458
5948,458
5949,458
5950,457
5951,457
5952,457
5953,457
5954,457
5955,457
5956,456
5957,456
5958,456
5959,456
5960,456
5961,456
5962,455
5963,455
5964,455
5965,455
5966,455
5967,455
5968,455
5969,454
5970,454
5971,454
5972,453
5973,453
5974,453
5975,453
5976,452
5977,452
5978,452
5979,452
5980,452
5981,452
5982,452
5983,451
5984,451
5985,451
5986,451
5987,451
5988,451
5989,451
5990,451
5991,451
5992,451
5993,451
5994,451
5995,451
5996,451
5997,451
5998,450
5999,450
6000,450
6001,450
6002,450
6003,450
6004,450
6005,450
6006,450
6007,450
6008,450
6009,450
6010,449
6011,449
6012,449
6013,449
6014,449
6015,449
6016,449
6017,449
6018,449
6019,449
6020,449
6021,448
6022,448
6023,448
6024,448
6025,448
6026,448
6027,448
6028,448
6029,447
6030,447
6031,447
6032,446
6033,446
6034,446
6035,446
6036,446
6037,446
6038,446
6039,446
6040,446
6041,446
6042,445
6043,445
6044,445
6045,445
6046,445
6047,445
6048,445
6049,445
6050,445
6051,444
6052,444
6053,444
6054,444
6055,444
6056,443
6057,443
6058,443
6059,443
6060,443
6061,443
6062,443
6063,443
6064,442
6065,442
6066,442
6067,442
6068,442
6069,442
6070,442
6071,442
6072,442
6073,441
6074,441
6075,441
6076,441
6077,441
6078,441
6079,440
6080,440
6081,440
6082,440
6083,440
6084,440
6085,440
6086,440
6087,440
6088,440
6089,440
6090,440
6091,439
6092,439
6093,439
6094,439
6095,439
6096,439
6097,439
6098,439
6099,439
6100,439
6101,438
6102,438
6103,438
6104,438
6105,438
6106,438
6107,438
6108,437
6109,437
6110,437
6111,437
6112,437
6113,437
6114,437
6115,437
6116,437
6117,437
6118,437
6119,437
6120,437
6121,436
6122,436
6123,436
6124,436
6125,436
6126,436
6127,436
6128,435
6129,435
6130,435
6131,435
6132,435
6133,435
6134,435
6135,435
6136,434
6137,434
6138,434
6139,434
6140,434
6141,433
6142,433
6143,433
6144,433
6145,433
6146,433
6147,432
6148,432
6149,432
6150,432
6151,432
6152,432
6153,432
6154,432
6155,432
6156,432
6157,432
6158,431
6159,431
6160,431
6161,431
6162,430
6163,430
6164,430
6165,430
6166,430
6167,430
6168,430
6169,430
6170,430
6171,429
6172,429
6173,429
6174,429
6175,429
6176,429
6177,429
6178,429
6179,429
6180,428
6181,428
6182,428
6183,428
6184,428
6185,428
6186,428
6187,427
6188,427
6189,427
6190,427
6191,427
6192,427
6193,427
6194,427
6195,426
6196,426
6197,426
6198,426
6199,426
6200,426
6201,426
6202,426
6203,426
6204,426
6205,426
6206,426
6207,426
6208,426
6209,426
6210,426
6211,426
6212,426
6213,426
6214,425
6215,425
6216,425
6217,425
6218,425
6219,425
6220,425
6221,424
6222,424
6223,424
6224,424
6225,424
6226,424
6227,424
6228,423
6229,423
6230,423
6231,423
6232,423
6233,423
6234,423
6235,423
6236,423
6237,423
6238,423
6239,423
6240,423
6241,423
6242,422
6243,422
6244,422
6245,422
6246,422
6247,422
6248,422
6249,422
6250,422
6251,422
6252,422
6253,421
6254,421
6255,421
6256,421
6257,421
6258,421
6259,421
6260,421
6261,421
6262,421
6263,421
6264,421
6265,421
6266,420
6267,420
6268,420
6269,420
6270,420
6271,420
6272,420
6273,420
6274,420
6275,420
6276,420
6277,419
6278,419
6279,419
6280,419
6281,419
6282,419
6283,419
6284,418
6285,418
6286,418
6287,418
6288,418
6289,417
6290,417
6291,417
6292,417
6293,417
6294,417
6295,416
6296,416
6297,416
6298,416
6299,416
6300,416
6301,416
6302,415
6303,415
6304,415
6305,415
6306,415
6307,415
6308,415
6309,415
6310,415
6311,414
6312,414
6313,414
6314,414
6315,414
6316,414
6317,414
6318,414
6319,414
6320,414
6321,414
6322,414
6323,414
6324,414
6325,414
6326,414
6327,413
6328,413
6329,413
6330,413
6331,413
6332,413
6333,413
6334,413
6335,413
6336,413
6337,413
6338,413
6339,412
6340,412
6341,412
6342,412
6343,412
6344,412
6345,412
6346,411
6347,411
6348,411
6349,411
6350,411
6351,411
6352,411
6353,411
6354,411
6355,410
6356,410
6357,410
6358,410
6359,409
6360,409
6361,409
6362,409
6363,409
6364,409
6365,409
6366,409
6367,409
6368,409
6369,409
6370,408
6371,408
6372,408
6373,408
6374,408
6375,408
6376,408
6377,408
6378,408
6379,407
6380,407
6381,407
6382,407
6383,407
6384,407
6385,407
6386,407
6387,407
6388,407
6389,407
6390,407
6391,407
6392,406
6393,406
6394,406
6395,406
6396,406
6397,405
6398,405
6399,405
6400,405
6401,405
6402,405
6403,405
6404,405
6405,404
6406,404
6407,404
6408,404
6409,404
6410,404
6411,404
6412,404
6413,404
6414,403
6415,403
6416,403
6417,403
6418,403
6419,403
6420,403
6421,403
6422,403
6423,403
6424,403
6425,403
6426,403
6427,403
6428,402
6429,402
6430,402
6431,402
6432,402
6433,402
6434,402
6435,401
6436,401
6437,401
6438,401
6439,401
6440,401
6441,401
6442,401
6443,401
6444,401
6445,401
6446,401
6447,401
6448,401
6449,400
6450,400
6451,400
6452,400
6453,400
6454,400
6455,400
6456,400
6457,400
6458,400
6459,400
6460,400
6461,400
6462,400
6463,400
6464,399
6465,399
6466,399
6467,399
6468,398
6469,398
6470,398
6471,398
6472,398
6473,398
6474,398
6475,398
6476,398
6477,398
6478,398
6479,397
6480,397
6481,397
6482,397
6483,397
6484,397
6485,397
6486,396
6487,396
6488,396
6489,396
6490,396
6491,395
6492,395
6493,395
6494,395
6495,395
6496,395
6497,395
6498,395
6499,395
6500,395
6501,395
6502,395
6503,395
6504,394
6505,394
6506,394
6507,394
6508,394
6509,394
6510,393
6511,393
6512,393
6513,393
6514,393
6515,393
6516,392
6517,392
6518,392
6519,392
6520,392
6521,392
6522,391
6523,391
6524,391
6525,391
6526,391
6527,391
6528,391
6529,391
6530,391
6531,391
6532,391
6533,390
6534,390
6535,390
6536,390
6537,390
6538,390
6539,390
6540,390
6541,389
6542,389
6543,389
6544,389
6545,389
6546,389
6547,389
6548,388
6549,388
6550,388
6551,388
6552,388
6553,387
6554,387
6555,387
6556,387
6557,387
6558,387
6559,387
6560,387
6561,386
6562,386
6563,386
6564,386
6565,386
6566,385
6567,385
6568,385
6569,385
6570,385
6571,385
6572,384
6573,384
6574,384
6575,384
6576,384
6577,384
6578,384
6579,384
6580,383
6581,383
6582,383
6583,383
6584,383
6585,383
6586,383
6587,383
6588,383
6589,382
6590,382
6591,382
6592,382
6593,382
6594,382
6595,382
6596,382
6597,382
6598,382
6599,382
6600,382
6601,382
6602,382
6603,382
6604,381
6605,381
6606,381
6607,381
6608,381
6609,381
6610,380
6611,380
6612,380
6613,380
6614,380
6615,380
6616,380
6617,380
6618,380
6619,380
6620,380
6621,380
6622,380
6623,380
6624,379
6625,379
6626,379
6627,379
6628,379
6629,378
6630,378
6631,377
6632,377
6633,377
6634,377
6635,377
6636,377
6637,376
6638,376
6639,376
6640,376
6641,376
6642,376
6643,376
6644,376
6645,376
6646,376
6647,376
6648,376
6649,376
6650,376
6651,376
6652,375
6653,375
6654,375
6655,375
6656,375
6657,375
6658,375
6659,374
6660,374
6661,374
6662,374
6663,374
6664,374
6665,374
6666,374
6667,374
6668,373
6669,373
6670,373
6671,373
6672,373
6673,373
6674,373
6675,373
6676,372
6677,372
6678,372
6679,372
6680,372
6681,372
6682,372
6683,372
6684,372
6685,372
6686,372
6687,371
6688,371
6689,371
6690,371
6691,371
6692,371
6693,371
6694,371
6695,371
6696,371
6697,371
6698,371
6699,370
6700,370
6701,370
6702,370
6703,370
6704,370
6705,370
6706,370
6707,370
6708,370
6709,370
6710,370
6711,369
6712,369
6713,369
6714,369
6715,369
6716,369
6717,369
6718,369
6719,369
6720,369
6721,369
6722,369
6723,369
6724,369
6725,368
6726,368
6727,368
6728,368
6729,368
6730,368
6731,368
6732,368
6733,368
6734,368
6735,367
6736,367
6737,367
6738,367
6739,367
6740,367
6741,367
6742,367
6743,367
6744,367
6745,367
6746,367
6747,367
6748,367
6749,367
6750,367
6751,366
6752,366
6753,366
6754,366
6755,366
6756,366
6757,366
6758,365
6759,365
6760,365
6761,365
6762,365
6763,365
6764,365
6765,365
6766,365
6767,364
6768,364
6769,364
6770,364
6771,364
6772,364
6773,364
6774,364
6775,364
6776,364
6777,364
6778,364
6779,364
6780,363
6781,363
6782,363
6783,363
6784,363
6785,363
6786,363
6787,363
6788,363
6789,363
6790,363
6791,362
6792,362
6793,362
6794,362
6795,362
6796,362
6797,362
6798,362
6799,361
6800,361
6801,361
6802,361
6803,361
6804,361
6805,361
6806,361
6807,361
6808,361
6809,360
6810,360
6811,360
6812,360
6813,360
6814,360
6815,360
6816,360
6817,359
6818,359
6819,359
6820,359
6821,359
6822,359
6823,359
6824,359
6825,359
6826,359
6827,359
6828,359
6829,359
6830,359
6831,359
6832,358
6833,358
6834,358
6835,358
6836,358
6837,358
6838,358
6839,358
6840,358
6841,358
6842,357
6843,357
6844,357
6845,357
6846,357
6847,357
6848,357
6849,357
6850,357
6851,357
6852,356
6853,356
6854,356
6855,356
6856,356
6857,356
6858,356
6859,356
6860,356
6861,356
6862,356
6863,356
6864,355
6865,355
6866,355
6867,355
6868,355
6869,355
6870,355
6871,355
6872,355
6873,355
6874,355
6875,355
6876,355
6877,354
6878,354
6879,354
6880,354
6881,354
6882,354
6883,353
6884,353
6885,353
6886,353
6887,353
6888,353
6889,353
6890,353
6891,353
6892,353
6893,353
6894,353
6895,353
6896,353
6897,352
6898,352
6899,352
6900,352
6901,352
6902,352
6903,352
6904,352
6905,351
6906,351
6907,351
6908,351
6909,351
6910,351
6911,351
6912,351
6913,351
6914,350
6915,350
6916,350
6917,350
6918,350
6919,350
6920,350
6921,350
6922,350
6923,350
6924,349
6925,349
6926,349
6927,349
6928,349
6929,349
6930,349
6931,349
6932,348
6933,348
6934,348
6935,348
6936,348
6937,348
6938,348
6939,348
6940,348
6941,348
6942,348
6943,348
6944,347
6945,347
6946,347
6947,347
6948,347
6949,347
6950,347
6951,347
6952,347
6953,347
6954,347
6955,347
6956,346
6957,346
6958,346
6959,346
6960,346
6961,346
6962,346
6963,346
6964,345
6965,345
6966,345
6967,345
6968,345
6969,345
6970,345
6971,345
6972,345
6973,345
6974,345
6975,345
6976,344
6977,344
6978,344
6979,344
6980,344
6981,344
6982,344
6983,344
6984,344
6985,343
6986,343
6987,343
6988,343
6989,343
6990,343
6991,343
6992,343
6993,343
6994,343
6995,343
6996,343
6997,342
6998,342
6999,342
7000,342
7001,342
7002,342
7003,342
7004,342
7005,342
7006,342
7007,342
7008,342
7009,342
7010,342
7011,342
7012,341
7013,341
7014,341
7015,341
7016,341
7017,341
7018,341
7019,341
7020,341
7021,341
7022,340
7023,340
7024,340
7025,340
7026,340
7027,340
7028,340
7029,340
7030,340
7031,339
7032,339
7033,339
7034,339
7035,339
7036,339
7037,339
7038,339
7039,339
7040,339
7041,339
7042,339
7043,339
7044,339
7045,338
7046,338
7047,338
7048,338
7049,337
7050,337
7051,337
7052,337
7053,337
7054,337
7055,337
7056,337
7057,336
7058,336
7059,336
7060,336
7061,336
7062,336
7063,336
7064,336
7065,336
7066,335
7067,335
7068,335
7069,335
7070,335
7071,335
7072,335
7073,334
7074,334
7075,334
7076,334
7077,334
7078,334
7079,334
7080,334
7081,334
7082,334
7083,334
7084,334
7085,334
7086,333
7087,333
7088,333
7089,333
7090,333
7091,333
7092,333
7093,333
7094,333
7095,332
7096,332
7097,332
7098,332
7099,332
7100,332
7101,332
7102,332
7103,332
7104,332
7105,331
7106,331
7107,331
7108,331
7109,331
7110,330
7111,330
7112,330
7113,330
7114,330
7115,330
7116,330
7117,330
7118,330
7119,330
7120,330
7121,330
7122,330
7123,329
7124,329
7125,329
7126,329
7127,329
7128,329
7129,329
7130,329
7131,329
7132,329
7133,329
7134,328
7135,328
7136,328
7137,328
7138,328
7139,328
7140,328
7141,328
7142,328
7143,327
7144,327
7145,327
7146,327
7147,327
7148,327
7149,327
7150,327
7151,327
7152,327
7153,327
7154,327
7155,327
7156,327
7157,326
7158,326
7159,326
7160,326
7161,326
7162,326
7163,326
7164,326
7165,326
7166,326
7167,326
7168,326
7169,326
7170,326
7171,326
7172,326
7173,325
7174,325
7175,325
7176,325
7177,325
7178,325
7179,325
7180,325
7181,325
7182,325
7183,325
7184,325
7185,325
7186,325
7187,325
7188,324
7189,324
7190,324
7191,324
7192,324
7193,324
7194,324
7195,324
7196,324
7197,324
7198,324
7199,324
7200,324
7201,324
7202,324
7203,324
7204,324
7205,324
7206,324
7207,324
7208,323
7209,323
7210,323
7211,323
7212,323
7213,323
7214,323
7215,323
7216,323
7217,323
7218,323
7219,323
7220,323
7221,323
7222,322
7223,322
7224,322
7225,322
7226,322
7227,322
7228,322
7229,322
7230,322
7231,322
7232,322
7233,322
7234,321
7235,321
7236,321
7237,321
7238,321
7239,321
7240,321
7241,321
7242,321
7243,321
7244,321
7245,321
7246,321
7247,320
7248,320
7249,320
7250,320
7251,320
7252,320
7253,320
7254,320
7255,320
7256,320
7257,320
7258,320
7259,319
7260,319
7261,319
7262,319
7263,319
7264,319
7265,319
7266,319
7267,319
7268,319
7269,319
7270,319
7271,319
7272,319
7273,319
7274,319
7275,319
7276,318
7277,318
7278,318
7279,318
7280,318
7281,318
7282,318
7283,318
7284,318
7285,318
7286,318
7287,318
7288,318
7289,318
7290,318
7291,318
7292,318
7293,317
7294,317
7295,317
7296,317
7297,317
7298,317
7299,317
7300,317
7301,317
7302,317
7303,317
7304,317
7305,317
7306,317
7307,317
7308,316
7309,316
7310,316
7311,316
7312,316
7313,316
7314,316
7315,316
7316,316
7317,316
7318,316
7319,316
7320,316
7321,315
7322,315
7323,315
7324,315
7325,315
7326,315
7327,315
7328,315
7329,315
7330,315
7331,315
7332,315
7333,315
7334,315
7335,315
7336,315
7337,315
7338,315
7339,314
7340,314
7341,314
7342,314
7343,314
7344,314
7345,314
7346,314
7347,314
7348,314
7349,313
7350,313
7351,313
7352,313
7353,313
7354,313
7355,313
7356,313
7357,313
7358,313
7359,313
7360,313
7361,313
7362,313
7363,313
7364,312
7365,312
7366,312
7367,312
7368,312
7369,312
7370,312
7371,312
7372,312
7373,312
7374,311
7375,311
7376,311
7377,311
7378,311
7379,311
7380,311
7381,311
7382,311
7383,311
7384,311
7385,311
7386,311
7387,310
7388,310
7389,310
7390,310
7391,310
7392,310
7393,310
7394,310
7395,310
7396,309
7397,309
7398,309
7399,309
7400,309
7401,309
7402,309
7403,309
7404,309
7405,309
7406,308
7407,308
7408,308
7409,308
7410,308
7411,308
7412,308
7413,308
7414,308
7415,308
7416,308
7417,307
7418,307
7419,307
7420,307
7421,307
7422,307
7423,307
7424,307
7425,307
7426,307
7427,307
7428,306
7429,306
7430,306
7431,306
7432,306
7433,306
7434,306
7435,306
7436,306
7437,306
7438,306
7439,306
7440,306
7441,306
7442,305
7443,305
7444,305
7445,305
7446,305
7447,305
7448,305
7449,305
7450,305
7451,305
7452,304
7453,304
7454,304
7455,304
7456,304
7457,304
7458,304
7459,304
7460,304
7461,304
7462,304
7463,304
7464,304
7465,304
7466,304
7467,304
7468,303
7469,303
7470,303
7471,303
7472,303
7473,303
7474,303
7475,303
7476,303
7477,303
7478,303
7479,303
7480,303
7481,302
7482,302
7483,302
7484,302
7485,302
7486,302
7487,302
7488,302
7489,302
7490,302
7491,302
7492,301
7493,301
7494,301
7495,301
7496,301
7497,301
7498,301
7499,301
7500,301
7501,301
7502,300
7503,300
7504,300
7505,300
7506,300
7507,300
7508,300
7509,300
7510,300
7511,300
7512,300
7513,300
7514,300
7515,300
7516,299
7517,299
7518,299
7519,299
7520,299
7521,299
7522,299
7523,299
7524,299
7525,299
7526,299
7527,299
7528,299
7529,299
7530,299
7531,299
7532,299
7533,299
7534,298
7535,298
7536,298
7537,298
7538,298
7539,298
7540,298
7541,298
7542,298
7543,298
7544,298
7545,298
7546,298
7547,298
7548,298
7549,298
7550,298
7551,298
7552,298
7553,297
7554,297
7555,297
7556,297
7557,297
7558,297
7559,297
7560,297
7561,297
7562,297
7563,297
7564,297
7565,297
7566,296
7567,296
7568,296
7569,296
7570,296
7571,296
7572,296
7573,296
7574,296
7575,296
7576,296
7577,296
7578,296
7579,296
7580,296
7581,296
7582,296
7583,296
7584,295
7585,295
7586,295
7587,295
7588,295
7589,295
7590,295
7591,295
7592,295
7593,295
7594,295
7595,295
7596,295
7597,295
7598,295
7599,295
7600,295
7601,295
7602,295
7603,294
7604,294
7605,294
7606,294
7607,294
7608,294
7609,294
7610,294
7611,294
7612,294
7613,294
7614,294
7615,294
7616,293
7617,293
7618,293
7619,293
7620,293
7621,293
7622,293
7623,293
7624,293
7625,293
7626,293
7627,293
7628,293
7629,293
7630,292
7631,292
7632,292
7633,292
7634,292
7635,292
7636,292
7637,292
7638,292
7639,292
7640,292
7641,292
7642,292
7643,292
7644,292
7645,292
7646,292
7647,292
7648,291
7649,291
7650,291
7651,291
7652,291
7653,291
7654,291
7655,291
7656,291
7657,291
7658,291
7659,291
7660,291
7661,291
7662,291
7663,291
7664,291
7665,290
7666,290
7667,290
7668,290
7669,290
7670,290
7671,290
7672,290
7673,290
7674,290
7675,290
7676,290
7677,290
7678,290
7679,290
7680,289
7681,289
7682,289
7683,289
7684,289
7685,289
7686,289
7687,289
7688,289
7689,289
7690,289
7691,289
7692,289
7693,289
7694,288
7695,288
7696,288
7697,288
7698,288
7699,288
7700,288
7701,288
7702,288
7703,288
7704,288
7705,288
7706,288
7707,288
7708,288
7709,288
7710,288
7711,287
7712,287
7713,287
7714,287
7715,287
7716,287
7717,287
7718,287
7719,287
7720,287
7721,287
7722,287
7723,287
7724,287
7725,287
7726,287
7727,286
7728,286
7729,286
7730,286
7731,286
7732,286
7733,286
7734,286
7735,286
7736,286
7737,286
7738,286
7739,285
7740,285
7741,285
7742,285
7743,285
7744,285
7745,285
7746,285
7747,285
7748,285
7749,285
7750,285
7751,285
7752,285
7753,284
7754,284
7755,284
7756,284
7757,284
7758,284
7759,284
7760,284
7761,284
7762,284
7763,283
7764,283
7765,283
7766,283
7767,283
7768,283
7769,283
7770,283
7771,283
7772,283
7773,283
7774,282
7775,282
7776,282
7777,282
7778,282
7779,282
7780,282
7781,282
7782,282
7783,282
7784,282
7785,282
7786,282
7787,281
7788,281
7789,281
7790,281
7791,281
7792,281
7793,281
7794,281
7795,281
7796,281
7797,281
7798,281
7799,281
7800,281
7801,281
7802,281
7803,280
7804,280
7805,280
7806,280
7807,280
7808,280
7809,280
7810,280
7811,280
7812,280
7813,280
7814,280
7815,280
7816,280
7817,279
7818,279
7819,279
7820,279
7821,279
7822,279
7823,279
7824,279
7825,279
7826,279
7827,279
7828,279
7829,279
7830,278
7831,278
7832,278
7833,278
7834,278
7835,278
7836,278
7837,278
7838,278
7839,278
7840,278
7841,278
7842,278
7843,278
7844,278
7845,278
7846,278
7847,278
7848,278
7849,278
7850,277
7851,277
7852,277
7853,277
7854,277
7855,277
7856,277
7857,277
7858,277
7859,277
7860,277
7861,277
7862,277
7863,277
7864,277
7865,277
7866,277
7867,277
7868,277
7869,276
7870,276
7871,276
7872,276
7873,276
7874,276
7875,276
7876,276
7877,276
7878,276
7879,276
7880,276
7881,276
7882,276
7883,275
7884,275
7885,275
7886,275
7887,275
7888,275
7889,275
7890,275
7891,275
7892,275
7893,275
7894,274
7895,274
7896,274
7897,274
7898,274
7899,274
7900,274
7901,274
7902,274
7903,274
7904,274
7905,274
7906,274
7907,274
7908,274
7909,274
7910,274
7911,274
7912,274
7913,274
7914,273
7915,273
7916,273
7917,273
7918,273
7919,273
7920,273
7921,273
7922,273
7923,273
7924,273
7925,273
7926,273
7927,273
7928,273
7929,273
7930,273
7931,273
7932,273
7933,273
7934,273
7935,272
7936,272
7937,272
7938,272
7939,272
7940,272
7941,272
7942,272
7943,272
7944,272
7945,272
7946,272
7947,271
7948,271
7949,271
7950,271
7951,271
7952,271
7953,271
7954,271
7955,271
7956,271
7957,271
7958,271
7959,271
7960,271
7961,271
7962,271
7963,271
7964,271
7965,271
7966,271
7967,270
7968,270
7969,270
7970,270
7971,270
7972,270
7973,270
7974,270
7975,270
7976,270
7977,270
7978,270
7979,270
7980,270
7981,270
7982,270
7983,270
7984,270
7985,269
7986,269
7987,269
7988,269
7989,269
7990,269
7991,269
7992,269
7993,269
7994,269
7995,269
7996,269
7997,269
7998,269
7999,269
8000,268
8001,268
8002,268
8003,268
8004,268
8005,268
8006,268
8007,268
8008,268
8009,268
8010,268
8011,268
8012,268
8013,268
8014,268
8015,268
8016,268
8017,268
8018,268
8019,268
8020,268
8021,267
8022,267
8023,267
8024,267
8025,267
8026,267
8027,267
8028,267
8029,267
8030,267
8031,267
8032,267
8033,267
8034,267
8035,267
8036,267
8037,266
8038,266
8039,266
8040,266
8041,266
8042,266
8043,266
8044,266
8045,266
8046,266
8047,266
8048,266
8049,266
8050,266
8051,266
8052,266
8053,265
8054,265
8055,265
8056,265
8057,265
8058,265
8059,265
8060,265
8061,265
8062,265
8063,265
8064,265
8065,265
8066,265
8067,265
8068,265
8069,265
8070,265
8071,265
8072,265
8073,265
8074,265
8075,265
8076,265
8077,265
8078,265
8079,265
8080,264
8081,264
8082,264
8083,264
8084,264
8085,264
8086,264
8087,264
8088,264
8089,264
8090,264
8091,264
8092,264
8093,264
8094,264
8095,264
8096,264
8097,264
8098,263
8099,263
8100,263
8101,263
8102,263
8103,263
8104,263
8105,263
8106,263
8107,263
8108,263
8109,262
8110,262
8111,262
8112,262
8113,262
8114,262
8115,262
8116,262
8117,262
8118,262
8119,262
8120,262
8121,262
8122,262
8123,262
8124,262
8125,262
8126,262
8127,262
8128,262
8129,261
8130,261
8131,261
8132,261
8133,261
8134,261
8135,261
8136,261
8137,261
8138,261
8139,261
8140,261
8141,261
8142,261
8143,261
8144,261
8145,261
8146,261
8147,261
8148,261
8149,261
8150,260
8151,260
8152,260
8153,260
8154,260
8155,260
8156,260
8157,260
8158,260
8159,260
8160,260
8161,260
8162,260
8163,260
8164,260
8165,260
8166,260
8167,259
8168,259
8169,259
8170,259
8171,259
8172,259
8173,259
8174,259
8175,259
8176,259
8177,259
8178,259
8179,259
8180,259
8181,259
8182,259
8183,259
8184,259
8185,259
8186,258
8187,258
8188,258
8189,258
8190,258
8191,258
8192,258
8193,258
8194,258
8195,258
8196,258
8197,258
8198,258
8199,258
8200,258
8201,258
8202,258
8203,258
8204,258
8205,257
8206,257
8207,257
8208,257
8209,257
8210,257
8211,257
8212,257
8213,257
8214,257
8215,257
8216,257
8217,257
8218,257
8219,257
8220,257
8221,257
8222,257
8223,257
8224,257
8225,256
8226,256
8227,256
8228,256
8229,256
8230,256
8231,256
8232,256
8233,256
8234,256
8235,256
8236,256
8237,256
8238,256
8239,256
8240,256
8241,256
8242,256
8243,256
8244,256
8245,256
8246,256
8247,255
8248,255
8249,255
8250,255
8251,255
8252,255
8253,255
8254,255
8255,255
8256,255
8257,254
8258,254
8259,254
8260,254
8261,254
8262,254
8263,254
8264,254
8265,254
8266,254
8267,254
8268,254
8269,254
8270,254
8271,254
8272,254
8273,254
8274,254
8275,254
8276,254
8277,254
8278,254
8279,254
8280,254
8281,253
8282,253
8283,253
8284,253
8285,253
8286,253
8287,253
8288,253
8289,253
8290,253
8291,253
8292,253
8293,253
8294,253
8295,253
8296,253
8297,253
8298,253
8299,253
8300,253
8301,253
8302,253
8303,252
8304,252
8305,252
8306,252
8307,252
8308,252
8309,252
8310,252
8311,252
8312,252
8313,252
8314,252
8315,252
8316,252
8317,252
8318,252
8319,252
8320,252
8321,252
8322,252
8323,252
8324,252
8325,252
8326,252
8327,251
8328,251
8329,251
8330,251
8331,251
8332,251
8333,251
8334,251
8335,251
8336,251
8337,251
8338,251
8339,251
8340,251
8341,251
8342,251
8343,251
8344,251
8345,251
8346,251
8347,250
8348,250
8349,250
8350,250
8351,250
8352,250
8353,250
8354,250
8355,250
8356,250
8357,250
8358,250
8359,250
8360,250
8361,250
8362,250
8363,250
8364,250
8365,250
8366,250
8367,249
8368,249
8369,249
8370,249
8371,249
8372,249
8373,249
8374,249
8375,249
8376,249
8377,249
8378,249
8379,249
8380,249
8381,249
8382,249
8383,249
8384,249
8385,249
8386,249
8387,249
8388,249
8389,249
8390,248
8391,248
8392,248
8393,248
8394,248
8395,248
8396,248
8397,248
8398,248
8399,248
8400,248
8401,248
8402,248
8403,248
8404,248
8405,248
8406,248
8407,248
8408,247
8409,247
8410,247
8411,247
8412,247
8413,247
8414,247
8415,247
8416,247
8417,247
8418,247
8419,247
8420,247
8421,247
8422,247
8423,247
8424,247
8425,247
8426,247
8427,247
8428,246
8429,246
8430,246
8431,246
8432,246
8433,246
8434,246
8435,246
8436,246
8437,246
8438,246
8439,246
8440,246
8441,246
8442,246
8443,246
8444,245
8445,245
8446,245
8447,245
8448,245
8449,245
8450,245
8451,245
8452,245
8453,245
8454,245
8455,245
8456,245
8457,245
8458,245
8459,245
8460,245
8461,245
8462,245
8463,245
8464,245
8465,244
8466,244
8467,244
8468,244
8469,244
8470,244
8471,244
8472,244
8473,244
8474,244
8475,244
8476,244
8477,244
8478,244
8479,244
8480,244
8481,244
8482,243
8483,243
8484,243
8485,243
8486,243
8487,243
8488,243
8489,243
8490,243
8491,243
8492,243
8493,243
8494,243
8495,243
8496,243
8497,243
8498,243
8499,243
8500,243
8501,243
8502,243
8503,243
8504,243
8505,243
8506,243
8507,242
8508,242
8509,242
8510,242
8511,242
8512,242
8513,242
8514,242
8515,242
8516,242
8517,242
8518,242
8519,242
8520,242
8521,242
8522,242
8523,242
8524,242
8525,242
8526,242
8527,242
8528,242
8529,242
8530,241
8531,241
8532,241
8533,241
8534,241
8535,241
8536,241
8537,241
8538,241
8539,241
8540,241
8541,241
8542,241
8543,241
8544,241
8545,241
8546,240
8547,240
8548,240
8549,240
8550,240
8551,240
8552,240
8553,240
8554,240
8555,240
8556,240
8557,240
8558,240
8559,240
8560,240
8561,240
8562,240
8563,239
8564,239
8565,239
8566,239
8567,239
8568,239
8569,239
8570,239
8571,239
8572,239
8573,239
8574,239
8575,239
8576,239
8577,238
8578,238
8579,238
8580,238
8581,238
8582,238
8583,238
8584,238
8585,238
8586,238
8587,238
8588,238
8589,238
8590,238
8591,238
8592,238
8593,238
8594,238
8595,238
8596,237
8597,237
8598,237
8599,237
8600,237
8601,237
8602,237
8603,237
8604,237
8605,237
8606,237
8607,237
8608,237
8609,236
8610,236
8611,236
8612,236
8613,236
8614,236
8615,236
8616,236
8617,236
8618,236
8619,236
8620,236
8621,236
8622,236
8623,236
8624,236
8625,236
8626,236
8627,236
8628,236
8629,235
8630,235
8631,235
8632,235
8633,235
8634,235
8635,235
8636,235
8637,235
8638,235
8639,235
8640,235
8641,235
8642,235
8643,235
8644,235
8645,235
8646,235
8647,235
8648,235
8649,235
8650,235
8651,235
8652,235
8653,235
8654,234
8655,234
8656,234
8657,234
8658,234
8659,234
8660,234
8661,234
8662,234
8663,234
8664,234
8665,234
8666,234
8667,234
8668,234
8669,234
8670,234
8671,234
8672,234
8673,234
8674,234
8675,234
8676,234
8677,234
8678,234
8679,234
8680,234
8681,234
8682,234
8683,234
8684,234
8685,233
8686,233
8687,233
8688,233
8689,233
8690,233
8691,233
8692,233
8693,233
8694,233
8695,233
8696,233
8697,233
8698,233
8699,233
8700,233
8701,233
8702,233
8703,233
8704,233
8705,233
8706,232
8707,232
8708,232
8709,232
8710,232
8711,232
8712,232
8713,232
8714,232
8715,232
8716,232
8717,232
8718,232
8719,232
8720,232
8721,232
8722,232
8723,232
8724,232
8725,232
8726,231
8727,231
8728,231
8729,231
8730,231
8731,231
8732,231
8733,231
8734,231
8735,231
8736,231
8737,231
8738,231
8739,231
8740,231
8741,231
8742,231
8743,231
8744,231
8745,231
8746,231
8747,231
8748,231
8749,231
8750,231
8751,231
8752,230
8753,230
8754,230
8755,230
8756,230
8757,230
8758,230
8759,230
8760,230
8761,230
8762,230
8763,230
8764,230
8765,230
8766,230
8767,230
8768,230
8769,229
8770,229
8771,229
8772,229
8773,229
8774,229
8775,229
8776,229
8777,229
8778,229
8779,229
8780,229
8781,229
8782,229
8783,229
8784,229
8785,229
8786,229
8787,228
8788,228
8789,228
8790,228
8791,228
8792,228
8793,228
8794,228
8795,228
8796,228
8797,228
8798,228
8799,228
8800,228
8801,228
8802,228
8803,228
8804,228
8805,228
8806,228
8807,228
8808,228
8809,228
8810,228
8811,228
8812,228
8813,228
8814,228
8815,228
8816,227
8817,227
8818,227
8819,227
8820,227
8821,227
8822,227
8823,227
8824,227
8825,227
8826,227
8827,227
8828,227
8829,227
8830,227
8831,227
8832,227
8833,227
8834,227
8835,227
8836,227
8837,227
8838,227
8839,227
8840,227
8841,227
8842,227
8843,227
8844,226
8845,226
8846,226
8847,226
8848,226
8849,226
8850,226
8851,226
8852,226
8853,226
8854,226
8855,226
8856,226
8857,226
8858,226
8859,226
8860,226
8861,226
8862,226
8863,226
8864,226
8865,226
8866,226
8867,225
8868,225
8869,225
8870,225
8871,225
8872,225
8873,225
8874,225
8875,225
8876,225
8877,225
8878,225
8879,225
8880,225
8881,225
8882,225
8883,225
8884,225
8885,225
8886,225
8887,225
8888,225
8889,225
8890,225
8891,225
8892,225
8893,225
8894,225
8895,225
8896,225
8897,225
8898,225
8899,224
8900,224
8901,224
8902,224
8903,224
8904,224
8905,224
8906,224
8907,224
8908,224
8909,224
8910,224
8911,224
8912,224
8913,224
8914,224
8915,224
8916,224
8917,224
8918,224
8919,224
8920,224
8921,224
8922,224
8923,224
8924,224
8925,224
8926,224
8927,224
8928,223
8929,223
8930,223
8931,223
8932,223
8933,223
8934,223
8935,223
8936,223
8937,223
8938,223
8939,223
8940,223
8941,223
8942,223
8943,223
8944,223
8945,223
8946,223
8947,222
8948,222
8949,222
8950,222
8951,222
8952,222
8953,222
8954,222
8955,222
8956,222
8957,222
8958,222
8959,222
8960,222
8961,222
8962,222
8963,222
8964,222
8965,222
8966,222
8967,222
8968,222
8969,222
8970,222
8971,222
8972,222
8973,222
8974,222
8975,221
8976,221
8977,221
8978,221
8979,221
8980,221
8981,221
8982,221
8983,221
8984,221
8985,221
8986,221
8987,221
8988,221
8989,221
8990,221
8991,221
8992,221
8993,221
8994,221
8995,221
8996,220
8997,220
8998,220
8999,220
9000,220
9001,220
9002,220
9003,220
9004,220
9005,220
9006,220
9007,220
9008,220
9009,220
9010,220
9011,220
9012,220
9013,220
9014,220
9015,219
9016,219
9017,219
9018,219
9019,219
9020,219
9021,219
9022,219
9023,219
9024,219
9025,219
9026,219
9027,219
9028,219
9029,219
9030,219
9031,219
9032,219
9033,219
9034,219
9035,219
9036,219
9037,219
9038,219
9039,218
9040,218
9041,218
9042,218
9043,218
9044,218
9045,218
9046,218
9047,218
9048,218
9049,218
9050,218
9051,218
9052,218
9053,218
9054,218
9055,218
9056,218
9057,217
9058,217
9059,217
9060,217
9061,217
9062,217
9063,217
9064,217
9065,217
9066,217
9067,217
9068,217
9069,217
9070,217
9071,217
9072,217
9073,217
9074,217
9075,217
9076,217
9077,217
9078,216
9079,216
9080,216
9081,216
9082,216
9083,216
9084,216
9085,216
9086,216
9087,216
9088,216
9089,216
9090,216
9091,216
9092,216
9093,216
9094,216
9095,216
9096,216
9097,216
9098,216
9099,216
9100,216
9101,216
9102,216
9103,216
9104,216
9105,216
9106,216
9107,216
9108,215
9109,215
9110,215
9111,215
9112,215
9113,215
9114,215
9115,215
9116,215
9117,215
9118,215
9119,215
9120,215
9121,215
9122,215
9123,215
9124,215
9125,215
9126,215
9127,215
9128,215
9129,215
9130,215
9131,215
9132,214
9133,214
9134,214
9135,214
9136,214
9137,214
9138,214
9139,214
9140,214
9141,214
9142,214
9143,214
9144,214
9145,214
9146,214
9147,214
9148,214
9149,214
9150,214
9151,214
9152,214
9153,214
9154,213
9155,213
9156,213
9157,213
9158,213
9159,213
9160,213
9161,213
9162,213
9163,213
9164,213
9165,213
9166,213
9167,213
9168,213
9169,213
9170,213
9171,213
9172,213
9173,213
9174,213
9175,212
9176,212
9177,212
9178,212
9179,212
9180,212
9181,212
9182,212
9183,212
9184,212
9185,212
9186,212
9187,212
9188,212
9189,212
9190,212
9191,212
9192,212
9193,212
9194,212
9195,212
9196,212
9197,212
9198,212
9199,212
9200,211
9201,211
9202,211
9203,211
9204,211
9205,211
9206,211
9207,211
9208,211
9209,211
9210,211
9211,211
9212,211
9213,211
9214,211
9215,211
9216,211
9217,211
9218,211
9219,211
9220,211
9221,211
9222,211
9223,211
9224,211
9225,211
9226,211
9227,211
9228,211
9229,211
9230,210
9231,210
9232,210
9233,210
9234,210
9235,210
9236,210
9237,210
9238,210
9239,210
9240,210
9241,210
9242,210
9243,210
9244,210
9245,210
9246,210
9247,210
9248,210
9249,210
9250,210
9251,210
9252,210
9253,210
9254,210
9255,210
9256,210
9257,210
9258,210
9259,210
9260,209
9261,209
9262,209
9263,209
9264,209
9265,209
9266,209
9267,209
9268,209
9269,209
9270,209
9271,209
9272,209
9273,209
9274,209
9275,209
9276,209
9277,209
9278,209
9279,209
9280,209
9281,209
9282,209
9283,209
9284,209
9285,209
9286,208
9287,208
9288,208
9289,208
9290,208
9291,208
9292,208
9293,208
9294,208
9295,208
9296,208
9297,208
9298,208
9299,208
9300,208
9301,208
9302,208
9303,208
9304,208
9305,208
9306,208
9307,208
9308,208
9309,208
9310,208
9311,208
9312,208
9313,208
9314,208
9315,208
9316,208
9317,207
9318,207
9319,207
9320,207
9321,207
9322,207
9323,207
9324,207
9325,207
9326,207
9327,207
9328,207
9329,207
9330,207
9331,207
9332,207
9333,207
9334,207
9335,207
9336,207
9337,207
9338,207
9339,207
9340,207
9341,207
9342,207
9343,207
9344,206
9345,206
9346,206
9347,206
9348,206
9349,206
9350,206
9351,206
9352,206
9353,206
9354,206
9355,206
9356,206
9357,206
9358,206
9359,206
9360,206
9361,206
9362,206
9363,206
9364,206
9365,206
9366,206
9367,206
9368,206
9369,206
9370,206
9371,206
9372,206
9373,205
9374,205
9375,205
9376,205
9377,205
9378,205
9379,205
9380,205
9381,205
9382,205
9383,205
9384,205
9385,205
9386,205
9387,205
9388,205
9389,205
9390,205
9391,205
9392,205
9393,205
9394,205
9395,204
9396,204
9397,204
9398,204
9399,204
9400,204
9401,204
9402,204
9403,204
9404,204
9405,204
9406,204
9407,204
9408,204
9409,204
9410,204
9411,204
9412,204
9413,204
9414,204
9415,204
9416,204
9417,204
9418,204
9419,204
9420,204
9421,204
9422,204
9423,203
9424,203
9425,203
9426,203
9427,203
9428,203
9429,203
9430,203
9431,203
9432,203
9433,203
9434,203
9435,203
9436,203
9437,203
9438,203
9439,203
9440,203
9441,203
9442,203
9443,203
9444,203
9445,203
9446,203
9447,203
9448,203
9449,203
9450,203
9451,203
9452,203
9453,203
9454,203
9455,203
9456,203
9457,202
9458,202
9459,202
9460,202
9461,202
9462,202
9463,202
9464,202
9465,202
9466,202
9467,202
9468,202
9469,202
9470,202
9471,202
9472,202
9473,202
9474,202
9475,202
9476,202
9477,202
9478,202
9479,202
9480,202
9481,202
9482,202
9483,202
9484,201
9485,201
9486,201
9487,201
9488,201
9489,201
9490,201
9491,201
9492,201
9493,201
9494,201
9495,201
9496,201
9497,200
9498,200
9499,200
9500,200
9501,200
9502,200
9503,200
9504,200
9505,200
9506,200
9507,200
9508,200
9509,200
9510,200
9511,200
9512,200
9513,200
9514,200
9515,200
9516,200
9517,200
9518,200
9519,200
9520,200
9521,200
9522,200
9523,200
9524,200
9525,199
9526,199
9527,199
9528,199
9529,199
9530,199
9531,199
9532,199
9533,199
9534,199
9535,199
9536,199
9537,199
9538,199
9539,199
9540,199
9541,199
9542,199
9543,199
9544,199
9545,199
9546,199
9547,199
9548,199
9549,199
9550,198
9551,198
9552,198
9553,198
9554,198
9555,198
9556,198
9557,198
9558,198
9559,198
9560,198
9561,198
9562,198
9563,198
9564,198
9565,198
9566,198
9567,198
9568,197
9569,197
9570,197
9571,197
9572,197
9573,197
9574,197
9575,197
9576,197
9577,197
9578,197
9579,197
9580,197
9581,197
9582,197
9583,197
9584,197
9585,197
9586,197
9587,197
9588,197
9589,197
9590,197
9591,197
9592,197
9593,197
9594,197
9595,197
9596,197
9597,197
9598,196
9599,196
9600,196
9601,196
9602,196
9603,196
9604,196
9605,196
9606,196
9607,196
9608,196
9609,196
9610,196
9611,196
9612,196
9613,196
9614,196
9615,196
9616,196
9617,196
9618,195
9619,195
9620,195
9621,195
9622,195
9623,195
9624,195
9625,195
9626,195
9627,195
9628,195
9629,195
9630,195
9631,195
9632,195
9633,195
9634,195
9635,195
9636,195
9637,195
9638,195
9639,195
9640,195
9641,195
9642,195
9643,195
9644,195
9645,195
9646,194
9647,194
9648,194
9649,194
9650,194
9651,194
9652,194
9653,194
9654,194
9655,194
9656,194
9657,194
9658,194
9659,194
9660,194
9661,194
9662,194
9663,194
9664,194
9665,194
9666,194
9667,194
9668,194
9669,194
9670,194
9671,194
9672,194
9673,194
9674,194
9675,194
9676,194
9677,194
9678,193
9679,193
9680,193
9681,193
9682,193
9683,193
9684,193
9685,193
9686,193
9687,193
9688,193
9689,193
9690,193
9691,193
9692,193
9693,193
9694,193
9695,193
9696,193
9697,193
9698,193
9699,193
9700,193
9701,193
9702,193
9703,193
9704,193
9705,193
9706,193
9707,193
9708,193
9709,192
9710,192
9711,192
9712,192
9713,192
9714,192
9715,192
9716,192
9717,192
9718,192
9719,192
9720,192
9721,192
9722,192
9723,192
9724,192
9725,192
9726,192
9727,192
9728,192
9729,192
9730,192
9731,192
9732,192
9733,192
9734,192
9735,192
9736,192
9737,192
9738,191
9739,191
9740,191
9741,191
9742,191
9743,191
9744,191
9745,191
9746,191
9747,191
9748,191
9749,191
9750,191
9751,191
9752,191
9753,191
9754,191
9755,191
9756,191
9757,191
9758,191
9759,191
9760,191
9761,191
9762,191
9763,191
9764,191
9765,190
9766,190
9767,190
9768,190
9769,190
9770,190
9771,190
9772,190
9773,190
9774,190
9775,190
9776,190
9777,190
9778,190
9779,190
9780,190
9781,190
9782,190
9783,190
9784,190
9785,190
9786,190
9787,190
9788,190
9789,190
9790,190
9791,190
9792,190
9793,190
9794,190
9795,190
9796,189
9797,189
9798,189
9799,189
9800,189
9801,189
9802,189
9803,189
9804,189
9805,189
9806,189
9807,189
9808,189
9809,189
9810,189
9811,189
9812,189
9813,189
9814,189
9815,189
9816,189
9817,189
9818,189
9819,189
9820,188
9821,188
9822,188
9823,188
9824,188
9825,188
9826,188
9827,188
9828,188
9829,188
9830,188
9831,188
9832,188
9833,188
9834,188
9835,188
9836,188
9837,188
9838,188
9839,188
9840,188
9841,188
9842,188
9843,188
9844,188
9845,188
9846,187
9847,187
9848,187
9849,187
9850,187
9851,187
9852,187
9853,187
9854,187
9855,187
9856,187
9857,187
9858,187
9859,187
9860,187
9861,187
9862,187
9863,187
9864,187
9865,187
9866,187
9867,187
9868,187
9869,187
9870,187
9871,187
9872,187
9873,187
9874,187
9875,187
9876,187
9877,186
9878,186
9879,186
9880,186
9881,186
9882,186
9883,186
9884,186
9885,186
9886,186
9887,186
9888,186
9889,186
9890,186
9891,186
9892,186
9893,186
9894,186
9895,186
9896,186
9897,186
9898,186
9899,186
9900,186
9901,186
9902,186
9903,186
9904,186
9905,185
9906,185
9907,185
9908,185
9909,185
9910,185
9911,185
9912,185
9913,185
9914,185
9915,185
9916,185
9917,185
9918,185
9919,185
9920,185
9921,185
9922,185
9923,185
9924,185
9925,185
9926,185
9927,185
9928,185
9929,185
9930,185
9931,185
9932,185
9933,185
9934,185
9935,185
9936,184
9937,184
9938,184
9939,184
9940,184
9941,184
9942,184
9943,184
9944,184
9945,184
9946,184
9947,184
9948,184
9949,184
9950,184
9951,184
9952,184
9953,184
9954,184
9955,184
9956,184
9957,184
9958,184
9959,184
9960,184
9961,184
9962,184
9963,184
9964,184
9965,184
9966,183
9967,183
9968,183
9969,183
9970,183
9971,183
9972,183
9973,183
9974,183
9975,183
9976,183
9977,183
9978,183
9979,183
9980,183
9981,183
9982,183
9983,183
9984,183
9985,183
9986,183
9987,183
9988,183
9989,183
9990,183
9991,183
9992,183
9993,183
9994,183
9995,183
9996,183
9997,183
9998,183
9999,183
10000,183
10001,183
10002,183
10003,183
10004,183
10005,183
10006,183
10007,183
10008,183
10009,183
10010,183
10011,183
10012,183
10013,183
10014,183
10015,182
10016,182
10017,182
10018,182
10019,182
10020,182
10021,182
10022,182
10023,182
10024,182
10025,182
10026,182
10027,182
10028,182
10029,182
10030,182
10031,182
10032,182
10033,182
10034,182
10035,182
10036,182
10037,182
10038,182
10039,182
10040,182
10041,182
10042,182
10043,182
10044,182
10045,182
10046,182
10047,182
10048,182
10049,182
10050,181
10051,181
10052,181
10053,181
10054,181
10055,181
10056,181
10057,181
10058,181
10059,181
10060,181
10061,181
10062,181
10063,181
10064,181
10065,181
10066,181
10067,181
10068,181
10069,181
10070,181
10071,181
10072,181
10073,181
10074,181
10075,181
10076,181
10077,181
10078,181
10079,181
10080,181
10081,181
10082,181
10083,181
10084,181
10085,181
10086,181
10087,181
10088,181
10089,180
10090,180
10091,180
10092,180
10093,180
10094,180
10095,180
10096,180
10097,180
10098,180
10099,180
10100,180
10101,180
10102,180
10103,180
10104,180
10105,180
10106,180
10107,180
10108,180
10109,180
10110,180
10111,180
10112,180
10113,180
10114,180
10115,180
10116,180
10117,180
10118,180
10119,180
10120,180
10121,180
10122,180
10123,180
10124,180
10125,180
10126,180
10127,180
10128,179
10129,179
10130,179
10131,179
10132,179
10133,179
10134,179
10135,179
10136,179
10137,179
10138,179
10139,179
10140,179
10141,179
10142,179
10143,179
10144,179
10145,179
10146,179
10147,179
10148,179
10149,179
10150,179
10151,179
10152,179
10153,179
10154,179
10155,178
10156,178
10157,178
10158,178
10159,178
10160,178
10161,178
10162,178
10163,178
10164,178
10165,178
10166,178
10167,178
10168,178
10169,178
10170,178
10171,178
10172,178
10173,178
10174,178
10175,178
10176,178
10177,178
10178,178
10179,178
10180,178
10181,178
10182,178
10183,178
10184,178
10185,178
10186,178
10187,178
10188,177
10189,177
10190,177
10191,177
10192,177
10193,177
10194,177
10195,177
10196,177
10197,177
10198,177
10199,177
10200,177
10201,177
10202,177
10203,177
10204,177
10205,177
10206,177
10207,177
10208,177
10209,177
10210,176
10211,176
10212,176
10213,176
10214,176
10215,176
10216,176
10217,176
10218,176
10219,176
10220,176
10221,176
10222,176
10223,176
10224,176
10225,176
10226,176
10227,176
10228,176
10229,176
10230,176
10231,176
10232,176
10233,176
10234,176
10235,176
10236,176
10237,176
10238,176
10239,176
10240,176
10241,176
10242,176
10243,176
10244,176
10245,176
10246,176
10247,175
10248,175
10249,175
10250,175
10251,175
10252,175
10253,175
10254,175
10255,175
10256,175
10257,175
10258,175
10259,175
10260,175
10261,175
10262,175
10263,175
10264,175
10265,175
10266,175
10267,175
10268,175
10269,175
10270,175
10271,175
10272,175
10273,175
10274,175
10275,175
10276,175
10277,174
10278,174
10279,174
10280,174
10281,174
10282,174
10283,174
10284,174
10285,174
10286,174
10287,174
10288,174
10289,174
10290,174
10291,174
10292,174
10293,174
10294,174
10295,174
10296,174
10297,174
10298,174
10299,174
10300,174
10301,174
10302,174
10303,174
10304,174
10305,174
10306,174
10307,173
10308,173
10309,173
10310,173
10311,173
10312,173
10313,173
10314,173
10315,173
10316,173
10317,173
10318,173
10319,173
10320,173
10321,173
10322,173
10323,173
10324,173
10325,173
10326,173
10327,173
10328,173
10329,173
10330,173
10331,173
10332,173
10333,173
10334,173
10335,173
10336,173
10337,173
10338,172
10339,172
10340,172
10341,172
10342,172
10343,172
10344,172
10345,172
10346,172
10347,172
10348,172
10349,172
10350,172
10351,172
10352,172
10353,172
10354,172
10355,172
10356,172
10357,172
10358,172
10359,172
10360,172
10361,172
10362,172
10363,172
10364,172
10365,172
10366,172
10367,172
10368,172
10369,172
10370,172
10371,172
10372,172
10373,171
10374,171
10375,171
10376,171
10377,171
10378,171
10379,171
10380,171
10381,171
10382,171
10383,171
10384,171
10385,171
10386,171
10387,171
10388,171
10389,171
10390,171
10391,171
10392,171
10393,171
10394,171
10395,171
10396,171
10397,171
10398,171
10399,171
10400,171
10401,171
10402,171
10403,171
10404,171
10405,171
10406,171
10407,171
10408,171
10409,170
10410,170
10411,170
10412,170
10413,170
10414,170
10415,170
10416,170
10417,170
10418,170
10419,170
10420,170
10421,170
10422,170
10423,170
10424,170
10425,170
10426,170
10427,170
10428,170
10429,170
10430,170
10431,170
10432,170
10433,170
10434,170
10435,170
10436,170
10437,170
10438,170
10439,169
10440,169
10441,169
10442,169
10443,169
10444,169
10445,169
10446,169
10447,169
10448,169
10449,169
10450,169
10451,169
10452,169
10453,169
10454,169
10455,169
10456,169
10457,169
10458,169
10459,169
10460,169
10461,169
10462,169
10463,169
10464,169
10465,169
10466,169
10467,169
10468,169
10469,169
10470,169
10471,169
10472,169
10473,169
10474,169
10475,169
10476,169
10477,169
10478,168
10479,168
10480,168
10481,168
10482,168
10483,168
10484,168
10485,168
10486,168
10487,168
10488,168
10489,168
10490,168
10491,168
10492,168
10493,168
10494,168
10495,168
10496,168
10497,168
10498,168
10499,168
10500,168
10501,168
10502,168
10503,168
10504,168
10505,168
10506,168
10507,167
10508,167
10509,167
10510,167
10511,167
10512,167
10513,167
10514,167
10515,167
10516,167
10517,167
10518,167
10519,167
10520,167
10521,167
10522,167
10523,167
10524,167
10525,167
10526,167
10527,167
10528,167
10529,167
10530,167
10531,167
10532,167
10533,167
10534,167
10535,167
10536,167
10537,167
10538,167
10539,167
10540,167
10541,167
10542,167
10543,167
10544,167
10545,167
10546,167
10547,167
10548,167
10549,167
10550,167
10551,167
10552,167
10553,166
10554,166
10555,166
10556,166
10557,166
10558,166
10559,166
10560,166
10561,166
10562,166
10563,166
10564,166
10565,166
10566,166
10567,166
10568,166
10569,166
10570,166
10571,166
10572,166
10573,166
10574,166
10575,166
10576,166
10577,166
10578,166
10579,166
10580,166
10581,166
10582,166
10583,166
10584,166
10585,166
10586,166
10587,165
10588,165
10589,165
10590,165
10591,165
10592,165
10593,165
10594,165
10595,165
10596,165
10597,165
10598,165
10599,165
10600,165
10601,165
10602,165
10603,165
10604,165
10605,165
10606,165
10607,165
10608,165
10609,165
10610,165
10611,165
10612,165
10613,165
10614,165
10615,165
10616,165
10617,165
10618,165
10619,165
10620,165
10621,165
10622,165
10623,165
10624,165
10625,165
10626,165
10627,165
10628,165
10629,165
10630,165
10631,164
10632,164
10633,164
10634,164
10635,164
10636,164
10637,164
10638,164
10639,164
10640,164
10641,164
10642,164
10643,164
10644,164
10645,164
10646,164
10647,164
10648,164
10649,164
10650,164
10651,164
10652,164
10653,164
10654,164
10655,164
10656,164
10657,164
10658,164
10659,164
10660,164
10661,164
10662,164
10663,164
10664,164
10665,164
10666,164
10667,164
10668,164
10669,164
10670,164
10671,164
10672,164
10673,164
10674,164
10675,164
10676,164
10677,163
10678,163
10679,163
10680,163
10681,163
10682,163
10683,163
10684,163
10685,163
10686,163
10687,163
10688,163
10689,163
10690,163
10691,163
10692,163
10693,163
10694,163
10695,163
10696,163
10697,163
10698,163
10699,163
10700,163
10701,163
10702,163
10703,163
10704,163
10705,163
10706,163
10707,162
10708,162
10709,162
10710,162
10711,162
10712,162
10713,162
10714,162
10715,162
10716,162
10717,162
10718,162
10719,162
10720,162
10721,162
10722,162
10723,162
10724,162
10725,162
10726,162
10727,162
10728,162
10729,162
10730,162
10731,162
10732,162
10733,162
10734,162
10735,161
10736,161
10737,161
10738,161
10739,161
10740,161
10741,161
10742,161
10743,161
10744,161
10745,161
10746,161
10747,161
10748,161
10749,161
10750,161
10751,161
10752,161
10753,161
10754,161
10755,161
10756,161
10757,161
10758,161
10759,161
10760,161
10761,161
10762,161
10763,161
10764,161
10765,161
10766,161
10767,161
10768,161
10769,161
10770,161
10771,161
10772,161
10773,161
10774,161
10775,161
10776,161
10777,160
10778,160
10779,160
10780,160
10781,160
10782,160
10783,160
10784,160
10785,160
10786,160
10787,160
10788,160
10789,160
10790,160
10791,160
10792,160
10793,160
10794,160
10795,160
10796,160
10797,160
10798,160
10799,160
10800,160
10801,160
10802,160
10803,160
10804,160
10805,160
10806,160
10807,160
10808,160
10809,160
10810,159
10811,159
10812,159
10813,159
10814,159
10815,159
10816,159
10817,159
10818,159
10819,159
10820,159
10821,159
10822,159
10823,159
10824,159
10825,159
10826,159
10827,159
10828,159
10829,159
10830,159
10831,159
10832,159
10833,159
10834,159
10835,159
10836,159
10837,159
10838,159
10839,159
10840,159
10841,159
10842,159
10843,159
10844,159
10845,159
10846,159
10847,159
10848,159
10849,159
10850,159
10851,159
10852,159
10853,159
10854,159
10855,158
10856,158
10857,158
10858,158
10859,158
10860,158
10861,158
10862,158
10863,158
10864,158
10865,158
10866,158
10867,158
10868,158
10869,158
10870,158
10871,158
10872,158
10873,158
10874,158
10875,158
10876,158
10877,158
10878,158
10879,158
10880,158
10881,158
10882,158
10883,158
10884,158
10885,158
10886,158
10887,158
10888,158
10889,158
10890,158
10891,158
10892,158
10893,158
10894,158
10895,158
10896,158
10897,158
10898,158
10899,158
10900,158
10901,158
10902,158
10903,158
10904,157
10905,157
10906,157
10907,157
10908,157
10909,157
10910,157
10911,157
10912,157
10913,157
10914,157
10915,157
10916,157
10917,157
10918,157
10919,157
10920,157
10921,157
10922,157
10923,157
10924,157
10925,157
10926,157
10927,157
10928,157
10929,157
10930,157
10931,157
10932,157
10933,157
10934,157
10935,157
10936,157
10937,156
10938,156
10939,156
10940,156
10941,156
10942,156
10943,156
10944,156
10945,156
10946,156
10947,156
10948,156
10949,156
10950,156
10951,156
10952,156
10953,156
10954,156
10955,156
10956,156
10957,156
10958,156
10959,156
10960,156
10961,156
10962,156
10963,156
10964,156
10965,156
10966,156
10967,156
10968,156
10969,156
10970,156
10971,156
10972,156
10973,155
10974,155
10975,155
10976,155
10977,155
10978,155
10979,155
10980,155
10981,155
10982,155
10983,155
10984,155
10985,155
10986,155
10987,155
10988,155
10989,155
10990,155
10991,155
10992,155
10993,155
10994,155
10995,155
10996,155
10997,155
10998,155
10999,155
11000,155
11001,155
11002,155
11003,155
11004,155
11005,155
11006,154
11007,154
11008,154
11009,154
11010,154
11011,154
11012,154
11013,154
11014,154
11015,154
11016,154
11017,154
11018,154
11019,154
11020,154
11021,154
11022,154
11023,154
11024,154
11025,154
11026,154
11027,154
11028,154
11029,154
11030,154
11031,154
11032,154
11033,154
11034,154
11035,154
11036,154
11037,154
11038,154
11039,154
11040,154
11041,154
11042,153
11043,153
11044,153
11045,153
11046,153
11047,153
11048,153
11049,153
11050,153
11051,153
11052,153
11053,153
11054,153
11055,153
11056,153
11057,153
11058,153
11059,153
11060,153
11061,153
11062,153
11063,153
11064,153
11065,153
11066,153
11067,153
11068,153
11069,153
11070,153
11071,153
11072,153
11073,153
11074,153
11075,153
11076,153
11077,153
11078,153
11079,153
11080,153
11081,153
11082,153
11083,153
11084,153
11085,153
11086,153
11087,153
11088,153
11089,153
11090,153
11091,153
11092,153
11093,153
11094,153
11095,153
11096,153
11097,152
11098,152
11099,152
11100,152
11101,152
11102,152
11103,152
11104,152
11105,152
11106,152
11107,152
11108,152
11109,152
11110,152
11111,152
11112,152
11113,152
11114,152
11115,152
11116,152
11117,152
11118,152
11119,152
11120,152
11121,152
11122,152
11123,152
11124,152
11125,152
11126,152
11127,152
11128,152
11129,152
11130,152
11131,152
11132,152
11133,152
11134,152
11135,152
11136,152
11137,152
11138,152
11139,152
11140,152
11141,152
11142,152
11143,152
11144,152
11145,152
11146,152
11147,152
11148,152
11149,152
11150,152
11151,151
11152,151
11153,151
11154,151
11155,151
11156,151
11157,151
11158,151
11159,151
11160,151
11161,151
11162,151
11163,151
11164,151
11165,151
11166,151
11167,151
11168,151
11169,151
11170,151
11171,151
11172,151
11173,151
11174,151
11175,151
11176,151
11177,151
11178,151
11179,151
11180,151
11181,151
11182,151
11183,151
11184,151
11185,151
11186,151
11187,151
11188,151
11189,151
11190,151
11191,151
11192,151
11193,151
11194,151
11195,151
11196,151
11197,151
11198,150
11199,150
11200,150
11201,150
11202,150
11203,150
11204,150
11205,150
11206,150
11207,150
11208,150
11209,150
11210,150
11211,150
11212,150
11213,150
11214,150
11215,150
11216,150
11217,150
11218,150
11219,150
11220,150
11221,150
11222,150
11223,150
11224,150
11225,150
11226,150
11227,150
11228,150
11229,150
11230,150
11231,150
11232,150
11233,150
11234,150
11235,150
11236,150
11237,150
11238,150
11239,150
11240,150
11241,150
11242,150
11243,150
11244,150
11245,150
11246,149
11247,149
11248,149
11249,149
11250,149
11251,149
11252,149
11253,149
11254,149
11255,149
11256,149
11257,149
11258,149
11259,149
11260,149
11261,149
11262,149
11263,149
11264,149
11265,149
11266,149
11267,149
11268,149
11269,149
11270,149
11271,149
11272,149
11273,149
11274,149
11275,149
11276,149
11277,149
11278,149
11279,149
11280,149
11281,149
11282,149
11283,149
11284,149
11285,149
11286,149
11287,149
11288,149
11289,149
11290,149
11291,149
11292,149
11293,149
11294,149
11295,149
11296,149
11297,148
11298,148
11299,148
11300,148
11301,148
11302,148
11303,148
11304,148
11305,148
11306,148
11307,148
11308,148
11309,148
11310,148
11311,148
11312,148
11313,148
11314,148
11315,148
11316,148
11317,148
11318,148
11319,148
11320,148
11321,148
11322,148
11323,148
11324,148
11325,148
11326,148
11327,148
11328,148
11329,148
11330,148
11331,148
11332,148
11333,148
11334,148
11335,148
11336,148
11337,148
11338,148
11339,148
11340,148
11341,148
11342,148
11343,148
11344,148
11345,148
11346,148
11347,148
11348,148
11349,148
11350,148
11351,148
11352,148
11353,147
11354,147
11355,147
11356,147
11357,147
11358,147
11359,147
11360,147
11361,147
11362,147
11363,147
11364,147
11365,147
11366,147
11367,147
11368,147
11369,147
11370,147
11371,147
11372,147
11373,147
11374,147
11375,147
11376,147
11377,147
11378,147
11379,147
11380,147
11381,147
11382,147
11383,147
11384,147
11385,147
11386,147
11387,147
11388,147
11389,147
11390,147
11391,147
11392,147
11393,147
11394,147
11395,147
11396,147
11397,147
11398,147
11399,147
11400,147
11401,146
11402,146
11403,146
11404,146
11405,146
11406,146
11407,146
11408,146
11409,146
11410,146
11411,146
11412,146
11413,146
11414,146
11415,146
11416,146
11417,146
11418,146
11419,146
11420,146
11421,146
11422,146
11423,146
11424,146
11425,146
11426,146
11427,146
11428,146
11429,146
11430,146
11431,146
11432,146
11433,146
11434,146
11435,146
11436,146
11437,145
11438,145
11439,145
11440,145
11441,145
11442,145
11443,145
11444,145
11445,145
11446,145
11447,145
11448,145
11449,145
11450,145
11451,145
11452,145
11453,145
11454,145
11455,145
11456,145
11457,145
11458,145
11459,145
11460,145
11461,145
11462,145
11463,145
11464,145
11465,145
11466,145
11467,145
11468,145
11469,145
11470,145
11471,145
11472,145
11473,145
11474,145
11475,145
11476,145
11477,145
11478,145
11479,145
11480,145
11481,145
11482,145
11483,145
11484,145
11485,145
11486,145
11487,145
11488,144
11489,144
11490,144
11491,144
11492,144
11493,144
11494,144
11495,144
11496,144
11497,144
11498,144
11499,144
11500,144
11501,144
11502,144
11503,144
11504,144
11505,144
11506,144
11507,144
11508,144
11509,144
11510,144
11511,144
11512,144
11513,144
11514,144
11515,144
11516,144
11517,144
11518,144
11519,144
11520,144
11521,144
11522,144
11523,144
11524,144
11525,144
11526,144
11527,144
11528,144
11529,144
11530,144
11531,144
11532,144
11533,144
11534,144
11535,144
11536,144
11537,144
11538,143
11539,143
11540,143
11541,143
11542,143
11543,143
11544,143
11545,143
11546,143
11547,143
11548,143
11549,143
11550,143
11551,143
11552,143
11553,143
11554,143
11555,143
11556,143
11557,143
11558,143
11559,143
11560,143
11561,143
11562,143
11563,143
11564,143
11565,143
11566,143
11567,143
11568,143
11569,143
11570,143
11571,143
11572,143
11573,143
11574,143
11575,143
11576,143
11577,143
11578,143
11579,143
11580,143
11581,143
11582,143
11583,143
11584,143
11585,143
11586,143
11587,143
11588,143
11589,143
11590,143
11591,143
11592,143
11593,143
11594,143
11595,142
11596,142
11597,142
11598,142
11599,142
11600,142
11601,142
11602,142
11603,142
11604,142
11605,142
11606,142
11607,142
11608,142
11609,142
11610,142
11611,142
11612,142
11613,142
11614,142
11615,142
11616,142
11617,142
11618,142
11619,142
11620,142
11621,142
11622,142
11623,142
11624,142
11625,142
11626,142
11627,142
11628,142
11629,142
11630,142
11631,142
11632,142
11633,142
11634,142
11635,142
11636,142
11637,142
11638,142
11639,142
11640,141
11641,141
11642,141
11643,141
11644,141
11645,141
11646,141
11647,141
11648,141
11649,141
11650,141
11651,141
11652,141
11653,141
11654,141
11655,141
11656,141
11657,141
11658,141
11659,141
11660,141
11661,141
11662,141
11663,141
11664,141
11665,141
11666,141
11667,141
11668,141
11669,141
11670,141
11671,141
11672,141
11673,141
11674,141
11675,141
11676,141
11677,141
11678,141
11679,141
11680,141
11681,141
11682,141
11683,141
11684,140
11685,140
11686,140
11687,140
11688,140
11689,140
11690,140
11691,140
11692,140
11693,140
11694,140
11695,140
11696,140
11697,140
11698,140
11699,140
11700,140
11701,140
11702,140
11703,140
11704,140
11705,140
11706,140
11707,140
11708,140
11709,140
11710,140
11711,140
11712,140
11713,140
11714,140
11715,140
11716,140
11717,140
11718,140
11719,140
11720,140
11721,140
11722,140
11723,140
11724,140
11725,140
11726,140
11727,140
11728,140
11729,140
11730,140
11731,140
11732,140
11733,140
11734,139
11735,139
11736,139
11737,139
11738,139
11739,139
11740,139
11741,139
11742,139
11743,139
11744,139
11745,139
11746,139
11747,139
11748,139
11749,139
11750,139
11751,139
11752,139
11753,139
11754,139
11755,139
11756,139
11757,139
11758,139
11759,139
11760,139
11761,139
11762,139
11763,139
11764,139
11765,139
11766,139
11767,139
11768,139
11769,139
11770,139
11771,139
11772,139
11773,139
11774,139
11775,139
11776,139
11777,139
11778,139
11779,139
11780,138
11781,138
11782,138
11783,138
11784,138
11785,138
11786,138
11787,138
11788,138
11789,138
11790,138
11791,138
11792,138
11793,138
11794,138
11795,138
11796,138
11797,138
11798,138
11799,138
11800,138
11801,138
11802,138
11803,138
11804,138
11805,138
11806,138
11807,138
11808,138
11809,138
11810,138
11811,138
11812,138
11813,138
11814,138
11815,138
11816,138
11817,138
11818,138
11819,138
11820,138
11821,138
11822,138
11823,138
11824,138
11825,138
11826,138
11827,138
11828,138
11829,138
11830,138
11831,137
11832,137
11833,137
11834,137
11835,137
11836,137
11837,137
11838,137
11839,137
11840,137
11841,137
11842,137
11843,137
11844,137
11845,137
11846,137
11847,137
11848,137
11849,137
11850,137
11851,137
11852,137
11853,137
11854,137
11855,137
11856,137
11857,137
11858,137
11859,137
11860,137
11861,137
11862,137
11863,137
11864,137
11865,137
11866,137
11867,137
11868,137
11869,137
11870,137
11871,137
11872,137
11873,137
11874,137
11875,137
11876,137
11877,137
11878,137
11879,137
11880,137
11881,137
11882,137
11883,137
11884,137
11885,137
11886,137
11887,137
11888,136
11889,136
11890,136
11891,136
11892,136
11893,136
11894,136
11895,136
11896,136
11897,136
11898,136
11899,136
11900,136
11901,136
11902,136
11903,136
11904,136
11905,136
11906,136
11907,136
11908,136
11909,136
11910,136
11911,136
11912,136
11913,136
11914,136
11915,136
11916,136
11917,136
11918,136
11919,136
11920,136
11921,136
11922,136
11923,136
11924,136
11925,136
11926,136
11927,136
11928,136
11929,136
11930,136
11931,136
11932,136
11933,136
11934,135
11935,135
11936,135
11937,135
11938,135
11939,135
11940,135
11941,135
11942,135
11943,135
11944,135
11945,135
11946,135
11947,135
11948,135
11949,135
11950,135
11951,135
11952,135
11953,135
11954,135
11955,135
11956,135
11957,135
11958,135
11959,135
11960,135
11961,135
11962,135
11963,135
11964,135
11965,135
11966,135
11967,135
11968,135
11969,135
11970,135
11971,135
11972,135
11973,135
11974,135
11975,135
11976,135
11977,135
11978,135
11979,135
11980,135
11981,135
11982,135
11983,135
11984,135
11985,135
11986,135
11987,134
11988,134
11989,134
11990,134
11991,134
11992,134
11993,134
11994,134
11995,134
11996,134
11997,134
11998,134
11999,134
12000,134
12001,134
12002,134
12003,134
12004,134
12005,134
12006,134
12007,134
12008,134
12009,134
12010,134
12011,134
12012,134
12013,134
12014,134
12015,134
12016,134
12017,134
12018,134
12019,134
12020,134
12021,134
12022,134
12023,134
12024,134
12025,134
12026,134
12027,134
12028,134
12029,134
12030,133
12031,133
12032,133
12033,133
12034,133
12035,133
12036,133
12037,133
12038,133
12039,133
12040,133
12041,133
12042,133
12043,133
12044,133
12045,133
12046,133
12047,133
12048,133
12049,133
12050,133
12051,133
12052,133
12053,133
12054,133
12055,133
12056,133
12057,133
12058,133
12059,133
12060,133
12061,133
12062,133
12063,133
12064,133
12065,133
12066,133
12067,133
12068,133
12069,133
12070,133
12071,133
12072,133
12073,133
12074,133
12075,133
12076,133
12077,133
12078,132
12079,132
12080,132
12081,132
12082,132
12083,132
12084,132
12085,132
12086,132
12087,132
12088,132
12089,132
12090,132
12091,132
12092,132
12093,132
12094,132
12095,132
12096,132
12097,132
12098,132
12099,132
12100,132
12101,132
12102,132
12103,132
12104,132
12105,132
12106,132
12107,132
12108,132
12109,132
12110,132
12111,132
12112,132
12113,132
12114,132
12115,132
12116,132
12117,132
12118,132
12119,132
12120,132
12121,132
12122,132
12123,132
12124,132
12125,132
12126,132
12127,131
12128,131
12129,131
12130,131
12131,131
12132,131
12133,131
12134,131
12135,131
12136,131
12137,131
12138,131
12139,131
12140,131
12141,131
12142,131
12143,131
12144,131
12145,131
12146,131
12147,131
12148,131
12149,131
12150,131
12151,131
12152,131
12153,131
12154,131
12155,131
12156,131
12157,131
12158,131
12159,131
12160,131
12161,131
12162,131
12163,131
12164,131
12165,131
12166,131
12167,131
12168,131
12169,131
12170,131
12171,131
12172,131
12173,131
12174,131
12175,131
12176,131
12177,131
12178,131
12179,131
12180,131
12181,131
12182,130
12183,130
12184,130
12185,130
12186,130
12187,130
12188,130
12189,130
12190,130
12191,130
12192,130
12193,130
12194,130
12195,130
12196,130
12197,130
12198,130
12199,130
12200,130
12201,130
12202,130
12203,130
12204,130
12205,130
12206,130
12207,130
12208,130
12209,130
12210,130
12211,130
12212,130
12213,130
12214,130
12215,130
12216,130
12217,130
12218,130
12219,130
12220,130
12221,130
12222,130
12223,130
12224,130
12225,130
12226,130
12227,130
12228,130
12229,130
12230,130
12231,130
12232,130
12233,130
12234,130
12235,130
12236,130
12237,130
12238,130
12239,130
12240,130
12241,130
12242,130
12243,130
12244,130
12245,130
12246,130
12247,130
12248,130
12249,129
12250,129
12251,129
12252,129
12253,129
12254,129
12255,129
12256,129
12257,129
12258,129
12259,129
12260,129
12261,129
12262,129
12263,129
12264,129
12265,129
12266,129
12267,129
12268,129
12269,129
12270,129
12271,129
12272,129
12273,129
12274,129
12275,129
12276,129
12277,129
12278,129
12279,129
12280,129
12281,129
12282,129
12283,129
12284,129
12285,129
12286,129
12287,129
12288,129
12289,129
12290,129
12291,129
12292,129
12293,129
12294,129
12295,129
12296,129
12297,129
12298,129
12299,129
12300,129
12301,129
12302,128
12303,128
12304,128
12305,128
12306,128
12307,128
12308,128
12309,128
12310,128
12311,128
12312,128
12313,128
12314,128
12315,128
12316,128
12317,128
12318,128
12319,128
12320,128
12321,128
12322,128
12323,128
12324,128
12325,128
12326,128
12327,128
12328,128
12329,128
12330,128
12331,128
12332,128
12333,128
12334,128
12335,128
12336,128
12337,128
12338,128
12339,128
12340,128
12341,128
12342,128
12343,128
12344,128
12345,128
12346,128
12347,128
12348,128
12349,128
12350,128
12351,128
12352,128
12353,128
12354,128
12355,128
12356,128
12357,128
12358,128
12359,128
12360,128
12361,128
12362,128
12363,128
12364,127
12365,127
12366,127
12367,127
12368,127
12369,127
12370,127
12371,127
12372,127
12373,127
12374,127
12375,127
12376,127
12377,127
12378,127
12379,127
12380,127
12381,127
12382,127
12383,127
12384,127
12385,127
12386,127
12387,127
12388,127
12389,127
12390,127
12391,127
12392,127
12393,127
12394,127
12395,127
12396,127
12397,127
12398,127
12399,127
12400,127
12401,127
12402,127
12403,127
12404,127
12405,127
12406,127
12407,127
12408,127
12409,127
12410,127
12411,127
12412,127
12413,127
12414,127
12415,127
12416,127
12417,127
12418,127
12419,127
12420,127
12421,127
12422,127
12423,127
12424,127
12425,127
12426,127
12427,127
12428,127
12429,127
12430,127
12431,127
12432,127
12433,127
12434,126
12435,126
12436,126
12437,126
12438,126
12439,126
12440,126
12441,126
12442,126
12443,126
12444,126
12445,126
12446,126
12447,126
12448,126
12449,126
12450,126
12451,126
12452,126
12453,126
12454,126
12455,126
12456,126
12457,126
12458,126
12459,126
12460,126
12461,126
12462,126
12463,126
12464,126
12465,126
12466,126
12467,126
12468,126
12469,126
12470,126
12471,126
12472,126
12473,126
12474,126
12475,126
12476,126
12477,126
12478,126
12479,126
12480,126
12481,126
12482,126
12483,126
12484,126
12485,126
12486,126
12487,126
12488,126
12489,126
12490,126
12491,125
12492,125
12493,125
12494,125
12495,125
12496,125
12497,125
12498,125
12499,125
12500,125
12501,125
12502,125
12503,125
12504,125
12505,125
12506,125
12507,125
12508,125
12509,125
12510,125
12511,125
12512,125
12513,125
12514,125
12515,125
12516,125
12517,125
12518,125
12519,125
12520,125
12521,125
12522,125
12523,125
12524,125
12525,125
12526,125
12527,125
12528,125
12529,125
12530,125
12531,125
12532,125
12533,125
12534,125
12535,125
12536,125
12537,125
12538,125
12539,125
12540,125
12541,125
12542,125
12543,125
12544,125
12545,125
12546,124
12547,124
12548,124
12549,124
12550,124
12551,124
12552,124
12553,124
12554,124
12555,124
12556,124
12557,124
12558,124
12559,124
12560,124
12561,124
12562,124
12563,124
12564,124
12565,124
12566,124
12567,124
12568,124
12569,124
12570,124
12571,124
12572,124
12573,124
12574,124
12575,124
12576,124
12577,124
12578,124
12579,124
12580,124
12581,124
12582,124
12583,124
12584,124
12585,124
12586,124
12587,124
12588,124
12589,124
12590,124
12591,124
12592,124
12593,124
12594,124
12595,124
12596,124
12597,124
12598,124
12599,124
12600,124
12601,124
12602,124
12603,124
12604,124
12605,124
12606,124
12607,124
12608,124
12609,124
12610,124
12611,124
12612,124
12613,124
12614,124
12615,124
12616,124
12617,124
12618,124
12619,123
12620,123
12621,123
12622,123
12623,123
12624,123
12625,123
12626,123
12627,123
12628,123
12629,123
12630,123
12631,123
12632,123
12633,123
12634,123
12635,123
12636,123
12637,123
12638,123
12639,123
12640,123
12641,123
12642,123
12643,123
12644,123
12645,123
12646,123
12647,123
12648,123
12649,123
12650,123
12651,123
12652,123
12653,123
12654,123
12655,123
12656,123
12657,123
12658,123
12659,123
12660,123
12661,123
12662,123
12663,123
12664,123
12665,123
12666,123
12667,123
12668,123
12669,123
12670,123
12671,123
12672,123
12673,123
12674,122
12675,122
12676,122
12677,122
12678,122
12679,122
12680,122
12681,122
12682,122
12683,122
12684,122
12685,122
12686,122
12687,122
12688,122
12689,122
12690,122
12691,122
12692,122
12693,122
12694,122
12695,122
12696,122
12697,122
12698,122
12699,122
12700,122
12701,122
12702,122
12703,122
12704,122
12705,122
12706,122
12707,122
12708,122
12709,122
12710,122
12711,122
12712,122
12713,122
12714,122
12715,122
12716,122
12717,122
12718,122
12719,122
12720,122
12721,122
12722,122
12723,122
12724,122
12725,122
12726,122
12727,122
12728,122
12729,122
12730,122
12731,122
12732,122
12733,122
12734,121
12735,121
12736,121
12737,121
12738,121
12739,121
12740,121
12741,121
12742,121
12743,121
12744,121
12745,121
12746,121
12747,121
12748,121
12749,121
12750,121
12751,121
12752,121
12753,121
12754,121
12755,121
12756,121
12757,121
12758,121
12759,121
12760,121
12761,121
12762,121
12763,121
12764,121
12765,121
12766,121
12767,121
12768,121
12769,121
12770,121
12771,121
12772,121
12773,121
12774,121
12775,121
12776,121
12777,121
12778,121
12779,121
12780,121
12781,121
12782,121
12783,121
12784,121
12785,121
12786,121
12787,121
12788,120
12789,120
12790,120
12791,120
12792,120
12793,120
12794,120
12795,120
12796,120
12797,120
12798,120
12799,120
12800,120
12801,120
12802,120
12803,120
12804,120
12805,120
12806,120
12807,120
12808,120
12809,120
12810,120
12811,120
12812,120
12813,120
12814,120
12815,120
12816,120
12817,120
12818,120
12819,120
12820,120
12821,120
12822,120
12823,120
12824,120
12825,120
12826,120
12827,120
12828,120
12829,120
12830,120
12831,120
12832,120
12833,120
12834,120
12835,120
12836,120
12837,120
12838,120
12839,120
12840,120
12841,120
12842,120
12843,120
12844,120
12845,120
12846,120
12847,120
12848,120
12849,120
12850,120
12851,120
12852,120
12853,120
12854,120
12855,120
12856,120
12857,120
12858,120
12859,120
12860,120
12861,120
12862,120
12863,120
12864,120
12865,120
12866,120
12867,120
12868,120
12869,120
12870,120
12871,119
12872,119
12873,119
12874,119
12875,119
12876,119
12877,119
12878,119
12879,119
12880,119
12881,119
12882,119
12883,119
12884,119
12885,119
12886,119
12887,119
12888,119
12889,119
12890,119
12891,119
12892,119
12893,119
12894,119
12895,119
12896,119
12897,119
12898,119
12899,119
12900,119
12901,119
12902,119
12903,119
12904,119
12905,119
12906,119
12907,119
12908,119
12909,119
12910,119
12911,119
12912,119
12913,119
12914,119
12915,119
12916,119
12917,119
12918,119
12919,119
12920,119
12921,119
12922,119
12923,119
12924,119
12925,119
12926,119
12927,119
12928,119
12929,119
12930,119
12931,119
12932,119
12933,119
12934,119
12935,119
12936,119
12937,119
12938,119
12939,119
12940,119
12941,119
12942,119
12943,118
12944,118
12945,118
12946,118
12947,118
12948,118
12949,118
12950,118
12951,118
12952,118
12953,118
12954,118
12955,118
12956,118
12957,118
12958,118
12959,118
12960,118
12961,118
12962,118
12963,118
12964,118
12965,118
12966,118
12967,118
12968,118
12969,118
12970,118
12971,118
12972,118
12973,118
12974,118
12975,118
12976,118
12977,118
12978,118
12979,118
12980,118
12981,118
12982,118
12983,118
12984,118
12985,118
12986,118
12987,118
12988,118
12989,118
12990,118
12991,118
12992,118
12993,118
12994,118
12995,118
12996,118
12997,118
12998,118
12999,118
13000,118
13001,118
13002,118
13003,118
13004,118
13005,118
13006,118
13007,118
13008,118
13009,118
13010,118
13011,118
13012,118
13013,118
13014,118
13015,118
13016,118
13017,118
13018,118
13019,118
13020,117
13021,117
13022,117
13023,117
13024,117
13025,117
13026,117
13027,117
13028,117
13029,117
13030,117
13031,117
13032,117
13033,117
13034,117
13035,117
13036,117
13037,117
13038,117
13039,117
13040,117
13041,117
13042,117
13043,117
13044,117
13045,117
13046,117
13047,117
13048,117
13049,117
13050,117
13051,117
13052,117
13053,117
13054,117
13055,117
13056,117
13057,117
13058,117
13059,117
13060,117
13061,117
13062,117
13063,117
13064,117
13065,117
13066,117
13067,117
13068,117
13069,117
13070,117
13071,117
13072,117
13073,117
13074,117
13075,117
13076,117
13077,117
13078,117
13079,117
13080,117
13081,117
13082,117
13083,116
13084,116
13085,116
13086,116
13087,116
13088,116
13089,116
13090,116
13091,116
13092,116
13093,116
13094,116
13095,116
13096,116
13097,116
13098,116
13099,116
13100,116
13101,116
13102,116
13103,116
13104,116
13105,116
13106,116
13107,116
13108,116
13109,116
13110,116
13111,116
13112,116
13113,116
13114,116
13115,116
13116,116
13117,116
13118,116
13119,116
13120,116
13121,116
13122,116
13123,116
13124,116
13125,116
13126,116
13127,116
13128,116
13129,116
13130,116
13131,116
13132,116
13133,116
13134,115
13135,115
13136,115
13137,115
13138,115
13139,115
13140,115
13141,115
13142,115
13143,115
13144,115
13145,115
13146,115
13147,115
13148,115
13149,115
13150,115
13151,115
13152,115
13153,115
13154,115
13155,115
13156,115
13157,115
13158,115
13159,115
13160,115
13161,115
13162,115
13163,115
13164,115
13165,115
13166,115
13167,115
13168,115
13169,115
13170,115
13171,115
13172,115
13173,115
13174,115
13175,115
13176,115
13177,115
13178,115
13179,115
13180,115
13181,115
13182,115
13183,115
13184,115
13185,115
13186,115
13187,115
13188,115
13189,115
13190,115
13191,115
13192,115
13193,115
13194,115
13195,115
13196,115
13197,115
13198,115
13199,115
13200,115
13201,115
13202,115
13203,115
13204,115
13205,115
13206,115
13207,115
13208,114
13209,114
13210,114
13211,114
13212,114
13213,114
13214,114
13215,114
13216,114
13217,114
13218,114
13219,114
13220,114
13221,114
13222,114
13223,114
13224,114
13225,114
13226,114
13227,114
13228,114
13229,114
13230,114
13231,114
13232,114
13233,114
13234,114
13235,114
13236,114
13237,114
13238,114
13239,114
13240,114
13241,114
13242,114
13243,114
13244,114
13245,114
13246,114
13247,114
13248,114
13249,114
13250,114
13251,114
13252,114
13253,114
13254,114
13255,114
13256,114
13257,114
13258,114
13259,114
13260,114
13261,114
13262,114
13263,114
13264,114
13265,114
13266,114
13267,114
13268,114
13269,114
13270,114
13271,113
13272,113
13273,113
13274,113
13275,113
13276,113
13277,113
13278,113
13279,113
13280,113
13281,113
13282,113
13283,113
13284,113
13285,113
13286,113
13287,113
13288,113
13289,113
13290,113
13291,113
13292,113
13293,113
13294,113
13295,113
13296,113
13297,113
13298,113
13299,113
13300,113
13301,113
13302,113
13303,113
13304,113
13305,113
13306,113
13307,113
13308,113
13309,113
13310,113
13311,113
13312,113
13313,113
13314,113
13315,113
13316,113
13317,113
13318,113
13319,113
13320,113
13321,113
13322,113
13323,113
13324,113
13325,113
13326,113
13327,113
13328,113
13329,113
13330,113
13331,113
13332,113
13333,113
13334,112
13335,112
13336,112
13337,112
13338,112
13339,112
13340,112
13341,112
13342,112
13343,112
13344,112
13345,112
13346,112
13347,112
13348,112
13349,112
13350,112
13351,112
13352,112
13353,112
13354,112
13355,112
13356,112
13357,112
13358,112
13359,112
13360,112
13361,112
13362,112
13363,112
13364,112
13365,112
13366,112
13367,112
13368,112
13369,112
13370,112
13371,112
13372,112
13373,112
13374,112
13375,112
13376,112
13377,112
13378,112
13379,112
13380,112
13381,112
13382,112
13383,112
13384,112
13385,112
13386,112
13387,112
13388,112
13389,112
13390,112
13391,112
13392,112
13393,112
13394,112
13395,112
13396,112
13397,112
13398,112
13399,112
13400,112
13401,112
13402,112
13403,112
13404,111
13405,111
13406,111
13407,111
13408,111
13409,111
13410,111
13411,111
13412,111
13413,111
13414,111
13415,111
13416,111
13417,111
13418,111
13419,111
13420,111
13421,111
13422,111
13423,111
13424,111
13425,111
13426,111
13427,111
13428,111
13429,111
13430,111
13431,111
13432,111
13433,111
13434,111
13435,111
13436,111
13437,111
13438,111
13439,111
13440,111
13441,111
13442,111
13443,111
13444,111
13445,111
13446,111
13447,111
13448,111
13449,111
13450,111
13451,111
13452,111
13453,111
13454,111
13455,111
13456,111
13457,111
13458,111
13459,111
13460,111
13461,111
13462,111
13463,111
13464,111
13465,111
13466,111
13467,111
13468,111
13469,111
13470,111
13471,111
13472,111
13473,111
13474,110
13475,110
13476,110
13477,110
13478,110
13479,110
13480,110
13481,110
13482,110
13483,110
13484,110
13485,110
13486,110
13487,110
13488,110
13489,110
13490,110
13491,110
13492,110
13493,110
13494,110
13495,110
13496,110
13497,110
13498,110
13499,110
13500,110
13501,110
13502,110
13503,110
13504,110
13505,110
13506,110
13507,110
13508,110
13509,110
13510,110
13511,110
13512,110
13513,110
13514,110
13515,110
13516,110
13517,110
13518,110
13519,110
13520,110
13521,110
13522,110
13523,110
13524,110
13525,110
13526,110
13527,110
13528,110
13529,110
13530,110
13531,110
13532,110
13533,110
13534,110
13535,110
13536,110
13537,110
13538,110
13539,110
13540,110
13541,110
13542,110
13543,110
13544,110
13545,110
13546,110
13547,110
13548,110
13549,110
13550,110
13551,110
13552,110
13553,110
13554,110
13555,110
13556,110
13557,110
13558,110
13559,109
13560,109
13561,109
13562,109
13563,109
13564,109
13565,109
13566,109
13567,109
13568,109
13569,109
13570,109
13571,109
13572,109
13573,109
13574,109
13575,109
13576,109
13577,109
13578,109
13579,109
13580,109
13581,109
13582,109
13583,109
13584,109
13585,109
13586,109
13587,109
13588,109
13589,109
13590,109
13591,109
13592,109
13593,109
13594,109
13595,109
13596,109
13597,109
13598,109
13599,109
13600,109
13601,109
13602,109
13603,109
13604,109
13605,109
13606,109
13607,109
13608,109
13609,109
13610,109
13611,109
13612,109
13613,109
13614,109
13615,109
13616,109
13617,109
13618,109
13619,109
13620,109
13621,109
13622,109
13623,109
13624,109
13625,109
13626,109
13627,109
13628,109
13629,109
13630,109
13631,109
13632,108
13633,108
13634,108
13635,108
13636,108
13637,108
13638,108
13639,108
13640,108
13641,108
13642,108
13643,108
13644,108
13645,108
13646,108
13647,108
13648,108
13649,108
13650,108
13651,108
13652,108
13653,108
13654,108
13655,108
13656,108
13657,108
13658,108
13659,108
13660,108
13661,108
13662,108
13663,108
13664,108
13665,108
13666,108
13667,108
13668,108
13669,108
13670,108
13671,108
13672,108
13673,108
13674,108
13675,108
13676,108
13677,108
13678,108
13679,108
13680,108
13681,108
13682,108
13683,108
13684,108
13685,108
13686,108
13687,108
13688,108
13689,108
13690,108
13691,108
13692,108
13693,108
13694,108
13695,108
13696,108
13697,108
13698,108
13699,108
13700,108
13701,108
13702,108
13703,108
13704,107
13705,107
13706,107
13707,107
13708,107
13709,107
13710,107
13711,107
13712,107
13713,107
13714,107
13715,107
13716,107
13717,107
13718,107
13719,107
13720,107
13721,107
13722,107
13723,107
13724,107
13725,107
13726,107
13727,107
13728,107
13729,107
13730,107
13731,107
13732,107
13733,107
13734,107
13735,107
13736,107
13737,107
13738,107
13739,107
13740,107
13741,107
13742,107
13743,107
13744,107
13745,107
13746,107
13747,107
13748,107
13749,107
13750,107
13751,107
13752,107
13753,107
13754,107
13755,107
13756,107
13757,107
13758,107
13759,107
13760,107
13761,107
13762,107
13763,106
13764,106
13765,106
13766,106
13767,106
13768,106
13769,106
13770,106
13771,106
13772,106
13773,106
13774,106
13775,106
13776,106
13777,106
13778,106
13779,106
13780,106
13781,106
13782,106
13783,106
13784,106
13785,106
13786,106
13787,106
13788,106
13789,106
13790,106
13791,106
13792,106
13793,106
13794,106
13795,106
13796,106
13797,106
13798,106
13799,106
13800,106
13801,106
13802,106
13803,106
13804,106
13805,106
13806,106
13807,106
13808,106
13809,106
13810,106
13811,106
13812,106
13813,106
13814,106
13815,106
13816,106
13817,106
13818,106
13819,106
13820,106
13821,106
13822,106
13823,106
13824,106
13825,106
13826,106
13827,106
13828,106
13829,106
13830,106
13831,106
13832,106
13833,106
13834,106
13835,106
13836,106
13837,106
13838,106
13839,106
13840,106
13841,106
13842,106
13843,105
13844,105
13845,105
13846,105
13847,105
13848,105
13849,105
13850,105
13851,105
13852,105
13853,105
13854,105
13855,105
13856,105
13857,105
13858,105
13859,105
13860,105
13861,105
13862,105
13863,105
13864,105
13865,105
13866,105
13867,105
13868,105
13869,105
13870,105
13871,105
13872,105
13873,105
13874,105
13875,105
13876,105
13877,105
13878,105
13879,105
13880,105
13881,105
13882,105
13883,105
13884,105
13885,105
13886,105
13887,105
13888,105
13889,105
13890,105
13891,105
13892,105
13893,105
13894,105
13895,105
13896,105
13897,105
13898,105
13899,105
13900,105
13901,105
13902,105
13903,105
13904,105
13905,105
13906,105
13907,105
13908,105
13909,105
13910,105
13911,105
13912,105
13913,105
13914,105
13915,105
13916,104
13917,104
13918,104
13919,104
13920,104
13921,104
13922,104
13923,104
13924,104
13925,104
13926,104
13927,104
13928,104
13929,104
13930,104
13931,104
13932,104
13933,104
13934,104
13935,104
13936,104
13937,104
13938,104
13939,104
13940,104
13941,104
13942,104
13943,104
13944,104
13945,104
13946,104
13947,104
13948,104
13949,104
13950,104
13951,104
13952,104
13953,104
13954,104
13955,104
13956,104
13957,104
13958,104
13959,104
13960,104
13961,104
13962,104
13963,104
13964,104
13965,104
13966,104
13967,104
13968,104
13969,104
13970,104
13971,104
13972,104
13973,104
13974,103
13975,103
13976,103
13977,103
13978,103
13979,103
13980,103
13981,103
13982,103
13983,103
13984,103
13985,103
13986,103
13987,103
13988,103
13989,103
13990,103
13991,103
13992,103
13993,103
13994,103
13995,103
13996,103
13997,103
13998,103
13999,103
14000,103
14001,103
14002,103
14003,103
14004,103
14005,103
14006,103
14007,103
14008,103
14009,103
14010,103
14011,103
14012,103
14013,103
14014,103
14015,103
14016,103
14017,103
14018,103
14019,103
14020,103
14021,103
14022,103
14023,103
14024,103
14025,103
14026,103
14027,103
14028,103
14029,103
14030,103
14031,103
14032,103
14033,103
14034,103
14035,103
14036,103
14037,103
14038,103
14039,102
14040,102
14041,102
14042,102
14043,102
14044,102
14045,102
14046,102
14047,102
14048,102
14049,102
14050,102
14051,102
14052,102
14053,102
14054,102
14055,102
14056,102
14057,102
14058,102
14059,102
14060,102
14061,102
14062,102
14063,102
14064,102
14065,102
14066,102
14067,102
14068,102
14069,102
14070,102
14071,102
14072,102
14073,102
14074,102
14075,102
14076,102
14077,102
14078,102
14079,102
14080,102
14081,102
14082,102
14083,102
14084,102
14085,102
14086,102
14087,102
14088,102
14089,102
14090,102
14091,102
14092,102
14093,102
14094,102
14095,102
14096,102
14097,102
14098,102
14099,102
14100,102
14101,102
14102,102
14103,102
14104,102
14105,102
14106,102
14107,102
14108,102
14109,102
14110,102
14111,102
14112,102
14113,102
14114,102
14115,102
14116,102
14117,102
14118,102
14119,102
14120,102
14121,102
14122,102
14123,102
14124,102
14125,101
14126,101
14127,101
14128,101
14129,101
14130,101
14131,101
14132,101
14133,101
14134,101
14135,101
14136,101
14137,101
14138,101
14139,101
14140,101
14141,101
14142,101
14143,101
14144,101
14145,101
14146,101
14147,101
14148,101
14149,101
14150,101
14151,101
14152,101
14153,101
14154,101
14155,101
14156,101
14157,101
14158,101
14159,101
14160,101
14161,101
14162,101
14163,101
14164,101
14165,101
14166,101
14167,101
14168,101
14169,101
14170,101
14171,101
14172,101
14173,101
14174,101
14175,101
14176,101
14177,101
14178,101
14179,101
14180,101
14181,101
14182,101
14183,101
14184,101
14185,101
14186,101
14187,101
14188,101
14189,101
14190,101
14191,101
14192,101
14193,101
14194,101
14195,101
14196,100
14197,100
14198,100
14199,100
14200,100
14201,100
14202,100
14203,100
14204,100
14205,100
14206,100
14207,100
14208,100
14209,100
14210,100
14211,100
14212,100
14213,100
14214,100
14215,100
14216,100
14217,100
14218,100
14219,100
14220,100
14221,100
14222,100
14223,100
14224,100
14225,100
14226,100
14227,100
14228,100
14229,100
14230,100
14231,100
14232,100
14233,100
14234,100
14235,100
14236,100
14237,100
14238,100
14239,100
14240,100
14241,100
14242,100
14243,100
14244,100
14245,100
14246,100
14247,100
14248,100
14249,100
14250,100
14251,100
14252,100
14253,100
14254,100
14255,100
14256,100
14257,100
14258,100
14259,100
14260,100
14261,100
14262,100
14263,100
14264,100
14265,100
14266,100
14267,100
14268,100
14269,100
14270,100
14271,100
14272,99
14273,99
14274,99
14275,99
14276,99
14277,99
14278,99
14279,99
14280,99
14281,99
14282,99
14283,99
14284,99
14285,99
14286,99
14287,99
14288,99
14289,99
14290,99
14291,99
14292,99
14293,99
14294,99
14295,99
14296,99
14297,99
14298,99
14299,99
14300,99
14301,99
14302,99
14303,99
14304,99
14305,99
14306,99
14307,99
14308,99
14309,99
14310,99
14311,99
14312,99
14313,99
14314,99
14315,99
14316,99
14317,99
14318,99
14319,99
14320,99
14321,99
14322,99
14323,99
14324,99
14325,99
14326,99
14327,99
14328,99
14329,99
14330,99
14331,99
14332,99
14333,99
14334,99
14335,99
14336,99
14337,99
14338,99
14339,99
14340,99
14341,98
14342,98
14343,98
14344,98
14345,98
14346,98
14347,98
14348,98
14349,98
14350,98
14351,98
14352,98
14353,98
14354,98
14355,98
14356,98
14357,98
14358,98
14359,98
14360,98
14361,98
14362,98
14363,98
14364,98
14365,98
14366,98
14367,98
14368,98
14369,98
14370,98
14371,98
14372,98
14373,98
14374,98
14375,98
14376,98
14377,98
14378,98
14379,98
14380,98
14381,98
14382,98
14383,98
14384,98
14385,98
14386,98
14387,98
14388,98
14389,98
14390,98
14391,98
14392,98
14393,98
14394,98
14395,98
14396,98
14397,98
14398,98
14399,98
14400,98
14401,98
14402,98
14403,98
14404,98
14405,98
14406,98
14407,98
14408,98
14409,98
14410,98
14411,98
14412,98
14413,98
14414,98
14415,98
14416,98
14417,98
14418,98
14419,98
14420,98
14421,98
14422,98
14423,98
14424,98
14425,98
14426,98
14427,98
14428,98
14429,98
14430,98
14431,98
14432,98
14433,98
14434,98
14435,97
14436,97
14437,97
14438,97
14439,97
14440,97
14441,97
14442,97
14443,97
14444,97
14445,97
14446,97
14447,97
14448,97
14449,97
14450,97
14451,97
14452,97
14453,97
14454,97
14455,97
14456,97
14457,97
14458,97
14459,97
14460,97
14461,97
14462,97
14463,97
14464,97
14465,97
14466,97
14467,97
14468,97
14469,97
14470,97
14471,97
14472,97
14473,97
14474,97
14475,97
14476,97
14477,97
14478,97
14479,97
14480,97
14481,97
14482,97
14483,97
14484,97
14485,97
14486,97
14487,97
14488,97
14489,97
14490,97
14491,97
14492,97
14493,97
14494,97
14495,97
14496,97
14497,97
14498,97
14499,97
14500,97
14501,97
14502,97
14503,97
14504,97
14505,97
14506,97
14507,97
14508,97
14509,97
14510,97
14511,97
14512,97
14513,97
14514,97
14515,97
14516,97
14517,97
14518,97
14519,97
14520,97
14521,97
14522,97
14523,97
14524,97
14525,97
14526,97
14527,97
14528,97
14529,97
14530,97
14531,97
14532,96
14533,96
14534,96
14535,96
14536,96
14537,96
14538,96
14539,96
14540,96
14541,96
14542,96
14543,96
14544,96
14545,96
14546,96
14547,96
14548,96
14549,96
14550,96
14551,96
14552,96
14553,96
14554,96
14555,96
14556,96
14557,96
14558,96
14559,96
14560,96
14561,96
14562,96
14563,96
14564,96
14565,96
14566,96
14567,96
14568,96
14569,96
14570,96
14571,96
14572,96
14573,96
14574,96
14575,96
14576,96
14577,96
14578,96
14579,96
14580,96
14581,96
14582,96
14583,96
14584,96
14585,96
14586,96
14587,96
14588,96
14589,96
14590,96
14591,96
14592,96
14593,96
14594,96
14595,96
14596,96
14597,96
14598,96
14599,96
14600,96
14601,96
14602,96
14603,96
14604,96
14605,96
14606,96
14607,96
14608,96
14609,96
14610,96
14611,96
14612,96
14613,95
14614,95
14615,95
14616,95
14617,95
14618,95
14619,95
14620,95
14621,95
14622,95
14623,95
14624,95
14625,95
14626,95
14627,95
14628,95
14629,95
14630,95
14631,95
14632,95
14633,95
14634,95
14635,95
14636,95
14637,95
14638,95
14639,95
14640,95
14641,95
14642,95
14643,95
14644,95
14645,95
14646,95
14647,95
14648,95
14649,95
14650,95
14651,95
14652,95
14653,95
14654,95
14655,95
14656,95
14657,95
14658,95
14659,95
14660,95
14661,95
14662,95
14663,95
14664,95
14665,95
14666,95
14667,95
14668,95
14669,95
14670,95
14671,95
14672,95
14673,95
14674,95
14675,95
14676,95
14677,95
14678,95
14679,95
14680,95
14681,95
14682,95
14683,95
14684,95
14685,95
14686,95
14687,95
14688,95
14689,95
14690,95
14691,95
14692,95
14693,95
14694,95
14695,95
14696,95
14697,95
14698,95
14699,95
14700,95
14701,95
14702,95
14703,95
14704,95
14705,95
14706,95
14707,95
14708,95
14709,95
14710,95
14711,95
14712,95
14713,95
14714,95
14715,95
14716,95
14717,94
14718,94
14719,94
14720,94
14721,94
14722,94
14723,94
14724,94
14725,94
14726,94
14727,94
14728,94
14729,94
14730,94
14731,94
14732,94
14733,94
14734,94
14735,94
14736,94
14737,94
14738,94
14739,94
14740,94
14741,94
14742,94
14743,94
14744,94
14745,94
14746,94
14747,94
14748,94
14749,94
14750,94
14751,94
14752,94
14753,94
14754,94
14755,94
14756,94
14757,94
14758,94
14759,94
14760,94
14761,94
14762,94
14763,94
14764,94
14765,94
14766,94
14767,94
14768,94
14769,94
14770,94
14771,94
14772,94
14773,94
14774,94
14775,94
14776,94
14777,94
14778,94
14779,94
14780,94
14781,94
14782,94
14783,94
14784,94
14785,94
14786,94
14787,94
14788,94
14789,94
14790,94
14791,94
14792,94
14793,94
14794,94
14795,94
14796,94
14797,94
14798,94
14799,94
14800,94
14801,94
14802,94
14803,94
14804,94
14805,94
14806,93
14807,93
14808,93
14809,93
14810,93
14811,93
14812,93
14813,93
14814,93
14815,93
14816,93
14817,93
14818,93
14819,93
14820,93
14821,93
14822,93
14823,93
14824,93
14825,93
14826,93
14827,93
14828,93
14829,93
14830,93
14831,93
14832,93
14833,93
14834,93
14835,93
14836,93
14837,93
14838,93
14839,93
14840,93
14841,93
14842,93
14843,93
14844,93
14845,93
14846,93
14847,93
14848,93
14849,93
14850,93
14851,93
14852,93
14853,93
14854,93
14855,93
14856,93
14857,93
14858,93
14859,93
14860,93
14861,93
14862,93
14863,93
14864,93
14865,93
14866,93
14867,93
14868,93
14869,93
14870,93
14871,93
14872,93
14873,93
14874,93
14875,93
14876,93
14877,93
14878,93
14879,93
14880,93
14881,93
14882,93
14883,93
14884,93
14885,93
14886,93
14887,93
14888,93
14889,92
14890,92
14891,92
14892,92
14893,92
14894,92
14895,92
14896,92
14897,92
14898,92
14899,92
14900,92
14901,92
14902,92
14903,92
14904,92
14905,92
14906,92
14907,92
14908,92
14909,92
14910,92
14911,92
14912,92
14913,92
14914,92
14915,92
14916,92
14917,92
14918,92
14919,92
14920,92
14921,92
14922,92
14923,92
14924,92
14925,92
14926,92
14927,92
14928,92
14929,92
14930,92
14931,92
14932,92
14933,92
14934,92
14935,92
14936,92
14937,92
14938,92
14939,92
14940,92
14941,92
14942,92
14943,92
14944,92
14945,92
14946,92
14947,92
14948,92
14949,92
14950,92
14951,92
14952,92
14953,92
14954,92
14955,92
14956,92
14957,92
14958,92
14959,92
14960,92
14961,92
14962,92
14963,92
14964,92
14965,92
14966,91
14967,91
14968,91
14969,91
14970,91
14971,91
14972,91
14973,91
14974,91
14975,91
14976,91
14977,91
14978,91
14979,91
14980,91
14981,91
14982,91
14983,91
14984,91
14985,91
14986,91
14987,91
14988,91
14989,91
14990,91
14991,91
14992,91
14993,91
14994,91
14995,91
14996,91
14997,91
14998,91
14999,91
15000,91
15001,91
15002,91
15003,91
15004,91
15005,91
15006,91
15007,91
15008,91
15009,91
15010,91
15011,91
15012,91
15013,91
15014,91
15015,91
15016,91
15017,91
15018,91
15019,91
15020,91
15021,91
15022,91
15023,91
15024,91
15025,91
15026,91
15027,91
15028,91
15029,91
15030,91
15031,91
15032,91
15033,91
15034,91
15035,91
15036,91
15037,91
15038,91
15039,91
15040,91
15041,91
15042,91
15043,91
15044,91
15045,91
15046,91
15047,91
15048,91
15049,91
15050,91
15051,91
15052,91
15053,91
15054,90
15055,90
15056,90
15057,90
15058,90
15059,90
15060,90
15061,90
15062,90
15063,90
15064,90
15065,90
15066,90
15067,90
15068,90
15069,90
15070,90
15071,90
15072,90
15073,90
15074,90
15075,90
15076,90
15077,90
15078,90
15079,90
15080,90
15081,90
15082,90
15083,90
15084,90
15085,90
15086,90
15087,90
15088,90
15089,90
15090,90
15091,90
15092,90
15093,90
15094,90
15095,90
15096,90
15097,90
15098,90
15099,90
15100,90
15101,90
15102,90
15103,90
15104,90
15105,90
15106,90
15107,90
15108,90
15109,90
15110,90
15111,90
15112,90
15113,90
15114,90
15115,90
15116,90
15117,90
15118,90
15119,90
15120,90
15121,90
15122,90
15123,90
15124,90
15125,90
15126,90
15127,90
15128,90
15129,90
15130,90
15131,90
15132,90
15133,90
15134,90
15135,90
15136,90
15137,90
15138,90
15139,89
15140,89
15141,89
15142,89
15143,89
15144,89
15145,89
15146,89
15147,89
15148,89
15149,89
15150,89
15151,89
15152,89
15153,89
15154,89
15155,89
15156,89
15157,89
15158,89
15159,89
15160,89
15161,89
15162,89
15163,89
15164,89
15165,89
15166,89
15167,89
15168,89
15169,89
15170,89
15171,89
15172,89
15173,89
15174,89
15175,89
15176,89
15177,89
15178,89
15179,89
15180,89
15181,89
15182,89
15183,89
15184,89
15185,89
15186,89
15187,89
15188,89
15189,89
15190,89
15191,89
15192,89
15193,89
15194,89
15195,89
15196,89
15197,89
15198,89
15199,89
15200,89
15201,89
15202,89
15203,89
15204,89
15205,89
15206,89
15207,89
15208,89
15209,89
15210,89
15211,89
15212,89
15213,89
15214,89
15215,89
15216,89
15217,89
15218,89
15219,89
15220,89
15221,89
15222,89
15223,89
15224,89
15225,89
15226,89
15227,89
15228,89
15229,89
15230,89
15231,89
15232,88
15233,88
15234,88
15235,88
15236,88
15237,88
15238,88
15239,88
15240,88
15241,88
15242,88
15243,88
15244,88
15245,88
15246,88
15247,88
15248,88
15249,88
15250,88
15251,88
15252,88
15253,88
15254,88
15255,88
15256,88
15257,88
15258,88
15259,88
15260,88
15261,88
15262,88
15263,88
15264,88
15265,88
15266,88
15267,88
15268,88
15269,88
15270,88
15271,88
15272,88
15273,88
15274,88
15275,88
15276,88
15277,88
15278,88
15279,88
15280,88
15281,88
15282,88
15283,88
15284,88
15285,88
15286,88
15287,88
15288,88
15289,88
15290,88
15291,88
15292,88
15293,88
15294,88
15295,88
15296,88
15297,88
15298,88
15299,88
15300,88
15301,88
15302,88
15303,88
15304,88
15305,88
15306,88
15307,88
15308,88
15309,88
15310,88
15311,88
15312,88
15313,88
15314,87
15315,87
15316,87
15317,87
15318,87
15319,87
15320,87
15321,87
15322,87
15323,87
15324,87
15325,87
15326,87
15327,87
15328,87
15329,87
15330,87
15331,87
15332,87
15333,87
15334,87
15335,87
15336,87
15337,87
15338,87
15339,87
15340,87
15341,87
15342,87
15343,87
15344,87
15345,87
15346,87
15347,87
15348,87
15349,87
15350,87
15351,87
15352,87
15353,87
15354,87
15355,87
15356,87
15357,87
15358,87
15359,87
15360,87
15361,87
15362,87
15363,87
15364,87
15365,87
15366,87
15367,87
15368,87
15369,87
15370,87
15371,87
15372,87
15373,87
15374,87
15375,87
15376,87
15377,87
15378,87
15379,87
15380,87
15381,87
15382,87
15383,87
15384,87
15385,87
15386,87
15387,87
15388,87
15389,87
15390,87
15391,87
15392,87
15393,87
15394,87
15395,87
15396,87
15397,87
15398,86
15399,86
15400,86
15401,86
15402,86
15403,86
15404,86
15405,86
15406,86
15407,86
15408,86
15409,86
15410,86
15411,86
15412,86
15413,86
15414,86
15415,86
15416,86
15417,86
15418,86
15419,86
15420,86
15421,86
15422,86
15423,86
15424,86
15425,86
15426,86
15427,86
15428,86
15429,86
15430,86
15431,86
15432,86
15433,86
15434,86
15435,86
15436,86
15437,86
15438,86
15439,86
15440,86
15441,86
15442,86
15443,86
15444,86
15445,86
15446,86
15447,86
15448,86
15449,86
15450,86
15451,86
15452,86
15453,86
15454,86
15455,86
15456,86
15457,86
15458,86
15459,86
15460,86
15461,86
15462,86
15463,86
15464,86
15465,86
15466,86
15467,86
15468,86
15469,86
15470,86
15471,86
15472,86
15473,86
15474,86
15475,86
15476,86
15477,86
15478,86
15479,86
15480,86
15481,86
15482,86
15483,86
15484,86
15485,86
15486,86
15487,86
15488,86
15489,86
15490,86
15491,86
15492,86
15493,86
15494,85
15495,85
15496,85
15497,85
15498,85
15499,85
15500,85
15501,85
15502,85
15503,85
15504,85
15505,85
15506,85
15507,85
15508,85
15509,85
15510,85
15511,85
15512,85
15513,85
15514,85
15515,85
15516,85
15517,85
15518,85
15519,85
15520,85
15521,85
15522,85
15523,85
15524,85
15525,85
15526,85
15527,85
15528,85
15529,85
15530,85
15531,85
15532,85
15533,85
15534,85
15535,85
15536,85
15537,85
15538,85
15539,85
15540,85
15541,85
15542,85
15543,85
15544,85
15545,85
15546,85
15547,85
15548,85
15549,85
15550,85
15551,85
15552,85
15553,85
15554,85
15555,85
15556,85
15557,85
15558,85
15559,85
15560,85
15561,85
15562,85
15563,85
15564,85
15565,85
15566,85
15567,85
15568,85
15569,85
15570,85
15571,85
15572,85
15573,85
15574,85
15575,85
15576,85
15577,85
15578,85
15579,85
15580,85
15581,85
15582,85
15583,85
15584,85
15585,85
15586,85
15587,85
15588,84
15589,84
15590,84
15591,84
15592,84
15593,84
15594,84
15595,84
15596,84
15597,84
15598,84
15599,84
15600,84
15601,84
15602,84
15603,84
15604,84
15605,84
15606,84
15607,84
15608,84
15609,84
15610,84
15611,84
15612,84
15613,84
15614,84
15615,84
15616,84
15617,84
15618,84
15619,84
15620,84
15621,84
15622,84
15623,84
15624,84
15625,84
15626,84
15627,84
15628,84
15629,84
15630,84
15631,84
15632,84
15633,84
15634,84
15635,84
15636,84
15637,84
15638,84
15639,84
15640,84
15641,84
15642,84
15643,84
15644,84
15645,84
15646,84
15647,84
15648,84
15649,84
15650,84
15651,84
15652,84
15653,84
15654,84
15655,84
15656,84
15657,84
15658,84
15659,84
15660,84
15661,84
15662,84
15663,84
15664,84
15665,84
15666,84
15667,84
15668,84
15669,84
15670,84
15671,84
15672,84
15673,84
15674,84
15675,84
15676,84
15677,84
15678,84
15679,84
15680,84
15681,84
15682,84
15683,84
15684,84
15685,84
15686,84
15687,84
15688,84
15689,84
15690,84
15691,83
15692,83
15693,83
15694,83
15695,83
15696,83
15697,83
15698,83
15699,83
15700,83
15701,83
15702,83
15703,83
15704,83
15705,83
15706,83
15707,83
15708,83
15709,83
15710,83
15711,83
15712,83
15713,83
15714,83
15715,83
15716,83
15717,83
15718,83
15719,83
15720,83
15721,83
15722,83
15723,83
15724,83
15725,83
15726,83
15727,83
15728,83
15729,83
15730,83
15731,83
15732,83
15733,83
15734,83
15735,83
15736,83
15737,83
15738,83
15739,83
15740,83
15741,83
15742,83
15743,83
15744,83
15745,83
15746,83
15747,83
15748,83
15749,83
15750,83
15751,83
15752,83
15753,83
15754,83
15755,83
15756,83
15757,83
15758,83
15759,83
15760,83
15761,83
15762,83
15763,83
15764,83
15765,83
15766,83
15767,83
15768,83
15769,83
15770,83
15771,83
15772,83
15773,83
15774,83
15775,83
15776,83
15777,83
15778,83
15779,83
15780,83
15781,83
15782,83
15783,83
15784,83
15785,83
15786,83
15787,83
15788,83
15789,83
15790,83
15791,83
15792,83
15793,82
15794,82
15795,82
15796,82
15797,82
15798,82
15799,82
15800,82
15801,82
15802,82
15803,82
15804,82
15805,82
15806,82
15807,82
15808,82
15809,82
15810,82
15811,82
15812,82
15813,82
15814,82
15815,82
15816,82
15817,82
15818,82
15819,82
15820,82
15821,82
15822,82
15823,82
15824,82
15825,82
15826,82
15827,82
15828,82
15829,82
15830,82
15831,82
15832,82
15833,82
15834,82
15835,82
15836,82
15837,82
15838,82
15839,82
15840,82
15841,82
15842,82
15843,82
15844,82
15845,82
15846,82
15847,82
15848,82
15849,82
15850,82
15851,82
15852,82
15853,82
15854,82
15855,82
15856,82
15857,82
15858,82
15859,82
15860,82
15861,82
15862,82
15863,82
15864,82
15865,82
15866,82
15867,82
15868,82
15869,82
15870,82
15871,82
15872,82
15873,82
15874,82
15875,82
15876,82
15877,82
15878,82
15879,82
15880,82
15881,82
15882,82
15883,82
15884,82
15885,82
15886,82
15887,82
15888,82
15889,82
15890,82
15891,82
15892,82
15893,81
15894,81
15895,81
15896,81
15897,81
15898,81
15899,81
15900,81
15901,81
15902,81
15903,81
15904,81
15905,81
15906,81
15907,81
15908,81
15909,81
15910,81
15911,81
15912,81
15913,81
15914,81
15915,81
15916,81
15917,81
15918,81
15919,81
15920,81
15921,81
15922,81
15923,81
15924,81
15925,81
15926,81
15927,81
15928,81
15929,81
15930,81
15931,81
15932,81
15933,81
15934,81
15935,81
15936,81
15937,81
15938,81
15939,81
15940,81
15941,81
15942,81
15943,81
15944,81
15945,81
15946,81
15947,81
15948,81
15949,81
15950,81
15951,81
15952,81
15953,81
15954,81
15955,81
15956,81
15957,81
15958,81
15959,81
15960,81
15961,81
15962,81
15963,81
15964,81
15965,81
15966,81
15967,81
15968,81
15969,81
15970,81
15971,80
15972,80
15973,80
15974,80
15975,80
15976,80
15977,80
15978,80
15979,80
15980,80
15981,80
15982,80
15983,80
15984,80
15985,80
15986,80
15987,80
15988,80
15989,80
15990,80
15991,80
15992,80
15993,80
15994,80
15995,80
15996,80
15997,80
15998,80
15999,80
16000,80
16001,80
16002,80
16003,80
16004,80
16005,80
16006,80
16007,80
16008,80
16009,80
16010,80
16011,80
16012,80
16013,80
16014,80
16015,80
16016,80
16017,80
16018,80
16019,80
16020,80
16021,80
16022,80
16023,80
16024,80
16025,80
16026,80
16027,80
16028,80
16029,80
16030,80
16031,80
16032,80
16033,80
16034,80
16035,80
16036,80
16037,80
16038,80
16039,80
16040,80
16041,80
16042,80
16043,80
16044,80
16045,80
16046,80
16047,80
16048,80
16049,80
16050,80
16051,80
16052,80
16053,80
16054,80
16055,80
16056,80
16057,80
16058,80
16059,80
16060,80
16061,80
16062,80
16063,80
16064,80
16065,80
16066,80
16067,80
16068,80
16069,80
16070,80
16071,80
16072,80
16073,80
16074,80
16075,80
16076,80
16077,80
16078,80
16079,80
16080,80
16081,80
16082,80
16083,80
16084,79
16085,79
16086,79
16087,79
16088,79
16089,79
16090,79
16091,79
16092,79
16093,79
16094,79
16095,79
16096,79
16097,79
16098,79
16099,79
16100,79
16101,79
16102,79
16103,79
16104,79
16105,79
16106,79
16107,79
16108,79
16109,79
16110,79
16111,79
16112,79
16113,79
16114,79
16115,79
16116,79
16117,79
16118,79
16119,79
16120,79
16121,79
16122,79
16123,79
16124,79
16125,79
16126,79
16127,79
16128,79
16129,79
16130,79
16131,79
16132,79
16133,79
16134,79
16135,79
16136,79
16137,79
16138,79
16139,79
16140,79
16141,79
16142,79
16143,79
16144,79
16145,79
16146,79
16147,79
16148,79
16149,79
16150,79
16151,79
16152,79
16153,79
16154,79
16155,79
16156,79
16157,79
16158,79
16159,79
16160,79
16161,79
16162,79
16163,79
16164,79
16165,79
16166,79
16167,79
16168,79
16169,79
16170,79
16171,79
16172,79
16173,79
16174,79
16175,79
16176,79
16177,79
16178,79
16179,79
16180,79
16181,79
16182,79
16183,79
16184,79
16185,79
16186,79
16187,79
16188,79
16189,79
16190,79
16191,79
16192,79
16193,79
16194,79
16195,79
16196,79
16197,79
16198,79
16199,79
16200,79
16201,79
16202,79
16203,79
16204,79
16205,79
16206,79
16207,79
16208,79
16209,79
16210,79
16211,79
16212,78
16213,78
16214,78
16215,78
16216,78
16217,78
16218,78
16219,78
16220,78
16221,78
16222,78
16223,78
16224,78
16225,78
16226,78
16227,78
16228,78
16229,78
16230,78
16231,78
16232,78
16233,78
16234,78
16235,78
16236,78
16237,78
16238,78
16239,78
16240,78
16241,78
16242,78
16243,78
16244,78
16245,78
16246,78
16247,78
16248,78
16249,78
16250,78
16251,78
16252,78
16253,78
16254,78
16255,78
16256,78
16257,78
16258,78
16259,78
16260,78
16261,78
16262,78
16263,78
16264,78
16265,78
16266,78
16267,78
16268,78
16269,78
16270,78
16271,78
16272,78
16273,78
16274,78
16275,78
16276,78
16277,78
16278,78
16279,78
16280,78
16281,78
16282,78
16283,78
16284,78
16285,78
16286,78
16287,78
16288,78
16289,78
16290,78
16291,78
16292,78
16293,78
16294,78
16295,78
16296,78
16297,78
16298,78
16299,78
16300,78
16301,78
16302,78
16303,78
16304,78
16305,78
16306,78
16307,78
16308,78
16309,78
16310,78
16311,78
16312,78
16313,78
16314,78
16315,78
16316,78
16317,78
16318,78
16319,78
16320,78
16321,78
16322,78
16323,78
16324,78
16325,78
16326,78
16327,78
16328,78
16329,78
16330,78
16331,78
16332,78
16333,78
16334,78
16335,78
16336,78
16337,78
16338,78
16339,78
16340,77
16341,77
16342,77
16343,77
16344,77
16345,77
16346,77
16347,77
16348,77
16349,77
16350,77
16351,77
16352,77
16353,77
16354,77
16355,77
16356,77
16357,77
16358,77
16359,77
16360,77
16361,77
16362,77
16363,77
16364,77
16365,77
16366,77
16367,77
16368,77
16369,77
16370,77
16371,77
16372,77
16373,77
16374,77
16375,77
16376,77
16377,77
16378,77
16379,77
16380,77
16381,77
16382,77
16383,77
16384,77
16385,77
16386,77
16387,77
16388,77
16389,77
16390,77
16391,77
16392,77
16393,77
16394,77
16395,77
16396,77
16397,77
16398,77
16399,77
16400,77
16401,77
16402,77
16403,77
16404,77
16405,77
16406,77
16407,77
16408,77
16409,77
16410,77
16411,77
16412,77
16413,77
16414,77
16415,77
16416,77
16417,77
16418,77
16419,77
16420,77
16421,77
16422,77
16423,77
16424,77
16425,77
16426,77
16427,77
16428,77
16429,77
16430,77
16431,77
16432,77
16433,77
16434,77
16435,77
16436,77
16437,77
16438,77
16439,77
16440,77
16441,77
16442,77
16443,77
16444,77
16445,77
16446,77
16447,77
16448,77
16449,77
16450,77
16451,77
16452,77
16453,77
16454,77
16455,77
16456,77
16457,77
16458,77
16459,77
16460,76
16461,76
16462,76
16463,76
16464,76
16465,76
16466,76
16467,76
16468,76
16469,76
16470,76
16471,76
16472,76
16473,76
16474,76
16475,76
16476,76
16477,76
16478,76
16479,76
16480,76
16481,76
16482,76
16483,76
16484,76
16485,76
16486,76
16487,76
16488,76
16489,76
16490,76
16491,76
16492,76
16493,76
16494,76
16495,76
16496,76
16497,76
16498,76
16499,76
16500,76
16501,76
16502,76
16503,76
16504,76
16505,76
16506,76
16507,76
16508,76
16509,76
16510,76
16511,76
16512,76
16513,76
16514,76
16515,76
16516,76
16517,76
16518,76
16519,76
16520,76
16521,76
16522,76
16523,76
16524,76
16525,76
16526,76
16527,76
16528,76
16529,76
16530,76
16531,76
16532,76
16533,76
16534,76
16535,76
16536,76
16537,76
16538,76
16539,76
16540,76
16541,76
16542,76
16543,76
16544,76
16545,76
16546,76
16547,76
16548,76
16549,76
16550,76
16551,76
16552,76
16553,76
16554,76
16555,76
16556,76
16557,76
16558,76
16559,76
16560,76
16561,76
16562,76
16563,76
16564,76
16565,76
16566,76
16567,75
16568,75
16569,75
16570,75
16571,75
16572,75
16573,75
16574,75
16575,75
16576,75
16577,75
16578,75
16579,75
16580,75
16581,75
16582,75
16583,75
16584,75
16585,75
16586,75
16587,75
16588,75
16589,75
16590,75
16591,75
16592,75
16593,75
16594,75
16595,75
16596,75
16597,75
16598,75
16599,75
16600,75
16601,75
16602,75
16603,75
16604,75
16605,75
16606,75
16607,75
16608,75
16609,75
16610,75
16611,75
16612,75
16613,75
16614,75
16615,75
16616,75
16617,75
16618,75
16619,75
16620,75
16621,75
16622,75
16623,75
16624,75
16625,75
16626,75
16627,75
16628,75
16629,75
16630,75
16631,75
16632,75
16633,75
16634,75
16635,75
16636,75
16637,75
16638,75
16639,75
16640,75
16641,75
16642,75
16643,75
16644,75
16645,75
16646,75
16647,75
16648,75
16649,75
16650,75
16651,75
16652,75
16653,75
16654,75
16655,75
16656,75
16657,75
16658,75
16659,75
16660,75
16661,75
16662,75
16663,75
16664,75
16665,75
16666,75
16667,75
16668,75
16669,75
16670,75
16671,75
16672,75
16673,75
16674,75
16675,75
16676,75
16677,75
16678,75
16679,75
16680,75
16681,75
16682,75
16683,75
16684,75
16685,75
16686,75
16687,75
16688,75
16689,75
16690,75
16691,75
16692,75
16693,74
16694,74
16695,74
16696,74
16697,74
16698,74
16699,74
16700,74
16701,74
16702,74
16703,74
16704,74
16705,74
16706,74
16707,74
16708,74
16709,74
16710,74
16711,74
16712,74
16713,74
16714,74
16715,74
16716,74
16717,74
16718,74
16719,74
16720,74
16721,74
16722,74
16723,74
16724,74
16725,74
16726,74
16727,74
16728,74
16729,74
16730,74
16731,74
16732,74
16733,74
16734,74
16735,74
16736,74
16737,74
16738,74
16739,74
16740,74
16741,74
16742,74
16743,74
16744,74
16745,74
16746,74
16747,74
16748,74
16749,74
16750,74
16751,74
16752,74
16753,74
16754,74
16755,74
16756,74
16757,74
16758,74
16759,74
16760,74
16761,74
16762,74
16763,74
16764,74
16765,74
16766,74
16767,74
16768,74
16769,74
16770,74
16771,74
16772,74
16773,74
16774,74
16775,74
16776,74
16777,74
16778,74
16779,74
16780,74
16781,74
16782,74
16783,74
16784,74
16785,74
16786,74
16787,74
16788,74
16789,74
16790,74
16791,74
16792,74
16793,74
16794,74
16795,74
16796,74
16797,74
16798,74
16799,74
16800,74
16801,74
16802,74
16803,74
16804,74
16805,74
16806,74
16807,74
16808,74
16809,74
16810,74
16811,74
16812,74
16813,74
16814,74
16815,74
16816,74
16817,74
16818,74
16819,74
16820,74
16821,74
16822,74
16823,74
16824,74
16825,74
16826,74
16827,74
16828,74
16829,74
16830,74
16831,74
16832,74
16833,73
16834,73
16835,73
16836,73
16837,73
16838,73
16839,73
16840,73
16841,73
16842,73
16843,73
16844,73
16845,73
16846,73
16847,73
16848,73
16849,73
16850,73
16851,73
16852,73
16853,73
16854,73
16855,73
16856,73
16857,73
16858,73
16859,73
16860,73
16861,73
16862,73
16863,73
16864,73
16865,73
16866,73
16867,73
16868,73
16869,73
16870,73
16871,73
16872,73
16873,73
16874,73
16875,73
16876,73
16877,73
16878,73
16879,73
16880,73
16881,73
16882,73
16883,73
16884,73
16885,73
16886,73
16887,73
16888,73
16889,73
16890,73
16891,73
16892,73
16893,73
16894,73
16895,73
16896,73
16897,73
16898,73
16899,73
16900,73
16901,73
16902,73
16903,73
16904,73
16905,73
16906,73
16907,73
16908,73
16909,73
16910,73
16911,73
16912,73
16913,73
16914,73
16915,73
16916,73
16917,73
16918,73
16919,73
16920,73
16921,73
16922,73
16923,73
16924,73
16925,73
16926,73
16927,73
16928,73
16929,73
16930,73
16931,73
16932,73
16933,73
16934,73
16935,73
16936,73
16937,73
16938,73
16939,73
16940,73
16941,73
16942,73
16943,73
16944,73
16945,73
16946,73
16947,73
16948,73
16949,73
16950,73
16951,73
16952,73
16953,73
16954,73
16955,73
16956,73
16957,73
16958,73
16959,73
16960,73
16961,73
16962,73
16963,73
16964,73
16965,72
16966,72
16967,72
16968,72
16969,72
16970,72
16971,72
16972,72
16973,72
16974,72
16975,72
16976,72
16977,72
16978,72
16979,72
16980,72
16981,72
16982,72
16983,72
16984,72
16985,72
16986,72
16987,72
16988,72
16989,72
16990,72
16991,72
16992,72
16993,72
16994,72
16995,72
16996,72
16997,72
16998,72
16999,72
17000,72
17001,72
17002,72
17003,72
17004,72
17005,72
17006,72
17007,72
17008,72
17009,72
17010,72
17011,72
17012,72
17013,72
17014,72
17015,72
17016,72
17017,72
17018,72
17019,72
17020,72
17021,72
17022,72
17023,72
17024,72
17025,72
17026,72
17027,72
17028,72
17029,72
17030,72
17031,72
17032,72
17033,72
17034,72
17035,72
17036,72
17037,72
17038,72
17039,72
17040,72
17041,72
17042,72
17043,72
17044,72
17045,72
17046,72
17047,72
17048,72
17049,72
17050,72
17051,72
17052,72
17053,72
17054,72
17055,72
17056,72
17057,72
17058,72
17059,72
17060,72
17061,72
17062,72
17063,72
17064,72
17065,72
17066,72
17067,72
17068,72
17069,72
17070,72
17071,72
17072,72
17073,72
17074,72
17075,72
17076,72
17077,72
17078,72
17079,72
17080,72
17081,72
17082,72
17083,72
17084,72
17085,72
17086,72
17087,72
17088,72
17089,72
17090,72
17091,72
17092,72
17093,72
17094,72
17095,72
17096,72
17097,72
17098,72
17099,72
17100,72
17101,72
17102,72
17103,72
17104,72
17105,72
17106,72
17107,72
17108,72
17109,72
17110,72
17111,72
17112,72
17113,72
17114,72
17115,72
17116,71
17117,71
17118,71
17119,71
17120,71
17121,71
17122,71
17123,71
17124,71
17125,71
17126,71
17127,71
17128,71
17129,71
17130,71
17131,71
17132,71
17133,71
17134,71
17135,71
17136,71
17137,71
17138,71
17139,71
17140,71
17141,71
17142,71
17143,71
17144,71
17145,71
17146,71
17147,71
17148,71
17149,71
17150,71
17151,71
17152,71
17153,71
17154,71
17155,71
17156,71
17157,71
17158,71
17159,71
17160,71
17161,71
17162,71
17163,71
17164,71
17165,71
17166,71
17167,71
17168,71
17169,71
17170,71
17171,71
17172,71
17173,71
17174,71
17175,71
17176,71
17177,71
17178,71
17179,71
17180,71
17181,71
17182,71
17183,71
17184,71
17185,71
17186,71
17187,71
17188,71
17189,71
17190,71
17191,71
17192,71
17193,71
17194,71
17195,71
17196,71
17197,71
17198,71
17199,71
17200,71
17201,71
17202,71
17203,71
17204,71
17205,71
17206,71
17207,71
17208,71
17209,71
17210,71
17211,71
17212,71
17213,71
17214,71
17215,71
17216,71
17217,71
17218,71
17219,71
17220,71
17221,71
17222,71
17223,71
17224,71
17225,71
17226,71
17227,71
17228,71
17229,71
17230,71
17231,71
17232,71
17233,71
17234,71
17235,71
17236,71
17237,71
17238,71
17239,71
17240,71
17241,71
17242,71
17243,70
17244,70
17245,70
17246,70
17247,70
17248,70
17249,70
17250,70
17251,70
17252,70
17253,70
17254,70
17255,70
17256,70
17257,70
17258,70
17259,70
17260,70
17261,70
17262,70
17263,70
17264,70
17265,70
17266,70
17267,70
17268,70
17269,70
17270,70
17271,70
17272,70
17273,70
17274,70
17275,70
17276,70
17277,70
17278,70
17279,70
17280,70
17281,70
17282,70
17283,70
17284,70
17285,70
17286,70
17287,70
17288,70
17289,70
17290,70
17291,70
17292,70
17293,70
17294,70
17295,70
17296,70
17297,70
17298,70
17299,70
17300,70
17301,70
17302,70
17303,70
17304,70
17305,70
17306,70
17307,70
17308,70
17309,70
17310,70
17311,70
17312,70
17313,70
17314,70
17315,70
17316,70
17317,70
17318,70
17319,70
17320,70
17321,70
17322,70
17323,70
17324,70
17325,70
17326,70
17327,70
17328,70
17329,70
17330,70
17331,70
17332,70
17333,70
17334,70
17335,70
17336,70
17337,70
17338,70
17339,70
17340,70
17341,70
17342,70
17343,70
17344,70
17345,70
17346,70
17347,70
17348,70
17349,70
17350,70
17351,70
17352,70
17353,70
17354,70
17355,70
17356,70
17357,70
17358,70
17359,70
17360,70
17361,70
17362,70
17363,70
17364,70
17365,70
17366,69
17367,69
17368,69
17369,69
17370,69
17371,69
17372,69
17373,69
17374,69
17375,69
17376,69
17377,69
17378,69
17379,69
17380,69
17381,69
17382,69
17383,69
17384,69
17385,69
17386,69
17387,69
17388,69
17389,69
17390,69
17391,69
17392,69
17393,69
17394,69
17395,69
17396,69
17397,69
17398,69
17399,69
17400,69
17401,69
17402,69
17403,69
17404,69
17405,69
17406,69
17407,69
17408,69
17409,69
17410,69
17411,69
17412,69
17413,69
17414,69
17415,69
17416,69
17417,69
17418,69
17419,69
17420,69
17421,69
17422,69
17423,69
17424,69
17425,69
17426,69
17427,69
17428,69
17429,69
17430,69
17431,69
17432,69
17433,69
17434,69
17435,69
17436,69
17437,69
17438,69
17439,69
17440,69
17441,69
17442,69
17443,69
17444,69
17445,69
17446,69
17447,69
17448,69
17449,69
17450,69
17451,69
17452,69
17453,69
17454,69
17455,69
17456,69
17457,69
17458,69
17459,69
17460,69
17461,69
17462,69
17463,69
17464,69
17465,69
17466,69
17467,69
17468,69
17469,69
17470,69
17471,69
17472,69
17473,69
17474,69
17475,69
17476,69
17477,69
17478,69
17479,69
17480,69
17481,69
17482,69
17483,69
17484,69
17485,69
17486,69
17487,69
17488,69
17489,69
17490,69
17491,69
17492,69
17493,68
17494,68
17495,68
17496,68
17497,68
17498,68
17499,68
17500,68
17501,68
17502,68
17503,68
17504,68
17505,68
17506,68
17507,68
17508,68
17509,68
17510,68
17511,68
17512,68
17513,68
17514,68
17515,68
17516,68
17517,68
17518,68
17519,68
17520,68
17521,68
17522,68
17523,68
17524,68
17525,68
17526,68
17527,68
17528,68
17529,68
17530,68
17531,68
17532,68
17533,68
17534,68
17535,68
17536,68
17537,68
17538,68
17539,68
17540,68
17541,68
17542,68
17543,68
17544,68
17545,68
17546,68
17547,68
17548,68
17549,68
17550,68
17551,68
17552,68
17553,68
17554,68
17555,68
17556,68
17557,68
17558,68
17559,68
17560,68
17561,68
17562,68
17563,68
17564,68
17565,68
17566,68
17567,68
17568,68
17569,68
17570,68
17571,68
17572,68
17573,68
17574,68
17575,68
17576,68
17577,68
17578,68
17579,68
17580,68
17581,68
17582,68
17583,68
17584,68
17585,68
17586,68
17587,68
17588,68
17589,68
17590,68
17591,68
17592,68
17593,68
17594,68
17595,68
17596,68
17597,68
17598,68
17599,68
17600,68
17601,68
17602,68
17603,68
17604,68
17605,68
17606,68
17607,68
17608,68
17609,68
17610,68
17611,68
17612,68
17613,68
17614,68
17615,68
17616,68
17617,68
17618,68
17619,68
17620,68
17621,68
17622,68
17623,68
17624,68
17625,68
17626,67
17627,67
17628,67
17629,67
17630,67
17631,67
17632,67
17633,67
17634,67
17635,67
17636,67
17637,67
17638,67
17639,67
17640,67
17641,67
17642,67
17643,67
17644,67
17645,67
17646,67
17647,67
17648,67
17649,67
17650,67
17651,67
17652,67
17653,67
17654,67
17655,67
17656,67
17657,67
17658,67
17659,67
17660,67
17661,67
17662,67
17663,67
17664,67
17665,67
17666,67
17667,67
17668,67
17669,67
17670,67
17671,67
17672,67
17673,67
17674,67
17675,67
17676,67
17677,67
17678,67
17679,67
17680,67
17681,67
17682,67
17683,67
17684,67
17685,67
17686,67
17687,67
17688,67
17689,67
17690,67
17691,67
17692,67
17693,67
17694,67
17695,67
17696,67
17697,67
17698,67
17699,67
17700,67
17701,67
17702,67
17703,67
17704,67
17705,67
17706,67
17707,67
17708,67
17709,67
17710,67
17711,67
17712,67
17713,67
17714,67
17715,67
17716,67
17717,67
17718,67
17719,67
17720,67
17721,67
17722,67
17723,67
17724,67
17725,67
17726,67
17727,67
17728,67
17729,67
17730,67
17731,67
17732,67
17733,67
17734,67
17735,67
17736,67
17737,67
17738,67
17739,67
17740,67
17741,67
17742,67
17743,67
17744,67
17745,67
17746,67
17747,67
17748,67
17749,67
17750,67
17751,67
17752,67
17753,67
17754,67
17755,67
17756,67
17757,67
17758,67
17759,67
17760,66
17761,66
17762,66
17763,66
17764,66
17765,66
17766,66
17767,66
17768,66
17769,66
17770,66
17771,66
17772,66
17773,66
17774,66
17775,66
17776,66
17777,66
17778,66
17779,66
17780,66
17781,66
17782,66
17783,66
17784,66
17785,66
17786,66
17787,66
17788,66
17789,66
17790,66
17791,66
17792,66
17793,66
17794,66
17795,66
17796,66
17797,66
17798,66
17799,66
17800,66
17801,66
17802,66
17803,66
17804,66
17805,66
17806,66
17807,66
17808,66
17809,66
17810,66
17811,66
17812,66
17813,66
17814,66
17815,66
17816,66
17817,66
17818,66
17819,66
17820,66
17821,66
17822,66
17823,66
17824,66
17825,66
17826,66
17827,66
17828,66
17829,66
17830,66
17831,66
17832,66
17833,66
17834,66
17835,66
17836,66
17837,66
17838,66
17839,66
17840,66
17841,66
17842,66
17843,66
17844,66
17845,66
17846,66
17847,66
17848,66
17849,66
17850,66
17851,66
17852,66
17853,66
17854,66
17855,66
17856,66
17857,66
17858,66
17859,66
17860,66
17861,66
17862,66
17863,66
17864,66
17865,66
17866,66
17867,66
17868,66
17869,66
17870,66
17871,66
17872,66
17873,66
17874,66
17875,66
17876,66
17877,66
17878,66
17879,66
17880,66
17881,66
17882,66
17883,66
17884,66
17885,66
17886,66
17887,66
17888,66
17889,66
17890,66
17891,66
17892,66
17893,66
17894,66
17895,66
17896,66
17897,66
17898,66
17899,66
17900,66
17901,65
17902,65
17903,65
17904,65
17905,65
17906,65
17907,65
17908,65
17909,65
17910,65
17911,65
17912,65
17913,65
17914,65
17915,65
17916,65
17917,65
17918,65
17919,65
17920,65
17921,65
17922,65
17923,65
17924,65
17925,65
17926,65
17927,65
17928,65
17929,65
17930,65
17931,65
17932,65
17933,65
17934,65
17935,65
17936,65
17937,65
17938,65
17939,65
17940,65
17941,65
17942,65
17943,65
17944,65
17945,65
17946,65
17947,65
17948,65
17949,65
17950,65
17951,65
17952,65
17953,65
17954,65
17955,65
17956,65
17957,65
17958,65
17959,65
17960,65
17961,65
17962,65
17963,65
17964,65
17965,65
17966,65
17967,65
17968,65
17969,65
17970,65
17971,65
17972,65
17973,65
17974,65
17975,65
17976,65
17977,65
17978,65
17979,65
17980,65
17981,65
17982,65
17983,65
17984,65
17985,65
17986,65
17987,65
17988,65
17989,65
17990,65
17991,65
17992,65
17993,65
17994,65
17995,65
17996,65
17997,65
17998,65
17999,65
18000,65
18001,65
18002,65
18003,65
18004,65
18005,65
18006,65
18007,65
18008,65
18009,65
18010,65
18011,65
18012,65
18013,65
18014,65
18015,65
18016,65
18017,65
18018,65
18019,65
18020,65
18021,65
18022,65
18023,65
18024,65
18025,65
18026,65
18027,65
18028,65
18029,65
18030,65
18031,65
18032,65
18033,65
18034,64
18035,64
18036,64
18037,64
18038,64
18039,64
18040,64
18041,64
18042,64
18043,64
18044,64
18045,64
18046,64
18047,64
18048,64
18049,64
18050,64
18051,64
18052,64
18053,64
18054,64
18055,64
18056,64
18057,64
18058,64
18059,64
18060,64
18061,64
18062,64
18063,64
18064,64
18065,64
18066,64
18067,64
18068,64
18069,64
18070,64
18071,64
18072,64
18073,64
18074,64
18075,64
18076,64
18077,64
18078,64
18079,64
18080,64
18081,64
18082,64
18083,64
18084,64
18085,64
18086,64
18087,64
18088,64
18089,64
18090,64
18091,64
18092,64
18093,64
18094,64
18095,64
18096,64
18097,64
18098,64
18099,64
18100,64
18101,64
18102,64
18103,64
18104,64
18105,64
18106,64
18107,64
18108,64
18109,64
18110,64
18111,64
18112,64
18113,64
18114,64
18115,64
18116,64
18117,64
18118,64
18119,64
18120,64
18121,64
18122,64
18123,64
18124,64
18125,64
18126,64
18127,64
18128,64
18129,64
18130,64
18131,64
18132,64
18133,64
18134,64
18135,64
18136,64
18137,64
18138,64
18139,64
18140,64
18141,64
18142,64
18143,64
18144,64
18145,64
18146,64
18147,64
18148,64
18149,64
18150,64
18151,64
18152,64
18153,64
18154,64
18155,64
18156,64
18157,64
18158,64
18159,64
18160,64
18161,64
18162,64
18163,64
18164,64
18165,64
18166,64
18167,64
18168,64
18169,64
18170,64
18171,64
18172,64
18173,64
18174,64
18175,64
18176,64
18177,64
18178,64
18179,64
18180,64
18181,64
18182,64
18183,64
18184,64
18185,64
18186,64
18187,64
18188,64
18189,64
18190,64
18191,63
18192,63
18193,63
18194,63
18195,63
18196,63
18197,63
18198,63
18199,63
18200,63
18201,63
18202,63
18203,63
18204,63
18205,63
18206,63
18207,63
18208,63
18209,63
18210,63
18211,63
18212,63
18213,63
18214,63
18215,63
18216,63
18217,63
18218,63
18219,63
18220,63
18221,63
18222,63
18223,63
18224,63
18225,63
18226,63
18227,63
18228,63
18229,63
18230,63
18231,63
18232,63
18233,63
18234,63
18235,63
18236,63
18237,63
18238,63
18239,63
18240,63
18241,63
18242,63
18243,63
18244,63
18245,63
18246,63
18247,63
18248,63
18249,63
18250,63
18251,63
18252,63
18253,63
18254,63
18255,63
18256,63
18257,63
18258,63
18259,63
18260,63
18261,63
18262,63
18263,63
18264,63
18265,63
18266,63
18267,63
18268,63
18269,63
18270,63
18271,63
18272,63
18273,63
18274,63
18275,63
18276,63
18277,63
18278,63
18279,63
18280,63
18281,63
18282,63
18283,63
18284,63
18285,63
18286,63
18287,63
18288,63
18289,63
18290,63
18291,63
18292,63
18293,63
18294,63
18295,63
18296,63
18297,63
18298,63
18299,63
18300,63
18301,63
18302,63
18303,63
18304,63
18305,63
18306,63
18307,63
18308,63
18309,63
18310,63
18311,63
18312,63
18313,63
18314,63
18315,63
18316,63
18317,63
18318,63
18319,63
18320,63
18321,63
18322,63
18323,63
18324,63
18325,63
18326,63
18327,63
18328,63
18329,63
18330,63
18331,63
18332,63
18333,63
18334,63
18335,63
18336,63
18337,63
18338,63
18339,63
18340,63
18341,63
18342,63
18343,63
18344,63
18345,63
18346,63
18347,63
18348,63
18349,63
18350,63
18351,63
18352,63
18353,63
18354,62
18355,62
18356,62
18357,62
18358,62
18359,62
18360,62
18361,62
18362,62
18363,62
18364,62
18365,62
18366,62
18367,62
18368,62
18369,62
18370,62
18371,62
18372,62
18373,62
18374,62
18375,62
18376,62
18377,62
18378,62
18379,62
18380,62
18381,62
18382,62
18383,62
18384,62
18385,62
18386,62
18387,62
18388,62
18389,62
18390,62
18391,62
18392,62
18393,62
18394,62
18395,62
18396,62
18397,62
18398,62
18399,62
18400,62
18401,62
18402,62
18403,62
18404,62
18405,62
18406,62
18407,62
18408,62
18409,62
18410,62
18411,62
18412,62
18413,62
18414,62
18415,62
18416,62
18417,62
18418,62
18419,62
18420,62
18421,62
18422,62
18423,62
18424,62
18425,62
18426,62
18427,62
18428,62
18429,62
18430,62
18431,62
18432,62
18433,62
18434,62
18435,62
18436,62
18437,62
18438,62
18439,62
18440,62
18441,62
18442,62
18443,62
18444,62
18445,62
18446,62
18447,62
18448,62
18449,62
18450,62
18451,62
18452,62
18453,62
18454,62
18455,62
18456,62
18457,62
18458,62
18459,62
18460,62
18461,62
18462,62
18463,62
18464,62
18465,62
18466,62
18467,62
18468,62
18469,62
18470,62
18471,62
18472,62
18473,62
18474,62
18475,62
18476,62
18477,62
18478,62
18479,62
18480,62
18481,62
18482,62
18483,62
18484,62
18485,62
18486,62
18487,62
18488,62
18489,62
18490,62
18491,62
18492,62
18493,62
18494,62
18495,62
18496,62
18497,62
18498,62
18499,62
18500,62
18501,61
18502,61
18503,61
18504,61
18505,61
18506,61
18507,61
18508,61
18509,61
18510,61
18511,61
18512,61
18513,61
18514,61
18515,61
18516,61
18517,61
18518,61
18519,61
18520,61
18521,61
18522,61
18523,61
18524,61
18525,61
18526,61
18527,61
18528,61
18529,61
18530,61
18531,61
18532,61
18533,61
18534,61
18535,61
18536,61
18537,61
18538,61
18539,61
18540,61
18541,61
18542,61
18543,61
18544,61
18545,61
18546,61
18547,61
18548,61
18549,61
18550,61
18551,61
18552,61
18553,61
18554,61
18555,61
18556,61
18557,61
18558,61
18559,61
18560,61
18561,61
18562,61
18563,61
18564,61
18565,61
18566,61
18567,61
18568,61
18569,61
18570,61
18571,61
18572,61
18573,61
18574,61
18575,61
18576,61
18577,61
18578,61
18579,61
18580,61
18581,61
18582,61
18583,61
18584,61
18585,61
18586,61
18587,61
18588,61
18589,61
18590,61
18591,61
18592,61
18593,61
18594,61
18595,61
18596,61
18597,61
18598,61
18599,61
18600,61
18601,61
18602,61
18603,61
18604,61
18605,61
18606,61
18607,61
18608,61
18609,61
18610,61
18611,61
18612,61
18613,61
18614,61
18615,61
18616,61
18617,61
18618,61
18619,61
18620,61
18621,61
18622,61
18623,61
18624,61
18625,61
18626,61
18627,61
18628,61
18629,61
18630,61
18631,61
18632,61
18633,61
18634,61
18635,61
18636,61
18637,61
18638,61
18639,61
18640,61
18641,61
18642,61
18643,61
18644,61
18645,61
18646,61
18647,61
18648,61
18649,61
18650,61
18651,61
18652,61
18653,61
18654,61
18655,61
18656,61
18657,61
18658,61
18659,61
18660,60
18661,60
18662,60
18663,60
18664,60
18665,60
18666,60
18667,60
18668,60
18669,60
18670,60
18671,60
18672,60
18673,60
18674,60
18675,60
18676,60
18677,60
18678,60
18679,60
18680,60
18681,60
18682,60
18683,60
18684,60
18685,60
18686,60
18687,60
18688,60
18689,60
18690,60
18691,60
18692,60
18693,60
18694,60
18695,60
18696,60
18697,60
18698,60
18699,60
18700,60
18701,60
18702,60
18703,60
18704,60
18705,60
18706,60
18707,60
18708,60
18709,60
18710,60
18711,60
18712,60
18713,60
18714,60
18715,60
18716,60
18717,60
18718,60
18719,60
18720,60
18721,60
18722,60
18723,60
18724,60
18725,60
18726,60
18727,60
18728,60
18729,60
18730,60
18731,60
18732,60
18733,60
18734,60
18735,60
18736,60
18737,60
18738,60
18739,60
18740,60
18741,60
18742,60
18743,60
18744,60
18745,60
18746,60
18747,60
18748,60
18749,60
18750,60
18751,60
18752,60
18753,60
18754,60
18755,60
18756,60
18757,60
18758,60
18759,60
18760,60
18761,60
18762,60
18763,60
18764,60
18765,60
18766,60
18767,60
18768,60
18769,60
18770,60
18771,60
18772,60
18773,60
18774,60
18775,60
18776,60
18777,60
18778,60
18779,60
18780,60
18781,60
18782,60
18783,60
18784,60
18785,60
18786,60
18787,60
18788,60
18789,60
18790,60
18791,60
18792,60
18793,60
18794,60
18795,60
18796,60
18797,60
18798,60
18799,60
18800,60
18801,60
18802,60
18803,60
18804,60
18805,60
18806,60
18807,60
18808,60
18809,60
18810,60
18811,60
18812,60
18813,60
18814,60
18815,60
18816,60
18817,60
18818,60
18819,60
18820,60
18821,60
18822,60
18823,60
18824,60
18825,60
18826,60
18827,60
18828,60
18829,60
18830,60
18831,59
18832,59
18833,59
18834,59
18835,59
18836,59
18837,59
18838,59
18839,59
18840,59
18841,59
18842,59
18843,59
18844,59
18845,59
18846,59
18847,59
18848,59
18849,59
18850,59
18851,59
18852,59
18853,59
18854,59
18855,59
18856,59
18857,59
18858,59
18859,59
18860,59
18861,59
18862,59
18863,59
18864,59
18865,59
18866,59
18867,59
18868,59
18869,59
18870,59
18871,59
18872,59
18873,59
18874,59
18875,59
18876,59
18877,59
18878,59
18879,59
18880,59
18881,59
18882,59
18883,59
18884,59
18885,59
18886,59
18887,59
18888,59
18889,59
18890,59
18891,59
18892,59
18893,59
18894,59
18895,59
18896,59
18897,59
18898,59
18899,59
18900,59
18901,59
18902,59
18903,59
18904,59
18905,59
18906,59
18907,59
18908,59
18909,59
18910,59
18911,59
18912,59
18913,59
18914,59
18915,59
18916,59
18917,59
18918,59
18919,59
18920,59
18921,59
18922,59
18923,59
18924,59
18925,59
18926,59
18927,59
18928,59
18929,59
18930,59
18931,59
18932,59
18933,59
18934,59
18935,59
18936,59
18937,59
18938,59
18939,59
18940,59
18941,59
18942,59
18943,59
18944,59
18945,59
18946,59
18947,59
18948,59
18949,59
18950,59
18951,59
18952,59
18953,59
18954,59
18955,59
18956,59
18957,59
18958,59
18959,59
18960,59
18961,59
18962,59
18963,59
18964,59
18965,59
18966,59
18967,59
18968,59
18969,59
18970,59
18971,59
18972,59
18973,59
18974,59
18975,59
18976,59
18977,59
18978,59
18979,59
18980,59
18981,59
18982,59
18983,59
18984,59
18985,59
18986,59
18987,59
18988,59
18989,59
18990,59
18991,59
18992,59
18993,59
18994,59
18995,59
18996,59
18997,59
18998,59
18999,59
19000,59
19001,59
19002,59
19003,59
19004,59
19005,59
19006,59
19007,59
19008,59
19009,59
19010,58
19011,58
19012,58
19013,58
19014,58
19015,58
19016,58
19017,58
19018,58
19019,58
19020,58
19021,58
19022,58
19023,58
19024,58
19025,58
19026,58
19027,58
19028,58
19029,58
19030,58
19031,58
19032,58
19033,58
19034,58
19035,58
19036,58
19037,58
19038,58
19039,58
19040,58
19041,58
19042,58
19043,58
19044,58
19045,58
19046,58
19047,58
19048,58
19049,58
19050,58
19051,58
19052,58
19053,58
19054,58
19055,58
19056,58
19057,58
19058,58
19059,58
19060,58
19061,58
19062,58
19063,58
19064,58
19065,58
19066,58
19067,58
19068,58
19069,58
19070,58
19071,58
19072,58
19073,58
19074,58
19075,58
19076,58
19077,58
19078,58
19079,58
19080,58
19081,58
19082,58
19083,58
19084,58
19085,58
19086,58
19087,58
19088,58
19089,58
19090,58
19091,58
19092,58
19093,58
19094,58
19095,58
19096,58
19097,58
19098,58
19099,58
19100,58
19101,58
19102,58
19103,58
19104,58
19105,58
19106,58
19107,58
19108,58
19109,58
19110,58
19111,58
19112,58
19113,58
19114,58
19115,58
19116,58
19117,58
19118,58
19119,58
19120,58
19121,58
19122,58
19123,58
19124,58
19125,58
19126,58
19127,58
19128,58
19129,58
19130,58
19131,58
19132,58
19133,58
19134,58
19135,58
19136,58
19137,58
19138,58
19139,58
19140,58
19141,58
19142,58
19143,58
19144,58
19145,58
19146,58
19147,58
19148,58
19149,58
19150,58
19151,58
19152,58
19153,58
19154,58
19155,58
19156,58
19157,58
19158,58
19159,58
19160,58
19161,58
19162,58
19163,58
19164,58
19165,58
19166,58
19167,58
19168,58
19169,58
19170,58
19171,58
19172,58
19173,58
19174,58
19175,58
19176,58
19177,58
19178,58
19179,58
19180,58
19181,58
19182,57
19183,57
19184,57
19185,57
19186,57
19187,57
19188,57
19189,57
19190,57
19191,57
19192,57
19193,57
19194,57
19195,57
19196,57
19197,57
19198,57
19199,57
19200,57
19201,57
19202,57
19203,57
19204,57
19205,57
19206,57
19207,57
19208,57
19209,57
19210,57
19211,57
19212,57
19213,57
19214,57
19215,57
19216,57
19217,57
19218,57
19219,57
19220,57
19221,57
19222,57
19223,57
19224,57
19225,57
19226,57
19227,57
19228,57
19229,57
19230,57
19231,57
19232,57
19233,57
19234,57
19235,57
19236,57
19237,57
19238,57
19239,57
19240,57
19241,57
19242,57
19243,57
19244,57
19245,57
19246,57
19247,57
19248,57
19249,57
19250,57
19251,57
19252,57
19253,57
19254,57
19255,57
19256,57
19257,57
19258,57
19259,57
19260,57
19261,57
19262,57
19263,57
19264,57
19265,57
19266,57
19267,57
19268,57
19269,57
19270,57
19271,57
19272,57
19273,57
19274,57
19275,57
19276,57
19277,57
19278,57
19279,57
19280,57
19281,57
19282,57
19283,57
19284,57
19285,57
19286,57
19287,57
19288,57
19289,57
19290,57
19291,57
19292,57
19293,57
19294,57
19295,57
19296,57
19297,57
19298,57
19299,57
19300,57
19301,57
19302,57
19303,57
19304,57
19305,57
19306,57
19307,57
19308,57
19309,57
19310,57
19311,57
19312,57
19313,57
19314,57
19315,57
19316,57
19317,57
19318,57
19319,57
19320,57
19321,57
19322,57
19323,57
19324,57
19325,57
19326,57
19327,57
19328,57
19329,57
19330,57
19331,57
19332,57
19333,57
19334,57
19335,57
19336,57
19337,57
19338,57
19339,57
19340,57
19341,57
19342,57
19343,57
19344,57
19345,57
19346,57
19347,56
19348,56
19349,56
19350,56
19351,56
19352,56
19353,56
19354,56
19355,56
19356,56
19357,56
19358,56
19359,56
19360,56
19361,56
19362,56
19363,56
19364,56
19365,56
19366,56
19367,56
19368,56
19369,56
19370,56
19371,56
19372,56
19373,56
19374,56
19375,56
19376,56
19377,56
19378,56
19379,56
19380,56
19381,56
19382,56
19383,56
19384,56
19385,56
19386,56
19387,56
19388,56
19389,56
19390,56
19391,56
19392,56
19393,56
19394,56
19395,56
19396,56
19397,56
19398,56
19399,56
19400,56
19401,56
19402,56
19403,56
19404,56
19405,56
19406,56
19407,56
19408,56
19409,56
19410,56
19411,56
19412,56
19413,56
19414,56
19415,56
19416,56
19417,56
19418,56
19419,56
19420,56
19421,56
19422,56
19423,56
19424,56
19425,56
19426,56
19427,56
19428,56
19429,56
19430,56
19431,56
19432,56
19433,56
19434,56
19435,56
19436,56
19437,56
19438,56
19439,56
19440,56
19441,56
19442,56
19443,56
19444,56
19445,56
19446,56
19447,56
19448,56
19449,56
19450,56
19451,56
19452,56
19453,56
19454,56
19455,56
19456,56
19457,56
19458,56
19459,56
19460,56
19461,56
19462,56
19463,56
19464,56
19465,56
19466,56
19467,56
19468,56
19469,56
19470,56
19471,56
19472,56
19473,56
19474,56
19475,56
19476,56
19477,56
19478,56
19479,56
19480,56
19481,56
19482,56
19483,56
19484,56
19485,56
19486,56
19487,56
19488,56
19489,56
19490,56
19491,56
19492,56
19493,56
19494,56
19495,56
19496,56
19497,56
19498,56
19499,56
19500,56
19501,56
19502,56
19503,56
19504,56
19505,56
19506,56
19507,56
19508,56
19509,56
19510,56
19511,56
19512,56
19513,56
19514,56
19515,56
19516,56
19517,56
19518,56
19519,56
19520,56
19521,56
19522,56
19523,55
19524,55
19525,55
19526,55
19527,55
19528,55
19529,55
19530,55
19531,55
19532,55
19533,55
19534,55
19535,55
19536,55
19537,55
19538,55
19539,55
19540,55
19541,55
19542,55
19543,55
19544,55
19545,55
19546,55
19547,55
19548,55
19549,55
19550,55
19551,55
19552,55
19553,55
19554,55
19555,55
19556,55
19557,55
19558,55
19559,55
19560,55
19561,55
19562,55
19563,55
19564,55
19565,55
19566,55
19567,55
19568,55
19569,55
19570,55
19571,55
19572,55
19573,55
19574,55
19575,55
19576,55
19577,55
19578,55
19579,55
19580,55
19581,55
19582,55
19583,55
19584,55
19585,55
19586,55
19587,55
19588,55
19589,55
19590,55
19591,55
19592,55
19593,55
19594,55
19595,55
19596,55
19597,55
19598,55
19599,55
19600,55
19601,55
19602,55
19603,55
19604,55
19605,55
19606,55
19607,55
19608,55
19609,55
19610,55
19611,55
19612,55
19613,55
19614,55
19615,55
19616,55
19617,55
19618,55
19619,55
19620,55
19621,55
19622,55
19623,55
19624,55
19625,55
19626,55
19627,55
19628,55
19629,55
19630,55
19631,55
19632,55
19633,55
19634,55
19635,55
19636,55
19637,55
19638,55
19639,55
19640,55
19641,55
19642,55
19643,55
19644,55
19645,55
19646,55
19647,55
19648,55
19649,55
19650,55
19651,55
19652,55
19653,55
19654,55
19655,55
19656,55
19657,55
19658,55
19659,55
19660,55
19661,55
19662,55
19663,55
19664,55
19665,55
19666,55
19667,55
19668,55
19669,55
19670,55
19671,55
19672,55
19673,55
19674,55
19675,55
19676,55
19677,55
19678,55
19679,55
19680,55
19681,55
19682,55
19683,55
19684,55
19685,55
19686,55
19687,55
19688,55
19689,55
19690,55
19691,55
19692,55
19693,55
19694,55
19695,55
19696,55
19697,55
19698,55
19699,55
19700,55
19701,55
19702,55
19703,55
19704,55
19705,55
19706,55
19707,55
19708,55
19709,55
19710,55
19711,55
19712,55
19713,55
19714,55
19715,55
19716,55
19717,55
19718,55
19719,55
19720,55
19721,54
19722,54
19723,54
19724,54
19725,54
19726,54
19727,54
19728,54
19729,54
19730,54
19731,54
19732,54
19733,54
19734,54
19735,54
19736,54
19737,54
19738,54
19739,54
19740,54
19741,54
19742,54
19743,54
19744,54
19745,54
19746,54
19747,54
19748,54
19749,54
19750,54
19751,54
19752,54
19753,54
19754,54
19755,54
19756,54
19757,54
19758,54
19759,54
19760,54
19761,54
19762,54
19763,54
19764,54
19765,54
19766,54
19767,54
19768,54
19769,54
19770,54
19771,54
19772,54
19773,54
19774,54
19775,54
19776,54
19777,54
19778,54
19779,54
19780,54
19781,54
19782,54
19783,54
19784,54
19785,54
19786,54
19787,54
19788,54
19789,54
19790,54
19791,54
19792,54
19793,54
19794,54
19795,54
19796,54
19797,54
19798,54
19799,54
19800,54
19801,54
19802,54
19803,54
19804,54
19805,54
19806,54
19807,54
19808,54
19809,54
19810,54
19811,54
19812,54
19813,54
19814,54
19815,54
19816,54
19817,54
19818,54
19819,54
19820,54
19821,54
19822,54
19823,54
19824,54
19825,54
19826,54
19827,54
19828,54
19829,54
19830,54
19831,54
19832,54
19833,54
19834,54
19835,54
19836,54
19837,54
19838,54
19839,54
19840,54
19841,54
19842,54
19843,54
19844,54
19845,54
19846,54
19847,54
19848,54
19849,54
19850,54
19851,54
19852,54
19853,54
19854,54
19855,54
19856,54
19857,54
19858,54
19859,54
19860,54
19861,54
19862,54
19863,54
19864,54
19865,54
19866,54
19867,54
19868,54
19869,54
19870,54
19871,54
19872,54
19873,54
19874,54
19875,54
19876,54
19877,54
19878,54
19879,54
19880,54
19881,54
19882,54
19883,54
19884,54
19885,54
19886,54
19887,54
19888,54
19889,54
19890,54
19891,54
19892,54
19893,54
19894,54
19895,54
19896,54
19897,54
19898,54
19899,54
19900,54
19901,54
19902,54
19903,54
19904,54
19905,54
19906,54
19907,54
19908,54
19909,54
19910,54
19911,53
19912,53
19913,53
19914,53
19915,53
19916,53
19917,53
19918,53
19919,53
19920,53
19921,53
19922,53
19923,53
19924,53
19925,53
19926,53
19927,53
19928,53
19929,53
19930,53
19931,53
19932,53
19933,53
19934,53
19935,53
19936,53
19937,53
19938,53
19939,53
19940,53
19941,53
19942,53
19943,53
19944,53
19945,53
19946,53
19947,53
19948,53
19949,53
19950,53
19951,53
19952,53
19953,53
19954,53
19955,53
19956,53
19957,53
19958,53
19959,53
19960,53
19961,53
19962,53
19963,53
19964,53
19965,53
19966,53
19967,53
19968,53
19969,53
19970,53
19971,53
19972,53
19973,53
19974,53
19975,53
19976,53
19977,53
19978,53
19979,53
19980,53
19981,53
19982,53
19983,53
19984,53
19985,53
19986,53
19987,53
19988,53
19989,53
19990,53
19991,53
19992,53
19993,53
19994,53
19995,53
19996,53
19997,53
19998,53
19999,53
20000,53
20001,53
20002,53
20003,53
20004,53
20005,53
20006,53
20007,53
20008,53
20009,53
20010,53
20011,53
20012,53
20013,53
20014,53
20015,53
20016,53
20017,53
20018,53
20019,53
20020,53
20021,53
20022,53
20023,53
20024,53
20025,53
20026,53
20027,53
20028,53
20029,53
20030,53
20031,53
20032,53
20033,53
20034,53
20035,53
20036,53
20037,53
20038,53
20039,53
20040,53
20041,53
20042,53
20043,53
20044,53
20045,53
20046,53
20047,53
20048,53
20049,53
20050,53
20051,53
20052,53
20053,53
20054,53
20055,53
20056,53
20057,53
20058,53
20059,53
20060,53
20061,53
20062,53
20063,53
20064,53
20065,53
20066,53
20067,53
20068,53
20069,53
20070,53
20071,53
20072,53
20073,53
20074,53
20075,53
20076,53
20077,53
20078,53
20079,53
20080,53
20081,53
20082,53
20083,53
20084,53
20085,53
20086,53
20087,53
20088,53
20089,53
20090,53
20091,53
20092,53
20093,53
20094,53
20095,53
20096,53
20097,53
20098,53
20099,53
20100,53
20101,53
20102,52
20103,52
20104,52
20105,52
20106,52
20107,52
20108,52
20109,52
20110,52
20111,52
20112,52
20113,52
20114,52
20115,52
20116,52
20117,52
20118,52
20119,52
20120,52
20121,52
20122,52
20123,52
20124,52
20125,52
20126,52
20127,52
20128,52
20129,52
20130,52
20131,52
20132,52
20133,52
20134,52
20135,52
20136,52
20137,52
20138,52
20139,52
20140,52
20141,52
20142,52
20143,52
20144,52
20145,52
20146,52
20147,52
20148,52
20149,52
20150,52
20151,52
20152,52
20153,52
20154,52
20155,52
20156,52
20157,52
20158,52
20159,52
20160,52
20161,52
20162,52
20163,52
20164,52
20165,52
20166,52
20167,52
20168,52
20169,52
20170,52
20171,52
20172,52
20173,52
20174,52
20175,52
20176,52
20177,52
20178,52
20179,52
20180,52
20181,52
20182,52
20183,52
20184,52
20185,52
20186,52
20187,52
20188,52
20189,52
20190,52
20191,52
20192,52
20193,52
20194,52
20195,52
20196,52
20197,52
20198,52
20199,52
20200,52
20201,52
20202,52
20203,52
20204,52
20205,52
20206,52
20207,52
20208,52
20209,52
20210,52
20211,52
20212,52
20213,52
20214,52
20215,52
20216,52
20217,52
20218,52
20219,52
20220,52
20221,52
20222,52
20223,52
20224,52
20225,52
20226,52
20227,52
20228,52
20229,52
20230,52
20231,52
20232,52
20233,52
20234,52
20235,52
20236,52
20237,52
20238,52
20239,52
20240,52
20241,52
20242,52
20243,52
20244,52
20245,52
20246,52
20247,52
20248,52
20249,52
20250,52
20251,52
20252,52
20253,52
20254,52
20255,52
20256,52
20257,52
20258,52
20259,52
20260,52
20261,52
20262,52
20263,52
20264,52
20265,52
20266,52
20267,52
20268,52
20269,52
20270,52
20271,52
20272,52
20273,52
20274,52
20275,52
20276,52
20277,52
20278,52
20279,52
20280,52
20281,52
20282,52
20283,52
20284,52
20285,52
20286,52
20287,52
20288,52
20289,52
20290,52
20291,52
20292,52
20293,52
20294,52
20295,52
20296,52
20297,52
20298,52
20299,52
20300,52
20301,52
20302,52
20303,52
20304,52
20305,52
20306,52
20307,52
20308,52
20309,51
20310,51
20311,51
20312,51
20313,51
20314,51
20315,51
20316,51
20317,51
20318,51
20319,51
20320,51
20321,51
20322,51
20323,51
20324,51
20325,51
20326,51
20327,51
20328,51
20329,51
20330,51
20331,51
20332,51
20333,51
20334,51
20335,51
20336,51
20337,51
20338,51
20339,51
20340,51
20341,51
20342,51
20343,51
20344,51
20345,51
20346,51
20347,51
20348,51
20349,51
20350,51
20351,51
20352,51
20353,51
20354,51
20355,51
20356,51
20357,51
20358,51
20359,51
20360,51
20361,51
20362,51
20363,51
20364,51
20365,51
20366,51
20367,51
20368,51
20369,51
20370,51
20371,51
20372,51
20373,51
20374,51
20375,51
20376,51
20377,51
20378,51
20379,51
20380,51
20381,51
20382,51
20383,51
20384,51
20385,51
20386,51
20387,51
20388,51
20389,51
20390,51
20391,51
20392,51
20393,51
20394,51
20395,51
20396,51
20397,51
20398,51
20399,51
20400,51
20401,51
20402,51
20403,51
20404,51
20405,51
20406,51
20407,51
20408,51
20409,51
20410,51
20411,51
20412,51
20413,51
20414,51
20415,51
20416,51
20417,51
20418,51
20419,51
20420,51
20421,51
20422,51
20423,51
20424,51
20425,51
20426,51
20427,51
20428,51
20429,51
20430,51
20431,51
20432,51
20433,51
20434,51
20435,51
20436,51
20437,51
20438,51
20439,51
20440,51
20441,51
20442,51
20443,51
20444,51
20445,51
20446,51
20447,51
20448,51
20449,51
20450,51
20451,51
20452,51
20453,51
20454,51
20455,51
20456,51
20457,51
20458,51
20459,51
20460,51
20461,51
20462,51
20463,51
20464,51
20465,51
20466,51
20467,51
20468,51
20469,51
20470,51
20471,51
20472,51
20473,51
20474,51
20475,51
20476,51
20477,51
20478,51
20479,51
20480,51
20481,51
20482,51
20483,51
20484,51
20485,51
20486,51
20487,51
20488,51
20489,51
20490,51
20491,51
20492,51
20493,51
20494,51
20495,51
20496,51
20497,50
20498,50
20499,50
20500,50
20501,50
20502,50
20503,50
20504,50
20505,50
20506,50
20507,50
20508,50
20509,50
20510,50
20511,50
20512,50
20513,50
20514,50
20515,50
20516,50
20517,50
20518,50
20519,50
20520,50
20521,50
20522,50
20523,50
20524,50
20525,50
20526,50
20527,50
20528,50
20529,50
20530,50
20531,50
20532,50
20533,50
20534,50
20535,50
20536,50
20537,50
20538,50
20539,50
20540,50
20541,50
20542,50
20543,50
20544,50
20545,50
20546,50
20547,50
20548,50
20549,50
20550,50
20551,50
20552,50
20553,50
20554,50
20555,50
20556,50
20557,50
20558,50
20559,50
20560,50
20561,50
20562,50
20563,50
20564,50
20565,50
20566,50
20567,50
20568,50
20569,50
20570,50
20571,50
20572,50
20573,50
20574,50
20575,50
20576,50
20577,50
20578,50
20579,50
20580,50
20581,50
20582,50
20583,50
20584,50
20585,50
20586,50
20587,50
20588,50
20589,50
20590,50
20591,50
20592,50
20593,50
20594,50
20595,50
20596,50
20597,50
20598,50
20599,50
20600,50
20601,50
20602,50
20603,50
20604,50
20605,50
20606,50
20607,50
20608,50
20609,50
20610,50
20611,50
20612,50
20613,50
20614,50
20615,50
20616,50
20617,50
20618,50
20619,50
20620,50
20621,50
20622,50
20623,50
20624,50
20625,50
20626,50
20627,50
20628,50
20629,50
20630,50
20631,50
20632,50
20633,50
20634,50
20635,50
20636,50
20637,50
20638,50
20639,50
20640,50
20641,50
20642,50
20643,50
20644,50
20645,50
20646,50
20647,50
20648,50
20649,50
20650,50
20651,50
20652,50
20653,50
20654,50
20655,50
20656,50
20657,50
20658,50
20659,50
20660,50
20661,50
20662,50
20663,50
20664,50
20665,50
20666,50
20667,50
20668,50
20669,50
20670,50
20671,50
20672,50
20673,50
20674,50
20675,50
20676,50
20677,50
20678,50
20679,50
20680,50
20681,50
20682,50
20683,50
20684,50
20685,50
20686,50
20687,50
20688,50
20689,50
20690,50
20691,50
20692,50
20693,50
20694,50
20695,50
20696,50
20697,50
20698,50
20699,50
20700,50
20701,50
20702,50
20703,50
20704,50
20705,50
20706,50
20707,50
20708,50
20709,50
20710,50
20711,50
20712,50
20713,50
20714,50
20715,50
20716,50
20717,50
20718,50
20719,50
20720,50
20721,50
20722,50
20723,50
20724,50
20725,50
20726,50
20727,50
20728,50
20729,50
20730,50
20731,50
20732,50
20733,50
20734,49
20735,49
20736,49
20737,49
20738,49
20739,49
20740,49
20741,49
20742,49
20743,49
20744,49
20745,49
20746,49
20747,49
20748,49
20749,49
20750,49
20751,49
20752,49
20753,49
20754,49
20755,49
20756,49
20757,49
20758,49
20759,49
20760,49
20761,49
20762,49
20763,49
20764,49
20765,49
20766,49
20767,49
20768,49
20769,49
20770,49
20771,49
20772,49
20773,49
20774,49
20775,49
20776,49
20777,49
20778,49
20779,49
20780,49
20781,49
20782,49
20783,49
20784,49
20785,49
20786,49
20787,49
20788,49
20789,49
20790,49
20791,49
20792,49
20793,49
20794,49
20795,49
20796,49
20797,49
20798,49
20799,49
20800,49
20801,49
20802,49
20803,49
20804,49
20805,49
20806,49
20807,49
20808,49
20809,49
20810,49
20811,49
20812,49
20813,49
20814,49
20815,49
20816,49
20817,49
20818,49
20819,49
20820,49
20821,49
20822,49
20823,49
20824,49
20825,49
20826,49
20827,49
20828,49
20829,49
20830,49
20831,49
20832,49
20833,49
20834,49
20835,49
20836,49
20837,49
20838,49
20839,49
20840,49
20841,49
20842,49
20843,49
20844,49
20845,49
20846,49
20847,49
20848,49
20849,49
20850,49
20851,49
20852,49
20853,49
20854,49
20855,49
20856,49
20857,49
20858,49
20859,49
20860,49
20861,49
20862,49
20863,49
20864,49
20865,49
20866,49
20867,49
20868,49
20869,49
20870,49
20871,49
20872,49
20873,49
20874,49
20875,49
20876,49
20877,49
20878,49
20879,49
20880,49
20881,49
20882,49
20883,49
20884,49
20885,49
20886,49
20887,49
20888,49
20889,49
20890,49
20891,49
20892,49
20893,49
20894,49
20895,49
20896,49
20897,49
20898,49
20899,49
20900,49
20901,49
20902,49
20903,49
20904,49
20905,49
20906,49
20907,49
20908,49
20909,49
20910,49
20911,49
20912,49
20913,49
20914,49
20915,49
20916,49
20917,49
20918,49
20919,49
20920,49
20921,49
20922,49
20923,49
20924,49
20925,49
20926,49
20927,49
20928,49
20929,49
20930,49
20931,49
20932,49
20933,49
20934,49
20935,49
20936,49
20937,49
20938,49
20939,49
20940,49
20941,49
20942,49
20943,49
20944,49
20945,49
20946,49
20947,49
20948,49
20949,49
20950,49
20951,49
20952,49
20953,49
20954,49
20955,49
20956,49
20957,49
20958,49
20959,48
20960,48
20961,48
20962,48
20963,48
20964,48
20965,48
20966,48
20967,48
20968,48
20969,48
20970,48
20971,48
20972,48
20973,48
20974,48
20975,48
20976,48
20977,48
20978,48
20979,48
20980,48
20981,48
20982,48
20983,48
20984,48
20985,48
20986,48
20987,48
20988,48
20989,48
20990,48
20991,48
20992,48
20993,48
20994,48
20995,48
20996,48
20997,48
20998,48
20999,48
21000,48
21001,48
21002,48
21003,48
21004,48
21005,48
21006,48
21007,48
21008,48
21009,48
21010,48
21011,48
21012,48
21013,48
21014,48
21015,48
21016,48
21017,48
21018,48
21019,48
21020,48
21021,48
21022,48
21023,48
21024,48
21025,48
21026,48
21027,48
21028,48
21029,48
21030,48
21031,48
21032,48
21033,48
21034,48
21035,48
21036,48
21037,48
21038,48
21039,48
21040,48
21041,48
21042,48
21043,48
21044,48
21045,48
21046,48
21047,48
21048,48
21049,48
21050,48
21051,48
21052,48
21053,48
21054,48
21055,48
21056,48
21057,48
21058,48
21059,48
21060,48
21061,48
21062,48
21063,48
21064,48
21065,48
21066,48
21067,48
21068,48
21069,48
21070,48
21071,48
21072,48
21073,48
21074,48
21075,48
21076,48
21077,48
21078,48
21079,48
21080,48
21081,48
21082,48
21083,48
21084,48
21085,48
21086,48
21087,48
21088,48
21089,48
21090,48
21091,48
21092,48
21093,48
21094,48
21095,48
21096,48
21097,48
21098,48
21099,48
21100,48
21101,48
21102,48
21103,48
21104,48
21105,48
21106,48
21107,48
21108,48
21109,48
21110,48
21111,48
21112,48
21113,48
21114,48
21115,48
21116,48
21117,48
21118,48
21119,48
21120,48
21121,48
21122,48
21123,48
21124,48
21125,48
21126,48
21127,48
21128,48
21129,48
21130,48
21131,48
21132,48
21133,48
21134,48
21135,48
21136,48
21137,48
21138,48
21139,48
21140,48
21141,48
21142,48
21143,48
21144,48
21145,48
21146,48
21147,48
21148,48
21149,48
21150,48
21151,48
21152,48
21153,48
21154,48
21155,48
21156,48
21157,48
21158,48
21159,48
21160,48
21161,48
21162,48
21163,48
21164,48
21165,48
21166,48
21167,48
21168,48
21169,48
21170,48
21171,48
21172,48
21173,48
21174,48
21175,48
21176,48
21177,48
21178,48
21179,48
21180,48
21181,48
21182,48
21183,48
21184,48
21185,48
21186,48
21187,48
21188,47
21189,47
21190,47
21191,47
21192,47
21193,47
21194,47
21195,47
21196,47
21197,47
21198,47
21199,47
21200,47
21201,47
21202,47
21203,47
21204,47
21205,47
21206,47
21207,47
21208,47
21209,47
21210,47
21211,47
21212,47
21213,47
21214,47
21215,47
21216,47
21217,47
21218,47
21219,47
21220,47
21221,47
21222,47
21223,47
21224,47
21225,47
21226,47
21227,47
21228,47
21229,47
21230,47
21231,47
21232,47
21233,47
21234,47
21235,47
21236,47
21237,47
21238,47
21239,47
21240,47
21241,47
21242,47
21243,47
21244,47
21245,47
21246,47
21247,47
21248,47
21249,47
21250,47
21251,47
21252,47
21253,47
21254,47
21255,47
21256,47
21257,47
21258,47
21259,47
21260,47
21261,47
21262,47
21263,47
21264,47
21265,47
21266,47
21267,47
21268,47
21269,47
21270,47
21271,47
21272,47
21273,47
21274,47
21275,47
21276,47
21277,47
21278,47
21279,47
21280,47
21281,47
21282,47
21283,47
21284,47
21285,47
21286,47
21287,47
21288,47
21289,47
21290,47
21291,47
21292,47
21293,47
21294,47
21295,47
21296,47
21297,47
21298,47
21299,47
21300,47
21301,47
21302,47
21303,47
21304,47
21305,47
21306,47
21307,47
21308,47
21309,47
21310,47
21311,47
21312,47
21313,47
21314,47
21315,47
21316,47
21317,47
21318,47
21319,47
21320,47
21321,47
21322,47
21323,47
21324,47
21325,47
21326,47
21327,47
21328,47
21329,47
21330,47
21331,47
21332,47
21333,47
21334,47
21335,47
21336,47
21337,47
21338,47
21339,47
21340,47
21341,47
21342,47
21343,47
21344,47
21345,47
21346,47
21347,47
21348,47
21349,47
21350,47
21351,47
21352,47
21353,47
21354,47
21355,47
21356,47
21357,47
21358,47
21359,47
21360,47
21361,47
21362,47
21363,47
21364,47
21365,47
21366,47
21367,47
21368,47
21369,47
21370,47
21371,47
21372,47
21373,47
21374,47
21375,47
21376,47
21377,46
21378,46
21379,46
21380,46
21381,46
21382,46
21383,46
21384,46
21385,46
21386,46
21387,46
21388,46
21389,46
21390,46
21391,46
21392,46
21393,46
21394,46
21395,46
21396,46
21397,46
21398,46
21399,46
21400,46
21401,46
21402,46
21403,46
21404,46
21405,46
21406,46
21407,46
21408,46
21409,46
21410,46
21411,46
21412,46
21413,46
21414,46
21415,46
21416,46
21417,46
21418,46
21419,46
21420,46
21421,46
21422,46
21423,46
21424,46
21425,46
21426,46
21427,46
21428,46
21429,46
21430,46
21431,46
21432,46
21433,46
21434,46
21435,46
21436,46
21437,46
21438,46
21439,46
21440,46
21441,46
21442,46
21443,46
21444,46
21445,46
21446,46
21447,46
21448,46
21449,46
21450,46
21451,46
21452,46
21453,46
21454,46
21455,46
21456,46
21457,46
21458,46
21459,46
21460,46
21461,46
21462,46
21463,46
21464,46
21465,46
21466,46
21467,46
21468,46
21469,46
21470,46
21471,46
21472,46
21473,46
21474,46
21475,46
21476,46
21477,46
21478,46
21479,46
21480,46
21481,46
21482,46
21483,46
21484,46
21485,46
21486,46
21487,46
21488,46
21489,46
21490,46
21491,46
21492,46
21493,46
21494,46
21495,46
21496,46
21497,46
21498,46
21499,46
21500,46
21501,46
21502,46
21503,46
21504,46
21505,46
21506,46
21507,46
21508,46
21509,46
21510,46
21511,46
21512,46
21513,46
21514,46
21515,46
21516,46
21517,46
21518,46
21519,46
21520,46
21521,46
21522,46
21523,46
21524,46
21525,46
21526,46
21527,46
21528,46
21529,46
21530,46
21531,46
21532,46
21533,46
21534,46
21535,46
21536,46
21537,46
21538,46
21539,46
21540,46
21541,46
21542,46
21543,46
21544,46
21545,46
21546,46
21547,46
21548,46
21549,46
21550,46
21551,46
21552,46
21553,46
21554,46
21555,46
21556,46
21557,46
21558,46
21559,46
21560,46
21561,46
21562,46
21563,46
21564,46
21565,46
21566,46
21567,46
21568,46
21569,46
21570,46
21571,46
21572,46
21573,46
21574,46
21575,46
21576,46
21577,46
21578,46
21579,46
21580,46
21581,46
21582,46
21583,46
21584,46
21585,46
21586,46
21587,46
21588,46
21589,46
21590,46
21591,46
21592,46
21593,46
21594,46
21595,46
21596,46
21597,46
21598,46
21599,46
21600,46
21601,46
21602,46
21603,46
21604,46
21605,46
21606,46
21607,46
21608,46
21609,46
21610,46
21611,46
21612,46
21613,45
21614,45
21615,45
21616,45
21617,45
21618,45
21619,45
21620,45
21621,45
21622,45
21623,45
21624,45
21625,45
21626,45
21627,45
21628,45
21629,45
21630,45
21631,45
21632,45
21633,45
21634,45
21635,45
21636,45
21637,45
21638,45
21639,45
21640,45
21641,45
21642,45
21643,45
21644,45
21645,45
21646,45
21647,45
21648,45
21649,45
21650,45
21651,45
21652,45
21653,45
21654,45
21655,45
21656,45
21657,45
21658,45
21659,45
21660,45
21661,45
21662,45
21663,45
21664,45
21665,45
21666,45
21667,45
21668,45
21669,45
21670,45
21671,45
21672,45
21673,45
21674,45
21675,45
21676,45
21677,45
21678,45
21679,45
21680,45
21681,45
21682,45
21683,45
21684,45
21685,45
21686,45
21687,45
21688,45
21689,45
21690,45
21691,45
21692,45
21693,45
21694,45
21695,45
21696,45
21697,45
21698,45
21699,45
21700,45
21701,45
21702,45
21703,45
21704,45
21705,45
21706,45
21707,45
21708,45
21709,45
21710,45
21711,45
21712,45
21713,45
21714,45
21715,45
21716,45
21717,45
21718,45
21719,45
21720,45
21721,45
21722,45
21723,45
21724,45
21725,45
21726,45
21727,45
21728,45
21729,45
21730,45
21731,45
21732,45
21733,45
21734,45
21735,45
21736,45
21737,45
21738,45
21739,45
21740,45
21741,45
21742,45
21743,45
21744,45
21745,45
21746,45
21747,45
21748,45
21749,45
21750,45
21751,45
21752,45
21753,45
21754,45
21755,45
21756,45
21757,45
21758,45
21759,45
21760,45
21761,45
21762,45
21763,45
21764,45
21765,45
21766,45
21767,45
21768,45
21769,45
21770,45
21771,45
21772,45
21773,45
21774,45
21775,45
21776,45
21777,45
21778,45
21779,45
21780,45
21781,45
21782,45
21783,45
21784,45
21785,45
21786,45
21787,45
21788,45
21789,45
21790,45
21791,45
21792,45
21793,45
21794,45
21795,45
21796,45
21797,45
21798,45
21799,45
21800,45
21801,45
21802,45
21803,45
21804,45
21805,45
21806,45
21807,45
21808,45
21809,45
21810,45
21811,45
21812,45
21813,45
21814,45
21815,45
21816,45
21817,45
21818,45
21819,45
21820,45
21821,45
21822,45
21823,45
21824,45
21825,45
21826,45
21827,45
21828,45
21829,45
21830,45
21831,45
21832,45
21833,45
21834,45
21835,45
21836,45
21837,45
21838,45
21839,45
21840,45
21841,45
21842,45
21843,45
21844,45
21845,45
21846,45
21847,45
21848,45
21849,45
21850,45
21851,45
21852,45
21853,45
21854,45
21855,45
21856,44
21857,44
21858,44
21859,44
21860,44
21861,44
21862,44
21863,44
21864,44
21865,44
21866,44
21867,44
21868,44
21869,44
21870,44
21871,44
21872,44
21873,44
21874,44
21875,44
21876,44
21877,44
21878,44
21879,44
21880,44
21881,44
21882,44
21883,44
21884,44
21885,44
21886,44
21887,44
21888,44
21889,44
21890,44
21891,44
21892,44
21893,44
21894,44
21895,44
21896,44
21897,44
21898,44
21899,44
21900,44
21901,44
21902,44
21903,44
21904,44
21905,44
21906,44
21907,44
21908,44
21909,44
21910,44
21911,44
21912,44
21913,44
21914,44
21915,44
21916,44
21917,44
21918,44
21919,44
21920,44
21921,44
21922,44
21923,44
21924,44
21925,44
21926,44
21927,44
21928,44
21929,44
21930,44
21931,44
21932,44
21933,44
21934,44
21935,44
21936,44
21937,44
21938,44
21939,44
21940,44
21941,44
21942,44
21943,44
21944,44
21945,44
21946,44
21947,44
21948,44
21949,44
21950,44
21951,44
21952,44
21953,44
21954,44
21955,44
21956,44
21957,44
21958,44
21959,44
21960,44
21961,44
21962,44
21963,44
21964,44
21965,44
21966,44
21967,44
21968,44
21969,44
21970,44
21971,44
21972,44
21973,44
21974,44
21975,44
21976,44
21977,44
21978,44
21979,44
21980,44
21981,44
21982,44
21983,44
21984,44
21985,44
21986,44
21987,44
21988,44
21989,44
21990,44
21991,44
21992,44
21993,44
21994,44
21995,44
21996,44
21997,44
21998,44
21999,44
22000,44
22001,44
22002,44
22003,44
22004,44
22005,44
22006,44
22007,44
22008,44
22009,44
22010,44
22011,44
22012,44
22013,44
22014,44
22015,44
22016,44
22017,44
22018,44
22019,44
22020,44
22021,44
22022,44
22023,44
22024,44
22025,44
22026,44
22027,44
22028,44
22029,44
22030,44
22031,44
22032,44
22033,44
22034,44
22035,44
22036,44
22037,44
22038,44
22039,44
22040,44
22041,44
22042,44
22043,44
22044,44
22045,44
22046,44
22047,44
22048,44
22049,44
22050,44
22051,44
22052,44
22053,44
22054,44
22055,44
22056,44
22057,44
22058,44
22059,44
22060,44
22061,44
22062,44
22063,44
22064,44
22065,44
22066,44
22067,44
22068,44
22069,44
22070,44
22071,44
22072,44
22073,44
22074,44
22075,44
22076,44
22077,44
22078,44
22079,44
22080,44
22081,44
22082,44
22083,44
22084,44
22085,44
22086,44
22087,44
22088,44
22089,44
22090,44
22091,44
22092,44
22093,44
22094,44
22095,44
22096,44
22097,44
22098,44
22099,44
22100,44
22101,44
22102,44
22103,44
22104,44
22105,44
22106,44
22107,44
22108,44
22109,44
22110,44
22111,44
22112,44
22113,44
22114,44
22115,44
22116,44
22117,43
22118,43
22119,43
22120,43
22121,43
22122,43
22123,43
22124,43
22125,43
22126,43
22127,43
22128,43
22129,43
22130,43
22131,43
22132,43
22133,43
22134,43
22135,43
22136,43
22137,43
22138,43
22139,43
22140,43
22141,43
22142,43
22143,43
22144,43
22145,43
22146,43
22147,43
22148,43
22149,43
22150,43
22151,43
22152,43
22153,43
22154,43
22155,43
22156,43
22157,43
22158,43
22159,43
22160,43
22161,43
22162,43
22163,43
22164,43
22165,43
22166,43
22167,43
22168,43
22169,43
22170,43
22171,43
22172,43
22173,43
22174,43
22175,43
22176,43
22177,43
22178,43
22179,43
22180,43
22181,43
22182,43
22183,43
22184,43
22185,43
22186,43
22187,43
22188,43
22189,43
22190,43
22191,43
22192,43
22193,43
22194,43
22195,43
22196,43
22197,43
22198,43
22199,43
22200,43
22201,43
22202,43
22203,43
22204,43
22205,43
22206,43
22207,43
22208,43
22209,43
22210,43
22211,43
22212,43
22213,43
22214,43
22215,43
22216,43
22217,43
22218,43
22219,43
22220,43
22221,43
22222,43
22223,43
22224,43
22225,43
22226,43
22227,43
22228,43
22229,43
22230,43
22231,43
22232,43
22233,43
22234,43
22235,43
22236,43
22237,43
22238,43
22239,43
22240,43
22241,43
22242,43
22243,43
22244,43
22245,43
22246,43
22247,43
22248,43
22249,43
22250,43
22251,43
22252,43
22253,43
22254,43
22255,43
22256,43
22257,43
22258,43
22259,43
22260,43
22261,43
22262,43
22263,43
22264,43
22265,43
22266,43
22267,43
22268,43
22269,43
22270,43
22271,43
22272,43
22273,43
22274,43
22275,43
22276,43
22277,43
22278,43
22279,43
22280,43
22281,43
22282,43
22283,43
22284,43
22285,43
22286,43
22287,43
22288,43
22289,43
22290,43
22291,43
22292,43
22293,43
22294,43
22295,43
22296,43
22297,43
22298,43
22299,43
22300,43
22301,43
22302,43
22303,43
22304,43
22305,43
22306,43
22307,43
22308,43
22309,43
22310,43
22311,43
22312,43
22313,43
22314,43
22315,43
22316,43
22317,43
22318,43
22319,43
22320,43
22321,43
22322,43
22323,43
22324,43
22325,43
22326,43
22327,43
22328,43
22329,43
22330,43
22331,43
22332,43
22333,43
22334,43
22335,43
22336,43
22337,43
22338,43
22339,43
22340,43
22341,43
22342,43
22343,43
22344,43
22345,43
22346,43
22347,43
22348,43
22349,43
22350,43
22351,43
22352,43
22353,43
22354,43
22355,43
22356,43
22357,43
22358,43
22359,43
22360,43
22361,43
22362,43
22363,43
22364,43
22365,43
22366,43
22367,43
22368,43
22369,43
22370,43
22371,43
22372,42
22373,42
22374,42
22375,42
22376,42
22377,42
22378,42
22379,42
22380,42
22381,42
22382,42
22383,42
22384,42
22385,42
22386,42
22387,42
22388,42
22389,42
22390,42
22391,42
22392,42
22393,42
22394,42
22395,42
22396,42
22397,42
22398,42
22399,42
22400,42
22401,42
22402,42
22403,42
22404,42
22405,42
22406,42
22407,42
22408,42
22409,42
22410,42
22411,42
22412,42
22413,42
22414,42
22415,42
22416,42
22417,42
22418,42
22419,42
22420,42
22421,42
22422,42
22423,42
22424,42
22425,42
22426,42
22427,42
22428,42
22429,42
22430,42
22431,42
22432,42
22433,42
22434,42
22435,42
22436,42
22437,42
22438,42
22439,42
22440,42
22441,42
22442,42
22443,42
22444,42
22445,42
22446,42
22447,42
22448,42
22449,42
22450,42
22451,42
22452,42
22453,42
22454,42
22455,42
22456,42
22457,42
22458,42
22459,42
22460,42
22461,42
22462,42
22463,42
22464,42
22465,42
22466,42
22467,42
22468,42
22469,42
22470,42
22471,42
22472,42
22473,42
22474,42
22475,42
22476,42
22477,42
22478,42
22479,42
22480,42
22481,42
22482,42
22483,42
22484,42
22485,42
22486,42
22487,42
22488,42
22489,42
22490,42
22491,42
22492,42
22493,42
22494,42
22495,42
22496,42
22497,42
22498,42
22499,42
22500,42
22501,42
22502,42
22503,42
22504,42
22505,42
22506,42
22507,42
22508,42
22509,42
22510,42
22511,42
22512,42
22513,42
22514,42
22515,42
22516,42
22517,42
22518,42
22519,42
22520,42
22521,42
22522,42
22523,42
22524,42
22525,42
22526,42
22527,42
22528,42
22529,42
22530,42
22531,42
22532,42
22533,42
22534,42
22535,42
22536,42
22537,42
22538,42
22539,42
22540,42
22541,42
22542,42
22543,42
22544,42
22545,42
22546,42
22547,42
22548,42
22549,42
22550,42
22551,42
22552,42
22553,42
22554,42
22555,42
22556,42
22557,42
22558,42
22559,42
22560,42
22561,42
22562,42
22563,42
22564,42
22565,42
22566,42
22567,42
22568,42
22569,42
22570,42
22571,42
22572,42
22573,42
22574,42
22575,42
22576,42
22577,42
22578,42
22579,42
22580,42
22581,42
22582,42
22583,42
22584,42
22585,42
22586,42
22587,42
22588,42
22589,42
22590,42
22591,42
22592,42
22593,42
22594,42
22595,42
22596,42
22597,42
22598,42
22599,42
22600,42
22601,42
22602,42
22603,42
22604,42
22605,42
22606,42
22607,42
22608,42
22609,42
22610,42
22611,42
22612,42
22613,42
22614,42
22615,42
22616,42
22617,42
22618,42
22619,42
22620,42
22621,42
22622,42
22623,42
22624,42
22625,42
22626,42
22627,42
22628,42
22629,41
22630,41
22631,41
22632,41
22633,41
22634,41
22635,41
22636,41
22637,41
22638,41
22639,41
22640,41
22641,41
22642,41
22643,41
22644,41
22645,41
22646,41
22647,41
22648,41
22649,41
22650,41
22651,41
22652,41
22653,41
22654,41
22655,41
22656,41
22657,41
22658,41
22659,41
22660,41
22661,41
22662,41
22663,41
22664,41
22665,41
22666,41
22667,41
22668,41
22669,41
22670,41
22671,41
22672,41
22673,41
22674,41
22675,41
22676,41
22677,41
22678,41
22679,41
22680,41
22681,41
22682,41
22683,41
22684,41
22685,41
22686,41
22687,41
22688,41
22689,41
22690,41
22691,41
22692,41
22693,41
22694,41
22695,41
22696,41
22697,41
22698,41
22699,41
22700,41
22701,41
22702,41
22703,41
22704,41
22705,41
22706,41
22707,41
22708,41
22709,41
22710,41
22711,41
22712,41
22713,41
22714,41
22715,41
22716,41
22717,41
22718,41
22719,41
22720,41
22721,41
22722,41
22723,41
22724,41
22725,41
22726,41
22727,41
22728,41
22729,41
22730,41
22731,41
22732,41
22733,41
22734,41
22735,41
22736,41
22737,41
22738,41
22739,41
22740,41
22741,41
22742,41
22743,41
22744,41
22745,41
22746,41
22747,41
22748,41
22749,41
22750,41
22751,41
22752,41
22753,41
22754,41
22755,41
22756,41
22757,41
22758,41
22759,41
22760,41
22761,41
22762,41
22763,41
22764,41
22765,41
22766,41
22767,41
22768,41
22769,41
22770,41
22771,41
22772,41
22773,41
22774,41
22775,41
22776,41
22777,41
22778,41
22779,41
22780,41
22781,41
22782,41
22783,41
22784,41
22785,41
22786,41
22787,41
22788,41
22789,41
22790,41
22791,41
22792,41
22793,41
22794,41
22795,41
22796,41
22797,41
22798,41
22799,41
22800,41
22801,41
22802,41
22803,41
22804,41
22805,41
22806,41
22807,41
22808,41
22809,41
22810,41
22811,41
22812,41
22813,41
22814,41
22815,41
22816,41
22817,41
22818,41
22819,41
22820,41
22821,41
22822,41
22823,41
22824,41
22825,41
22826,41
22827,41
22828,41
22829,41
22830,41
22831,41
22832,41
22833,41
22834,41
22835,41
22836,41
22837,41
22838,41
22839,41
22840,41
22841,41
22842,41
22843,41
22844,41
22845,41
22846,41
22847,41
22848,41
22849,41
22850,41
22851,41
22852,41
22853,41
22854,41
22855,41
22856,41
22857,41
22858,41
22859,41
22860,41
22861,41
22862,41
22863,41
22864,41
22865,41
22866,41
22867,41
22868,41
22869,41
22870,41
22871,41
22872,41
22873,41
22874,41
22875,41
22876,41
22877,41
22878,41
22879,41
22880,41
22881,41
22882,41
22883,41
22884,41
22885,41
22886,41
22887,41
22888,41
22889,41
22890,41
22891,41
22892,41
22893,41
22894,41
22895,40
22896,40
22897,40
22898,40
22899,40
22900,40
22901,40
22902,40
22903,40
22904,40
22905,40
22906,40
22907,40
22908,40
22909,40
22910,40
22911,40
22912,40
22913,40
22914,40
22915,40
22916,40
22917,40
22918,40
22919,40
22920,40
22921,40
22922,40
22923,40
22924,40
22925,40
22926,40
22927,40
22928,40
22929,40
22930,40
22931,40
22932,40
22933,40
22934,40
22935,40
22936,40
22937,40
22938,40
22939,40
22940,40
22941,40
22942,40
22943,40
22944,40
22945,40
22946,40
22947,40
22948,40
22949,40
22950,40
22951,40
22952,40
22953,40
22954,40
22955,40
22956,40
22957,40
22958,40
22959,40
22960,40
22961,40
22962,40
22963,40
22964,40
22965,40
22966,40
22967,40
22968,40
22969,40
22970,40
22971,40
22972,40
22973,40
22974,40
22975,40
22976,40
22977,40
22978,40
22979,40
22980,40
22981,40
22982,40
22983,40
22984,40
22985,40
22986,40
22987,40
22988,40
22989,40
22990,40
22991,40
22992,40
22993,40
22994,40
22995,40
22996,40
22997,40
22998,40
22999,40
23000,40
23001,40
23002,40
23003,40
23004,40
23005,40
23006,40
23007,40
23008,40
23009,40
23010,40
23011,40
23012,40
23013,40
23014,40
23015,40
23016,40
23017,40
23018,40
23019,40
23020,40
23021,40
23022,40
23023,40
23024,40
23025,40
23026,40
23027,40
23028,40
23029,40
23030,40
23031,40
23032,40
23033,40
23034,40
23035,40
23036,40
23037,40
23038,40
23039,40
23040,40
23041,40
23042,40
23043,40
23044,40
23045,40
23046,40
23047,40
23048,40
23049,40
23050,40
23051,40
23052,40
23053,40
23054,40
23055,40
23056,40
23057,40
23058,40
23059,40
23060,40
23061,40
23062,40
23063,40
23064,40
23065,40
23066,40
23067,40
23068,40
23069,40
23070,40
23071,40
23072,40
23073,40
23074,40
23075,40
23076,40
23077,40
23078,40
23079,40
23080,40
23081,40
23082,40
23083,40
23084,40
23085,40
23086,40
23087,40
23088,40
23089,40
23090,40
23091,40
23092,40
23093,40
23094,40
23095,40
23096,40
23097,40
23098,40
23099,40
23100,40
23101,40
23102,40
23103,40
23104,40
23105,40
23106,40
23107,40
23108,40
23109,40
23110,40
23111,40
23112,40
23113,40
23114,40
23115,40
23116,40
23117,40
23118,40
23119,40
23120,40
23121,40
23122,40
23123,40
23124,40
23125,40
23126,40
23127,40
23128,40
23129,40
23130,40
23131,40
23132,40
23133,40
23134,40
23135,40
23136,40
23137,40
23138,40
23139,40
23140,40
23141,40
23142,40
23143,40
23144,40
23145,40
23146,40
23147,40
23148,40
23149,40
23150,40
23151,40
23152,40
23153,40
23154,40
23155,40
23156,40
23157,40
23158,40
23159,40
23160,40
23161,40
23162,40
23163,40
23164,40
23165,40
23166,40
23167,40
23168,40
23169,40
23170,40
23171,40
23172,40
23173,40
23174,40
23175,40
23176,40
23177,40
23178,40
23179,40
23180,40
23181,40
23182,40
23183,40
23184,40
23185,40
23186,40
23187,40
23188,40
23189,40
23190,40
23191,40
23192,40
23193,40
23194,40
23195,40
23196,40
23197,40
23198,40
23199,39
23200,39
23201,39
23202,39
23203,39
23204,39
23205,39
23206,39
23207,39
23208,39
23209,39
23210,39
23211,39
23212,39
23213,39
23214,39
23215,39
23216,39
23217,39
23218,39
23219,39
23220,39
23221,39
23222,39
23223,39
23224,39
23225,39
23226,39
23227,39
23228,39
23229,39
23230,39
23231,39
23232,39
23233,39
23234,39
23235,39
23236,39
23237,39
23238,39
23239,39
23240,39
23241,39
23242,39
23243,39
23244,39
23245,39
23246,39
23247,39
23248,39
23249,39
23250,39
23251,39
23252,39
23253,39
23254,39
23255,39
23256,39
23257,39
23258,39
23259,39
23260,39
23261,39
23262,39
23263,39
23264,39
23265,39
23266,39
23267,39
23268,39
23269,39
23270,39
23271,39
23272,39
23273,39
23274,39
23275,39
23276,39
23277,39
23278,39
23279,39
23280,39
23281,39
23282,39
23283,39
23284,39
23285,39
23286,39
23287,39
23288,39
23289,39
23290,39
23291,39
23292,39
23293,39
23294,39
23295,39
23296,39
23297,39
23298,39
23299,39
23300,39
23301,39
23302,39
23303,39
23304,39
23305,39
23306,39
23307,39
23308,39
23309,39
23310,39
23311,39
23312,39
23313,39
23314,39
23315,39
23316,39
23317,39
23318,39
23319,39
23320,39
23321,39
23322,39
23323,39
23324,39
23325,39
23326,39
23327,39
23328,39
23329,39
23330,39
23331,39
23332,39
23333,39
23334,39
23335,39
23336,39
23337,39
23338,39
23339,39
23340,39
23341,39
23342,39
23343,39
23344,39
23345,39
23346,39
23347,39
23348,39
23349,39
23350,39
23351,39
23352,39
23353,39
23354,39
23355,39
23356,39
23357,39
23358,39
23359,39
23360,39
23361,39
23362,39
23363,39
23364,39
23365,39
23366,39
23367,39
23368,39
23369,39
23370,39
23371,39
23372,39
23373,39
23374,39
23375,39
23376,39
23377,39
23378,39
23379,39
23380,39
23381,39
23382,39
23383,39
23384,39
23385,39
23386,39
23387,39
23388,39
23389,39
23390,39
23391,39
23392,39
23393,39
23394,39
23395,39
23396,39
23397,39
23398,39
23399,39
23400,39
23401,39
23402,39
23403,39
23404,39
23405,39
23406,39
23407,39
23408,39
23409,39
23410,39
23411,39
23412,39
23413,39
23414,39
23415,39
23416,39
23417,39
23418,39
23419,39
23420,39
23421,39
23422,39
23423,39
23424,39
23425,39
23426,39
23427,39
23428,39
23429,39
23430,39
23431,39
23432,39
23433,39
23434,39
23435,39
23436,39
23437,39
23438,39
23439,39
23440,39
23441,39
23442,39
23443,39
23444,39
23445,39
23446,39
23447,39
23448,39
23449,39
23450,39
23451,39
23452,39
23453,39
23454,39
23455,39
23456,39
23457,39
23458,39
23459,39
23460,39
23461,39
23462,39
23463,39
23464,39
23465,39
23466,39
23467,39
23468,39
23469,39
23470,39
23471,39
23472,39
23473,39
23474,39
23475,39
23476,39
23477,39
23478,39
23479,39
23480,39
23481,39
23482,39
23483,39
23484,39
23485,39
23486,39
23487,39
23488,39
23489,39
23490,39
23491,39
23492,39
23493,39
23494,39
23495,39
23496,39
23497,39
23498,39
23499,39
23500,38
23501,38
23502,38
23503,38
23504,38
23505,38
23506,38
23507,38
23508,38
23509,38
23510,38
23511,38
23512,38
23513,38
23514,38
23515,38
23516,38
23517,38
23518,38
23519,38
23520,38
23521,38
23522,38
23523,38
23524,38
23525,38
23526,38
23527,38
23528,38
23529,38
23530,38
23531,38
23532,38
23533,38
23534,38
23535,38
23536,38
23537,38
23538,38
23539,38
23540,38
23541,38
23542,38
23543,38
23544,38
23545,38
23546,38
23547,38
23548,38
23549,38
23550,38
23551,38
23552,38
23553,38
23554,38
23555,38
23556,38
23557,38
23558,38
23559,38
23560,38
23561,38
23562,38
23563,38
23564,38
23565,38
23566,38
23567,38
23568,38
23569,38
23570,38
23571,38
23572,38
23573,38
23574,38
23575,38
23576,38
23577,38
23578,38
23579,38
23580,38
23581,38
23582,38
23583,38
23584,38
23585,38
23586,38
23587,38
23588,38
23589,38
23590,38
23591,38
23592,38
23593,38
23594,38
23595,38
23596,38
23597,38
23598,38
23599,38
23600,38
23601,38
23602,38
23603,38
23604,38
23605,38
23606,38
23607,38
23608,38
23609,38
23610,38
23611,38
23612,38
23613,38
23614,38
23615,38
23616,38
23617,38
23618,38
23619,38
23620,38
23621,38
23622,38
23623,38
23624,38
23625,38
23626,38
23627,38
23628,38
23629,38
23630,38
23631,38
23632,38
23633,38
23634,38
23635,38
23636,38
23637,38
23638,38
23639,38
23640,38
23641,38
23642,38
23643,38
23644,38
23645,38
23646,38
23647,38
23648,38
23649,38
23650,38
23651,38
23652,38
23653,38
23654,38
23655,38
23656,38
23657,38
23658,38
23659,38
23660,38
23661,38
23662,38
23663,38
23664,38
23665,38
23666,38
23667,38
23668,38
23669,38
23670,38
23671,38
23672,38
23673,38
23674,38
23675,38
23676,38
23677,38
23678,38
23679,38
23680,38
23681,38
23682,38
23683,38
23684,38
23685,38
23686,38
23687,38
23688,38
23689,38
23690,38
23691,38
23692,38
23693,38
23694,38
23695,38
23696,38
23697,38
23698,38
23699,38
23700,38
23701,38
23702,38
23703,38
23704,38
23705,38
23706,38
23707,38
23708,38
23709,38
23710,38
23711,38
23712,38
23713,38
23714,38
23715,38
23716,38
23717,38
23718,38
23719,38
23720,38
23721,38
23722,38
23723,38
23724,38
23725,38
23726,38
23727,38
23728,38
23729,38
23730,38
23731,38
23732,38
23733,38
23734,38
23735,38
23736,38
23737,38
23738,38
23739,38
23740,38
23741,38
23742,38
23743,38
23744,38
23745,38
23746,38
23747,38
23748,38
23749,38
23750,38
23751,38
23752,38
23753,38
23754,38
23755,38
23756,38
23757,38
23758,38
23759,38
23760,38
23761,38
23762,38
23763,38
23764,38
23765,38
23766,38
23767,38
23768,38
23769,38
23770,38
23771,38
23772,38
23773,38
23774,38
23775,38
23776,38
23777,38
23778,38
23779,38
23780,38
23781,38
23782,38
23783,38
23784,38
23785,38
23786,38
23787,38
23788,38
23789,38
23790,38
23791,38
23792,38
23793,38
23794,38
23795,38
23796,38
23797,38
23798,38
23799,38
23800,38
23801,38
23802,37
23803,37
23804,37
23805,37
23806,37
23807,37
23808,37
23809,37
23810,37
23811,37
23812,37
23813,37
23814,37
23815,37
23816,37
23817,37
23818,37
23819,37
23820,37
23821,37
23822,37
23823,37
23824,37
23825,37
23826,37
23827,37
23828,37
23829,37
23830,37
23831,37
23832,37
23833,37
23834,37
23835,37
23836,37
23837,37
23838,37
23839,37
23840,37
23841,37
23842,37
23843,37
23844,37
23845,37
23846,37
23847,37
23848,37
23849,37
23850,37
23851,37
23852,37
23853,37
23854,37
23855,37
23856,37
23857,37
23858,37
23859,37
23860,37
23861,37
23862,37
23863,37
23864,37
23865,37
23866,37
23867,37
23868,37
23869,37
23870,37
23871,37
23872,37
23873,37
23874,37
23875,37
23876,37
23877,37
23878,37
23879,37
23880,37
23881,37
23882,37
23883,37
23884,37
23885,37
23886,37
23887,37
23888,37
23889,37
23890,37
23891,37
23892,37
23893,37
23894,37
23895,37
23896,37
23897,37
23898,37
23899,37
23900,37
23901,37
23902,37
23903,37
23904,37
23905,37
23906,37
23907,37
23908,37
23909,37
23910,37
23911,37
23912,37
23913,37
23914,37
23915,37
23916,37
23917,37
23918,37
23919,37
23920,37
23921,37
23922,37
23923,37
23924,37
23925,37
23926,37
23927,37
23928,37
23929,37
23930,37
23931,37
23932,37
23933,37
23934,37
23935,37
23936,37
23937,37
23938,37
23939,37
23940,37
23941,37
23942,37
23943,37
23944,37
23945,37
23946,37
23947,37
23948,37
23949,37
23950,37
23951,37
23952,37
23953,37
23954,37
23955,37
23956,37
23957,37
23958,37
23959,37
23960,37
23961,37
23962,37
23963,37
23964,37
23965,37
23966,37
23967,37
23968,37
23969,37
23970,37
23971,37
23972,37
23973,37
23974,37
23975,37
23976,37
23977,37
23978,37
23979,37
23980,37
23981,37
23982,37
23983,37
23984,37
23985,37
23986,37
23987,37
23988,37
23989,37
23990,37
23991,37
23992,37
23993,37
23994,37
23995,37
23996,37
23997,37
23998,37
23999,37
24000,37
24001,37
24002,37
24003,37
24004,37
24005,37
24006,37
24007,37
24008,37
24009,37
24010,37
24011,37
24012,37
24013,37
24014,37
24015,37
24016,37
24017,37
24018,37
24019,37
24020,37
24021,37
24022,37
24023,37
24024,37
24025,37
24026,37
24027,37
24028,37
24029,37
24030,37
24031,37
24032,37
24033,37
24034,37
24035,37
24036,37
24037,37
24038,37
24039,37
24040,37
24041,37
24042,37
24043,37
24044,37
24045,37
24046,37
24047,37
24048,37
24049,37
24050,37
24051,37
24052,37
24053,37
24054,37
24055,37
24056,37
24057,37
24058,37
24059,37
24060,37
24061,37
24062,37
24063,37
24064,37
24065,37
24066,37
24067,37
24068,37
24069,37
24070,37
24071,37
24072,37
24073,37
24074,37
24075,37
24076,37
24077,37
24078,37
24079,37
24080,37
24081,37
24082,37
24083,37
24084,37
24085,37
24086,37
24087,37
24088,37
24089,37
24090,37
24091,37
24092,37
24093,37
24094,37
24095,37
24096,37
24097,37
24098,37
24099,37
24100,37
24101,37
24102,37
24103,37
24104,37
24105,37
24106,37
24107,37
24108,37
24109,37
24110,37
24111,37
24112,36
24113,36
24114,36
24115,36
24116,36
24117,36
24118,36
24119,36
24120,36
24121,36
24122,36
24123,36
24124,36
24125,36
24126,36
24127,36
24128,36
24129,36
24130,36
24131,36
24132,36
24133,36
24134,36
24135,36
24136,36
24137,36
24138,36
24139,36
24140,36
24141,36
24142,36
24143,36
24144,36
24145,36
24146,36
24147,36
24148,36
24149,36
24150,36
24151,36
24152,36
24153,36
24154,36
24155,36
24156,36
24157,36
24158,36
24159,36
24160,36
24161,36
24162,36
24163,36
24164,36
24165,36
24166,36
24167,36
24168,36
24169,36
24170,36
24171,36
24172,36
24173,36
24174,36
24175,36
24176,36
24177,36
24178,36
24179,36
24180,36
24181,36
24182,36
24183,36
24184,36
24185,36
24186,36
24187,36
24188,36
24189,36
24190,36
24191,36
24192,36
24193,36
24194,36
24195,36
24196,36
24197,36
24198,36
24199,36
24200,36
24201,36
24202,36
24203,36
24204,36
24205,36
24206,36
24207,36
24208,36
24209,36
24210,36
24211,36
24212,36
24213,36
24214,36
24215,36
24216,36
24217,36
24218,36
24219,36
24220,36
24221,36
24222,36
24223,36
24224,36
24225,36
24226,36
24227,36
24228,36
24229,36
24230,36
24231,36
24232,36
24233,36
24234,36
24235,36
24236,36
24237,36
24238,36
24239,36
24240,36
24241,36
24242,36
24243,36
24244,36
24245,36
24246,36
24247,36
24248,36
24249,36
24250,36
24251,36
24252,36
24253,36
24254,36
24255,36
24256,36
24257,36
24258,36
24259,36
24260,36
24261,36
24262,36
24263,36
24264,36
24265,36
24266,36
24267,36
24268,36
24269,36
24270,36
24271,36
24272,36
24273,36
24274,36
24275,36
24276,36
24277,36
24278,36
24279,36
24280,36
24281,36
24282,36
24283,36
24284,36
24285,36
24286,36
24287,36
24288,36
24289,36
24290,36
24291,36
24292,36
24293,36
24294,36
24295,36
24296,36
24297,36
24298,36
24299,36
24300,36
24301,36
24302,36
24303,36
24304,36
24305,36
24306,36
24307,36
24308,36
24309,36
24310,36
24311,36
24312,36
24313,36
24314,36
24315,36
24316,36
24317,36
24318,36
24319,36
24320,36
24321,36
24322,36
24323,36
24324,36
24325,36
24326,36
24327,36
24328,36
24329,36
24330,36
24331,36
24332,36
24333,36
24334,36
24335,36
24336,36
24337,36
24338,36
24339,36
24340,36
24341,36
24342,36
24343,36
24344,36
24345,36
24346,36
24347,36
24348,36
24349,36
24350,36
24351,36
24352,36
24353,36
24354,36
24355,36
24356,36
24357,36
24358,36
24359,36
24360,36
24361,36
24362,36
24363,36
24364,36
24365,36
24366,36
24367,36
24368,36
24369,36
24370,36
24371,36
24372,36
24373,36
24374,36
24375,36
24376,36
24377,36
24378,36
24379,36
24380,36
24381,36
24382,36
24383,36
24384,36
24385,36
24386,36
24387,36
24388,36
24389,36
24390,36
24391,36
24392,36
24393,36
24394,36
24395,36
24396,36
24397,36
24398,36
24399,36
24400,36
24401,36
24402,36
24403,36
24404,36
24405,36
24406,36
24407,36
24408,36
24409,36
24410,36
24411,36
24412,36
24413,36
24414,36
24415,36
24416,36
24417,36
24418,36
24419,36
24420,36
24421,36
24422,36
24423,36
24424,36
24425,36
24426,36
24427,36
24428,36
24429,36
24430,36
24431,36
24432,36
24433,36
24434,36
24435,36
24436,36
24437,36
24438,36
24439,36
24440,36
24441,36
24442,36
24443,36
24444,36
24445,36
24446,36
24447,36
24448,36
24449,36
24450,36
24451,36
24452,36
24453,36
24454,36
24455,35
24456,35
24457,35
24458,35
24459,35
24460,35
24461,35
24462,35
24463,35
24464,35
24465,35
24466,35
24467,35
24468,35
24469,35
24470,35
24471,35
24472,35
24473,35
24474,35
24475,35
24476,35
24477,35
24478,35
24479,35
24480,35
24481,35
24482,35
24483,35
24484,35
24485,35
24486,35
24487,35
24488,35
24489,35
24490,35
24491,35
24492,35
24493,35
24494,35
24495,35
24496,35
24497,35
24498,35
24499,35
24500,35
24501,35
24502,35
24503,35
24504,35
24505,35
24506,35
24507,35
24508,35
24509,35
24510,35
24511,35
24512,35
24513,35
24514,35
24515,35
24516,35
24517,35
24518,35
24519,35
24520,35
24521,35
24522,35
24523,35
24524,35
24525,35
24526,35
24527,35
24528,35
24529,35
24530,35
24531,35
24532,35
24533,35
24534,35
24535,35
24536,35
24537,35
24538,35
24539,35
24540,35
24541,35
24542,35
24543,35
24544,35
24545,35
24546,35
24547,35
24548,35
24549,35
24550,35
24551,35
24552,35
24553,35
24554,35
24555,35
24556,35
24557,35
24558,35
24559,35
24560,35
24561,35
24562,35
24563,35
24564,35
24565,35
24566,35
24567,35
24568,35
24569,35
24570,35
24571,35
24572,35
24573,35
24574,35
24575,35
24576,35
24577,35
24578,35
24579,35
24580,35
24581,35
24582,35
24583,35
24584,35
24585,35
24586,35
24587,35
24588,35
24589,35
24590,35
24591,35
24592,35
24593,35
24594,35
24595,35
24596,35
24597,35
24598,35
24599,35
24600,35
24601,35
24602,35
24603,35
24604,35
24605,35
24606,35
24607,35
24608,35
24609,35
24610,35
24611,35
24612,35
24613,35
24614,35
24615,35
24616,35
24617,35
24618,35
24619,35
24620,35
24621,35
24622,35
24623,35
24624,35
24625,35
24626,35
24627,35
24628,35
24629,35
24630,35
24631,35
24632,35
24633,35
24634,35
24635,35
24636,35
24637,35
24638,35
24639,35
24640,35
24641,35
24642,35
24643,35
24644,35
24645,35
24646,35
24647,35
24648,35
24649,35
24650,35
24651,35
24652,35
24653,35
24654,35
24655,35
24656,35
24657,35
24658,35
24659,35
24660,35
24661,35
24662,35
24663,35
24664,35
24665,35
24666,35
24667,35
24668,35
24669,35
24670,35
24671,35
24672,35
24673,35
24674,35
24675,35
24676,35
24677,35
24678,35
24679,35
24680,35
24681,35
24682,35
24683,35
24684,35
24685,35
24686,35
24687,35
24688,35
24689,35
24690,35
24691,35
24692,35
24693,35
24694,35
24695,35
24696,35
24697,35
24698,35
24699,35
24700,35
24701,35
24702,35
24703,35
24704,35
24705,35
24706,35
24707,35
24708,35
24709,35
24710,35
24711,35
24712,35
24713,35
24714,35
24715,35
24716,35
24717,35
24718,35
24719,35
24720,35
24721,35
24722,35
24723,35
24724,35
24725,35
24726,35
24727,35
24728,35
24729,35
24730,35
24731,35
24732,35
24733,35
24734,35
24735,35
24736,35
24737,35
24738,35
24739,35
24740,35
24741,35
24742,35
24743,35
24744,35
24745,35
24746,35
24747,35
24748,35
24749,35
24750,35
24751,35
24752,35
24753,35
24754,35
24755,35
24756,35
24757,35
24758,35
24759,35
24760,35
24761,35
24762,35
24763,35
24764,35
24765,35
24766,35
24767,35
24768,35
24769,35
24770,35
24771,35
24772,35
24773,35
24774,35
24775,35
24776,35
24777,35
24778,35
24779,35
24780,35
24781,35
24782,35
24783,35
24784,35
24785,35
24786,35
24787,35
24788,35
24789,35
24790,35
24791,35
24792,35
24793,35
24794,35
24795,35
24796,35
24797,35
24798,35
24799,35
24800,35
24801,35
24802,35
24803,35
24804,35
24805,35
24806,35
24807,35
24808,35
24809,35
24810,35
24811,35
24812,35
24813,35
24814,35
24815,35
24816,35
24817,35
24818,35
24819,35
24820,35
24821,35
24822,35
24823,35
24824,35
24825,35
24826,35
24827,35
24828,35
24829,34
24830,34
24831,34
24832,34
24833,34
24834,34
24835,34
24836,34
24837,34
24838,34
24839,34
24840,34
24841,34
24842,34
24843,34
24844,34
24845,34
24846,34
24847,34
24848,34
24849,34
24850,34
24851,34
24852,34
24853,34
24854,34
24855,34
24856,34
24857,34
24858,34
24859,34
24860,34
24861,34
24862,34
24863,34
24864,34
24865,34
24866,34
24867,34
24868,34
24869,34
24870,34
24871,34
24872,34
24873,34
24874,34
24875,34
24876,34
24877,34
24878,34
24879,34
24880,34
24881,34
24882,34
24883,34
24884,34
24885,34
24886,34
24887,34
24888,34
24889,34
24890,34
24891,34
24892,34
24893,34
24894,34
24895,34
24896,34
24897,34
24898,34
24899,34
24900,34
24901,34
24902,34
24903,34
24904,34
24905,34
24906,34
24907,34
24908,34
24909,34
24910,34
24911,34
24912,34
24913,34
24914,34
24915,34
24916,34
24917,34
24918,34
24919,34
24920,34
24921,34
24922,34
24923,34
24924,34
24925,34
24926,34
24927,34
24928,34
24929,34
24930,34
24931,34
24932,34
24933,34
24934,34
24935,34
24936,34
24937,34
24938,34
24939,34
24940,34
24941,34
24942,34
24943,34
24944,34
24945,34
24946,34
24947,34
24948,34
24949,34
24950,34
24951,34
24952,34
24953,34
24954,34
24955,34
24956,34
24957,34
24958,34
24959,34
24960,34
24961,34
24962,34
24963,34
24964,34
24965,34
24966,34
24967,34
24968,34
24969,34
24970,34
24971,34
24972,34
24973,34
24974,34
24975,34
24976,34
24977,34
24978,34
24979,34
24980,34
24981,34
24982,34
24983,34
24984,34
24985,34
24986,34
24987,34
24988,34
24989,34
24990,34
24991,34
24992,34
24993,34
24994,34
24995,34
24996,34
24997,34
24998,34
24999,34
25000,34
25001,34
25002,34
25003,34
25004,34
25005,34
25006,34
25007,34
25008,34
25009,34
25010,34
25011,34
25012,34
25013,34
25014,34
25015,34
25016,34
25017,34
25018,34
25019,34
25020,34
25021,34
25022,34
25023,34
25024,34
25025,34
25026,34
25027,34
25028,34
25029,34
25030,34
25031,34
25032,34
25033,34
25034,34
25035,34
25036,34
25037,34
25038,34
25039,34
25040,34
25041,34
25042,34
25043,34
25044,34
25045,34
25046,34
25047,34
25048,34
25049,34
25050,34
25051,34
25052,34
25053,34
25054,34
25055,34
25056,34
25057,34
25058,34
25059,34
25060,34
25061,34
25062,34
25063,34
25064,34
25065,34
25066,34
25067,34
25068,34
25069,34
25070,34
25071,34
25072,34
25073,34
25074,34
25075,34
25076,34
25077,34
25078,34
25079,34
25080,34
25081,34
25082,34
25083,34
25084,34
25085,34
25086,34
25087,34
25088,34
25089,34
25090,34
25091,34
25092,34
25093,34
25094,34
25095,34
25096,34
25097,34
25098,34
25099,34
25100,34
25101,34
25102,34
25103,34
25104,34
25105,34
25106,34
25107,34
25108,34
25109,34
25110,34
25111,34
25112,34
25113,34
25114,34
25115,34
25116,34
25117,34
25118,34
25119,34
25120,34
25121,34
25122,34
25123,34
25124,34
25125,34
25126,34
25127,34
25128,34
25129,34
25130,34
25131,34
25132,34
25133,34
25134,34
25135,34
25136,34
25137,34
25138,34
25139,34
25140,34
25141,34
25142,34
25143,34
25144,34
25145,34
25146,34
25147,34
25148,34
25149,34
25150,34
25151,34
25152,34
25153,34
25154,34
25155,34
25156,34
25157,34
25158,34
25159,34
25160,34
25161,34
25162,34
25163,34
25164,34
25165,34
25166,34
25167,34
25168,34
25169,34
25170,34
25171,34
25172,34
25173,34
25174,34
25175,34
25176,34
25177,33
25178,33
25179,33
25180,33
25181,33
25182,33
25183,33
25184,33
25185,33
25186,33
25187,33
25188,33
25189,33
25190,33
25191,33
25192,33
25193,33
25194,33
25195,33
25196,33
25197,33
25198,33
25199,33
25200,33
25201,33
25202,33
25203,33
25204,33
25205,33
25206,33
25207,33
25208,33
25209,33
25210,33
25211,33
25212,33
25213,33
25214,33
25215,33
25216,33
25217,33
25218,33
25219,33
25220,33
25221,33
25222,33
25223,33
25224,33
25225,33
25226,33
25227,33
25228,33
25229,33
25230,33
25231,33
25232,33
25233,33
25234,33
25235,33
25236,33
25237,33
25238,33
25239,33
25240,33
25241,33
25242,33
25243,33
25244,33
25245,33
25246,33
25247,33
25248,33
25249,33
25250,33
25251,33
25252,33
25253,33
25254,33
25255,33
25256,33
25257,33
25258,33
25259,33
25260,33
25261,33
25262,33
25263,33
25264,33
25265,33
25266,33
25267,33
25268,33
25269,33
25270,33
25271,33
25272,33
25273,33
25274,33
25275,33
25276,33
25277,33
25278,33
25279,33
25280,33
25281,33
25282,33
25283,33
25284,33
25285,33
25286,33
25287,33
25288,33
25289,33
25290,33
25291,33
25292,33
25293,33
25294,33
25295,33
25296,33
25297,33
25298,33
25299,33
25300,33
25301,33
25302,33
25303,33
25304,33
25305,33
25306,33
25307,33
25308,33
25309,33
25310,33
25311,33
25312,33
25313,33
25314,33
25315,33
25316,33
25317,33
25318,33
25319,33
25320,33
25321,33
25322,33
25323,33
25324,33
25325,33
25326,33
25327,33
25328,33
25329,33
25330,33
25331,33
25332,33
25333,33
25334,33
25335,33
25336,33
25337,33
25338,33
25339,33
25340,33
25341,33
25342,33
25343,33
25344,33
25345,33
25346,33
25347,33
25348,33
25349,33
25350,33
25351,33
25352,33
25353,33
25354,33
25355,33
25356,33
25357,33
25358,33
25359,33
25360,33
25361,33
25362,33
25363,33
25364,33
25365,33
25366,33
25367,33
25368,33
25369,33
25370,33
25371,33
25372,33
25373,33
25374,33
25375,33
25376,33
25377,33
25378,33
25379,33
25380,33
25381,33
25382,33
25383,33
25384,33
25385,33
25386,33
25387,33
25388,33
25389,33
25390,33
25391,33
25392,33
25393,33
25394,33
25395,33
25396,33
25397,33
25398,33
25399,33
25400,33
25401,33
25402,33
25403,33
25404,33
25405,33
25406,33
25407,33
25408,33
25409,33
25410,33
25411,33
25412,33
25413,33
25414,33
25415,33
25416,33
25417,33
25418,33
25419,33
25420,33
25421,33
25422,33
25423,33
25424,33
25425,33
25426,33
25427,33
25428,33
25429,33
25430,33
25431,33
25432,33
25433,33
25434,33
25435,33
25436,33
25437,33
25438,33
25439,33
25440,33
25441,33
25442,33
25443,33
25444,33
25445,33
25446,33
25447,33
25448,33
25449,33
25450,33
25451,33
25452,33
25453,33
25454,33
25455,33
25456,33
25457,33
25458,33
25459,33
25460,33
25461,33
25462,33
25463,33
25464,33
25465,33
25466,33
25467,33
25468,33
25469,33
25470,33
25471,33
25472,33
25473,33
25474,33
25475,33
25476,33
25477,33
25478,33
25479,33
25480,33
25481,33
25482,33
25483,33
25484,33
25485,33
25486,33
25487,33
25488,33
25489,33
25490,33
25491,33
25492,33
25493,33
25494,33
25495,33
25496,33
25497,33
25498,33
25499,33
25500,33
25501,33
25502,33
25503,33
25504,33
25505,33
25506,33
25507,33
25508,33
25509,33
25510,33
25511,33
25512,33
25513,33
25514,33
25515,33
25516,33
25517,33
25518,33
25519,33
25520,33
25521,33
25522,33
25523,33
25524,33
25525,33
25526,33
25527,33
25528,33
25529,33
25530,33
25531,33
25532,33
25533,33
25534,33
25535,33
25536,33
25537,33
25538,33
25539,33
25540,33
25541,33
25542,33
25543,33
25544,33
25545,33
25546,33
25547,33
25548,33
25549,33
25550,33
25551,33
25552,33
25553,33
25554,33
25555,33
25556,33
25557,33
25558,33
25559,33
25560,33
25561,33
25562,33
25563,33
25564,32
25565,32
25566,32
25567,32
25568,32
25569,32
25570,32
25571,32
25572,32
25573,32
25574,32
25575,32
25576,32
25577,32
25578,32
25579,32
25580,32
25581,32
25582,32
25583,32
25584,32
25585,32
25586,32
25587,32
25588,32
25589,32
25590,32
25591,32
25592,32
25593,32
25594,32
25595,32
25596,32
25597,32
25598,32
25599,32
25600,32
25601,32
25602,32
25603,32
25604,32
25605,32
25606,32
25607,32
25608,32
25609,32
25610,32
25611,32
25612,32
25613,32
25614,32
25615,32
25616,32
25617,32
25618,32
25619,32
25620,32
25621,32
25622,32
25623,32
25624,32
25625,32
25626,32
25627,32
25628,32
25629,32
25630,32
25631,32
25632,32
25633,32
25634,32
25635,32
25636,32
25637,32
25638,32
25639,32
25640,32
25641,32
25642,32
25643,32
25644,32
25645,32
25646,32
25647,32
25648,32
25649,32
25650,32
25651,32
25652,32
25653,32
25654,32
25655,32
25656,32
25657,32
25658,32
25659,32
25660,32
25661,32
25662,32
25663,32
25664,32
25665,32
25666,32
25667,32
25668,32
25669,32
25670,32
25671,32
25672,32
25673,32
25674,32
25675,32
25676,32
25677,32
25678,32
25679,32
25680,32
25681,32
25682,32
25683,32
25684,32
25685,32
25686,32
25687,32
25688,32
25689,32
25690,32
25691,32
25692,32
25693,32
25694,32
25695,32
25696,32
25697,32
25698,32
25699,32
25700,32
25701,32
25702,32
25703,32
25704,32
25705,32
25706,32
25707,32
25708,32
25709,32
25710,32
25711,32
25712,32
25713,32
25714,32
25715,32
25716,32
25717,32
25718,32
25719,32
25720,32
25721,32
25722,32
25723,32
25724,32
25725,32
25726,32
25727,32
25728,32
25729,32
25730,32
25731,32
25732,32
25733,32
25734,32
25735,32
25736,32
25737,32
25738,32
25739,32
25740,32
25741,32
25742,32
25743,32
25744,32
25745,32
25746,32
25747,32
25748,32
25749,32
25750,32
25751,32
25752,32
25753,32
25754,32
25755,32
25756,32
25757,32
25758,32
25759,32
25760,32
25761,32
25762,32
25763,32
25764,32
25765,32
25766,32
25767,32
25768,32
25769,32
25770,32
25771,32
25772,32
25773,32
25774,32
25775,32
25776,32
25777,32
25778,32
25779,32
25780,32
25781,32
25782,32
25783,32
25784,32
25785,32
25786,32
25787,32
25788,32
25789,32
25790,32
25791,32
25792,32
25793,32
25794,32
25795,32
25796,32
25797,32
25798,32
25799,32
25800,32
25801,32
25802,32
25803,32
25804,32
25805,32
25806,32
25807,32
25808,32
25809,32
25810,32
25811,32
25812,32
25813,32
25814,32
25815,32
25816,32
25817,32
25818,32
25819,32
25820,32
25821,32
25822,32
25823,32
25824,32
25825,32
25826,32
25827,32
25828,32
25829,32
25830,32
25831,32
25832,32
25833,32
25834,32
25835,32
25836,32
25837,32
25838,32
25839,32
25840,32
25841,32
25842,32
25843,32
25844,32
25845,32
25846,32
25847,32
25848,32
25849,32
25850,32
25851,32
25852,32
25853,32
25854,32
25855,32
25856,32
25857,32
25858,32
25859,32
25860,32
25861,32
25862,32
25863,32
25864,32
25865,32
25866,32
25867,32
25868,32
25869,32
25870,32
25871,32
25872,32
25873,32
25874,32
25875,32
25876,32
25877,32
25878,32
25879,32
25880,32
25881,32
25882,32
25883,32
25884,32
25885,32
25886,32
25887,32
25888,32
25889,32
25890,32
25891,32
25892,32
25893,32
25894,32
25895,32
25896,32
25897,32
25898,32
25899,32
25900,32
25901,32
25902,32
25903,32
25904,32
25905,32
25906,32
25907,32
25908,32
25909,32
25910,32
25911,32
25912,32
25913,32
25914,32
25915,32
25916,32
25917,32
25918,32
25919,32
25920,32
25921,32
25922,32
25923,32
25924,32
25925,32
25926,32
25927,32
25928,32
25929,32
25930,32
25931,32
25932,32
25933,32
25934,32
25935,32
25936,32
25937,32
25938,32
25939,32
25940,32
25941,32
25942,32
25943,32
25944,32
25945,32
25946,32
25947,31
25948,31
25949,31
25950,31
25951,31
25952,31
25953,31
25954,31
25955,31
25956,31
25957,31
25958,31
25959,31
25960,31
25961,31
25962,31
25963,31
25964,31
25965,31
25966,31
25967,31
25968,31
25969,31
25970,31
25971,31
25972,31
25973,31
25974,31
25975,31
25976,31
25977,31
25978,31
25979,31
25980,31
25981,31
25982,31
25983,31
25984,31
25985,31
25986,31
25987,31
25988,31
25989,31
25990,31
25991,31
25992,31
25993,31
25994,31
25995,31
25996,31
25997,31
25998,31
25999,31
26000,31
26001,31
26002,31
26003,31
26004,31
26005,31
26006,31
26007,31
26008,31
26009,31
26010,31
26011,31
26012,31
26013,31
26014,31
26015,31
26016,31
26017,31
26018,31
26019,31
26020,31
26021,31
26022,31
26023,31
26024,31
26025,31
26026,31
26027,31
26028,31
26029,31
26030,31
26031,31
26032,31
26033,31
26034,31
26035,31
26036,31
26037,31
26038,31
26039,31
26040,31
26041,31
26042,31
26043,31
26044,31
26045,31
26046,31
26047,31
26048,31
26049,31
26050,31
26051,31
26052,31
26053,31
26054,31
26055,31
26056,31
26057,31
26058,31
26059,31
26060,31
26061,31
26062,31
26063,31
26064,31
26065,31
26066,31
26067,31
26068,31
26069,31
26070,31
26071,31
26072,31
26073,31
26074,31
26075,31
26076,31
26077,31
26078,31
26079,31
26080,31
26081,31
26082,31
26083,31
26084,31
26085,31
26086,31
26087,31
26088,31
26089,31
26090,31
26091,31
26092,31
26093,31
26094,31
26095,31
26096,31
26097,31
26098,31
26099,31
26100,31
26101,31
26102,31
26103,31
26104,31
26105,31
26106,31
26107,31
26108,31
26109,31
26110,31
26111,31
26112,31
26113,31
26114,31
26115,31
26116,31
26117,31
26118,31
26119,31
26120,31
26121,31
26122,31
26123,31
26124,31
26125,31
26126,31
26127,31
26128,31
26129,31
26130,31
26131,31
26132,31
26133,31
26134,31
26135,31
26136,31
26137,31
26138,31
26139,31
26140,31
26141,31
26142,31
26143,31
26144,31
26145,31
26146,31
26147,31
26148,31
26149,31
26150,31
26151,31
26152,31
26153,31
26154,31
26155,31
26156,31
26157,31
26158,31
26159,31
26160,31
26161,31
26162,31
26163,31
26164,31
26165,31
26166,31
26167,31
26168,31
26169,31
26170,31
26171,31
26172,31
26173,31
26174,31
26175,31
26176,31
26177,31
26178,31
26179,31
26180,31
26181,31
26182,31
26183,31
26184,31
26185,31
26186,31
26187,31
26188,31
26189,31
26190,31
26191,31
26192,31
26193,31
26194,31
26195,31
26196,31
26197,31
26198,31
26199,31
26200,31
26201,31
26202,31
26203,31
26204,31
26205,31
26206,31
26207,31
26208,31
26209,31
26210,31
26211,31
26212,31
26213,31
26214,31
26215,31
26216,31
26217,31
26218,31
26219,31
26220,31
26221,31
26222,31
26223,31
26224,31
26225,31
26226,31
26227,31
26228,31
26229,31
26230,31
26231,31
26232,31
26233,31
26234,31
26235,31
26236,31
26237,31
26238,31
26239,31
26240,31
26241,31
26242,31
26243,31
26244,31
26245,31
26246,31
26247,31
26248,31
26249,31
26250,31
26251,31
26252,31
26253,31
26254,31
26255,31
26256,31
26257,31
26258,31
26259,31
26260,31
26261,31
26262,31
26263,31
26264,31
26265,31
26266,31
26267,31
26268,31
26269,31
26270,31
26271,31
26272,31
26273,31
26274,31
26275,31
26276,31
26277,31
26278,31
26279,31
26280,31
26281,31
26282,31
26283,31
26284,31
26285,31
26286,31
26287,31
26288,31
26289,31
26290,31
26291,31
26292,31
26293,31
26294,31
26295,31
26296,31
26297,31
26298,31
26299,31
26300,31
26301,31
26302,31
26303,31
26304,31
26305,31
26306,31
26307,31
26308,31
26309,31
26310,31
26311,31
26312,31
26313,31
26314,31
26315,31
26316,31
26317,31
26318,31
26319,31
26320,31
26321,31
26322,31
26323,31
26324,31
26325,31
26326,31
26327,31
26328,31
26329,31
26330,31
26331,31
26332,31
26333,31
26334,31
26335,31
26336,31
26337,31
26338,31
26339,31
26340,31
26341,31
26342,31
26343,31
26344,31
26345,31
26346,31
26347,31
26348,31
26349,31
26350,31
26351,31
26352,31
26353,31
26354,31
26355,31
26356,31
26357,31
26358,31
26359,31
26360,31
26361,31
26362,30
26363,30
26364,30
26365,30
26366,30
26367,30
26368,30
26369,30
26370,30
26371,30
26372,30
26373,30
26374,30
26375,30
26376,30
26377,30
26378,30
26379,30
26380,30
26381,30
26382,30
26383,30
26384,30
26385,30
26386,30
26387,30
26388,30
26389,30
26390,30
26391,30
26392,30
26393,30
26394,30
26395,30
26396,30
26397,30
26398,30
26399,30
26400,30
26401,30
26402,30
26403,30
26404,30
26405,30
26406,30
26407,30
26408,30
26409,30
26410,30
26411,30
26412,30
26413,30
26414,30
26415,30
26416,30
26417,30
26418,30
26419,30
26420,30
26421,30
26422,30
26423,30
26424,30
26425,30
26426,30
26427,30
26428,30
26429,30
26430,30
26431,30
26432,30
26433,30
26434,30
26435,30
26436,30
26437,30
26438,30
26439,30
26440,30
26441,30
26442,30
26443,30
26444,30
26445,30
26446,30
26447,30
26448,30
26449,30
26450,30
26451,30
26452,30
26453,30
26454,30
26455,30
26456,30
26457,30
26458,30
26459,30
26460,30
26461,30
26462,30
26463,30
26464,30
26465,30
26466,30
26467,30
26468,30
26469,30
26470,30
26471,30
26472,30
26473,30
26474,30
26475,30
26476,30
26477,30
26478,30
26479,30
26480,30
26481,30
26482,30
26483,30
26484,30
26485,30
26486,30
26487,30
26488,30
26489,30
26490,30
26491,30
26492,30
26493,30
26494,30
26495,30
26496,30
26497,30
26498,30
26499,30
26500,30
26501,30
26502,30
26503,30
26504,30
26505,30
26506,30
26507,30
26508,30
26509,30
26510,30
26511,30
26512,30
26513,30
26514,30
26515,30
26516,30
26517,30
26518,30
26519,30
26520,30
26521,30
26522,30
26523,30
26524,30
26525,30
26526,30
26527,30
26528,30
26529,30
26530,30
26531,30
26532,30
26533,30
26534,30
26535,30
26536,30
26537,30
26538,30
26539,30
26540,30
26541,30
26542,30
26543,30
26544,30
26545,30
26546,30
26547,30
26548,30
26549,30
26550,30
26551,30
26552,30
26553,30
26554,30
26555,30
26556,30
26557,30
26558,30
26559,30
26560,30
26561,30
26562,30
26563,30
26564,30
26565,30
26566,30
26567,30
26568,30
26569,30
26570,30
26571,30
26572,30
26573,30
26574,30
26575,30
26576,30
26577,30
26578,30
26579,30
26580,30
26581,30
26582,30
26583,30
26584,30
26585,30
26586,30
26587,30
26588,30
26589,30
26590,30
26591,30
26592,30
26593,30
26594,30
26595,30
26596,30
26597,30
26598,30
26599,30
26600,30
26601,30
26602,30
26603,30
26604,30
26605,30
26606,30
26607,30
26608,30
26609,30
26610,30
26611,30
26612,30
26613,30
26614,30
26615,30
26616,30
26617,30
26618,30
26619,30
26620,30
26621,30
26622,30
26623,30
26624,30
26625,30
26626,30
26627,30
26628,30
26629,30
26630,30
26631,30
26632,30
26633,30
26634,30
26635,30
26636,30
26637,30
26638,30
26639,30
26640,30
26641,30
26642,30
26643,30
26644,30
26645,30
26646,30
26647,30
26648,30
26649,30
26650,30
26651,30
26652,30
26653,30
26654,30
26655,30
26656,30
26657,30
26658,30
26659,30
26660,30
26661,30
26662,30
26663,30
26664,30
26665,30
26666,30
26667,30
26668,30
26669,30
26670,30
26671,30
26672,30
26673,30
26674,30
26675,30
26676,30
26677,30
26678,30
26679,30
26680,30
26681,30
26682,30
26683,30
26684,30
26685,30
26686,30
26687,30
26688,30
26689,30
26690,30
26691,30
26692,30
26693,30
26694,30
26695,30
26696,30
26697,30
26698,30
26699,30
26700,30
26701,30
26702,30
26703,30
26704,30
26705,30
26706,30
26707,30
26708,30
26709,30
26710,30
26711,30
26712,30
26713,30
26714,30
26715,30
26716,30
26717,30
26718,30
26719,30
26720,30
26721,30
26722,30
26723,30
26724,30
26725,30
26726,30
26727,30
26728,30
26729,30
26730,30
26731,30
26732,30
26733,30
26734,30
26735,30
26736,30
26737,30
26738,30
26739,30
26740,30
26741,30
26742,30
26743,30
26744,30
26745,30
26746,30
26747,30
26748,30
26749,30
26750,30
26751,30
26752,30
26753,30
26754,30
26755,30
26756,29
26757,29
26758,29
26759,29
26760,29
26761,29
26762,29
26763,29
26764,29
26765,29
26766,29
26767,29
26768,29
26769,29
26770,29
26771,29
26772,29
26773,29
26774,29
26775,29
26776,29
26777,29
26778,29
26779,29
26780,29
26781,29
26782,29
26783,29
26784,29
26785,29
26786,29
26787,29
26788,29
26789,29
26790,29
26791,29
26792,29
26793,29
26794,29
26795,29
26796,29
26797,29
26798,29
26799,29
26800,29
26801,29
26802,29
26803,29
26804,29
26805,29
26806,29
26807,29
26808,29
26809,29
26810,29
26811,29
26812,29
26813,29
26814,29
26815,29
26816,29
26817,29
26818,29
26819,29
26820,29
26821,29
26822,29
26823,29
26824,29
26825,29
26826,29
26827,29
26828,29
26829,29
26830,29
26831,29
26832,29
26833,29
26834,29
26835,29
26836,29
26837,29
26838,29
26839,29
26840,29
26841,29
26842,29
26843,29
26844,29
26845,29
26846,29
26847,29
26848,29
26849,29
26850,29
26851,29
26852,29
26853,29
26854,29
26855,29
26856,29
26857,29
26858,29
26859,29
26860,29
26861,29
26862,29
26863,29
26864,29
26865,29
26866,29
26867,29
26868,29
26869,29
26870,29
26871,29
26872,29
26873,29
26874,29
26875,29
26876,29
26877,29
26878,29
26879,29
26880,29
26881,29
26882,29
26883,29
26884,29
26885,29
26886,29
26887,29
26888,29
26889,29
26890,29
26891,29
26892,29
26893,29
26894,29
26895,29
26896,29
26897,29
26898,29
26899,29
26900,29
26901,29
26902,29
26903,29
26904,29
26905,29
26906,29
26907,29
26908,29
26909,29
26910,29
26911,29
26912,29
26913,29
26914,29
26915,29
26916,29
26917,29
26918,29
26919,29
26920,29
26921,29
26922,29
26923,29
26924,29
26925,29
26926,29
26927,29
26928,29
26929,29
26930,29
26931,29
26932,29
26933,29
26934,29
26935,29
26936,29
26937,29
26938,29
26939,29
26940,29
26941,29
26942,29
26943,29
26944,29
26945,29
26946,29
26947,29
26948,29
26949,29
26950,29
26951,29
26952,29
26953,29
26954,29
26955,29
26956,29
26957,29
26958,29
26959,29
26960,29
26961,29
26962,29
26963,29
26964,29
26965,29
26966,29
26967,29
26968,29
26969,29
26970,29
26971,29
26972,29
26973,29
26974,29
26975,29
26976,29
26977,29
26978,29
26979,29
26980,29
26981,29
26982,29
26983,29
26984,29
26985,29
26986,29
26987,29
26988,29
26989,29
26990,29
26991,29
26992,29
26993,29
26994,29
26995,29
26996,29
26997,29
26998,29
26999,29
27000,29
27001,29
27002,29
27003,29
27004,29
27005,29
27006,29
27007,29
27008,29
27009,29
27010,29
27011,29
27012,29
27013,29
27014,29
27015,29
27016,29
27017,29
27018,29
27019,29
27020,29
27021,29
27022,29
27023,29
27024,29
27025,29
27026,29
27027,29
27028,29
27029,29
27030,29
27031,29
27032,29
27033,29
27034,29
27035,29
27036,29
27037,29
27038,29
27039,29
27040,29
27041,29
27042,29
27043,29
27044,29
27045,29
27046,29
27047,29
27048,29
27049,29
27050,29
27051,29
27052,29
27053,29
27054,29
27055,29
27056,29
27057,29
27058,29
27059,29
27060,29
27061,29
27062,29
27063,29
27064,29
27065,29
27066,29
27067,29
27068,29
27069,29
27070,29
27071,29
27072,29
27073,29
27074,29
27075,29
27076,29
27077,29
27078,29
27079,29
27080,29
27081,29
27082,29
27083,29
27084,29
27085,29
27086,29
27087,29
27088,29
27089,29
27090,29
27091,29
27092,29
27093,29
27094,29
27095,29
27096,29
27097,29
27098,29
27099,29
27100,29
27101,29
27102,29
27103,29
27104,29
27105,29
27106,29
27107,29
27108,29
27109,29
27110,29
27111,29
27112,29
27113,29
27114,29
27115,29
27116,29
27117,29
27118,29
27119,29
27120,29
27121,29
27122,29
27123,29
27124,29
27125,29
27126,29
27127,29
27128,29
27129,29
27130,29
27131,29
27132,29
27133,29
27134,29
27135,29
27136,29
27137,29
27138,29
27139,29
27140,29
27141,29
27142,29
27143,29
27144,29
27145,29
27146,29
27147,29
27148,29
27149,29
27150,29
27151,29
27152,29
27153,29
27154,29
27155,29
27156,29
27157,29
27158,29
27159,29
27160,29
27161,29
27162,29
27163,29
27164,29
27165,29
27166,29
27167,29
27168,29
27169,29
27170,29
27171,29
27172,29
27173,29
27174,29
27175,29
27176,29
27177,29
27178,29
27179,28
27180,28
27181,28
27182,28
27183,28
27184,28
27185,28
27186,28
27187,28
27188,28
27189,28
27190,28
27191,28
27192,28
27193,28
27194,28
27195,28
27196,28
27197,28
27198,28
27199,28
27200,28
27201,28
27202,28
27203,28
27204,28
27205,28
27206,28
27207,28
27208,28
27209,28
27210,28
27211,28
27212,28
27213,28
27214,28
27215,28
27216,28
27217,28
27218,28
27219,28
27220,28
27221,28
27222,28
27223,28
27224,28
27225,28
27226,28
27227,28
27228,28
27229,28
27230,28
27231,28
27232,28
27233,28
27234,28
27235,28
27236,28
27237,28
27238,28
27239,28
27240,28
27241,28
27242,28
27243,28
27244,28
27245,28
27246,28
27247,28
27248,28
27249,28
27250,28
27251,28
27252,28
27253,28
27254,28
27255,28
27256,28
27257,28
27258,28
27259,28
27260,28
27261,28
27262,28
27263,28
27264,28
27265,28
27266,28
27267,28
27268,28
27269,28
27270,28
27271,28
27272,28
27273,28
27274,28
27275,28
27276,28
27277,28
27278,28
27279,28
27280,28
27281,28
27282,28
27283,28
27284,28
27285,28
27286,28
27287,28
27288,28
27289,28
27290,28
27291,28
27292,28
27293,28
27294,28
27295,28
27296,28
27297,28
27298,28
27299,28
27300,28
27301,28
27302,28
27303,28
27304,28
27305,28
27306,28
27307,28
27308,28
27309,28
27310,28
27311,28
27312,28
27313,28
27314,28
27315,28
27316,28
27317,28
27318,28
27319,28
27320,28
27321,28
27322,28
27323,28
27324,28
27325,28
27326,28
27327,28
27328,28
27329,28
27330,28
27331,28
27332,28
27333,28
27334,28
27335,28
27336,28
27337,28
27338,28
27339,28
27340,28
27341,28
27342,28
27343,28
27344,28
27345,28
27346,28
27347,28
27348,28
27349,28
27350,28
27351,28
27352,28
27353,28
27354,28
27355,28
27356,28
27357,28
27358,28
27359,28
27360,28
27361,28
27362,28
27363,28
27364,28
27365,28
27366,28
27367,28
27368,28
27369,28
27370,28
27371,28
27372,28
27373,28
27374,28
27375,28
27376,28
27377,28
27378,28
27379,28
27380,28
27381,28
27382,28
27383,28
27384,28
27385,28
27386,28
27387,28
27388,28
27389,28
27390,28
27391,28
27392,28
27393,28
27394,28
27395,28
27396,28
27397,28
27398,28
27399,28
27400,28
27401,28
27402,28
27403,28
27404,28
27405,28
27406,28
27407,28
27408,28
27409,28
27410,28
27411,28
27412,28
27413,28
27414,28
27415,28
27416,28
27417,28
27418,28
27419,28
27420,28
27421,28
27422,28
27423,28
27424,28
27425,28
27426,28
27427,28
27428,28
27429,28
27430,28
27431,28
27432,28
27433,28
27434,28
27435,28
27436,28
27437,28
27438,28
27439,28
27440,28
27441,28
27442,28
27443,28
27444,28
27445,28
27446,28
27447,28
27448,28
27449,28
27450,28
27451,28
27452,28
27453,28
27454,28
27455,28
27456,28
27457,28
27458,28
27459,28
27460,28
27461,28
27462,28
27463,28
27464,28
27465,28
27466,28
27467,28
27468,28
27469,28
27470,28
27471,28
27472,28
27473,28
27474,28
27475,28
27476,28
27477,28
27478,28
27479,28
27480,28
27481,28
27482,28
27483,28
27484,28
27485,28
27486,28
27487,28
27488,28
27489,28
27490,28
27491,28
27492,28
27493,28
27494,28
27495,28
27496,28
27497,28
27498,28
27499,28
27500,28
27501,28
27502,28
27503,28
27504,28
27505,28
27506,28
27507,28
27508,28
27509,28
27510,28
27511,28
27512,28
27513,28
27514,28
27515,28
27516,28
27517,28
27518,28
27519,28
27520,28
27521,28
27522,28
27523,28
27524,28
27525,28
27526,28
27527,28
27528,28
27529,28
27530,28
27531,28
27532,28
27533,28
27534,28
27535,28
27536,28
27537,28
27538,28
27539,28
27540,28
27541,28
27542,28
27543,28
27544,28
27545,28
27546,28
27547,28
27548,28
27549,28
27550,28
27551,28
27552,28
27553,28
27554,28
27555,28
27556,28
27557,28
27558,28
27559,28
27560,28
27561,28
27562,28
27563,28
27564,28
27565,28
27566,28
27567,28
27568,28
27569,28
27570,28
27571,28
27572,28
27573,28
27574,28
27575,28
27576,28
27577,28
27578,28
27579,28
27580,28
27581,28
27582,28
27583,28
27584,28
27585,28
27586,28
27587,28
27588,28
27589,28
27590,28
27591,28
27592,28
27593,28
27594,28
27595,28
27596,28
27597,28
27598,28
27599,28
27600,28
27601,28
27602,28
27603,28
27604,28
27605,28
27606,28
27607,28
27608,28
27609,28
27610,28
27611,28
27612,28
27613,28
27614,28
27615,28
27616,28
27617,28
27618,28
27619,28
27620,28
27621,28
27622,28
27623,28
27624,28
27625,28
27626,28
27627,28
27628,28
27629,28
27630,28
27631,27
27632,27
27633,27
27634,27
27635,27
27636,27
27637,27
27638,27
27639,27
27640,27
27641,27
27642,27
27643,27
27644,27
27645,27
27646,27
27647,27
27648,27
27649,27
27650,27
27651,27
27652,27
27653,27
27654,27
27655,27
27656,27
27657,27
27658,27
27659,27
27660,27
27661,27
27662,27
27663,27
27664,27
27665,27
27666,27
27667,27
27668,27
27669,27
27670,27
27671,27
27672,27
27673,27
27674,27
27675,27
27676,27
27677,27
27678,27
27679,27
27680,27
27681,27
27682,27
27683,27
27684,27
27685,27
27686,27
27687,27
27688,27
27689,27
27690,27
27691,27
27692,27
27693,27
27694,27
27695,27
27696,27
27697,27
27698,27
27699,27
27700,27
27701,27
27702,27
27703,27
27704,27
27705,27
27706,27
27707,27
27708,27
27709,27
27710,27
27711,27
27712,27
27713,27
27714,27
27715,27
27716,27
27717,27
27718,27
27719,27
27720,27
27721,27
27722,27
27723,27
27724,27
27725,27
27726,27
27727,27
27728,27
27729,27
27730,27
27731,27
27732,27
27733,27
27734,27
27735,27
27736,27
27737,27
27738,27
27739,27
27740,27
27741,27
27742,27
27743,27
27744,27
27745,27
27746,27
27747,27
27748,27
27749,27
27750,27
27751,27
27752,27
27753,27
27754,27
27755,27
27756,27
27757,27
27758,27
27759,27
27760,27
27761,27
27762,27
27763,27
27764,27
27765,27
27766,27
27767,27
27768,27
27769,27
27770,27
27771,27
27772,27
27773,27
27774,27
27775,27
27776,27
27777,27
27778,27
27779,27
27780,27
27781,27
27782,27
27783,27
27784,27
27785,27
27786,27
27787,27
27788,27
27789,27
27790,27
27791,27
27792,27
27793,27
27794,27
27795,27
27796,27
27797,27
27798,27
27799,27
27800,27
27801,27
27802,27
27803,27
27804,27
27805,27
27806,27
27807,27
27808,27
27809,27
27810,27
27811,27
27812,27
27813,27
27814,27
27815,27
27816,27
27817,27
27818,27
27819,27
27820,27
27821,27
27822,27
27823,27
27824,27
27825,27
27826,27
27827,27
27828,27
27829,27
27830,27
27831,27
27832,27
27833,27
27834,27
27835,27
27836,27
27837,27
27838,27
27839,27
27840,27
27841,27
27842,27
27843,27
27844,27
27845,27
27846,27
27847,27
27848,27
27849,27
27850,27
27851,27
27852,27
27853,27
27854,27
27855,27
27856,27
27857,27
27858,27
27859,27
27860,27
27861,27
27862,27
27863,27
27864,27
27865,27
27866,27
27867,27
27868,27
27869,27
27870,27
27871,27
27872,27
27873,27
27874,27
27875,27
27876,27
27877,27
27878,27
27879,27
27880,27
27881,27
27882,27
27883,27
27884,27
27885,27
27886,27
27887,27
27888,27
27889,27
27890,27
27891,27
27892,27
27893,27
27894,27
27895,27
27896,27
27897,27
27898,27
27899,27
27900,27
27901,27
27902,27
27903,27
27904,27
27905,27
27906,27
27907,27
27908,27
27909,27
27910,27
27911,27
27912,27
27913,27
27914,27
27915,27
27916,27
27917,27
27918,27
27919,27
27920,27
27921,27
27922,27
27923,27
27924,27
27925,27
27926,27
27927,27
27928,27
27929,27
27930,27
27931,27
27932,27
27933,27
27934,27
27935,27
27936,27
27937,27
27938,27
27939,27
27940,27
27941,27
27942,27
27943,27
27944,27
27945,27
27946,27
27947,27
27948,27
27949,27
27950,27
27951,27
27952,27
27953,27
27954,27
27955,27
27956,27
27957,27
27958,27
27959,27
27960,27
27961,27
27962,27
27963,27
27964,27
27965,27
27966,27
27967,27
27968,27
27969,27
27970,27
27971,27
27972,27
27973,27
27974,27
27975,27
27976,27
27977,27
27978,27
27979,27
27980,27
27981,27
27982,27
27983,27
27984,27
27985,27
27986,27
27987,27
27988,27
27989,27
27990,27
27991,27
27992,27
27993,27
27994,27
27995,27
27996,27
27997,27
27998,27
27999,27
28000,27
28001,27
28002,27
28003,27
28004,27
28005,27
28006,27
28007,27
28008,27
28009,27
28010,27
28011,27
28012,27
28013,27
28014,27
28015,27
28016,27
28017,27
28018,27
28019,27
28020,27
28021,27
28022,27
28023,27
28024,27
28025,27
28026,27
28027,27
28028,27
28029,27
28030,27
28031,27
28032,27
28033,27
28034,27
28035,27
28036,27
28037,27
28038,27
28039,27
28040,27
28041,27
28042,27
28043,27
28044,27
28045,27
28046,27
28047,27
28048,27
28049,27
28050,27
28051,27
28052,27
28053,27
28054,27
28055,27
28056,27
28057,27
28058,27
28059,27
28060,27
28061,27
28062,27
28063,27
28064,27
28065,27
28066,27
28067,27
28068,27
28069,27
28070,27
28071,27
28072,27
28073,27
28074,27
28075,27
28076,27
28077,27
28078,27
28079,27
28080,27
28081,27
28082,27
28083,27
28084,27
28085,27
28086,27
28087,27
28088,27
28089,27
28090,27
28091,27
28092,27
28093,27
28094,27
28095,27
28096,27
28097,27
28098,27
28099,27
28100,27
28101,27
28102,27
28103,27
28104,27
28105,27
28106,27
28107,27
28108,27
28109,27
28110,27
28111,27
28112,27
28113,27
28114,27
28115,27
28116,27
28117,27
28118,27
28119,27
28120,27
28121,27
28122,27
28123,27
28124,27
28125,27
28126,27
28127,27
28128,27
28129,27
28130,27
28131,27
28132,27
28133,27
28134,27
28135,27
28136,27
28137,27
28138,27
28139,27
28140,27
28141,27
28142,27
28143,27
28144,27
28145,27
28146,26
28147,26
28148,26
28149,26
28150,26
28151,26
28152,26
28153,26
28154,26
28155,26
28156,26
28157,26
28158,26
28159,26
28160,26
28161,26
28162,26
28163,26
28164,26
28165,26
28166,26
28167,26
28168,26
28169,26
28170,26
28171,26
28172,26
28173,26
28174,26
28175,26
28176,26
28177,26
28178,26
28179,26
28180,26
28181,26
28182,26
28183,26
28184,26
28185,26
28186,26
28187,26
28188,26
28189,26
28190,26
28191,26
28192,26
28193,26
28194,26
28195,26
28196,26
28197,26
28198,26
28199,26
28200,26
28201,26
28202,26
28203,26
28204,26
28205,26
28206,26
28207,26
28208,26
28209,26
28210,26
28211,26
28212,26
28213,26
28214,26
28215,26
28216,26
28217,26
28218,26
28219,26
28220,26
28221,26
28222,26
28223,26
28224,26
28225,26
28226,26
28227,26
28228,26
28229,26
28230,26
28231,26
28232,26
28233,26
28234,26
28235,26
28236,26
28237,26
28238,26
28239,26
28240,26
28241,26
28242,26
28243,26
28244,26
28245,26
28246,26
28247,26
28248,26
28249,26
28250,26
28251,26
28252,26
28253,26
28254,26
28255,26
28256,26
28257,26
28258,26
28259,26
28260,26
28261,26
28262,26
28263,26
28264,26
28265,26
28266,26
28267,26
28268,26
28269,26
28270,26
28271,26
28272,26
28273,26
28274,26
28275,26
28276,26
28277,26
28278,26
28279,26
28280,26
28281,26
28282,26
28283,26
28284,26
28285,26
28286,26
28287,26
28288,26
28289,26
28290,26
28291,26
28292,26
28293,26
28294,26
28295,26
28296,26
28297,26
28298,26
28299,26
28300,26
28301,26
28302,26
28303,26
28304,26
28305,26
28306,26
28307,26
28308,26
28309,26
28310,26
28311,26
28312,26
28313,26
28314,26
28315,26
28316,26
28317,26
28318,26
28319,26
28320,26
28321,26
28322,26
28323,26
28324,26
28325,26
28326,26
28327,26
28328,26
28329,26
28330,26
28331,26
28332,26
28333,26
28334,26
28335,26
28336,26
28337,26
28338,26
28339,26
28340,26
28341,26
28342,26
28343,26
28344,26
28345,26
28346,26
28347,26
28348,26
28349,26
28350,26
28351,26
28352,26
28353,26
28354,26
28355,26
28356,26
28357,26
28358,26
28359,26
28360,26
28361,26
28362,26
28363,26
28364,26
28365,26
28366,26
28367,26
28368,26
28369,26
28370,26
28371,26
28372,26
28373,26
28374,26
28375,26
28376,26
28377,26
28378,26
28379,26
28380,26
28381,26
28382,26
28383,26
28384,26
28385,26
28386,26
28387,26
28388,26
28389,26
28390,26
28391,26
28392,26
28393,26
28394,26
28395,26
28396,26
28397,26
28398,26
28399,26
28400,26
28401,26
28402,26
28403,26
28404,26
28405,26
28406,26
28407,26
28408,26
28409,26
28410,26
28411,26
28412,26
28413,26
28414,26
28415,26
28416,26
28417,26
28418,26
28419,26
28420,26
28421,26
28422,26
28423,26
28424,26
28425,26
28426,26
28427,26
28428,26
28429,26
28430,26
28431,26
28432,26
28433,26
28434,26
28435,26
28436,26
28437,26
28438,26
28439,26
28440,26
28441,26
28442,26
28443,26
28444,26
28445,26
28446,26
28447,26
28448,26
28449,26
28450,26
28451,26
28452,26
28453,26
28454,26
28455,26
28456,26
28457,26
28458,26
28459,26
28460,26
28461,26
28462,26
28463,26
28464,26
28465,26
28466,26
28467,26
28468,26
28469,26
28470,26
28471,26
28472,26
28473,26
28474,26
28475,26
28476,26
28477,26
28478,26
28479,26
28480,26
28481,26
28482,26
28483,26
28484,26
28485,26
28486,26
28487,26
28488,26
28489,26
28490,26
28491,26
28492,26
28493,26
28494,26
28495,26
28496,26
28497,26
28498,26
28499,26
28500,26
28501,26
28502,26
28503,26
28504,26
28505,26
28506,26
28507,26
28508,26
28509,26
28510,26
28511,26
28512,26
28513,26
28514,26
28515,26
28516,26
28517,26
28518,26
28519,26
28520,26
28521,26
28522,26
28523,26
28524,26
28525,26
28526,26
28527,26
28528,26
28529,26
28530,26
28531,26
28532,26
28533,26
28534,26
28535,26
28536,26
28537,26
28538,26
28539,26
28540,26
28541,26
28542,26
28543,26
28544,26
28545,26
28546,26
28547,26
28548,26
28549,26
28550,26
28551,26
28552,26
28553,26
28554,26
28555,26
28556,26
28557,26
28558,26
28559,26
28560,26
28561,26
28562,26
28563,26
28564,26
28565,26
28566,26
28567,26
28568,26
28569,26
28570,26
28571,26
28572,26
28573,26
28574,26
28575,26
28576,26
28577,26
28578,26
28579,26
28580,26
28581,26
28582,26
28583,26
28584,26
28585,26
28586,26
28587,26
28588,26
28589,26
28590,26
28591,26
28592,26
28593,26
28594,26
28595,26
28596,26
28597,26
28598,26
28599,26
28600,26
28601,26
28602,26
28603,26
28604,26
28605,26
28606,26
28607,26
28608,26
28609,26
28610,26
28611,26
28612,25
28613,25
28614,25
28615,25
28616,25
28617,25
28618,25
28619,25
28620,25
28621,25
28622,25
28623,25
28624,25
28625,25
28626,25
28627,25
28628,25
28629,25
28630,25
28631,25
28632,25
28633,25
28634,25
28635,25
28636,25
28637,25
28638,25
28639,25
28640,25
28641,25
28642,25
28643,25
28644,25
28645,25
28646,25
28647,25
28648,25
28649,25
28650,25
28651,25
28652,25
28653,25
28654,25
28655,25
28656,25
28657,25
28658,25
28659,25
28660,25
28661,25
28662,25
28663,25
28664,25
28665,25
28666,25
28667,25
28668,25
28669,25
28670,25
28671,25
28672,25
28673,25
28674,25
28675,25
28676,25
28677,25
28678,25
28679,25
28680,25
28681,25
28682,25
28683,25
28684,25
28685,25
28686,25
28687,25
28688,25
28689,25
28690,25
28691,25
28692,25
28693,25
28694,25
28695,25
28696,25
28697,25
28698,25
28699,25
28700,25
28701,25
28702,25
28703,25
28704,25
28705,25
28706,25
28707,25
28708,25
28709,25
28710,25
28711,25
28712,25
28713,25
28714,25
28715,25
28716,25
28717,25
28718,25
28719,25
28720,25
28721,25
28722,25
28723,25
28724,25
28725,25
28726,25
28727,25
28728,25
28729,25
28730,25
28731,25
28732,25
28733,25
28734,25
28735,25
28736,25
28737,25
28738,25
28739,25
28740,25
28741,25
28742,25
28743,25
28744,25
28745,25
28746,25
28747,25
28748,25
28749,25
28750,25
28751,25
28752,25
28753,25
28754,25
28755,25
28756,25
28757,25
28758,25
28759,25
28760,25
28761,25
28762,25
28763,25
28764,25
28765,25
28766,25
28767,25
28768,25
28769,25
28770,25
28771,25
28772,25
28773,25
28774,25
28775,25
28776,25
28777,25
28778,25
28779,25
28780,25
28781,25
28782,25
28783,25
28784,25
28785,25
28786,25
28787,25
28788,25
28789,25
28790,25
28791,25
28792,25
28793,25
28794,25
28795,25
28796,25
28797,25
28798,25
28799,25
28800,25
28801,25
28802,25
28803,25
28804,25
28805,25
28806,25
28807,25
28808,25
28809,25
28810,25
28811,25
28812,25
28813,25
28814,25
28815,25
28816,25
28817,25
28818,25
28819,25
28820,25
28821,25
28822,25
28823,25
28824,25
28825,25
28826,25
28827,25
28828,25
28829,25
28830,25
28831,25
28832,25
28833,25
28834,25
28835,25
28836,25
28837,25
28838,25
28839,25
28840,25
28841,25
28842,25
28843,25
28844,25
28845,25
28846,25
28847,25
28848,25
28849,25
28850,25
28851,25
28852,25
28853,25
28854,25
28855,25
28856,25
28857,25
28858,25
28859,25
28860,25
28861,25
28862,25
28863,25
28864,25
28865,25
28866,25
28867,25
28868,25
28869,25
28870,25
28871,25
28872,25
28873,25
28874,25
28875,25
28876,25
28877,25
28878,25
28879,25
28880,25
28881,25
28882,25
28883,25
28884,25
28885,25
28886,25
28887,25
28888,25
28889,25
28890,25
28891,25
28892,25
28893,25
28894,25
28895,25
28896,25
28897,25
28898,25
28899,25
28900,25
28901,25
28902,25
28903,25
28904,25
28905,25
28906,25
28907,25
28908,25
28909,25
28910,25
28911,25
28912,25
28913,25
28914,25
28915,25
28916,25
28917,25
28918,25
28919,25
28920,25
28921,25
28922,25
28923,25
28924,25
28925,25
28926,25
28927,25
28928,25
28929,25
28930,25
28931,25
28932,25
28933,25
28934,25
28935,25
28936,25
28937,25
28938,25
28939,25
28940,25
28941,25
28942,25
28943,25
28944,25
28945,25
28946,25
28947,25
28948,25
28949,25
28950,25
28951,25
28952,25
28953,25
28954,25
28955,25
28956,25
28957,25
28958,25
28959,25
28960,25
28961,25
28962,25
28963,25
28964,25
28965,25
28966,25
28967,25
28968,25
28969,25
28970,25
28971,25
28972,25
28973,25
28974,25
28975,25
28976,25
28977,25
28978,25
28979,25
28980,25
28981,25
28982,25
28983,25
28984,25
28985,25
28986,25
28987,25
28988,25
28989,25
28990,25
28991,25
28992,25
28993,25
28994,25
28995,25
28996,25
28997,25
28998,25
28999,25
29000,25
29001,25
29002,25
29003,25
29004,25
29005,25
29006,25
29007,25
29008,25
29009,25
29010,25
29011,25
29012,25
29013,25
29014,25
29015,25
29016,25
29017,25
29018,25
29019,25
29020,25
29021,25
29022,25
29023,25
29024,25
29025,25
29026,25
29027,25
29028,25
29029,25
29030,25
29031,25
29032,25
29033,25
29034,25
29035,25
29036,25
29037,25
29038,25
29039,25
29040,25
29041,25
29042,25
29043,25
29044,25
29045,25
29046,25
29047,25
29048,25
29049,25
29050,25
29051,25
29052,25
29053,25
29054,25
29055,25
29056,25
29057,25
29058,25
29059,25
29060,25
29061,25
29062,25
29063,25
29064,25
29065,25
29066,25
29067,25
29068,25
29069,25
29070,25
29071,25
29072,25
29073,25
29074,25
29075,25
29076,25
29077,25
29078,25
29079,25
29080,25
29081,25
29082,25
29083,25
29084,25
29085,25
29086,25
29087,25
29088,25
29089,25
29090,25
29091,25
29092,25
29093,25
29094,25
29095,25
29096,25
29097,25
29098,25
29099,25
29100,25
29101,25
29102,25
29103,25
29104,25
29105,25
29106,25
29107,25
29108,25
29109,25
29110,25
29111,25
29112,25
29113,25
29114,25
29115,25
29116,25
29117,25
29118,25
29119,25
29120,25
29121,25
29122,25
29123,25
29124,25
29125,25
29126,25
29127,25
29128,25
29129,25
29130,25
29131,25
29132,25
29133,25
29134,25
29135,25
29136,25
29137,25
29138,25
29139,25
29140,25
29141,25
29142,25
29143,25
29144,25
29145,25
29146,24
29147,24
29148,24
29149,24
29150,24
29151,24
29152,24
29153,24
29154,24
29155,24
29156,24
29157,24
29158,24
29159,24
29160,24
29161,24
29162,24
29163,24
29164,24
29165,24
29166,24
29167,24
29168,24
29169,24
29170,24
29171,24
29172,24
29173,24
29174,24
29175,24
29176,24
29177,24
29178,24
29179,24
29180,24
29181,24
29182,24
29183,24
29184,24
29185,24
29186,24
29187,24
29188,24
29189,24
29190,24
29191,24
29192,24
29193,24
29194,24
29195,24
29196,24
29197,24
29198,24
29199,24
29200,24
29201,24
29202,24
29203,24
29204,24
29205,24
29206,24
29207,24
29208,24
29209,24
29210,24
29211,24
29212,24
29213,24
29214,24
29215,24
29216,24
29217,24
29218,24
29219,24
29220,24
29221,24
29222,24
29223,24
29224,24
29225,24
29226,24
29227,24
29228,24
29229,24
29230,24
29231,24
29232,24
29233,24
29234,24
29235,24
29236,24
29237,24
29238,24
29239,24
29240,24
29241,24
29242,24
29243,24
29244,24
29245,24
29246,24
29247,24
29248,24
29249,24
29250,24
29251,24
29252,24
29253,24
29254,24
29255,24
29256,24
29257,24
29258,24
29259,24
29260,24
29261,24
29262,24
29263,24
29264,24
29265,24
29266,24
29267,24
29268,24
29269,24
29270,24
29271,24
29272,24
29273,24
29274,24
29275,24
29276,24
29277,24
29278,24
29279,24
29280,24
29281,24
29282,24
29283,24
29284,24
29285,24
29286,24
29287,24
29288,24
29289,24
29290,24
29291,24
29292,24
29293,24
29294,24
29295,24
29296,24
29297,24
29298,24
29299,24
29300,24
29301,24
29302,24
29303,24
29304,24
29305,24
29306,24
29307,24
29308,24
29309,24
29310,24
29311,24
29312,24
29313,24
29314,24
29315,24
29316,24
29317,24
29318,24
29319,24
29320,24
29321,24
29322,24
29323,24
29324,24
29325,24
29326,24
29327,24
29328,24
29329,24
29330,24
29331,24
29332,24
29333,24
29334,24
29335,24
29336,24
29337,24
29338,24
29339,24
29340,24
29341,24
29342,24
29343,24
29344,24
29345,24
29346,24
29347,24
29348,24
29349,24
29350,24
29351,24
29352,24
29353,24
29354,24
29355,24
29356,24
29357,24
29358,24
29359,24
29360,24
29361,24
29362,24
29363,24
29364,24
29365,24
29366,24
29367,24
29368,24
29369,24
29370,24
29371,24
29372,24
29373,24
29374,24
29375,24
29376,24
29377,24
29378,24
29379,24
29380,24
29381,24
29382,24
29383,24
29384,24
29385,24
29386,24
29387,24
29388,24
29389,24
29390,24
29391,24
29392,24
29393,24
29394,24
29395,24
29396,24
29397,24
29398,24
29399,24
29400,24
29401,24
29402,24
29403,24
29404,24
29405,24
29406,24
29407,24
29408,24
29409,24
29410,24
29411,24
29412,24
29413,24
29414,24
29415,24
29416,24
29417,24
29418,24
29419,24
29420,24
29421,24
29422,24
29423,24
29424,24
29425,24
29426,24
29427,24
29428,24
29429,24
29430,24
29431,24
29432,24
29433,24
29434,24
29435,24
29436,24
29437,24
29438,24
29439,24
29440,24
29441,24
29442,24
29443,24
29444,24
29445,24
29446,24
29447,24
29448,24
29449,24
29450,24
29451,24
29452,24
29453,24
29454,24
29455,24
29456,24
29457,24
29458,24
29459,24
29460,24
29461,24
29462,24
29463,24
29464,24
29465,24
29466,24
29467,24
29468,24
29469,24
29470,24
29471,24
29472,24
29473,24
29474,24
29475,24
29476,24
29477,24
29478,24
29479,24
29480,24
29481,24
29482,24
29483,24
29484,24
29485,24
29486,24
29487,24
29488,24
29489,24
29490,24
29491,24
29492,24
29493,24
29494,24
29495,24
29496,24
29497,24
29498,24
29499,24
29500,24
29501,24
29502,24
29503,24
29504,24
29505,24
29506,24
29507,24
29508,24
29509,24
29510,24
29511,24
29512,24
29513,24
29514,24
29515,24
29516,24
29517,24
29518,24
29519,24
29520,24
29521,24
29522,24
29523,24
29524,24
29525,24
29526,24
29527,24
29528,24
29529,24
29530,24
29531,24
29532,24
29533,24
29534,24
29535,24
29536,24
29537,24
29538,24
29539,24
29540,24
29541,24
29542,24
29543,24
29544,24
29545,24
29546,24
29547,24
29548,24
29549,24
29550,24
29551,24
29552,24
29553,24
29554,24
29555,24
29556,24
29557,24
29558,24
29559,24
29560,24
29561,24
29562,24
29563,24
29564,24
29565,24
29566,24
29567,24
29568,24
29569,24
29570,24
29571,24
29572,24
29573,24
29574,24
29575,24
29576,24
29577,24
29578,24
29579,24
29580,24
29581,24
29582,24
29583,24
29584,24
29585,24
29586,24
29587,24
29588,24
29589,24
29590,24
29591,24
29592,24
29593,24
29594,24
29595,24
29596,24
29597,24
29598,24
29599,24
29600,24
29601,24
29602,24
29603,24
29604,24
29605,24
29606,24
29607,24
29608,24
29609,24
29610,24
29611,24
29612,24
29613,24
29614,24
29615,24
29616,24
29617,24
29618,24
29619,24
29620,24
29621,24
29622,24
29623,24
29624,24
29625,24
29626,24
29627,24
29628,24
29629,24
29630,24
29631,24
29632,24
29633,24
29634,24
29635,24
29636,24
29637,24
29638,24
29639,24
29640,24
29641,24
29642,24
29643,24
29644,24
29645,24
29646,24
29647,24
29648,24
29649,24
29650,24
29651,24
29652,24
29653,24
29654,24
29655,24
29656,24
29657,24
29658,24
29659,24
29660,24
29661,24
29662,24
29663,24
29664,24
29665,24
29666,24
29667,24
29668,24
29669,24
29670,24
29671,24
29672,24
29673,24
29674,24
29675,24
29676,24
29677,24
29678,24
29679,24
29680,23
29681,23
29682,23
29683,23
29684,23
29685,23
29686,23
29687,23
29688,23
29689,23
29690,23
29691,23
29692,23
29693,23
29694,23
29695,23
29696,23
29697,23
29698,23
29699,23
29700,23
29701,23
29702,23
29703,23
29704,23
29705,23
29706,23
29707,23
29708,23
29709,23
29710,23
29711,23
29712,23
29713,23
29714,23
29715,23
29716,23
29717,23
29718,23
29719,23
29720,23
29721,23
29722,23
29723,23
29724,23
29725,23
29726,23
29727,23
29728,23
29729,23
29730,23
29731,23
29732,23
29733,23
29734,23
29735,23
29736,23
29737,23
29738,23
29739,23
29740,23
29741,23
29742,23
29743,23
29744,23
29745,23
29746,23
29747,23
29748,23
29749,23
29750,23
29751,23
29752,23
29753,23
29754,23
29755,23
29756,23
29757,23
29758,23
29759,23
29760,23
29761,23
29762,23
29763,23
29764,23
29765,23
29766,23
29767,23
29768,23
29769,23
29770,23
29771,23
29772,23
29773,23
29774,23
29775,23
29776,23
29777,23
29778,23
29779,23
29780,23
29781,23
29782,23
29783,23
29784,23
29785,23
29786,23
29787,23
29788,23
29789,23
29790,23
29791,23
29792,23
29793,23
29794,23
29795,23
29796,23
29797,23
29798,23
29799,23
29800,23
29801,23
29802,23
29803,23
29804,23
29805,23
29806,23
29807,23
29808,23
29809,23
29810,23
29811,23
29812,23
29813,23
29814,23
29815,23
29816,23
29817,23
29818,23
29819,23
29820,23
29821,23
29822,23
29823,23
29824,23
29825,23
29826,23
29827,23
29828,23
29829,23
29830,23
29831,23
29832,23
29833,23
29834,23
29835,23
29836,23
29837,23
29838,23
29839,23
29840,23
29841,23
29842,23
29843,23
29844,23
29845,23
29846,23
29847,23
29848,23
29849,23
29850,23
29851,23
29852,23
29853,23
29854,23
29855,23
29856,23
29857,23
29858,23
29859,23
29860,23
29861,23
29862,23
29863,23
29864,23
29865,23
29866,23
29867,23
29868,23
29869,23
29870,23
29871,23
29872,23
29873,23
29874,23
29875,23
29876,23
29877,23
29878,23
29879,23
29880,23
29881,23
29882,23
29883,23
29884,23
29885,23
29886,23
29887,23
29888,23
29889,23
29890,23
29891,23
29892,23
29893,23
29894,23
29895,23
29896,23
29897,23
29898,23
29899,23
29900,23
29901,23
29902,23
29903,23
29904,23
29905,23
29906,23
29907,23
29908,23
29909,23
29910,23
29911,23
29912,23
29913,23
29914,23
29915,23
29916,23
29917,23
29918,23
29919,23
29920,23
29921,23
29922,23
29923,23
29924,23
29925,23
29926,23
29927,23
29928,23
29929,23
29930,23
29931,23
29932,23
29933,23
29934,23
29935,23
29936,23
29937,23
29938,23
29939,23
29940,23
29941,23
29942,23
29943,23
29944,23
29945,23
29946,23
29947,23
29948,23
29949,23
29950,23
29951,23
29952,23
29953,23
29954,23
29955,23
29956,23
29957,23
29958,23
29959,23
29960,23
29961,23
29962,23
29963,23
29964,23
29965,23
29966,23
29967,23
29968,23
29969,23
29970,23
29971,23
29972,23
29973,23
29974,23
29975,23
29976,23
29977,23
29978,23
29979,23
29980,23
29981,23
29982,23
29983,23
29984,23
29985,23
29986,23
29987,23
29988,23
29989,23
29990,23
29991,23
29992,23
29993,23
29994,23
29995,23
29996,23
29997,23
29998,23
29999,23
30000,23
30001,23
30002,23
30003,23
30004,23
30005,23
30006,23
30007,23
30008,23
30009,23
30010,23
30011,23
30012,23
30013,23
30014,23
30015,23
30016,23
30017,23
30018,23
30019,23
30020,23
30021,23
30022,23
30023,23
30024,23
30025,23
30026,23
30027,23
30028,23
30029,23
30030,23
30031,23
30032,23
30033,23
30034,23
30035,23
30036,23
30037,23
30038,23
30039,23
30040,23
30041,23
30042,23
30043,23
30044,23
30045,23
30046,23
30047,23
30048,23
30049,23
30050,23
30051,23
30052,23
30053,23
30054,23
30055,23
30056,23
30057,23
30058,23
30059,23
30060,23
30061,23
30062,23
30063,23
30064,23
30065,23
30066,23
30067,23
30068,23
30069,23
30070,23
30071,23
30072,23
30073,23
30074,23
30075,23
30076,23
30077,23
30078,23
30079,23
30080,23
30081,23
30082,23
30083,23
30084,23
30085,23
30086,23
30087,23
30088,23
30089,23
30090,23
30091,23
30092,23
30093,23
30094,23
30095,23
30096,23
30097,23
30098,23
30099,23
30100,23
30101,23
30102,23
30103,23
30104,23
30105,23
30106,23
30107,23
30108,23
30109,23
30110,23
30111,23
30112,23
30113,23
30114,23
30115,23
30116,23
30117,23
30118,23
30119,23
30120,23
30121,23
30122,23
30123,23
30124,23
30125,23
30126,23
30127,23
30128,23
30129,23
30130,23
30131,23
30132,23
30133,23
30134,23
30135,23
30136,23
30137,23
30138,23
30139,23
30140,23
30141,23
30142,23
30143,23
30144,23
30145,23
30146,23
30147,23
30148,23
30149,23
30150,23
30151,23
30152,23
30153,23
30154,23
30155,23
30156,23
30157,23
30158,23
30159,23
30160,23
30161,23
30162,23
30163,23
30164,23
30165,23
30166,23
30167,23
30168,23
30169,23
30170,23
30171,23
30172,23
30173,23
30174,23
30175,23
30176,23
30177,23
30178,23
30179,23
30180,23
30181,23
30182,23
30183,23
30184,23
30185,23
30186,23
30187,23
30188,23
30189,23
30190,23
30191,23
30192,23
30193,23
30194,23
30195,23
30196,23
30197,23
30198,23
30199,23
30200,23
30201,23
30202,23
30203,23
30204,23
30205,23
30206,23
30207,23
30208,23
30209,23
30210,23
30211,23
30212,23
30213,23
30214,23
30215,23
30216,23
30217,23
30218,23
30219,23
30220,23
30221,23
30222,23
30223,23
30224,22
30225,22
30226,22
30227,22
30228,22
30229,22
30230,22
30231,22
30232,22
30233,22
30234,22
30235,22
30236,22
30237,22
30238,22
30239,22
30240,22
30241,22
30242,22
30243,22
30244,22
30245,22
30246,22
30247,22
30248,22
30249,22
30250,22
30251,22
30252,22
30253,22
30254,22
30255,22
30256,22
30257,22
30258,22
30259,22
30260,22
30261,22
30262,22
30263,22
30264,22
30265,22
30266,22
30267,22
30268,22
30269,22
30270,22
30271,22
30272,22
30273,22
30274,22
30275,22
30276,22
30277,22
30278,22
30279,22
30280,22
30281,22
30282,22
30283,22
30284,22
30285,22
30286,22
30287,22
30288,22
30289,22
30290,22
30291,22
30292,22
30293,22
30294,22
30295,22
30296,22
30297,22
30298,22
30299,22
30300,22
30301,22
30302,22
30303,22
30304,22
30305,22
30306,22
30307,22
30308,22
30309,22
30310,22
30311,22
30312,22
30313,22
30314,22
30315,22
30316,22
30317,22
30318,22
30319,22
30320,22
30321,22
30322,22
30323,22
30324,22
30325,22
30326,22
30327,22
30328,22
30329,22
30330,22
30331,22
30332,22
30333,22
30334,22
30335,22
30336,22
30337,22
30338,22
30339,22
30340,22
30341,22
30342,22
30343,22
30344,22
30345,22
30346,22
30347,22
30348,22
30349,22
30350,22
30351,22
30352,22
30353,22
30354,22
30355,22
30356,22
30357,22
30358,22
30359,22
30360,22
30361,22
30362,22
30363,22
30364,22
30365,22
30366,22
30367,22
30368,22
30369,22
30370,22
30371,22
30372,22
30373,22
30374,22
30375,22
30376,22
30377,22
30378,22
30379,22
30380,22
30381,22
30382,22
30383,22
30384,22
30385,22
30386,22
30387,22
30388,22
30389,22
30390,22
30391,22
30392,22
30393,22
30394,22
30395,22
30396,22
30397,22
30398,22
30399,22
30400,22
30401,22
30402,22
30403,22
30404,22
30405,22
30406,22
30407,22
30408,22
30409,22
30410,22
30411,22
30412,22
30413,22
30414,22
30415,22
30416,22
30417,22
30418,22
30419,22
30420,22
30421,22
30422,22
30423,22
30424,22
30425,22
30426,22
30427,22
30428,22
30429,22
30430,22
30431,22
30432,22
30433,22
30434,22
30435,22
30436,22
30437,22
30438,22
30439,22
30440,22
30441,22
30442,22
30443,22
30444,22
30445,22
30446,22
30447,22
30448,22
30449,22
30450,22
30451,22
30452,22
30453,22
30454,22
30455,22
30456,22
30457,22
30458,22
30459,22
30460,22
30461,22
30462,22
30463,22
30464,22
30465,22
30466,22
30467,22
30468,22
30469,22
30470,22
30471,22
30472,22
30473,22
30474,22
30475,22
30476,22
30477,22
30478,22
30479,22
30480,22
30481,22
30482,22
30483,22
30484,22
30485,22
30486,22
30487,22
30488,22
30489,22
30490,22
30491,22
30492,22
30493,22
30494,22
30495,22
30496,22
30497,22
30498,22
30499,22
30500,22
30501,22
30502,22
30503,22
30504,22
30505,22
30506,22
30507,22
30508,22
30509,22
30510,22
30511,22
30512,22
30513,22
30514,22
30515,22
30516,22
30517,22
30518,22
30519,22
30520,22
30521,22
30522,22
30523,22
30524,22
30525,22
30526,22
30527,22
30528,22
30529,22
30530,22
30531,22
30532,22
30533,22
30534,22
30535,22
30536,22
30537,22
30538,22
30539,22
30540,22
30541,22
30542,22
30543,22
30544,22
30545,22
30546,22
30547,22
30548,22
30549,22
30550,22
30551,22
30552,22
30553,22
30554,22
30555,22
30556,22
30557,22
30558,22
30559,22
30560,22
30561,22
30562,22
30563,22
30564,22
30565,22
30566,22
30567,22
30568,22
30569,22
30570,22
30571,22
30572,22
30573,22
30574,22
30575,22
30576,22
30577,22
30578,22
30579,22
30580,22
30581,22
30582,22
30583,22
30584,22
30585,22
30586,22
30587,22
30588,22
30589,22
30590,22
30591,22
30592,22
30593,22
30594,22
30595,22
30596,22
30597,22
30598,22
30599,22
30600,22
30601,22
30602,22
30603,22
30604,22
30605,22
30606,22
30607,22
30608,22
30609,22
30610,22
30611,22
30612,22
30613,22
30614,22
30615,22
30616,22
30617,22
30618,22
30619,22
30620,22
30621,22
30622,22
30623,22
30624,22
30625,22
30626,22
30627,22
30628,22
30629,22
30630,22
30631,22
30632,22
30633,22
30634,22
30635,22
30636,22
30637,22
30638,22
30639,22
30640,22
30641,22
30642,22
30643,22
30644,22
30645,22
30646,22
30647,22
30648,22
30649,22
30650,22
30651,22
30652,22
30653,22
30654,22
30655,22
30656,22
30657,22
30658,22
30659,22
30660,22
30661,22
30662,22
30663,22
30664,22
30665,22
30666,22
30667,22
30668,22
30669,22
30670,22
30671,22
30672,22
30673,22
30674,22
30675,22
30676,22
30677,22
30678,22
30679,22
30680,22
30681,22
30682,22
30683,22
30684,22
30685,22
30686,22
30687,22
30688,22
30689,22
30690,22
30691,22
30692,22
30693,22
30694,22
30695,22
30696,22
30697,22
30698,22
30699,22
30700,22
30701,22
30702,22
30703,22
30704,22
30705,22
30706,22
30707,22
30708,22
30709,22
30710,22
30711,22
30712,22
30713,22
30714,22
30715,22
30716,22
30717,22
30718,22
30719,22
30720,22
30721,22
30722,22
30723,22
30724,22
30725,22
30726,22
30727,22
30728,22
30729,22
30730,22
30731,22
30732,22
30733,22
30734,22
30735,22
30736,22
30737,22
30738,22
30739,22
30740,22
30741,22
30742,22
30743,22
30744,22
30745,22
30746,22
30747,22
30748,22
30749,22
30750,22
30751,22
30752,22
30753,22
30754,22
30755,22
30756,22
30757,22
30758,22
30759,22
30760,22
30761,22
30762,22
30763,22
30764,22
30765,22
30766,22
30767,22
30768,22
30769,22
30770,22
30771,22
30772,22
30773,22
30774,22
30775,22
30776,22
30777,22
30778,22
30779,22
30780,22
30781,22
30782,22
30783,22
30784,22
30785,22
30786,22
30787,22
30788,22
30789,22
30790,22
30791,22
30792,22
30793,22
30794,22
30795,22
30796,22
30797,22
30798,22
30799,22
30800,22
30801,22
30802,22
30803,22
30804,22
30805,22
30806,22
30807,22
30808,21
30809,21
30810,21
30811,21
30812,21
30813,21
30814,21
30815,21
30816,21
30817,21
30818,21
30819,21
30820,21
30821,21
30822,21
30823,21
30824,21
30825,21
30826,21
30827,21
30828,21
30829,21
30830,21
30831,21
30832,21
30833,21
30834,21
30835,21
30836,21
30837,21
30838,21
30839,21
30840,21
30841,21
30842,21
30843,21
30844,21
30845,21
30846,21
30847,21
30848,21
30849,21
30850,21
30851,21
30852,21
30853,21
30854,21
30855,21
30856,21
30857,21
30858,21
30859,21
30860,21
30861,21
30862,21
30863,21
30864,21
30865,21
30866,21
30867,21
30868,21
30869,21
30870,21
30871,21
30872,21
30873,21
30874,21
30875,21
30876,21
30877,21
30878,21
30879,21
30880,21
30881,21
30882,21
30883,21
30884,21
30885,21
30886,21
30887,21
30888,21
30889,21
30890,21
30891,21
30892,21
30893,21
30894,21
30895,21
30896,21
30897,21
30898,21
30899,21
30900,21
30901,21
30902,21
30903,21
30904,21
30905,21
30906,21
30907,21
30908,21
30909,21
30910,21
30911,21
30912,21
30913,21
30914,21
30915,21
30916,21
30917,21
30918,21
30919,21
30920,21
30921,21
30922,21
30923,21
30924,21
30925,21
30926,21
30927,21
30928,21
30929,21
30930,21
30931,21
30932,21
30933,21
30934,21
30935,21
30936,21
30937,21
30938,21
30939,21
30940,21
30941,21
30942,21
30943,21
30944,21
30945,21
30946,21
30947,21
30948,21
30949,21
30950,21
30951,21
30952,21
30953,21
30954,21
30955,21
30956,21
30957,21
30958,21
30959,21
30960,21
30961,21
30962,21
30963,21
30964,21
30965,21
30966,21
30967,21
30968,21
30969,21
30970,21
30971,21
30972,21
30973,21
30974,21
30975,21
30976,21
30977,21
30978,21
30979,21
30980,21
30981,21
30982,21
30983,21
30984,21
30985,21
30986,21
30987,21
30988,21
30989,21
30990,21
30991,21
30992,21
30993,21
30994,21
30995,21
30996,21
30997,21
30998,21
30999,21
31000,21
31001,21
31002,21
31003,21
31004,21
31005,21
31006,21
31007,21
31008,21
31009,21
31010,21
31011,21
31012,21
31013,21
31014,21
31015,21
31016,21
31017,21
31018,21
31019,21
31020,21
31021,21
31022,21
31023,21
31024,21
31025,21
31026,21
31027,21
31028,21
31029,21
31030,21
31031,21
31032,21
31033,21
31034,21
31035,21
31036,21
31037,21
31038,21
31039,21
31040,21
31041,21
31042,21
31043,21
31044,21
31045,21
31046,21
31047,21
31048,21
31049,21
31050,21
31051,21
31052,21
31053,21
31054,21
31055,21
31056,21
31057,21
31058,21
31059,21
31060,21
31061,21
31062,21
31063,21
31064,21
31065,21
31066,21
31067,21
31068,21
31069,21
31070,21
31071,21
31072,21
31073,21
31074,21
31075,21
31076,21
31077,21
31078,21
31079,21
31080,21
31081,21
31082,21
31083,21
31084,21
31085,21
31086,21
31087,21
31088,21
31089,21
31090,21
31091,21
31092,21
31093,21
31094,21
31095,21
31096,21
31097,21
31098,21
31099,21
31100,21
31101,21
31102,21
31103,21
31104,21
31105,21
31106,21
31107,21
31108,21
31109,21
31110,21
31111,21
31112,21
31113,21
31114,21
31115,21
31116,21
31117,21
31118,21
31119,21
31120,21
31121,21
31122,21
31123,21
31124,21
31125,21
31126,21
31127,21
31128,21
31129,21
31130,21
31131,21
31132,21
31133,21
31134,21
31135,21
31136,21
31137,21
31138,21
31139,21
31140,21
31141,21
31142,21
31143,21
31144,21
31145,21
31146,21
31147,21
31148,21
31149,21
31150,21
31151,21
31152,21
31153,21
31154,21
31155,21
31156,21
31157,21
31158,21
31159,21
31160,21
31161,21
31162,21
31163,21
31164,21
31165,21
31166,21
31167,21
31168,21
31169,21
31170,21
31171,21
31172,21
31173,21
31174,21
31175,21
31176,21
31177,21
31178,21
31179,21
31180,21
31181,21
31182,21
31183,21
31184,21
31185,21
31186,21
31187,21
31188,21
31189,21
31190,21
31191,21
31192,21
31193,21
31194,21
31195,21
31196,21
31197,21
31198,21
31199,21
31200,21
31201,21
31202,21
31203,21
31204,21
31205,21
31206,21
31207,21
31208,21
31209,21
31210,21
31211,21
31212,21
31213,21
31214,21
31215,21
31216,21
31217,21
31218,21
31219,21
31220,21
31221,21
31222,21
31223,21
31224,21
31225,21
31226,21
31227,21
31228,21
31229,21
31230,21
31231,21
31232,21
31233,21
31234,21
31235,21
31236,21
31237,21
31238,21
31239,21
31240,21
31241,21
31242,21
31243,21
31244,21
31245,21
31246,21
31247,21
31248,21
31249,21
31250,21
31251,21
31252,21
31253,21
31254,21
31255,21
31256,21
31257,21
31258,21
31259,21
31260,21
31261,21
31262,21
31263,21
31264,21
31265,21
31266,21
31267,21
31268,21
31269,21
31270,21
31271,21
31272,21
31273,21
31274,21
31275,21
31276,21
31277,21
31278,21
31279,21
31280,21
31281,21
31282,21
31283,21
31284,21
31285,21
31286,21
31287,21
31288,21
31289,21
31290,21
31291,21
31292,21
31293,21
31294,21
31295,21
31296,21
31297,21
31298,21
31299,21
31300,21
31301,21
31302,21
31303,21
31304,21
31305,21
31306,21
31307,21
31308,21
31309,21
31310,21
31311,21
31312,21
31313,21
31314,21
31315,21
31316,21
31317,21
31318,21
31319,21
31320,21
31321,21
31322,21
31323,21
31324,21
31325,21
31326,21
31327,21
31328,21
31329,21
31330,21
31331,21
31332,21
31333,21
31334,21
31335,21
31336,21
31337,21
31338,21
31339,21
31340,21
31341,21
31342,21
31343,21
31344,21
31345,21
31346,21
31347,21
31348,21
31349,21
31350,21
31351,21
31352,21
31353,21
31354,21
31355,21
31356,21
31357,21
31358,21
31359,21
31360,21
31361,21
31362,21
31363,21
31364,21
31365,21
31366,21
31367,21
31368,21
31369,21
31370,21
31371,21
31372,21
31373,21
31374,21
31375,21
31376,21
31377,21
31378,21
31379,21
31380,21
31381,21
31382,21
31383,21
31384,21
31385,21
31386,21
31387,21
31388,21
31389,21
31390,21
31391,21
31392,21
31393,21
31394,21
31395,21
31396,21
31397,21
31398,21
31399,21
31400,21
31401,21
31402,21
31403,21
31404,21
31405,21
31406,21
31407,21
31408,21
31409,21
31410,21
31411,21
31412,21
31413,21
31414,21
31415,21
31416,21
31417,21
31418,21
31419,21
31420,21
31421,21
31422,21
31423,21
31424,21
31425,20
31426,20
31427,20
31428,20
31429,20
31430,20
31431,20
31432,20
31433,20
31434,20
31435,20
31436,20
31437,20
31438,20
31439,20
31440,20
31441,20
31442,20
31443,20
31444,20
31445,20
31446,20
31447,20
31448,20
31449,20
31450,20
31451,20
31452,20
31453,20
31454,20
31455,20
31456,20
31457,20
31458,20
31459,20
31460,20
31461,20
31462,20
31463,20
31464,20
31465,20
31466,20
31467,20
31468,20
31469,20
31470,20
31471,20
31472,20
31473,20
31474,20
31475,20
31476,20
31477,20
31478,20
31479,20
31480,20
31481,20
31482,20
31483,20
31484,20
31485,20
31486,20
31487,20
31488,20
31489,20
31490,20
31491,20
31492,20
31493,20
31494,20
31495,20
31496,20
31497,20
31498,20
31499,20
31500,20
31501,20
31502,20
31503,20
31504,20
31505,20
31506,20
31507,20
31508,20
31509,20
31510,20
31511,20
31512,20
31513,20
31514,20
31515,20
31516,20
31517,20
31518,20
31519,20
31520,20
31521,20
31522,20
31523,20
31524,20
31525,20
31526,20
31527,20
31528,20
31529,20
31530,20
31531,20
31532,20
31533,20
31534,20
31535,20
31536,20
31537,20
31538,20
31539,20
31540,20
31541,20
31542,20
31543,20
31544,20
31545,20
31546,20
31547,20
31548,20
31549,20
31550,20
31551,20
31552,20
31553,20
31554,20
31555,20
31556,20
31557,20
31558,20
31559,20
31560,20
31561,20
31562,20
31563,20
31564,20
31565,20
31566,20
31567,20
31568,20
31569,20
31570,20
31571,20
31572,20
31573,20
31574,20
31575,20
31576,20
31577,20
31578,20
31579,20
31580,20
31581,20
31582,20
31583,20
31584,20
31585,20
31586,20
31587,20
31588,20
31589,20
31590,20
31591,20
31592,20
31593,20
31594,20
31595,20
31596,20
31597,20
31598,20
31599,20
31600,20
31601,20
31602,20
31603,20
31604,20
31605,20
31606,20
31607,20
31608,20
31609,20
31610,20
31611,20
31612,20
31613,20
31614,20
31615,20
31616,20
31617,20
31618,20
31619,20
31620,20
31621,20
31622,20
31623,20
31624,20
31625,20
31626,20
31627,20
31628,20
31629,20
31630,20
31631,20
31632,20
31633,20
31634,20
31635,20
31636,20
31637,20
31638,20
31639,20
31640,20
31641,20
31642,20
31643,20
31644,20
31645,20
31646,20
31647,20
31648,20
31649,20
31650,20
31651,20
31652,20
31653,20
31654,20
31655,20
31656,20
31657,20
31658,20
31659,20
31660,20
31661,20
31662,20
31663,20
31664,20
31665,20
31666,20
31667,20
31668,20
31669,20
31670,20
31671,20
31672,20
31673,20
31674,20
31675,20
31676,20
31677,20
31678,20
31679,20
31680,20
31681,20
31682,20
31683,20
31684,20
31685,20
31686,20
31687,20
31688,20
31689,20
31690,20
31691,20
31692,20
31693,20
31694,20
31695,20
31696,20
31697,20
31698,20
31699,20
31700,20
31701,20
31702,20
31703,20
31704,20
31705,20
31706,20
31707,20
31708,20
31709,20
31710,20
31711,20
31712,20
31713,20
31714,20
31715,20
31716,20
31717,20
31718,20
31719,20
31720,20
31721,20
31722,20
31723,20
31724,20
31725,20
31726,20
31727,20
31728,20
31729,20
31730,20
31731,20
31732,20
31733,20
31734,20
31735,20
31736,20
31737,20
31738,20
31739,20
31740,20
31741,20
31742,20
31743,20
31744,20
31745,20
31746,20
31747,20
31748,20
31749,20
31750,20
31751,20
31752,20
31753,20
31754,20
31755,20
31756,20
31757,20
31758,20
31759,20
31760,20
31761,20
31762,20
31763,20
31764,20
31765,20
31766,20
31767,20
31768,20
31769,20
31770,20
31771,20
31772,20
31773,20
31774,20
31775,20
31776,20
31777,20
31778,20
31779,20
31780,20
31781,20
31782,20
31783,20
31784,20
31785,20
31786,20
31787,20
31788,20
31789,20
31790,20
31791,20
31792,20
31793,20
31794,20
31795,20
31796,20
31797,20
31798,20
31799,20
31800,20
31801,20
31802,20
31803,20
31804,20
31805,20
31806,20
31807,20
31808,20
31809,20
31810,20
31811,20
31812,20
31813,20
31814,20
31815,20
31816,20
31817,20
31818,20
31819,20
31820,20
31821,20
31822,20
31823,20
31824,20
31825,20
31826,20
31827,20
31828,20
31829,20
31830,20
31831,20
31832,20
31833,20
31834,20
31835,20
31836,20
31837,20
31838,20
31839,20
31840,20
31841,20
31842,20
31843,20
31844,20
31845,20
31846,20
31847,20
31848,20
31849,20
31850,20
31851,20
31852,20
31853,20
31854,20
31855,20
31856,20
31857,20
31858,20
31859,20
31860,20
31861,20
31862,20
31863,20
31864,20
31865,20
31866,20
31867,20
31868,20
31869,20
31870,20
31871,20
31872,20
31873,20
31874,20
31875,20
31876,20
31877,20
31878,20
31879,20
31880,20
31881,20
31882,20
31883,20
31884,20
31885,20
31886,20
31887,20
31888,20
31889,20
31890,20
31891,20
31892,20
31893,20
31894,20
31895,20
31896,20
31897,20
31898,20
31899,20
31900,20
31901,20
31902,20
31903,20
31904,20
31905,20
31906,20
31907,20
31908,20
31909,20
31910,20
31911,20
31912,20
31913,20
31914,20
31915,20
31916,20
31917,20
31918,20
31919,20
31920,20
31921,20
31922,20
31923,20
31924,20
31925,20
31926,20
31927,20
31928,20
31929,20
31930,20
31931,20
31932,20
31933,20
31934,20
31935,20
31936,20
31937,20
31938,20
31939,20
31940,20
31941,20
31942,20
31943,20
31944,20
31945,20
31946,20
31947,20
31948,20
31949,20
31950,20
31951,20
31952,20
31953,20
31954,20
31955,20
31956,20
31957,20
31958,20
31959,20
31960,20
31961,20
31962,20
31963,20
31964,20
31965,20
31966,20
31967,20
31968,20
31969,20
31970,20
31971,20
31972,20
31973,20
31974,20
31975,20
31976,20
31977,20
31978,20
31979,20
31980,20
31981,20
31982,20
31983,20
31984,20
31985,20
31986,20
31987,20
31988,20
31989,20
31990,20
31991,20
31992,20
31993,20
31994,20
31995,20
31996,20
31997,20
31998,20
31999,20
32000,20
32001,20
32002,20
32003,20
32004,20
32005,20
32006,20
32007,20
32008,20
32009,20
32010,20
32011,20
32012,20
32013,20
32014,20
32015,20
32016,20
32017,20
32018,20
32019,20
32020,20
32021,20
32022,20
32023,20
32024,20
32025,20
32026,20
32027,20
32028,20
32029,20
32030,20
32031,20
32032,20
32033,20
32034,20
32035,20
32036,20
32037,20
32038,20
32039,20
32040,20
32041,20
32042,20
32043,20
32044,20
32045,20
32046,20
32047,20
32048,20
32049,20
32050,20
32051,20
32052,20
32053,20
32054,20
32055,20
32056,20
32057,20
32058,20
32059,20
32060,20
32061,20
32062,20
32063,20
32064,20
32065,20
32066,20
32067,20
32068,20
32069,20
32070,20
32071,20
32072,20
32073,20
32074,20
32075,20
32076,20
32077,20
32078,19
32079,19
32080,19
32081,19
32082,19
32083,19
32084,19
32085,19
32086,19
32087,19
32088,19
32089,19
32090,19
32091,19
32092,19
32093,19
32094,19
32095,19
32096,19
32097,19
32098,19
32099,19
32100,19
32101,19
32102,19
32103,19
32104,19
32105,19
32106,19
32107,19
32108,19
32109,19
32110,19
32111,19
32112,19
32113,19
32114,19
32115,19
32116,19
32117,19
32118,19
32119,19
32120,19
32121,19
32122,19
32123,19
32124,19
32125,19
32126,19
32127,19
32128,19
32129,19
32130,19
32131,19
32132,19
32133,19
32134,19
32135,19
32136,19
32137,19
32138,19
32139,19
32140,19
32141,19
32142,19
32143,19
32144,19
32145,19
32146,19
32147,19
32148,19
32149,19
32150,19
32151,19
32152,19
32153,19
32154,19
32155,19
32156,19
32157,19
32158,19
32159,19
32160,19
32161,19
32162,19
32163,19
32164,19
32165,19
32166,19
32167,19
32168,19
32169,19
32170,19
32171,19
32172,19
32173,19
32174,19
32175,19
32176,19
32177,19
32178,19
32179,19
32180,19
32181,19
32182,19
32183,19
32184,19
32185,19
32186,19
32187,19
32188,19
32189,19
32190,19
32191,19
32192,19
32193,19
32194,19
32195,19
32196,19
32197,19
32198,19
32199,19
32200,19
32201,19
32202,19
32203,19
32204,19
32205,19
32206,19
32207,19
32208,19
32209,19
32210,19
32211,19
32212,19
32213,19
32214,19
32215,19
32216,19
32217,19
32218,19
32219,19
32220,19
32221,19
32222,19
32223,19
32224,19
32225,19
32226,19
32227,19
32228,19
32229,19
32230,19
32231,19
32232,19
32233,19
32234,19
32235,19
32236,19
32237,19
32238,19
32239,19
32240,19
32241,19
32242,19
32243,19
32244,19
32245,19
32246,19
32247,19
32248,19
32249,19
32250,19
32251,19
32252,19
32253,19
32254,19
32255,19
32256,19
32257,19
32258,19
32259,19
32260,19
32261,19
32262,19
32263,19
32264,19
32265,19
32266,19
32267,19
32268,19
32269,19
32270,19
32271,19
32272,19
32273,19
32274,19
32275,19
32276,19
32277,19
32278,19
32279,19
32280,19
32281,19
32282,19
32283,19
32284,19
32285,19
32286,19
32287,19
32288,19
32289,19
32290,19
32291,19
32292,19
32293,19
32294,19
32295,19
32296,19
32297,19
32298,19
32299,19
32300,19
32301,19
32302,19
32303,19
32304,19
32305,19
32306,19
32307,19
32308,19
32309,19
32310,19
32311,19
32312,19
32313,19
32314,19
32315,19
32316,19
32317,19
32318,19
32319,19
32320,19
32321,19
32322,19
32323,19
32324,19
32325,19
32326,19
32327,19
32328,19
32329,19
32330,19
32331,19
32332,19
32333,19
32334,19
32335,19
32336,19
32337,19
32338,19
32339,19
32340,19
32341,19
32342,19
32343,19
32344,19
32345,19
32346,19
32347,19
32348,19
32349,19
32350,19
32351,19
32352,19
32353,19
32354,19
32355,19
32356,19
32357,19
32358,19
32359,19
32360,19
32361,19
32362,19
32363,19
32364,19
32365,19
32366,19
32367,19
32368,19
32369,19
32370,19
32371,19
32372,19
32373,19
32374,19
32375,19
32376,19
32377,19
32378,19
32379,19
32380,19
32381,19
32382,19
32383,19
32384,19
32385,19
32386,19
32387,19
32388,19
32389,19
32390,19
32391,19
32392,19
32393,19
32394,19
32395,19
32396,19
32397,19
32398,19
32399,19
32400,19
32401,19
32402,19
32403,19
32404,19
32405,19
32406,19
32407,19
32408,19
32409,19
32410,19
32411,19
32412,19
32413,19
32414,19
32415,19
32416,19
32417,19
32418,19
32419,19
32420,19
32421,19
32422,19
32423,19
32424,19
32425,19
32426,19
32427,19
32428,19
32429,19
32430,19
32431,19
32432,19
32433,19
32434,19
32435,19
32436,19
32437,19
32438,19
32439,19
32440,19
32441,19
32442,19
32443,19
32444,19
32445,19
32446,19
32447,19
32448,19
32449,19
32450,19
32451,19
32452,19
32453,19
32454,19
32455,19
32456,19
32457,19
32458,19
32459,19
32460,19
32461,19
32462,19
32463,19
32464,19
32465,19
32466,19
32467,19
32468,19
32469,19
32470,19
32471,19
32472,19
32473,19
32474,19
32475,19
32476,19
32477,19
32478,19
32479,19
32480,19
32481,19
32482,19
32483,19
32484,19
32485,19
32486,19
32487,19
32488,19
32489,19
32490,19
32491,19
32492,19
32493,19
32494,19
32495,19
32496,19
32497,19
32498,19
32499,19
32500,19
32501,19
32502,19
32503,19
32504,19
32505,19
32506,19
32507,19
32508,19
32509,19
32510,19
32511,19
32512,19
32513,19
32514,19
32515,19
32516,19
32517,19
32518,19
32519,19
32520,19
32521,19
32522,19
32523,19
32524,19
32525,19
32526,19
32527,19
32528,19
32529,19
32530,19
32531,19
32532,19
32533,19
32534,19
32535,19
32536,19
32537,19
32538,19
32539,19
32540,19
32541,19
32542,19
32543,19
32544,19
32545,19
32546,19
32547,19
32548,19
32549,19
32550,19
32551,19
32552,19
32553,19
32554,19
32555,19
32556,19
32557,19
32558,19
32559,19
32560,19
32561,19
32562,19
32563,19
32564,19
32565,19
32566,19
32567,19
32568,19
32569,19
32570,19
32571,19
32572,19
32573,19
32574,19
32575,19
32576,19
32577,19
32578,19
32579,19
32580,19
32581,19
32582,19
32583,19
32584,19
32585,19
32586,19
32587,19
32588,19
32589,19
32590,19
32591,19
32592,19
32593,19
32594,19
32595,19
32596,19
32597,19
32598,19
32599,19
32600,19
32601,19
32602,19
32603,19
32604,19
32605,19
32606,19
32607,19
32608,19
32609,19
32610,19
32611,19
32612,19
32613,19
32614,19
32615,19
32616,19
32617,19
32618,19
32619,19
32620,19
32621,19
32622,19
32623,19
32624,19
32625,19
32626,19
32627,19
32628,19
32629,19
32630,19
32631,19
32632,19
32633,19
32634,19
32635,19
32636,19
32637,19
32638,19
32639,19
32640,19
32641,19
32642,19
32643,19
32644,19
32645,19
32646,19
32647,19
32648,19
32649,19
32650,19
32651,19
32652,19
32653,19
32654,19
32655,19
32656,19
32657,19
32658,19
32659,19
32660,19
32661,19
32662,19
32663,19
32664,19
32665,19
32666,19
32667,19
32668,19
32669,19
32670,19
32671,19
32672,19
32673,19
32674,19
32675,19
32676,19
32677,19
32678,19
32679,19
32680,19
32681,19
32682,19
32683,19
32684,19
32685,19
32686,19
32687,19
32688,19
32689,19
32690,19
32691,19
32692,19
32693,19
32694,19
32695,19
32696,19
32697,19
32698,19
32699,19
32700,19
32701,19
32702,19
32703,19
32704,19
32705,19
32706,19
32707,19
32708,19
32709,19
32710,19
32711,19
32712,19
32713,19
32714,19
32715,19
32716,19
32717,19
32718,19
32719,19
32720,19
32721,19
32722,19
32723,19
32724,19
32725,19
32726,19
32727,19
32728,19
32729,19
32730,19
32731,19
32732,19
32733,19
32734,19
32735,19
32736,19
32737,19
32738,19
32739,19
32740,19
32741,19
32742,19
32743,19
32744,19
32745,19
32746,19
32747,19
32748,19
32749,19
32750,19
32751,19
32752,19
32753,19
32754,19
32755,19
32756,19
32757,19
32758,19
32759,19
32760,19
32761,19
32762,19
32763,19
32764,19
32765,19
32766,19
32767,19
32768,19
32769,19
32770,19
32771,19
32772,19
32773,19
32774,19
32775,19
32776,19
32777,19
32778,19
32779,19
32780,19
32781,19
32782,19
32783,19
32784,19
32785,19
32786,19
32787,19
32788,19
32789,19
32790,19
32791,19
32792,19
32793,19
32794,19
32795,19
32796,19
32797,19
32798,18
32799,18
32800,18
32801,18
32802,18
32803,18
32804,18
32805,18
32806,18
32807,18
32808,18
32809,18
32810,18
32811,18
32812,18
32813,18
32814,18
32815,18
32816,18
32817,18
32818,18
32819,18
32820,18
32821,18
32822,18
32823,18
32824,18
32825,18
32826,18
32827,18
32828,18
32829,18
32830,18
32831,18
32832,18
32833,18
32834,18
32835,18
32836,18
32837,18
32838,18
32839,18
32840,18
32841,18
32842,18
32843,18
32844,18
32845,18
32846,18
32847,18
32848,18
32849,18
32850,18
32851,18
32852,18
32853,18
32854,18
32855,18
32856,18
32857,18
32858,18
32859,18
32860,18
32861,18
32862,18
32863,18
32864,18
32865,18
32866,18
32867,18
32868,18
32869,18
32870,18
32871,18
32872,18
32873,18
32874,18
32875,18
32876,18
32877,18
32878,18
32879,18
32880,18
32881,18
32882,18
32883,18
32884,18
32885,18
32886,18
32887,18
32888,18
32889,18
32890,18
32891,18
32892,18
32893,18
32894,18
32895,18
32896,18
32897,18
32898,18
32899,18
32900,18
32901,18
32902,18
32903,18
32904,18
32905,18
32906,18
32907,18
32908,18
32909,18
32910,18
32911,18
32912,18
32913,18
32914,18
32915,18
32916,18
32917,18
32918,18
32919,18
32920,18
32921,18
32922,18
32923,18
32924,18
32925,18
32926,18
32927,18
32928,18
32929,18
32930,18
32931,18
32932,18
32933,18
32934,18
32935,18
32936,18
32937,18
32938,18
32939,18
32940,18
32941,18
32942,18
32943,18
32944,18
32945,18
32946,18
32947,18
32948,18
32949,18
32950,18
32951,18
32952,18
32953,18
32954,18
32955,18
32956,18
32957,18
32958,18
32959,18
32960,18
32961,18
32962,18
32963,18
32964,18
32965,18
32966,18
32967,18
32968,18
32969,18
32970,18
32971,18
32972,18
32973,18
32974,18
32975,18
32976,18
32977,18
32978,18
32979,18
32980,18
32981,18
32982,18
32983,18
32984,18
32985,18
32986,18
32987,18
32988,18
32989,18
32990,18
32991,18
32992,18
32993,18
32994,18
32995,18
32996,18
32997,18
32998,18
32999,18
33000,18
33001,18
33002,18
33003,18
33004,18
33005,18
33006,18
33007,18
33008,18
33009,18
33010,18
33011,18
33012,18
33013,18
33014,18
33015,18
33016,18
33017,18
33018,18
33019,18
33020,18
33021,18
33022,18
33023,18
33024,18
33025,18
33026,18
33027,18
33028,18
33029,18
33030,18
33031,18
33032,18
33033,18
33034,18
33035,18
33036,18
33037,18
33038,18
33039,18
33040,18
33041,18
33042,18
33043,18
33044,18
33045,18
33046,18
33047,18
33048,18
33049,18
33050,18
33051,18
33052,18
33053,18
33054,18
33055,18
33056,18
33057,18
33058,18
33059,18
33060,18
33061,18
33062,18
33063,18
33064,18
33065,18
33066,18
33067,18
33068,18
33069,18
33070,18
33071,18
33072,18
33073,18
33074,18
33075,18
33076,18
33077,18
33078,18
33079,18
33080,18
33081,18
33082,18
33083,18
33084,18
33085,18
33086,18
33087,18
33088,18
33089,18
33090,18
33091,18
33092,18
33093,18
33094,18
33095,18
33096,18
33097,18
33098,18
33099,18
33100,18
33101,18
33102,18
33103,18
33104,18
33105,18
33106,18
33107,18
33108,18
33109,18
33110,18
33111,18
33112,18
33113,18
33114,18
33115,18
33116,18
33117,18
33118,18
33119,18
33120,18
33121,18
33122,18
33123,18
33124,18
33125,18
33126,18
33127,18
33128,18
33129,18
33130,18
33131,18
33132,18
33133,18
33134,18
33135,18
33136,18
33137,18
33138,18
33139,18
33140,18
33141,18
33142,18
33143,18
33144,18
33145,18
33146,18
33147,18
33148,18
33149,18
33150,18
33151,18
33152,18
33153,18
33154,18
33155,18
33156,18
33157,18
33158,18
33159,18
33160,18
33161,18
33162,18
33163,18
33164,18
33165,18
33166,18
33167,18
33168,18
33169,18
33170,18
33171,18
33172,18
33173,18
33174,18
33175,18
33176,18
33177,18
33178,18
33179,18
33180,18
33181,18
33182,18
33183,18
33184,18
33185,18
33186,18
33187,18
33188,18
33189,18
33190,18
33191,18
33192,18
33193,18
33194,18
33195,18
33196,18
33197,18
33198,18
33199,18
33200,18
33201,18
33202,18
33203,18
33204,18
33205,18
33206,18
33207,18
33208,18
33209,18
33210,18
33211,18
33212,18
33213,18
33214,18
33215,18
33216,18
33217,18
33218,18
33219,18
33220,18
33221,18
33222,18
33223,18
33224,18
33225,18
33226,18
33227,18
33228,18
33229,18
33230,18
33231,18
33232,18
33233,18
33234,18
33235,18
33236,18
33237,18
33238,18
33239,18
33240,18
33241,18
33242,18
33243,18
33244,18
33245,18
33246,18
33247,18
33248,18
33249,18
33250,18
33251,18
33252,18
33253,18
33254,18
33255,18
33256,18
33257,18
33258,18
33259,18
33260,18
33261,18
33262,18
33263,18
33264,18
33265,18
33266,18
33267,18
33268,18
33269,18
33270,18
33271,18
33272,18
33273,18
33274,18
33275,18
33276,18
33277,18
33278,18
33279,18
33280,18
33281,18
33282,18
33283,18
33284,18
33285,18
33286,18
33287,18
33288,18
33289,18
33290,18
33291,18
33292,18
33293,18
33294,18
33295,18
33296,18
33297,18
33298,18
33299,18
33300,18
33301,18
33302,18
33303,18
33304,18
33305,18
33306,18
33307,18
33308,18
33309,18
33310,18
33311,18
33312,18
33313,18
33314,18
33315,18
33316,18
33317,18
33318,18
33319,18
33320,18
33321,18
33322,18
33323,18
33324,18
33325,18
33326,18
33327,18
33328,18
33329,18
33330,18
33331,18
33332,18
33333,18
33334,18
33335,18
33336,18
33337,18
33338,18
33339,18
33340,18
33341,18
33342,18
33343,18
33344,18
33345,18
33346,18
33347,18
33348,18
33349,18
33350,18
33351,18
33352,18
33353,18
33354,18
33355,18
33356,18
33357,18
33358,18
33359,18
33360,18
33361,18
33362,18
33363,18
33364,18
33365,18
33366,18
33367,18
33368,18
33369,18
33370,18
33371,18
33372,18
33373,18
33374,18
33375,18
33376,18
33377,18
33378,18
33379,18
33380,18
33381,18
33382,18
33383,18
33384,18
33385,18
33386,18
33387,18
33388,18
33389,18
33390,18
33391,18
33392,18
33393,18
33394,18
33395,18
33396,18
33397,18
33398,18
33399,18
33400,18
33401,18
33402,18
33403,18
33404,18
33405,18
33406,18
33407,18
33408,18
33409,18
33410,18
33411,18
33412,18
33413,18
33414,18
33415,18
33416,18
33417,18
33418,18
33419,18
33420,18
33421,18
33422,18
33423,18
33424,18
33425,18
33426,18
33427,18
33428,18
33429,18
33430,18
33431,18
33432,18
33433,18
33434,18
33435,18
33436,18
33437,18
33438,18
33439,18
33440,18
33441,18
33442,18
33443,18
33444,18
33445,18
33446,18
33447,18
33448,18
33449,18
33450,18
33451,18
33452,18
33453,18
33454,18
33455,18
33456,18
33457,18
33458,18
33459,18
33460,18
33461,18
33462,18
33463,18
33464,18
33465,18
33466,18
33467,18
33468,18
33469,18
33470,18
33471,18
33472,18
33473,18
33474,18
33475,18
33476,18
33477,18
33478,18
33479,18
33480,18
33481,18
33482,18
33483,18
33484,18
33485,18
33486,18
33487,18
33488,18
33489,18
33490,18
33491,18
33492,18
33493,18
33494,18
33495,18
33496,18
33497,18
33498,18
33499,18
33500,18
33501,18
33502,18
33503,18
33504,18
33505,18
33506,18
33507,18
33508,18
33509,18
33510,18
33511,18
33512,18
33513,18
33514,18
33515,18
33516,18
33517,18
33518,18
33519,18
33520,18
33521,18
33522,18
33523,18
33524,18
33525,18
33526,18
33527,18
33528,18
33529,18
33530,18
33531,18
33532,18
33533,18
33534,18
33535,18
33536,18
33537,18
33538,18
33539,18
33540,17
33541,17
33542,17
33543,17
33544,17
33545,17
33546,17
33547,17
33548,17
33549,17
33550,17
33551,17
33552,17
33553,17
33554,17
33555,17
33556,17
33557,17
33558,17
33559,17
33560,17
33561,17
33562,17
33563,17
33564,17
33565,17
33566,17
33567,17
33568,17
33569,17
33570,17
33571,17
33572,17
33573,17
33574,17
33575,17
33576,17
33577,17
33578,17
33579,17
33580,17
33581,17
33582,17
33583,17
33584,17
33585,17
33586,17
33587,17
33588,17
33589,17
33590,17
33591,17
33592,17
33593,17
33594,17
33595,17
33596,17
33597,17
33598,17
33599,17
33600,17
33601,17
33602,17
33603,17
33604,17
33605,17
33606,17
33607,17
33608,17
33609,17
33610,17
33611,17
33612,17
33613,17
33614,17
33615,17
33616,17
33617,17
33618,17
33619,17
33620,17
33621,17
33622,17
33623,17
33624,17
33625,17
33626,17
33627,17
33628,17
33629,17
33630,17
33631,17
33632,17
33633,17
33634,17
33635,17
33636,17
33637,17
33638,17
33639,17
33640,17
33641,17
33642,17
33643,17
33644,17
33645,17
33646,17
33647,17
33648,17
33649,17
33650,17
33651,17
33652,17
33653,17
33654,17
33655,17
33656,17
33657,17
33658,17
33659,17
33660,17
33661,17
33662,17
33663,17
33664,17
33665,17
33666,17
33667,17
33668,17
33669,17
33670,17
33671,17
33672,17
33673,17
33674,17
33675,17
33676,17
33677,17
33678,17
33679,17
33680,17
33681,17
33682,17
33683,17
33684,17
33685,17
33686,17
33687,17
33688,17
33689,17
33690,17
33691,17
33692,17
33693,17
33694,17
33695,17
33696,17
33697,17
33698,17
33699,17
33700,17
33701,17
33702,17
33703,17
33704,17
33705,17
33706,17
33707,17
33708,17
33709,17
33710,17
33711,17
33712,17
33713,17
33714,17
33715,17
33716,17
33717,17
33718,17
33719,17
33720,17
33721,17
33722,17
33723,17
33724,17
33725,17
33726,17
33727,17
33728,17
33729,17
33730,17
33731,17
33732,17
33733,17
33734,17
33735,17
33736,17
33737,17
33738,17
33739,17
33740,17
33741,17
33742,17
33743,17
33744,17
33745,17
33746,17
33747,17
33748,17
33749,17
33750,17
33751,17
33752,17
33753,17
33754,17
33755,17
33756,17
33757,17
33758,17
33759,17
33760,17
33761,17
33762,17
33763,17
33764,17
33765,17
33766,17
33767,17
33768,17
33769,17
33770,17
33771,17
33772,17
33773,17
33774,17
33775,17
33776,17
33777,17
33778,17
33779,17
33780,17
33781,17
33782,17
33783,17
33784,17
33785,17
33786,17
33787,17
33788,17
33789,17
33790,17
33791,17
33792,17
33793,17
33794,17
33795,17
33796,17
33797,17
33798,17
33799,17
33800,17
33801,17
33802,17
33803,17
33804,17
33805,17
33806,17
33807,17
33808,17
33809,17
33810,17
33811,17
33812,17
33813,17
33814,17
33815,17
33816,17
33817,17
33818,17
33819,17
33820,17
33821,17
33822,17
33823,17
33824,17
33825,17
33826,17
33827,17
33828,17
33829,17
33830,17
33831,17
33832,17
33833,17
33834,17
33835,17
33836,17
33837,17
33838,17
33839,17
33840,17
33841,17
33842,17
33843,17
33844,17
33845,17
33846,17
33847,17
33848,17
33849,17
33850,17
33851,17
33852,17
33853,17
33854,17
33855,17
33856,17
33857,17
33858,17
33859,17
33860,17
33861,17
33862,17
33863,17
33864,17
33865,17
33866,17
33867,17
33868,17
33869,17
33870,17
33871,17
33872,17
33873,17
33874,17
33875,17
33876,17
33877,17
33878,17
33879,17
33880,17
33881,17
33882,17
33883,17
33884,17
33885,17
33886,17
33887,17
33888,17
33889,17
33890,17
33891,17
33892,17
33893,17
33894,17
33895,17
33896,17
33897,17
33898,17
33899,17
33900,17
33901,17
33902,17
33903,17
33904,17
33905,17
33906,17
33907,17
33908,17
33909,17
33910,17
33911,17
33912,17
33913,17
33914,17
33915,17
33916,17
33917,17
33918,17
33919,17
33920,17
33921,17
33922,17
33923,17
33924,17
33925,17
33926,17
33927,17
33928,17
33929,17
33930,17
33931,17
33932,17
33933,17
33934,17
33935,17
33936,17
33937,17
33938,17
33939,17
33940,17
33941,17
33942,17
33943,17
33944,17
33945,17
33946,17
33947,17
33948,17
33949,17
33950,17
33951,17
33952,17
33953,17
33954,17
33955,17
33956,17
33957,17
33958,17
33959,17
33960,17
33961,17
33962,17
33963,17
33964,17
33965,17
33966,17
33967,17
33968,17
33969,17
33970,17
33971,17
33972,17
33973,17
33974,17
33975,17
33976,17
33977,17
33978,17
33979,17
33980,17
33981,17
33982,17
33983,17
33984,17
33985,17
33986,17
33987,17
33988,17
33989,17
33990,17
33991,17
33992,17
33993,17
33994,17
33995,17
33996,17
33997,17
33998,17
33999,17
34000,17
34001,17
34002,17
34003,17
34004,17
34005,17
34006,17
34007,17
34008,17
34009,17
34010,17
34011,17
34012,17
34013,17
34014,17
34015,17
34016,17
34017,17
34018,17
34019,17
34020,17
34021,17
34022,17
34023,17
34024,17
34025,17
34026,17
34027,17
34028,17
34029,17
34030,17
34031,17
34032,17
34033,17
34034,17
34035,17
34036,17
34037,17
34038,17
34039,17
34040,17
34041,17
34042,17
34043,17
34044,17
34045,17
34046,17
34047,17
34048,17
34049,17
34050,17
34051,17
34052,17
34053,17
34054,17
34055,17
34056,17
34057,17
34058,17
34059,17
34060,17
34061,17
34062,17
34063,17
34064,17
34065,17
34066,17
34067,17
34068,17
34069,17
34070,17
34071,17
34072,17
34073,17
34074,17
34075,17
34076,17
34077,17
34078,17
34079,17
34080,17
34081,17
34082,17
34083,17
34084,17
34085,17
34086,17
34087,17
34088,17
34089,17
34090,17
34091,17
34092,17
34093,17
34094,17
34095,17
34096,17
34097,17
34098,17
34099,17
34100,17
34101,17
34102,17
34103,17
34104,17
34105,17
34106,17
34107,17
34108,17
34109,17
34110,17
34111,17
34112,17
34113,17
34114,17
34115,17
34116,17
34117,17
34118,17
34119,17
34120,17
34121,17
34122,17
34123,17
34124,17
34125,17
34126,17
34127,17
34128,17
34129,17
34130,17
34131,17
34132,17
34133,17
34134,17
34135,17
34136,17
34137,17
34138,17
34139,17
34140,17
34141,17
34142,17
34143,17
34144,17
34145,17
34146,17
34147,17
34148,17
34149,17
34150,17
34151,17
34152,17
34153,17
34154,17
34155,17
34156,17
34157,17
34158,17
34159,17
34160,17
34161,17
34162,17
34163,17
34164,17
34165,17
34166,17
34167,17
34168,17
34169,17
34170,17
34171,17
34172,17
34173,17
34174,17
34175,17
34176,17
34177,17
34178,17
34179,17
34180,17
34181,17
34182,17
34183,17
34184,17
34185,17
34186,17
34187,17
34188,17
34189,17
34190,17
34191,17
34192,17
34193,17
34194,17
34195,17
34196,17
34197,17
34198,17
34199,17
34200,17
34201,17
34202,17
34203,17
34204,17
34205,17
34206,17
34207,17
34208,17
34209,17
34210,17
34211,17
34212,17
34213,17
34214,17
34215,17
34216,17
34217,17
34218,17
34219,17
34220,17
34221,17
34222,17
34223,17
34224,17
34225,17
34226,17
34227,17
34228,17
34229,17
34230,17
34231,17
34232,17
34233,17
34234,17
34235,17
34236,17
34237,17
34238,17
34239,17
34240,17
34241,17
34242,17
34243,17
34244,17
34245,17
34246,17
34247,17
34248,17
34249,17
34250,17
34251,17
34252,17
34253,17
34254,17
34255,17
34256,17
34257,17
34258,17
34259,17
34260,17
34261,17
34262,17
34263,17
34264,17
34265,17
34266,17
34267,17
34268,17
34269,17
34270,17
34271,17
34272,17
34273,17
34274,17
34275,17
34276,17
34277,17
34278,17
34279,17
34280,17
34281,17
34282,17
34283,17
34284,17
34285,17
34286,17
34287,17
34288,17
34289,17
34290,17
34291,17
34292,17
34293,17
34294,17
34295,17
34296,17
34297,17
34298,17
34299,17
34300,17
34301,17
34302,17
34303,17
34304,17
34305,17
34306,17
34307,17
34308,17
34309,17
34310,17
34311,17
34312,17
34313,17
34314,17
34315,17
34316,17
34317,17
34318,17
34319,17
34320,17
34321,17
34322,17
34323,17
34324,17
34325,17
34326,17
34327,17
34328,17
34329,17
34330,17
34331,17
34332,17
34333,17
34334,17
34335,16
34336,16
34337,16
34338,16
34339,16
34340,16
34341,16
34342,16
34343,16
34344,16
34345,16
34346,16
34347,16
34348,16
34349,16
34350,16
34351,16
34352,16
34353,16
34354,16
34355,16
34356,16
34357,16
34358,16
34359,16
34360,16
34361,16
34362,16
34363,16
34364,16
34365,16
34366,16
34367,16
34368,16
34369,16
34370,16
34371,16
34372,16
34373,16
34374,16
34375,16
34376,16
34377,16
34378,16
34379,16
34380,16
34381,16
34382,16
34383,16
34384,16
34385,16
34386,16
34387,16
34388,16
34389,16
34390,16
34391,16
34392,16
34393,16
34394,16
34395,16
34396,16
34397,16
34398,16
34399,16
34400,16
34401,16
34402,16
34403,16
34404,16
34405,16
34406,16
34407,16
34408,16
34409,16
34410,16
34411,16
34412,16
34413,16
34414,16
34415,16
34416,16
34417,16
34418,16
34419,16
34420,16
34421,16
34422,16
34423,16
34424,16
34425,16
34426,16
34427,16
34428,16
34429,16
34430,16
34431,16
34432,16
34433,16
34434,16
34435,16
34436,16
34437,16
34438,16
34439,16
34440,16
34441,16
34442,16
34443,16
34444,16
34445,16
34446,16
34447,16
34448,16
34449,16
34450,16
34451,16
34452,16
34453,16
34454,16
34455,16
34456,16
34457,16
34458,16
34459,16
34460,16
34461,16
34462,16
34463,16
34464,16
34465,16
34466,16
34467,16
34468,16
34469,16
34470,16
34471,16
34472,16
34473,16
34474,16
34475,16
34476,16
34477,16
34478,16
34479,16
34480,16
34481,16
34482,16
34483,16
34484,16
34485,16
34486,16
34487,16
34488,16
34489,16
34490,16
34491,16
34492,16
34493,16
34494,16
34495,16
34496,16
34497,16
34498,16
34499,16
34500,16
34501,16
34502,16
34503,16
34504,16
34505,16
34506,16
34507,16
34508,16
34509,16
34510,16
34511,16
34512,16
34513,16
34514,16
34515,16
34516,16
34517,16
34518,16
34519,16
34520,16
34521,16
34522,16
34523,16
34524,16
34525,16
34526,16
34527,16
34528,16
34529,16
34530,16
34531,16
34532,16
34533,16
34534,16
34535,16
34536,16
34537,16
34538,16
34539,16
34540,16
34541,16
34542,16
34543,16
34544,16
34545,16
34546,16
34547,16
34548,16
34549,16
34550,16
34551,16
34552,16
34553,16
34554,16
34555,16
34556,16
34557,16
34558,16
34559,16
34560,16
34561,16
34562,16
34563,16
34564,16
34565,16
34566,16
34567,16
34568,16
34569,16
34570,16
34571,16
34572,16
34573,16
34574,16
34575,16
34576,16
34577,16
34578,16
34579,16
34580,16
34581,16
34582,16
34583,16
34584,16
34585,16
34586,16
34587,16
34588,16
34589,16
34590,16
34591,16
34592,16
34593,16
34594,16
34595,16
34596,16
34597,16
34598,16
34599,16
34600,16
34601,16
34602,16
34603,16
34604,16
34605,16
34606,16
34607,16
34608,16
34609,16
34610,16
34611,16
34612,16
34613,16
34614,16
34615,16
34616,16
34617,16
34618,16
34619,16
34620,16
34621,16
34622,16
34623,16
34624,16
34625,16
34626,16
34627,16
34628,16
34629,16
34630,16
34631,16
34632,16
34633,16
34634,16
34635,16
34636,16
34637,16
34638,16
34639,16
34640,16
34641,16
34642,16
34643,16
34644,16
34645,16
34646,16
34647,16
34648,16
34649,16
34650,16
34651,16
34652,16
34653,16
34654,16
34655,16
34656,16
34657,16
34658,16
34659,16
34660,16
34661,16
34662,16
34663,16
34664,16
34665,16
34666,16
34667,16
34668,16
34669,16
34670,16
34671,16
34672,16
34673,16
34674,16
34675,16
34676,16
34677,16
34678,16
34679,16
34680,16
34681,16
34682,16
34683,16
34684,16
34685,16
34686,16
34687,16
34688,16
34689,16
34690,16
34691,16
34692,16
34693,16
34694,16
34695,16
34696,16
34697,16
34698,16
34699,16
34700,16
34701,16
34702,16
34703,16
34704,16
34705,16
34706,16
34707,16
34708,16
34709,16
34710,16
34711,16
34712,16
34713,16
34714,16
34715,16
34716,16
34717,16
34718,16
34719,16
34720,16
34721,16
34722,16
34723,16
34724,16
34725,16
34726,16
34727,16
34728,16
34729,16
34730,16
34731,16
34732,16
34733,16
34734,16
34735,16
34736,16
34737,16
34738,16
34739,16
34740,16
34741,16
34742,16
34743,16
34744,16
34745,16
34746,16
34747,16
34748,16
34749,16
34750,16
34751,16
34752,16
34753,16
34754,16
34755,16
34756,16
34757,16
34758,16
34759,16
34760,16
34761,16
34762,16
34763,16
34764,16
34765,16
34766,16
34767,16
34768,16
34769,16
34770,16
34771,16
34772,16
34773,16
34774,16
34775,16
34776,16
34777,16
34778,16
34779,16
34780,16
34781,16
34782,16
34783,16
34784,16
34785,16
34786,16
34787,16
34788,16
34789,16
34790,16
34791,16
34792,16
34793,16
34794,16
34795,16
34796,16
34797,16
34798,16
34799,16
34800,16
34801,16
34802,16
34803,16
34804,16
34805,16
34806,16
34807,16
34808,16
34809,16
34810,16
34811,16
34812,16
34813,16
34814,16
34815,16
34816,16
34817,16
34818,16
34819,16
34820,16
34821,16
34822,16
34823,16
34824,16
34825,16
34826,16
34827,16
34828,16
34829,16
34830,16
34831,16
34832,16
34833,16
34834,16
34835,16
34836,16
34837,16
34838,16
34839,16
34840,16
34841,16
34842,16
34843,16
34844,16
34845,16
34846,16
34847,16
34848,16
34849,16
34850,16
34851,16
34852,16
34853,16
34854,16
34855,16
34856,16
34857,16
34858,16
34859,16
34860,16
34861,16
34862,16
34863,16
34864,16
34865,16
34866,16
34867,16
34868,16
34869,16
34870,16
34871,16
34872,16
34873,16
34874,16
34875,16
34876,16
34877,16
34878,16
34879,16
34880,16
34881,16
34882,16
34883,16
34884,16
34885,16
34886,16
34887,16
34888,16
34889,16
34890,16
34891,16
34892,16
34893,16
34894,16
34895,16
34896,16
34897,16
34898,16
34899,16
34900,16
34901,16
34902,16
34903,16
34904,16
34905,16
34906,16
34907,16
34908,16
34909,16
34910,16
34911,16
34912,16
34913,16
34914,16
34915,16
34916,16
34917,16
34918,16
34919,16
34920,16
34921,16
34922,16
34923,16
34924,16
34925,16
34926,16
34927,16
34928,16
34929,16
34930,16
34931,16
34932,16
34933,16
34934,16
34935,16
34936,16
34937,16
34938,16
34939,16
34940,16
34941,16
34942,16
34943,16
34944,16
34945,16
34946,16
34947,16
34948,16
34949,16
34950,16
34951,16
34952,16
34953,16
34954,16
34955,16
34956,16
34957,16
34958,16
34959,16
34960,16
34961,16
34962,16
34963,16
34964,16
34965,16
34966,16
34967,16
34968,16
34969,16
34970,16
34971,16
34972,16
34973,16
34974,16
34975,16
34976,16
34977,16
34978,16
34979,16
34980,16
34981,16
34982,16
34983,16
34984,16
34985,16
34986,16
34987,16
34988,16
34989,16
34990,16
34991,16
34992,16
34993,16
34994,16
34995,16
34996,16
34997,16
34998,16
34999,16
35000,16
35001,16
35002,16
35003,16
35004,16
35005,16
35006,16
35007,16
35008,16
35009,16
35010,16
35011,16
35012,16
35013,16
35014,16
35015,16
35016,16
35017,16
35018,16
35019,16
35020,16
35021,16
35022,16
35023,16
35024,16
35025,16
35026,16
35027,16
35028,16
35029,16
35030,16
35031,16
35032,16
35033,16
35034,16
35035,16
35036,16
35037,16
35038,16
35039,16
35040,16
35041,16
35042,16
35043,16
35044,16
35045,16
35046,16
35047,16
35048,16
35049,16
35050,16
35051,16
35052,16
35053,16
35054,16
35055,16
35056,16
35057,16
35058,16
35059,16
35060,16
35061,16
35062,16
35063,16
35064,16
35065,16
35066,16
35067,16
35068,16
35069,16
35070,16
35071,16
35072,16
35073,16
35074,16
35075,16
35076,16
35077,16
35078,16
35079,16
35080,16
35081,16
35082,16
35083,16
35084,16
35085,16
35086,16
35087,16
35088,16
35089,16
35090,16
35091,16
35092,16
35093,16
35094,16
35095,16
35096,16
35097,16
35098,16
35099,16
35100,16
35101,16
35102,16
35103,16
35104,16
35105,16
35106,16
35107,16
35108,16
35109,16
35110,16
35111,16
35112,16
35113,16
35114,16
35115,16
35116,16
35117,16
35118,16
35119,16
35120,16
35121,16
35122,16
35123,16
35124,16
35125,16
35126,16
35127,16
35128,16
35129,16
35130,16
35131,16
35132,16
35133,16
35134,16
35135,16
35136,16
35137,16
35138,16
35139,16
35140,16
35141,16
35142,16
35143,16
35144,16
35145,16
35146,16
35147,16
35148,16
35149,16
35150,16
35151,16
35152,16
35153,16
35154,16
35155,16
35156,16
35157,16
35158,15
35159,15
35160,15
35161,15
35162,15
35163,15
35164,15
35165,15
35166,15
35167,15
35168,15
35169,15
35170,15
35171,15
35172,15
35173,15
35174,15
35175,15
35176,15
35177,15
35178,15
35179,15
35180,15
35181,15
35182,15
35183,15
35184,15
35185,15
35186,15
35187,15
35188,15
35189,15
35190,15
35191,15
35192,15
35193,15
35194,15
35195,15
35196,15
35197,15
35198,15
35199,15
35200,15
35201,15
35202,15
35203,15
35204,15
35205,15
35206,15
35207,15
35208,15
35209,15
35210,15
35211,15
35212,15
35213,15
35214,15
35215,15
35216,15
35217,15
35218,15
35219,15
35220,15
35221,15
35222,15
35223,15
35224,15
35225,15
35226,15
35227,15
35228,15
35229,15
35230,15
35231,15
35232,15
35233,15
35234,15
35235,15
35236,15
35237,15
35238,15
35239,15
35240,15
35241,15
35242,15
35243,15
35244,15
35245,15
35246,15
35247,15
35248,15
35249,15
35250,15
35251,15
35252,15
35253,15
35254,15
35255,15
35256,15
35257,15
35258,15
35259,15
35260,15
35261,15
35262,15
35263,15
35264,15
35265,15
35266,15
35267,15
35268,15
35269,15
35270,15
35271,15
35272,15
35273,15
35274,15
35275,15
35276,15
35277,15
35278,15
35279,15
35280,15
35281,15
35282,15
35283,15
35284,15
35285,15
35286,15
35287,15
35288,15
35289,15
35290,15
35291,15
35292,15
35293,15
35294,15
35295,15
35296,15
35297,15
35298,15
35299,15
35300,15
35301,15
35302,15
35303,15
35304,15
35305,15
35306,15
35307,15
35308,15
35309,15
35310,15
35311,15
35312,15
35313,15
35314,15
35315,15
35316,15
35317,15
35318,15
35319,15
35320,15
35321,15
35322,15
35323,15
35324,15
35325,15
35326,15
35327,15
35328,15
35329,15
35330,15
35331,15
35332,15
35333,15
35334,15
35335,15
35336,15
35337,15
35338,15
35339,15
35340,15
35341,15
35342,15
35343,15
35344,15
35345,15
35346,15
35347,15
35348,15
35349,15
35350,15
35351,15
35352,15
35353,15
35354,15
35355,15
35356,15
35357,15
35358,15
35359,15
35360,15
35361,15
35362,15
35363,15
35364,15
35365,15
35366,15
35367,15
35368,15
35369,15
35370,15
35371,15
35372,15
35373,15
35374,15
35375,15
35376,15
35377,15
35378,15
35379,15
35380,15
35381,15
35382,15
35383,15
35384,15
35385,15
35386,15
35387,15
35388,15
35389,15
35390,15
35391,15
35392,15
35393,15
35394,15
35395,15
35396,15
35397,15
35398,15
35399,15
35400,15
35401,15
35402,15
35403,15
35404,15
35405,15
35406,15
35407,15
35408,15
35409,15
35410,15
35411,15
35412,15
35413,15
35414,15
35415,15
35416,15
35417,15
35418,15
35419,15
35420,15
35421,15
35422,15
35423,15
35424,15
35425,15
35426,15
35427,15
35428,15
35429,15
35430,15
35431,15
35432,15
35433,15
35434,15
35435,15
35436,15
35437,15
35438,15
35439,15
35440,15
35441,15
35442,15
35443,15
35444,15
35445,15
35446,15
35447,15
35448,15
35449,15
35450,15
35451,15
35452,15
35453,15
35454,15
35455,15
35456,15
35457,15
35458,15
35459,15
35460,15
35461,15
35462,15
35463,15
35464,15
35465,15
35466,15
35467,15
35468,15
35469,15
35470,15
35471,15
35472,15
35473,15
35474,15
35475,15
35476,15
35477,15
35478,15
35479,15
35480,15
35481,15
35482,15
35483,15
35484,15
35485,15
35486,15
35487,15
35488,15
35489,15
35490,15
35491,15
35492,15
35493,15
35494,15
35495,15
35496,15
35497,15
35498,15
35499,15
35500,15
35501,15
35502,15
35503,15
35504,15
35505,15
35506,15
35507,15
35508,15
35509,15
35510,15
35511,15
35512,15
35513,15
35514,15
35515,15
35516,15
35517,15
35518,15
35519,15
35520,15
35521,15
35522,15
35523,15
35524,15
35525,15
35526,15
35527,15
35528,15
35529,15
35530,15
35531,15
35532,15
35533,15
35534,15
35535,15
35536,15
35537,15
35538,15
35539,15
35540,15
35541,15
35542,15
35543,15
35544,15
35545,15
35546,15
35547,15
35548,15
35549,15
35550,15
35551,15
35552,15
35553,15
35554,15
35555,15
35556,15
35557,15
35558,15
35559,15
35560,15
35561,15
35562,15
35563,15
35564,15
35565,15
35566,15
35567,15
35568,15
35569,15
35570,15
35571,15
35572,15
35573,15
35574,15
35575,15
35576,15
35577,15
35578,15
35579,15
35580,15
35581,15
35582,15
35583,15
35584,15
35585,15
35586,15
35587,15
35588,15
35589,15
35590,15
35591,15
35592,15
35593,15
35594,15
35595,15
35596,15
35597,15
35598,15
35599,15
35600,15
35601,15
35602,15
35603,15
35604,15
35605,15
35606,15
35607,15
35608,15
35609,15
35610,15
35611,15
35612,15
35613,15
35614,15
35615,15
35616,15
35617,15
35618,15
35619,15
35620,15
35621,15
35622,15
35623,15
35624,15
35625,15
35626,15
35627,15
35628,15
35629,15
35630,15
35631,15
35632,15
35633,15
35634,15
35635,15
35636,15
35637,15
35638,15
35639,15
35640,15
35641,15
35642,15
35643,15
35644,15
35645,15
35646,15
35647,15
35648,15
35649,15
35650,15
35651,15
35652,15
35653,15
35654,15
35655,15
35656,15
35657,15
35658,15
35659,15
35660,15
35661,15
35662,15
35663,15
35664,15
35665,15
35666,15
35667,15
35668,15
35669,15
35670,15
35671,15
35672,15
35673,15
35674,15
35675,15
35676,15
35677,15
35678,15
35679,15
35680,15
35681,15
35682,15
35683,15
35684,15
35685,15
35686,15
35687,15
35688,15
35689,15
35690,15
35691,15
35692,15
35693,15
35694,15
35695,15
35696,15
35697,15
35698,15
35699,15
35700,15
35701,15
35702,15
35703,15
35704,15
35705,15
35706,15
35707,15
35708,15
35709,15
35710,15
35711,15
35712,15
35713,15
35714,15
35715,15
35716,15
35717,15
35718,15
35719,15
35720,15
35721,15
35722,15
35723,15
35724,15
35725,15
35726,15
35727,15
35728,15
35729,15
35730,15
35731,15
35732,15
35733,15
35734,15
35735,15
35736,15
35737,15
35738,15
35739,15
35740,15
35741,15
35742,15
35743,15
35744,15
35745,15
35746,15
35747,15
35748,15
35749,15
35750,15
35751,15
35752,15
35753,15
35754,15
35755,15
35756,15
35757,15
35758,15
35759,15
35760,15
35761,15
35762,15
35763,15
35764,15
35765,15
35766,15
35767,15
35768,15
35769,15
35770,15
35771,15
35772,15
35773,15
35774,15
35775,15
35776,15
35777,15
35778,15
35779,15
35780,15
35781,15
35782,15
35783,15
35784,15
35785,15
35786,15
35787,15
35788,15
35789,15
35790,15
35791,15
35792,15
35793,15
35794,15
35795,15
35796,15
35797,15
35798,15
35799,15
35800,15
35801,15
35802,15
35803,15
35804,15
35805,15
35806,15
35807,15
35808,15
35809,15
35810,15
35811,15
35812,15
35813,15
35814,15
35815,15
35816,15
35817,15
35818,15
35819,15
35820,15
35821,15
35822,15
35823,15
35824,15
35825,15
35826,15
35827,15
35828,15
35829,15
35830,15
35831,15
35832,15
35833,15
35834,15
35835,15
35836,15
35837,15
35838,15
35839,15
35840,15
35841,15
35842,15
35843,15
35844,15
35845,15
35846,15
35847,15
35848,15
35849,15
35850,15
35851,15
35852,15
35853,15
35854,15
35855,15
35856,15
35857,15
35858,15
35859,15
35860,15
35861,15
35862,15
35863,15
35864,15
35865,15
35866,15
35867,15
35868,15
35869,15
35870,15
35871,15
35872,15
35873,15
35874,15
35875,15
35876,15
35877,15
35878,15
35879,15
35880,15
35881,15
35882,15
35883,15
35884,15
35885,15
35886,15
35887,15
35888,15
35889,15
35890,15
35891,15
35892,15
35893,15
35894,15
35895,15
35896,15
35897,15
35898,15
35899,15
35900,15
35901,15
35902,15
35903,15
35904,15
35905,15
35906,15
35907,15
35908,15
35909,15
35910,15
35911,15
35912,15
35913,15
35914,15
35915,15
35916,15
35917,15
35918,15
35919,15
35920,15
35921,15
35922,15
35923,15
35924,15
35925,15
35926,15
35927,15
35928,15
35929,15
35930,15
35931,15
35932,15
35933,15
35934,15
35935,15
35936,15
35937,15
35938,15
35939,15
35940,15
35941,15
35942,15
35943,15
35944,15
35945,15
35946,15
35947,15
35948,15
35949,15
35950,15
35951,15
35952,15
35953,15
35954,15
35955,15
35956,15
35957,15
35958,15
35959,15
35960,15
35961,15
35962,15
35963,15
35964,15
35965,15
35966,15
35967,15
35968,15
35969,15
35970,15
35971,15
35972,15
35973,15
35974,15
35975,15
35976,15
35977,15
35978,15
35979,15
35980,15
35981,15
35982,15
35983,15
35984,15
35985,15
35986,15
35987,15
35988,15
35989,15
35990,15
35991,15
35992,15
35993,15
35994,15
35995,15
35996,15
35997,15
35998,15
35999,15
36000,15
36001,15
36002,15
36003,15
36004,15
36005,15
36006,15
36007,15
36008,15
36009,15
36010,15
36011,15
36012,15
36013,15
36014,15
36015,15
36016,15
36017,15
36018,15
36019,15
36020,15
36021,15
36022,15
36023,15
36024,15
36025,15
36026,15
36027,15
36028,15
36029,15
36030,15
36031,15
36032,15
36033,15
36034,15
36035,15
36036,15
36037,15
36038,15
36039,15
36040,15
36041,15
36042,15
36043,15
36044,15
36045,15
36046,15
36047,15
36048,15
36049,15
36050,15
36051,15
36052,15
36053,15
36054,15
36055,15
36056,15
36057,15
36058,15
36059,15
36060,15
36061,15
36062,15
36063,15
36064,15
36065,15
36066,15
36067,15
36068,15
36069,15
36070,15
36071,15
36072,15
36073,15
36074,15
36075,15
36076,15
36077,15
36078,15
36079,15
36080,15
36081,15
36082,15
36083,15
36084,15
36085,15
36086,15
36087,15
36088,15
36089,15
36090,15
36091,15
36092,15
36093,15
36094,15
36095,15
36096,15
36097,15
36098,15
36099,15
36100,14
36101,14
36102,14
36103,14
36104,14
36105,14
36106,14
36107,14
36108,14
36109,14
36110,14
36111,14
36112,14
36113,14
36114,14
36115,14
36116,14
36117,14
36118,14
36119,14
36120,14
36121,14
36122,14
36123,14
36124,14
36125,14
36126,14
36127,14
36128,14
36129,14
36130,14
36131,14
36132,14
36133,14
36134,14
36135,14
36136,14
36137,14
36138,14
36139,14
36140,14
36141,14
36142,14
36143,14
36144,14
36145,14
36146,14
36147,14
36148,14
36149,14
36150,14
36151,14
36152,14
36153,14
36154,14
36155,14
36156,14
36157,14
36158,14
36159,14
36160,14
36161,14
36162,14
36163,14
36164,14
36165,14
36166,14
36167,14
36168,14
36169,14
36170,14
36171,14
36172,14
36173,14
36174,14
36175,14
36176,14
36177,14
36178,14
36179,14
36180,14
36181,14
36182,14
36183,14
36184,14
36185,14
36186,14
36187,14
36188,14
36189,14
36190,14
36191,14
36192,14
36193,14
36194,14
36195,14
36196,14
36197,14
36198,14
36199,14
36200,14
36201,14
36202,14
36203,14
36204,14
36205,14
36206,14
36207,14
36208,14
36209,14
36210,14
36211,14
36212,14
36213,14
36214,14
36215,14
36216,14
36217,14
36218,14
36219,14
36220,14
36221,14
36222,14
36223,14
36224,14
36225,14
36226,14
36227,14
36228,14
36229,14
36230,14
36231,14
36232,14
36233,14
36234,14
36235,14
36236,14
36237,14
36238,14
36239,14
36240,14
36241,14
36242,14
36243,14
36244,14
36245,14
36246,14
36247,14
36248,14
36249,14
36250,14
36251,14
36252,14
36253,14
36254,14
36255,14
36256,14
36257,14
36258,14
36259,14
36260,14
36261,14
36262,14
36263,14
36264,14
36265,14
36266,14
36267,14
36268,14
36269,14
36270,14
36271,14
36272,14
36273,14
36274,14
36275,14
36276,14
36277,14
36278,14
36279,14
36280,14
36281,14
36282,14
36283,14
36284,14
36285,14
36286,14
36287,14
36288,14
36289,14
36290,14
36291,14
36292,14
36293,14
36294,14
36295,14
36296,14
36297,14
36298,14
36299,14
36300,14
36301,14
36302,14
36303,14
36304,14
36305,14
36306,14
36307,14
36308,14
36309,14
36310,14
36311,14
36312,14
36313,14
36314,14
36315,14
36316,14
36317,14
36318,14
36319,14
36320,14
36321,14
36322,14
36323,14
36324,14
36325,14
36326,14
36327,14
36328,14
36329,14
36330,14
36331,14
36332,14
36333,14
36334,14
36335,14
36336,14
36337,14
36338,14
36339,14
36340,14
36341,14
36342,14
36343,14
36344,14
36345,14
36346,14
36347,14
36348,14
36349,14
36350,14
36351,14
36352,14
36353,14
36354,14
36355,14
36356,14
36357,14
36358,14
36359,14
36360,14
36361,14
36362,14
36363,14
36364,14
36365,14
36366,14
36367,14
36368,14
36369,14
36370,14
36371,14
36372,14
36373,14
36374,14
36375,14
36376,14
36377,14
36378,14
36379,14
36380,14
36381,14
36382,14
36383,14
36384,14
36385,14
36386,14
36387,14
36388,14
36389,14
36390,14
36391,14
36392,14
36393,14
36394,14
36395,14
36396,14
36397,14
36398,14
36399,14
36400,14
36401,14
36402,14
36403,14
36404,14
36405,14
36406,14
36407,14
36408,14
36409,14
36410,14
36411,14
36412,14
36413,14
36414,14
36415,14
36416,14
36417,14
36418,14
36419,14
36420,14
36421,14
36422,14
36423,14
36424,14
36425,14
36426,14
36427,14
36428,14
36429,14
36430,14
36431,14
36432,14
36433,14
36434,14
36435,14
36436,14
36437,14
36438,14
36439,14
36440,14
36441,14
36442,14
36443,14
36444,14
36445,14
36446,14
36447,14
36448,14
36449,14
36450,14
36451,14
36452,14
36453,14
36454,14
36455,14
36456,14
36457,14
36458,14
36459,14
36460,14
36461,14
36462,14
36463,14
36464,14
36465,14
36466,14
36467,14
36468,14
36469,14
36470,14
36471,14
36472,14
36473,14
36474,14
36475,14
36476,14
36477,14
36478,14
36479,14
36480,14
36481,14
36482,14
36483,14
36484,14
36485,14
36486,14
36487,14
36488,14
36489,14
36490,14
36491,14
36492,14
36493,14
36494,14
36495,14
36496,14
36497,14
36498,14
36499,14
36500,14
36501,14
36502,14
36503,14
36504,14
36505,14
36506,14
36507,14
36508,14
36509,14
36510,14
36511,14
36512,14
36513,14
36514,14
36515,14
36516,14
36517,14
36518,14
36519,14
36520,14
36521,14
36522,14
36523,14
36524,14
36525,14
36526,14
36527,14
36528,14
36529,14
36530,14
36531,14
36532,14
36533,14
36534,14
36535,14
36536,14
36537,14
36538,14
36539,14
36540,14
36541,14
36542,14
36543,14
36544,14
36545,14
36546,14
36547,14
36548,14
36549,14
36550,14
36551,14
36552,14
36553,14
36554,14
36555,14
36556,14
36557,14
36558,14
36559,14
36560,14
36561,14
36562,14
36563,14
36564,14
36565,14
36566,14
36567,14
36568,14
36569,14
36570,14
36571,14
36572,14
36573,14
36574,14
36575,14
36576,14
36577,14
36578,14
36579,14
36580,14
36581,14
36582,14
36583,14
36584,14
36585,14
36586,14
36587,14
36588,14
36589,14
36590,14
36591,14
36592,14
36593,14
36594,14
36595,14
36596,14
36597,14
36598,14
36599,14
36600,14
36601,14
36602,14
36603,14
36604,14
36605,14
36606,14
36607,14
36608,14
36609,14
36610,14
36611,14
36612,14
36613,14
36614,14
36615,14
36616,14
36617,14
36618,14
36619,14
36620,14
36621,14
36622,14
36623,14
36624,14
36625,14
36626,14
36627,14
36628,14
36629,14
36630,14
36631,14
36632,14
36633,14
36634,14
36635,14
36636,14
36637,14
36638,14
36639,14
36640,14
36641,14
36642,14
36643,14
36644,14
36645,14
36646,14
36647,14
36648,14
36649,14
36650,14
36651,14
36652,14
36653,14
36654,14
36655,14
36656,14
36657,14
36658,14
36659,14
36660,14
36661,14
36662,14
36663,14
36664,14
36665,14
36666,14
36667,14
36668,14
36669,14
36670,14
36671,14
36672,14
36673,14
36674,14
36675,14
36676,14
36677,14
36678,14
36679,14
36680,14
36681,14
36682,14
36683,14
36684,14
36685,14
36686,14
36687,14
36688,14
36689,14
36690,14
36691,14
36692,14
36693,14
36694,14
36695,14
36696,14
36697,14
36698,14
36699,14
36700,14
36701,14
36702,14
36703,14
36704,14
36705,14
36706,14
36707,14
36708,14
36709,14
36710,14
36711,14
36712,14
36713,14
36714,14
36715,14
36716,14
36717,14
36718,14
36719,14
36720,14
36721,14
36722,14
36723,14
36724,14
36725,14
36726,14
36727,14
36728,14
36729,14
36730,14
36731,14
36732,14
36733,14
36734,14
36735,14
36736,14
36737,14
36738,14
36739,14
36740,14
36741,14
36742,14
36743,14
36744,14
36745,14
36746,14
36747,14
36748,14
36749,14
36750,14
36751,14
36752,14
36753,14
36754,14
36755,14
36756,14
36757,14
36758,14
36759,14
36760,14
36761,14
36762,14
36763,14
36764,14
36765,14
36766,14
36767,14
36768,14
36769,14
36770,14
36771,14
36772,14
36773,14
36774,14
36775,14
36776,14
36777,14
36778,14
36779,14
36780,14
36781,14
36782,14
36783,14
36784,14
36785,14
36786,14
36787,14
36788,14
36789,14
36790,14
36791,14
36792,14
36793,14
36794,14
36795,14
36796,14
36797,14
36798,14
36799,14
36800,14
36801,14
36802,14
36803,14
36804,14
36805,14
36806,14
36807,14
36808,14
36809,14
36810,14
36811,14
36812,14
36813,14
36814,14
36815,14
36816,14
36817,14
36818,14
36819,14
36820,14
36821,14
36822,14
36823,14
36824,14
36825,14
36826,14
36827,14
36828,14
36829,14
36830,14
36831,14
36832,14
36833,14
36834,14
36835,14
36836,14
36837,14
36838,14
36839,14
36840,14
36841,14
36842,14
36843,14
36844,14
36845,14
36846,14
36847,14
36848,14
36849,14
36850,14
36851,14
36852,14
36853,14
36854,14
36855,14
36856,14
36857,14
36858,14
36859,14
36860,14
36861,14
36862,14
36863,14
36864,14
36865,14
36866,14
36867,14
36868,14
36869,14
36870,14
36871,14
36872,14
36873,14
36874,14
36875,14
36876,14
36877,14
36878,14
36879,14
36880,14
36881,14
36882,14
36883,14
36884,14
36885,14
36886,14
36887,14
36888,14
36889,14
36890,14
36891,14
36892,14
36893,14
36894,14
36895,14
36896,14
36897,14
36898,14
36899,14
36900,14
36901,14
36902,14
36903,14
36904,14
36905,14
36906,14
36907,14
36908,14
36909,14
36910,14
36911,14
36912,14
36913,14
36914,14
36915,14
36916,14
36917,14
36918,14
36919,14
36920,14
36921,14
36922,14
36923,14
36924,14
36925,14
36926,14
36927,14
36928,14
36929,14
36930,14
36931,14
36932,14
36933,14
36934,14
36935,14
36936,14
36937,14
36938,14
36939,14
36940,14
36941,14
36942,14
36943,14
36944,14
36945,14
36946,14
36947,14
36948,14
36949,14
36950,14
36951,14
36952,14
36953,14
36954,14
36955,14
36956,14
36957,14
36958,14
36959,14
36960,14
36961,14
36962,14
36963,14
36964,14
36965,14
36966,14
36967,14
36968,14
36969,14
36970,14
36971,14
36972,14
36973,14
36974,14
36975,14
36976,14
36977,14
36978,14
36979,14
36980,14
36981,14
36982,14
36983,14
36984,14
36985,14
36986,14
36987,14
36988,14
36989,14
36990,14
36991,14
36992,14
36993,14
36994,14
36995,14
36996,14
36997,14
36998,14
36999,14
37000,14
37001,14
37002,14
37003,14
37004,14
37005,14
37006,14
37007,14
37008,14
37009,14
37010,14
37011,14
37012,14
37013,14
37014,14
37015,14
37016,14
37017,14
37018,14
37019,14
37020,14
37021,14
37022,14
37023,14
37024,14
37025,14
37026,14
37027,14
37028,14
37029,14
37030,14
37031,14
37032,14
37033,14
37034,14
37035,14
37036,14
37037,14
37038,14
37039,14
37040,14
37041,14
37042,14
37043,14
37044,14
37045,14
37046,14
37047,14
37048,14
37049,14
37050,14
37051,14
37052,14
37053,14
37054,14
37055,14
37056,14
37057,14
37058,14
37059,14
37060,14
37061,14
37062,14
37063,14
37064,14
37065,14
37066,14
37067,14
37068,14
37069,14
37070,14
37071,14
37072,14
37073,14
37074,14
37075,14
37076,14
37077,14
37078,14
37079,14
37080,14
37081,14
37082,14
37083,14
37084,14
37085,14
37086,13
37087,13
37088,13
37089,13
37090,13
37091,13
37092,13
37093,13
37094,13
37095,13
37096,13
37097,13
37098,13
37099,13
37100,13
37101,13
37102,13
37103,13
37104,13
37105,13
37106,13
37107,13
37108,13
37109,13
37110,13
37111,13
37112,13
37113,13
37114,13
37115,13
37116,13
37117,13
37118,13
37119,13
37120,13
37121,13
37122,13
37123,13
37124,13
37125,13
37126,13
37127,13
37128,13
37129,13
37130,13
37131,13
37132,13
37133,13
37134,13
37135,13
37136,13
37137,13
37138,13
37139,13
37140,13
37141,13
37142,13
37143,13
37144,13
37145,13
37146,13
37147,13
37148,13
37149,13
37150,13
37151,13
37152,13
37153,13
37154,13
37155,13
37156,13
37157,13
37158,13
37159,13
37160,13
37161,13
37162,13
37163,13
37164,13
37165,13
37166,13
37167,13
37168,13
37169,13
37170,13
37171,13
37172,13
37173,13
37174,13
37175,13
37176,13
37177,13
37178,13
37179,13
37180,13
37181,13
37182,13
37183,13
37184,13
37185,13
37186,13
37187,13
37188,13
37189,13
37190,13
37191,13
37192,13
37193,13
37194,13
37195,13
37196,13
37197,13
37198,13
37199,13
37200,13
37201,13
37202,13
37203,13
37204,13
37205,13
37206,13
37207,13
37208,13
37209,13
37210,13
37211,13
37212,13
37213,13
37214,13
37215,13
37216,13
37217,13
37218,13
37219,13
37220,13
37221,13
37222,13
37223,13
37224,13
37225,13
37226,13
37227,13
37228,13
37229,13
37230,13
37231,13
37232,13
37233,13
37234,13
37235,13
37236,13
37237,13
37238,13
37239,13
37240,13
37241,13
37242,13
37243,13
37244,13
37245,13
37246,13
37247,13
37248,13
37249,13
37250,13
37251,13
37252,13
37253,13
37254,13
37255,13
37256,13
37257,13
37258,13
37259,13
37260,13
37261,13
37262,13
37263,13
37264,13
37265,13
37266,13
37267,13
37268,13
37269,13
37270,13
37271,13
37272,13
37273,13
37274,13
37275,13
37276,13
37277,13
37278,13
37279,13
37280,13
37281,13
37282,13
37283,13
37284,13
37285,13
37286,13
37287,13
37288,13
37289,13
37290,13
37291,13
37292,13
37293,13
37294,13
37295,13
37296,13
37297,13
37298,13
37299,13
37300,13
37301,13
37302,13
37303,13
37304,13
37305,13
37306,13
37307,13
37308,13
37309,13
37310,13
37311,13
37312,13
37313,13
37314,13
37315,13
37316,13
37317,13
37318,13
37319,13
37320,13
37321,13
37322,13
37323,13
37324,13
37325,13
37326,13
37327,13
37328,13
37329,13
37330,13
37331,13
37332,13
37333,13
37334,13
37335,13
37336,13
37337,13
37338,13
37339,13
37340,13
37341,13
37342,13
37343,13
37344,13
37345,13
37346,13
37347,13
37348,13
37349,13
37350,13
37351,13
37352,13
37353,13
37354,13
37355,13
37356,13
37357,13
37358,13
37359,13
37360,13
37361,13
37362,13
37363,13
37364,13
37365,13
37366,13
37367,13
37368,13
37369,13
37370,13
37371,13
37372,13
37373,13
37374,13
37375,13
37376,13
37377,13
37378,13
37379,13
37380,13
37381,13
37382,13
37383,13
37384,13
37385,13
37386,13
37387,13
37388,13
37389,13
37390,13
37391,13
37392,13
37393,13
37394,13
37395,13
37396,13
37397,13
37398,13
37399,13
37400,13
37401,13
37402,13
37403,13
37404,13
37405,13
37406,13
37407,13
37408,13
37409,13
37410,13
37411,13
37412,13
37413,13
37414,13
37415,13
37416,13
37417,13
37418,13
37419,13
37420,13
37421,13
37422,13
37423,13
37424,13
37425,13
37426,13
37427,13
37428,13
37429,13
37430,13
37431,13
37432,13
37433,13
37434,13
37435,13
37436,13
37437,13
37438,13
37439,13
37440,13
37441,13
37442,13
37443,13
37444,13
37445,13
37446,13
37447,13
37448,13
37449,13
37450,13
37451,13
37452,13
37453,13
37454,13
37455,13
37456,13
37457,13
37458,13
37459,13
37460,13
37461,13
37462,13
37463,13
37464,13
37465,13
37466,13
37467,13
37468,13
37469,13
37470,13
37471,13
37472,13
37473,13
37474,13
37475,13
37476,13
37477,13
37478,13
37479,13
37480,13
37481,13
37482,13
37483,13
37484,13
37485,13
37486,13
37487,13
37488,13
37489,13
37490,13
37491,13
37492,13
37493,13
37494,13
37495,13
37496,13
37497,13
37498,13
37499,13
37500,13
37501,13
37502,13
37503,13
37504,13
37505,13
37506,13
37507,13
37508,13
37509,13
37510,13
37511,13
37512,13
37513,13
37514,13
37515,13
37516,13
37517,13
37518,13
37519,13
37520,13
37521,13
37522,13
37523,13
37524,13
37525,13
37526,13
37527,13
37528,13
37529,13
37530,13
37531,13
37532,13
37533,13
37534,13
37535,13
37536,13
37537,13
37538,13
37539,13
37540,13
37541,13
37542,13
37543,13
37544,13
37545,13
37546,13
37547,13
37548,13
37549,13
37550,13
37551,13
37552,13
37553,13
37554,13
37555,13
37556,13
37557,13
37558,13
37559,13
37560,13
37561,13
37562,13
37563,13
37564,13
37565,13
37566,13
37567,13
37568,13
37569,13
37570,13
37571,13
37572,13
37573,13
37574,13
37575,13
37576,13
37577,13
37578,13
37579,13
37580,13
37581,13
37582,13
37583,13
37584,13
37585,13
37586,13
37587,13
37588,13
37589,13
37590,13
37591,13
37592,13
37593,13
37594,13
37595,13
37596,13
37597,13
37598,13
37599,13
37600,13
37601,13
37602,13
37603,13
37604,13
37605,13
37606,13
37607,13
37608,13
37609,13
37610,13
37611,13
37612,13
37613,13
37614,13
37615,13
37616,13
37617,13
37618,13
37619,13
37620,13
37621,13
37622,13
37623,13
37624,13
37625,13
37626,13
37627,13
37628,13
37629,13
37630,13
37631,13
37632,13
37633,13
37634,13
37635,13
37636,13
37637,13
37638,13
37639,13
37640,13
37641,13
37642,13
37643,13
37644,13
37645,13
37646,13
37647,13
37648,13
37649,13
37650,13
37651,13
37652,13
37653,13
37654,13
37655,13
37656,13
37657,13
37658,13
37659,13
37660,13
37661,13
37662,13
37663,13
37664,13
37665,13
37666,13
37667,13
37668,13
37669,13
37670,13
37671,13
37672,13
37673,13
37674,13
37675,13
37676,13
37677,13
37678,13
37679,13
37680,13
37681,13
37682,13
37683,13
37684,13
37685,13
37686,13
37687,13
37688,13
37689,13
37690,13
37691,13
37692,13
37693,13
37694,13
37695,13
37696,13
37697,13
37698,13
37699,13
37700,13
37701,13
37702,13
37703,13
37704,13
37705,13
37706,13
37707,13
37708,13
37709,13
37710,13
37711,13
37712,13
37713,13
37714,13
37715,13
37716,13
37717,13
37718,13
37719,13
37720,13
37721,13
37722,13
37723,13
37724,13
37725,13
37726,13
37727,13
37728,13
37729,13
37730,13
37731,13
37732,13
37733,13
37734,13
37735,13
37736,13
37737,13
37738,13
37739,13
37740,13
37741,13
37742,13
37743,13
37744,13
37745,13
37746,13
37747,13
37748,13
37749,13
37750,13
37751,13
37752,13
37753,13
37754,13
37755,13
37756,13
37757,13
37758,13
37759,13
37760,13
37761,13
37762,13
37763,13
37764,13
37765,13
37766,13
37767,13
37768,13
37769,13
37770,13
37771,13
37772,13
37773,13
37774,13
37775,13
37776,13
37777,13
37778,13
37779,13
37780,13
37781,13
37782,13
37783,13
37784,13
37785,13
37786,13
37787,13
37788,13
37789,13
37790,13
37791,13
37792,13
37793,13
37794,13
37795,13
37796,13
37797,13
37798,13
37799,13
37800,13
37801,13
37802,13
37803,13
37804,13
37805,13
37806,13
37807,13
37808,13
37809,13
37810,13
37811,13
37812,13
37813,13
37814,13
37815,13
37816,13
37817,13
37818,13
37819,13
37820,13
37821,13
37822,13
37823,13
37824,13
37825,13
37826,13
37827,13
37828,13
37829,13
37830,13
37831,13
37832,13
37833,13
37834,13
37835,13
37836,13
37837,13
37838,13
37839,13
37840,13
37841,13
37842,13
37843,13
37844,13
37845,13
37846,13
37847,13
37848,13
37849,13
37850,13
37851,13
37852,13
37853,13
37854,13
37855,13
37856,13
37857,13
37858,13
37859,13
37860,13
37861,13
37862,13
37863,13
37864,13
37865,13
37866,13
37867,13
37868,13
37869,13
37870,13
37871,13
37872,13
37873,13
37874,13
37875,13
37876,13
37877,13
37878,13
37879,13
37880,13
37881,13
37882,13
37883,13
37884,13
37885,13
37886,13
37887,13
37888,13
37889,13
37890,13
37891,13
37892,13
37893,13
37894,13
37895,13
37896,13
37897,13
37898,13
37899,13
37900,13
37901,13
37902,13
37903,13
37904,13
37905,13
37906,13
37907,13
37908,13
37909,13
37910,13
37911,13
37912,13
37913,13
37914,13
37915,13
37916,13
37917,13
37918,13
37919,13
37920,13
37921,13
37922,13
37923,13
37924,13
37925,13
37926,13
37927,13
37928,13
37929,13
37930,13
37931,13
37932,13
37933,13
37934,13
37935,13
37936,13
37937,13
37938,13
37939,13
37940,13
37941,13
37942,13
37943,13
37944,13
37945,13
37946,13
37947,13
37948,13
37949,13
37950,13
37951,13
37952,13
37953,13
37954,13
37955,13
37956,13
37957,13
37958,13
37959,13
37960,13
37961,13
37962,13
37963,13
37964,13
37965,13
37966,13
37967,13
37968,13
37969,13
37970,13
37971,13
37972,13
37973,13
37974,13
37975,13
37976,13
37977,13
37978,13
37979,13
37980,13
37981,13
37982,13
37983,13
37984,13
37985,13
37986,13
37987,13
37988,13
37989,13
37990,13
37991,13
37992,13
37993,13
37994,13
37995,13
37996,13
37997,13
37998,13
37999,13
38000,13
38001,13
38002,13
38003,13
38004,13
38005,13
38006,13
38007,13
38008,13
38009,13
38010,13
38011,13
38012,13
38013,13
38014,13
38015,13
38016,13
38017,13
38018,13
38019,13
38020,13
38021,13
38022,13
38023,13
38024,13
38025,13
38026,13
38027,13
38028,13
38029,13
38030,13
38031,13
38032,13
38033,13
38034,13
38035,13
38036,13
38037,13
38038,13
38039,13
38040,13
38041,13
38042,13
38043,13
38044,13
38045,13
38046,13
38047,13
38048,13
38049,13
38050,13
38051,13
38052,13
38053,13
38054,13
38055,13
38056,13
38057,13
38058,13
38059,13
38060,13
38061,13
38062,13
38063,13
38064,13
38065,13
38066,13
38067,13
38068,13
38069,13
38070,13
38071,13
38072,13
38073,13
38074,13
38075,13
38076,13
38077,13
38078,13
38079,13
38080,13
38081,13
38082,13
38083,13
38084,13
38085,13
38086,13
38087,13
38088,13
38089,13
38090,13
38091,13
38092,13
38093,13
38094,13
38095,13
38096,13
38097,13
38098,13
38099,13
38100,13
38101,13
38102,13
38103,13
38104,13
38105,13
38106,13
38107,13
38108,13
38109,13
38110,13
38111,13
38112,13
38113,13
38114,13
38115,13
38116,13
38117,13
38118,13
38119,13
38120,13
38121,13
38122,13
38123,13
38124,13
38125,13
38126,13
38127,13
38128,13
38129,13
38130,13
38131,13
38132,13
38133,13
38134,13
38135,13
38136,13
38137,13
38138,13
38139,13
38140,13
38141,13
38142,13
38143,13
38144,13
38145,12
38146,12
38147,12
38148,12
38149,12
38150,12
38151,12
38152,12
38153,12
38154,12
38155,12
38156,12
38157,12
38158,12
38159,12
38160,12
38161,12
38162,12
38163,12
38164,12
38165,12
38166,12
38167,12
38168,12
38169,12
38170,12
38171,12
38172,12
38173,12
38174,12
38175,12
38176,12
38177,12
38178,12
38179,12
38180,12
38181,12
38182,12
38183,12
38184,12
38185,12
38186,12
38187,12
38188,12
38189,12
38190,12
38191,12
38192,12
38193,12
38194,12
38195,12
38196,12
38197,12
38198,12
38199,12
38200,12
38201,12
38202,12
38203,12
38204,12
38205,12
38206,12
38207,12
38208,12
38209,12
38210,12
38211,12
38212,12
38213,12
38214,12
38215,12
38216,12
38217,12
38218,12
38219,12
38220,12
38221,12
38222,12
38223,12
38224,12
38225,12
38226,12
38227,12
38228,12
38229,12
38230,12
38231,12
38232,12
38233,12
38234,12
38235,12
38236,12
38237,12
38238,12
38239,12
38240,12
38241,12
38242,12
38243,12
38244,12
38245,12
38246,12
38247,12
38248,12
38249,12
38250,12
38251,12
38252,12
38253,12
38254,12
38255,12
38256,12
38257,12
38258,12
38259,12
38260,12
38261,12
38262,12
38263,12
38264,12
38265,12
38266,12
38267,12
38268,12
38269,12
38270,12
38271,12
38272,12
38273,12
38274,12
38275,12
38276,12
38277,12
38278,12
38279,12
38280,12
38281,12
38282,12
38283,12
38284,12
38285,12
38286,12
38287,12
38288,12
38289,12
38290,12
38291,12
38292,12
38293,12
38294,12
38295,12
38296,12
38297,12
38298,12
38299,12
38300,12
38301,12
38302,12
38303,12
38304,12
38305,12
38306,12
38307,12
38308,12
38309,12
38310,12
38311,12
38312,12
38313,12
38314,12
38315,12
38316,12
38317,12
38318,12
38319,12
38320,12
38321,12
38322,12
38323,12
38324,12
38325,12
38326,12
38327,12
38328,12
38329,12
38330,12
38331,12
38332,12
38333,12
38334,12
38335,12
38336,12
38337,12
38338,12
38339,12
38340,12
38341,12
38342,12
38343,12
38344,12
38345,12
38346,12
38347,12
38348,12
38349,12
38350,12
38351,12
38352,12
38353,12
38354,12
38355,12
38356,12
38357,12
38358,12
38359,12
38360,12
38361,12
38362,12
38363,12
38364,12
38365,12
38366,12
38367,12
38368,12
38369,12
38370,12
38371,12
38372,12
38373,12
38374,12
38375,12
38376,12
38377,12
38378,12
38379,12
38380,12
38381,12
38382,12
38383,12
38384,12
38385,12
38386,12
38387,12
38388,12
38389,12
38390,12
38391,12
38392,12
38393,12
38394,12
38395,12
38396,12
38397,12
38398,12
38399,12
38400,12
38401,12
38402,12
38403,12
38404,12
38405,12
38406,12
38407,12
38408,12
38409,12
38410,12
38411,12
38412,12
38413,12
38414,12
38415,12
38416,12
38417,12
38418,12
38419,12
38420,12
38421,12
38422,12
38423,12
38424,12
38425,12
38426,12
38427,12
38428,12
38429,12
38430,12
38431,12
38432,12
38433,12
38434,12
38435,12
38436,12
38437,12
38438,12
38439,12
38440,12
38441,12
38442,12
38443,12
38444,12
38445,12
38446,12
38447,12
38448,12
38449,12
38450,12
38451,12
38452,12
38453,12
38454,12
38455,12
38456,12
38457,12
38458,12
38459,12
38460,12
38461,12
38462,12
38463,12
38464,12
38465,12
38466,12
38467,12
38468,12
38469,12
38470,12
38471,12
38472,12
38473,12
38474,12
38475,12
38476,12
38477,12
38478,12
38479,12
38480,12
38481,12
38482,12
38483,12
38484,12
38485,12
38486,12
38487,12
38488,12
38489,12
38490,12
38491,12
38492,12
38493,12
38494,12
38495,12
38496,12
38497,12
38498,12
38499,12
38500,12
38501,12
38502,12
38503,12
38504,12
38505,12
38506,12
38507,12
38508,12
38509,12
38510,12
38511,12
38512,12
38513,12
38514,12
38515,12
38516,12
38517,12
38518,12
38519,12
38520,12
38521,12
38522,12
38523,12
38524,12
38525,12
38526,12
38527,12
38528,12
38529,12
38530,12
38531,12
38532,12
38533,12
38534,12
38535,12
38536,12
38537,12
38538,12
38539,12
38540,12
38541,12
38542,12
38543,12
38544,12
38545,12
38546,12
38547,12
38548,12
38549,12
38550,12
38551,12
38552,12
38553,12
38554,12
38555,12
38556,12
38557,12
38558,12
38559,12
38560,12
38561,12
38562,12
38563,12
38564,12
38565,12
38566,12
38567,12
38568,12
38569,12
38570,12
38571,12
38572,12
38573,12
38574,12
38575,12
38576,12
38577,12
38578,12
38579,12
38580,12
38581,12
38582,12
38583,12
38584,12
38585,12
38586,12
38587,12
38588,12
38589,12
38590,12
38591,12
38592,12
38593,12
38594,12
38595,12
38596,12
38597,12
38598,12
38599,12
38600,12
38601,12
38602,12
38603,12
38604,12
38605,12
38606,12
38607,12
38608,12
38609,12
38610,12
38611,12
38612,12
38613,12
38614,12
38615,12
38616,12
38617,12
38618,12
38619,12
38620,12
38621,12
38622,12
38623,12
38624,12
38625,12
38626,12
38627,12
38628,12
38629,12
38630,12
38631,12
38632,12
38633,12
38634,12
38635,12
38636,12
38637,12
38638,12
38639,12
38640,12
38641,12
38642,12
38643,12
38644,12
38645,12
38646,12
38647,12
38648,12
38649,12
38650,12
38651,12
38652,12
38653,12
38654,12
38655,12
38656,12
38657,12
38658,12
38659,12
38660,12
38661,12
38662,12
38663,12
38664,12
38665,12
38666,12
38667,12
38668,12
38669,12
38670,12
38671,12
38672,12
38673,12
38674,12
38675,12
38676,12
38677,12
38678,12
38679,12
38680,12
38681,12
38682,12
38683,12
38684,12
38685,12
38686,12
38687,12
38688,12
38689,12
38690,12
38691,12
38692,12
38693,12
38694,12
38695,12
38696,12
38697,12
38698,12
38699,12
38700,12
38701,12
38702,12
38703,12
38704,12
38705,12
38706,12
38707,12
38708,12
38709,12
38710,12
38711,12
38712,12
38713,12
38714,12
38715,12
38716,12
38717,12
38718,12
38719,12
38720,12
38721,12
38722,12
38723,12
38724,12
38725,12
38726,12
38727,12
38728,12
38729,12
38730,12
38731,12
38732,12
38733,12
38734,12
38735,12
38736,12
38737,12
38738,12
38739,12
38740,12
38741,12
38742,12
38743,12
38744,12
38745,12
38746,12
38747,12
38748,12
38749,12
38750,12
38751,12
38752,12
38753,12
38754,12
38755,12
38756,12
38757,12
38758,12
38759,12
38760,12
38761,12
38762,12
38763,12
38764,12
38765,12
38766,12
38767,12
38768,12
38769,12
38770,12
38771,12
38772,12
38773,12
38774,12
38775,12
38776,12
38777,12
38778,12
38779,12
38780,12
38781,12
38782,12
38783,12
38784,12
38785,12
38786,12
38787,12
38788,12
38789,12
38790,12
38791,12
38792,12
38793,12
38794,12
38795,12
38796,12
38797,12
38798,12
38799,12
38800,12
38801,12
38802,12
38803,12
38804,12
38805,12
38806,12
38807,12
38808,12
38809,12
38810,12
38811,12
38812,12
38813,12
38814,12
38815,12
38816,12
38817,12
38818,12
38819,12
38820,12
38821,12
38822,12
38823,12
38824,12
38825,12
38826,12
38827,12
38828,12
38829,12
38830,12
38831,12
38832,12
38833,12
38834,12
38835,12
38836,12
38837,12
38838,12
38839,12
38840,12
38841,12
38842,12
38843,12
38844,12
38845,12
38846,12
38847,12
38848,12
38849,12
38850,12
38851,12
38852,12
38853,12
38854,12
38855,12
38856,12
38857,12
38858,12
38859,12
38860,12
38861,12
38862,12
38863,12
38864,12
38865,12
38866,12
38867,12
38868,12
38869,12
38870,12
38871,12
38872,12
38873,12
38874,12
38875,12
38876,12
38877,12
38878,12
38879,12
38880,12
38881,12
38882,12
38883,12
38884,12
38885,12
38886,12
38887,12
38888,12
38889,12
38890,12
38891,12
38892,12
38893,12
38894,12
38895,12
38896,12
38897,12
38898,12
38899,12
38900,12
38901,12
38902,12
38903,12
38904,12
38905,12
38906,12
38907,12
38908,12
38909,12
38910,12
38911,12
38912,12
38913,12
38914,12
38915,12
38916,12
38917,12
38918,12
38919,12
38920,12
38921,12
38922,12
38923,12
38924,12
38925,12
38926,12
38927,12
38928,12
38929,12
38930,12
38931,12
38932,12
38933,12
38934,12
38935,12
38936,12
38937,12
38938,12
38939,12
38940,12
38941,12
38942,12
38943,12
38944,12
38945,12
38946,12
38947,12
38948,12
38949,12
38950,12
38951,12
38952,12
38953,12
38954,12
38955,12
38956,12
38957,12
38958,12
38959,12
38960,12
38961,12
38962,12
38963,12
38964,12
38965,12
38966,12
38967,12
38968,12
38969,12
38970,12
38971,12
38972,12
38973,12
38974,12
38975,12
38976,12
38977,12
38978,12
38979,12
38980,12
38981,12
38982,12
38983,12
38984,12
38985,12
38986,12
38987,12
38988,12
38989,12
38990,12
38991,12
38992,12
38993,12
38994,12
38995,12
38996,12
38997,12
38998,12
38999,12
39000,12
39001,12
39002,12
39003,12
39004,12
39005,12
39006,12
39007,12
39008,12
39009,12
39010,12
39011,12
39012,12
39013,12
39014,12
39015,12
39016,12
39017,12
39018,12
39019,12
39020,12
39021,12
39022,12
39023,12
39024,12
39025,12
39026,12
39027,12
39028,12
39029,12
39030,12
39031,12
39032,12
39033,12
39034,12
39035,12
39036,12
39037,12
39038,12
39039,12
39040,12
39041,12
39042,12
39043,12
39044,12
39045,12
39046,12
39047,12
39048,12
39049,12
39050,12
39051,12
39052,12
39053,12
39054,12
39055,12
39056,12
39057,12
39058,12
39059,12
39060,12
39061,12
39062,12
39063,12
39064,12
39065,12
39066,12
39067,12
39068,12
39069,12
39070,12
39071,12
39072,12
39073,12
39074,12
39075,12
39076,12
39077,12
39078,12
39079,12
39080,12
39081,12
39082,12
39083,12
39084,12
39085,12
39086,12
39087,12
39088,12
39089,12
39090,12
39091,12
39092,12
39093,12
39094,12
39095,12
39096,12
39097,12
39098,12
39099,12
39100,12
39101,12
39102,12
39103,12
39104,12
39105,12
39106,12
39107,12
39108,12
39109,12
39110,12
39111,12
39112,12
39113,12
39114,12
39115,12
39116,12
39117,12
39118,12
39119,12
39120,12
39121,12
39122,12
39123,12
39124,12
39125,12
39126,12
39127,12
39128,12
39129,12
39130,12
39131,12
39132,12
39133,12
39134,12
39135,12
39136,12
39137,12
39138,12
39139,12
39140,12
39141,12
39142,12
39143,12
39144,12
39145,12
39146,12
39147,12
39148,12
39149,12
39150,12
39151,12
39152,12
39153,12
39154,12
39155,12
39156,12
39157,12
39158,12
39159,12
39160,12
39161,12
39162,12
39163,12
39164,12
39165,12
39166,12
39167,12
39168,12
39169,12
39170,12
39171,12
39172,12
39173,12
39174,12
39175,12
39176,12
39177,12
39178,12
39179,12
39180,12
39181,12
39182,12
39183,12
39184,12
39185,12
39186,12
39187,12
39188,12
39189,12
39190,12
39191,12
39192,12
39193,12
39194,12
39195,12
39196,12
39197,12
39198,12
39199,12
39200,12
39201,12
39202,12
39203,12
39204,12
39205,12
39206,12
39207,12
39208,12
39209,12
39210,12
39211,12
39212,12
39213,12
39214,12
39215,12
39216,12
39217,12
39218,12
39219,12
39220,12
39221,12
39222,12
39223,12
39224,12
39225,12
39226,12
39227,12
39228,12
39229,12
39230,12
39231,12
39232,12
39233,12
39234,12
39235,12
39236,12
39237,12
39238,12
39239,12
39240,12
39241,12
39242,12
39243,12
39244,12
39245,12
39246,12
39247,12
39248,12
39249,12
39250,12
39251,12
39252,12
39253,12
39254,12
39255,12
39256,12
39257,12
39258,12
39259,12
39260,12
39261,12
39262,12
39263,12
39264,12
39265,12
39266,12
39267,12
39268,12
39269,12
39270,12
39271,12
39272,12
39273,12
39274,12
39275,12
39276,12
39277,12
39278,12
39279,12
39280,12
39281,12
39282,12
39283,12
39284,12
39285,12
39286,12
39287,12
39288,12
39289,12
39290,12
39291,12
39292,12
39293,12
39294,12
39295,12
39296,12
39297,12
39298,12
39299,12
39300,12
39301,12
39302,12
39303,12
39304,12
39305,12
39306,12
39307,12
39308,12
39309,12
39310,12
39311,12
39312,12
39313,12
39314,12
39315,12
39316,12
39317,12
39318,12
39319,12
39320,12
39321,12
39322,12
39323,12
39324,12
39325,12
39326,12
39327,12
39328,12
39329,12
39330,12
39331,12
39332,12
39333,12
39334,12
39335,12
39336,12
39337,12
39338,12
39339,12
39340,12
39341,12
39342,12
39343,12
39344,12
39345,12
39346,12
39347,12
39348,12
39349,12
39350,12
39351,12
39352,12
39353,12
39354,12
39355,12
39356,12
39357,12
39358,12
39359,12
39360,12
39361,12
39362,12
39363,12
39364,12
39365,12
39366,12
39367,12
39368,12
39369,12
39370,12
39371,12
39372,12
39373,12
39374,12
39375,12
39376,12
39377,12
39378,12
39379,12
39380,12
39381,12
39382,12
39383,12
39384,12
39385,12
39386,11
39387,11
39388,11
39389,11
39390,11
39391,11
39392,11
39393,11
39394,11
39395,11
39396,11
39397,11
39398,11
39399,11
39400,11
39401,11
39402,11
39403,11
39404,11
39405,11
39406,11
39407,11
39408,11
39409,11
39410,11
39411,11
39412,11
39413,11
39414,11
39415,11
39416,11
39417,11
39418,11
39419,11
39420,11
39421,11
39422,11
39423,11
39424,11
39425,11
39426,11
39427,11
39428,11
39429,11
39430,11
39431,11
39432,11
39433,11
39434,11
39435,11
39436,11
39437,11
39438,11
39439,11
39440,11
39441,11
39442,11
39443,11
39444,11
39445,11
39446,11
39447,11
39448,11
39449,11
39450,11
39451,11
39452,11
39453,11
39454,11
39455,11
39456,11
39457,11
39458,11
39459,11
39460,11
39461,11
39462,11
39463,11
39464,11
39465,11
39466,11
39467,11
39468,11
39469,11
39470,11
39471,11
39472,11
39473,11
39474,11
39475,11
39476,11
39477,11
39478,11
39479,11
39480,11
39481,11
39482,11
39483,11
39484,11
39485,11
39486,11
39487,11
39488,11
39489,11
39490,11
39491,11
39492,11
39493,11
39494,11
39495,11
39496,11
39497,11
39498,11
39499,11
39500,11
39501,11
39502,11
39503,11
39504,11
39505,11
39506,11
39507,11
39508,11
39509,11
39510,11
39511,11
39512,11
39513,11
39514,11
39515,11
39516,11
39517,11
39518,11
39519,11
39520,11
39521,11
39522,11
39523,11
39524,11
39525,11
39526,11
39527,11
39528,11
39529,11
39530,11
39531,11
39532,11
39533,11
39534,11
39535,11
39536,11
39537,11
39538,11
39539,11
39540,11
39541,11
39542,11
39543,11
39544,11
39545,11
39546,11
39547,11
39548,11
39549,11
39550,11
39551,11
39552,11
39553,11
39554,11
39555,11
39556,11
39557,11
39558,11
39559,11
39560,11
39561,11
39562,11
39563,11
39564,11
39565,11
39566,11
39567,11
39568,11
39569,11
39570,11
39571,11
39572,11
39573,11
39574,11
39575,11
39576,11
39577,11
39578,11
39579,11
39580,11
39581,11
39582,11
39583,11
39584,11
39585,11
39586,11
39587,11
39588,11
39589,11
39590,11
39591,11
39592,11
39593,11
39594,11
39595,11
39596,11
39597,11
39598,11
39599,11
39600,11
39601,11
39602,11
39603,11
39604,11
39605,11
39606,11
39607,11
39608,11
39609,11
39610,11
39611,11
39612,11
39613,11
39614,11
39615,11
39616,11
39617,11
39618,11
39619,11
39620,11
39621,11
39622,11
39623,11
39624,11
39625,11
39626,11
39627,11
39628,11
39629,11
39630,11
39631,11
39632,11
39633,11
39634,11
39635,11
39636,11
39637,11
39638,11
39639,11
39640,11
39641,11
39642,11
39643,11
39644,11
39645,11
39646,11
39647,11
39648,11
39649,11
39650,11
39651,11
39652,11
39653,11
39654,11
39655,11
39656,11
39657,11
39658,11
39659,11
39660,11
39661,11
39662,11
39663,11
39664,11
39665,11
39666,11
39667,11
39668,11
39669,11
39670,11
39671,11
39672,11
39673,11
39674,11
39675,11
39676,11
39677,11
39678,11
39679,11
39680,11
39681,11
39682,11
39683,11
39684,11
39685,11
39686,11
39687,11
39688,11
39689,11
39690,11
39691,11
39692,11
39693,11
39694,11
39695,11
39696,11
39697,11
39698,11
39699,11
39700,11
39701,11
39702,11
39703,11
39704,11
39705,11
39706,11
39707,11
39708,11
39709,11
39710,11
39711,11
39712,11
39713,11
39714,11
39715,11
39716,11
39717,11
39718,11
39719,11
39720,11
39721,11
39722,11
39723,11
39724,11
39725,11
39726,11
39727,11
39728,11
39729,11
39730,11
39731,11
39732,11
39733,11
39734,11
39735,11
39736,11
39737,11
39738,11
39739,11
39740,11
39741,11
39742,11
39743,11
39744,11
39745,11
39746,11
39747,11
39748,11
39749,11
39750,11
39751,11
39752,11
39753,11
39754,11
39755,11
39756,11
39757,11
39758,11
39759,11
39760,11
39761,11
39762,11
39763,11
39764,11
39765,11
39766,11
39767,11
39768,11
39769,11
39770,11
39771,11
39772,11
39773,11
39774,11
39775,11
39776,11
39777,11
39778,11
39779,11
39780,11
39781,11
39782,11
39783,11
39784,11
39785,11
39786,11
39787,11
39788,11
39789,11
39790,11
39791,11
39792,11
39793,11
39794,11
39795,11
39796,11
39797,11
39798,11
39799,11
39800,11
39801,11
39802,11
39803,11
39804,11
39805,11
39806,11
39807,11
39808,11
39809,11
39810,11
39811,11
39812,11
39813,11
39814,11
39815,11
39816,11
39817,11
39818,11
39819,11
39820,11
39821,11
39822,11
39823,11
39824,11
39825,11
39826,11
39827,11
39828,11
39829,11
39830,11
39831,11
39832,11
39833,11
39834,11
39835,11
39836,11
39837,11
39838,11
39839,11
39840,11
39841,11
39842,11
39843,11
39844,11
39845,11
39846,11
39847,11
39848,11
39849,11
39850,11
39851,11
39852,11
39853,11
39854,11
39855,11
39856,11
39857,11
39858,11
39859,11
39860,11
39861,11
39862,11
39863,11
39864,11
39865,11
39866,11
39867,11
39868,11
39869,11
39870,11
39871,11
39872,11
39873,11
39874,11
39875,11
39876,11
39877,11
39878,11
39879,11
39880,11
39881,11
39882,11
39883,11
39884,11
39885,11
39886,11
39887,11
39888,11
39889,11
39890,11
39891,11
39892,11
39893,11
39894,11
39895,11
39896,11
39897,11
39898,11
39899,11
39900,11
39901,11
39902,11
39903,11
39904,11
39905,11
39906,11
39907,11
39908,11
39909,11
39910,11
39911,11
39912,11
39913,11
39914,11
39915,11
39916,11
39917,11
39918,11
39919,11
39920,11
39921,11
39922,11
39923,11
39924,11
39925,11
39926,11
39927,11
39928,11
39929,11
39930,11
39931,11
39932,11
39933,11
39934,11
39935,11
39936,11
39937,11
39938,11
39939,11
39940,11
39941,11
39942,11
39943,11
39944,11
39945,11
39946,11
39947,11
39948,11
39949,11
39950,11
39951,11
39952,11
39953,11
39954,11
39955,11
39956,11
39957,11
39958,11
39959,11
39960,11
39961,11
39962,11
39963,11
39964,11
39965,11
39966,11
39967,11
39968,11
39969,11
39970,11
39971,11
39972,11
39973,11
39974,11
39975,11
39976,11
39977,11
39978,11
39979,11
39980,11
39981,11
39982,11
39983,11
39984,11
39985,11
39986,11
39987,11
39988,11
39989,11
39990,11
39991,11
39992,11
39993,11
39994,11
39995,11
39996,11
39997,11
39998,11
39999,11
40000,11
40001,11
40002,11
40003,11
40004,11
40005,11
40006,11
40007,11
40008,11
40009,11
40010,11
40011,11
40012,11
40013,11
40014,11
40015,11
40016,11
40017,11
40018,11
40019,11
40020,11
40021,11
40022,11
40023,11
40024,11
40025,11
40026,11
40027,11
40028,11
40029,11
40030,11
40031,11
40032,11
40033,11
40034,11
40035,11
40036,11
40037,11
40038,11
40039,11
40040,11
40041,11
40042,11
40043,11
40044,11
40045,11
40046,11
40047,11
40048,11
40049,11
40050,11
40051,11
40052,11
40053,11
40054,11
40055,11
40056,11
40057,11
40058,11
40059,11
40060,11
40061,11
40062,11
40063,11
40064,11
40065,11
40066,11
40067,11
40068,11
40069,11
40070,11
40071,11
40072,11
40073,11
40074,11
40075,11
40076,11
40077,11
40078,11
40079,11
40080,11
40081,11
40082,11
40083,11
40084,11
40085,11
40086,11
40087,11
40088,11
40089,11
40090,11
40091,11
40092,11
40093,11
40094,11
40095,11
40096,11
40097,11
40098,11
40099,11
40100,11
40101,11
40102,11
40103,11
40104,11
40105,11
40106,11
40107,11
40108,11
40109,11
40110,11
40111,11
40112,11
40113,11
40114,11
40115,11
40116,11
40117,11
40118,11
40119,11
40120,11
40121,11
40122,11
40123,11
40124,11
40125,11
40126,11
40127,11
40128,11
40129,11
40130,11
40131,11
40132,11
40133,11
40134,11
40135,11
40136,11
40137,11
40138,11
40139,11
40140,11
40141,11
40142,11
40143,11
40144,11
40145,11
40146,11
40147,11
40148,11
40149,11
40150,11
40151,11
40152,11
40153,11
40154,11
40155,11
40156,11
40157,11
40158,11
40159,11
40160,11
40161,11
40162,11
40163,11
40164,11
40165,11
40166,11
40167,11
40168,11
40169,11
40170,11
40171,11
40172,11
40173,11
40174,11
40175,11
40176,11
40177,11
40178,11
40179,11
40180,11
40181,11
40182,11
40183,11
40184,11
40185,11
40186,11
40187,11
40188,11
40189,11
40190,11
40191,11
40192,11
40193,11
40194,11
40195,11
40196,11
40197,11
40198,11
40199,11
40200,11
40201,11
40202,11
40203,11
40204,11
40205,11
40206,11
40207,11
40208,11
40209,11
40210,11
40211,11
40212,11
40213,11
40214,11
40215,11
40216,11
40217,11
40218,11
40219,11
40220,11
40221,11
40222,11
40223,11
40224,11
40225,11
40226,11
40227,11
40228,11
40229,11
40230,11
40231,11
40232,11
40233,11
40234,11
40235,11
40236,11
40237,11
40238,11
40239,11
40240,11
40241,11
40242,11
40243,11
40244,11
40245,11
40246,11
40247,11
40248,11
40249,11
40250,11
40251,11
40252,11
40253,11
40254,11
40255,11
40256,11
40257,11
40258,11
40259,11
40260,11
40261,11
40262,11
40263,11
40264,11
40265,11
40266,11
40267,11
40268,11
40269,11
40270,11
40271,11
40272,11
40273,11
40274,11
40275,11
40276,11
40277,11
40278,11
40279,11
40280,11
40281,11
40282,11
40283,11
40284,11
40285,11
40286,11
40287,11
40288,11
40289,11
40290,11
40291,11
40292,11
40293,11
40294,11
40295,11
40296,11
40297,11
40298,11
40299,11
40300,11
40301,11
40302,11
40303,11
40304,11
40305,11
40306,11
40307,11
40308,11
40309,11
40310,11
40311,11
40312,11
40313,11
40314,11
40315,11
40316,11
40317,11
40318,11
40319,11
40320,11
40321,11
40322,11
40323,11
40324,11
40325,11
40326,11
40327,11
40328,11
40329,11
40330,11
40331,11
40332,11
40333,11
40334,11
40335,11
40336,11
40337,11
40338,11
40339,11
40340,11
40341,11
40342,11
40343,11
40344,11
40345,11
40346,11
40347,11
40348,11
40349,11
40350,11
40351,11
40352,11
40353,11
40354,11
40355,11
40356,11
40357,11
40358,11
40359,11
40360,11
40361,11
40362,11
40363,11
40364,11
40365,11
40366,11
40367,11
40368,11
40369,11
40370,11
40371,11
40372,11
40373,11
40374,11
40375,11
40376,11
40377,11
40378,11
40379,11
40380,11
40381,11
40382,11
40383,11
40384,11
40385,11
40386,11
40387,11
40388,11
40389,11
40390,11
40391,11
40392,11
40393,11
40394,11
40395,11
40396,11
40397,11
40398,11
40399,11
40400,11
40401,11
40402,11
40403,11
40404,11
40405,11
40406,11
40407,11
40408,11
40409,11
40410,11
40411,11
40412,11
40413,11
40414,11
40415,11
40416,11
40417,11
40418,11
40419,11
40420,11
40421,11
40422,11
40423,11
40424,11
40425,11
40426,11
40427,11
40428,11
40429,11
40430,11
40431,11
40432,11
40433,11
40434,11
40435,11
40436,11
40437,11
40438,11
40439,11
40440,11
40441,11
40442,11
40443,11
40444,11
40445,11
40446,11
40447,11
40448,11
40449,11
40450,11
40451,11
40452,11
40453,11
40454,11
40455,11
40456,11
40457,11
40458,11
40459,11
40460,11
40461,11
40462,11
40463,11
40464,11
40465,11
40466,11
40467,11
40468,11
40469,11
40470,11
40471,11
40472,11
40473,11
40474,11
40475,11
40476,11
40477,11
40478,11
40479,11
40480,11
40481,11
40482,11
40483,11
40484,11
40485,11
40486,11
40487,11
40488,11
40489,11
40490,11
40491,11
40492,11
40493,11
40494,11
40495,11
40496,11
40497,11
40498,11
40499,11
40500,11
40501,11
40502,11
40503,11
40504,11
40505,11
40506,11
40507,11
40508,11
40509,11
40510,11
40511,11
40512,11
40513,11
40514,11
40515,11
40516,11
40517,11
40518,11
40519,11
40520,11
40521,11
40522,11
40523,11
40524,11
40525,11
40526,11
40527,11
40528,11
40529,11
40530,11
40531,11
40532,11
40533,11
40534,11
40535,11
40536,11
40537,11
40538,11
40539,11
40540,11
40541,11
40542,11
40543,11
40544,11
40545,11
40546,11
40547,11
40548,11
40549,11
40550,11
40551,11
40552,11
40553,11
40554,11
40555,11
40556,11
40557,11
40558,11
40559,11
40560,11
40561,11
40562,11
40563,11
40564,11
40565,11
40566,11
40567,11
40568,11
40569,11
40570,11
40571,11
40572,11
40573,11
40574,11
40575,11
40576,11
40577,11
40578,11
40579,11
40580,11
40581,11
40582,11
40583,11
40584,11
40585,11
40586,11
40587,11
40588,11
40589,11
40590,11
40591,11
40592,11
40593,11
40594,11
40595,11
40596,11
40597,11
40598,11
40599,11
40600,11
40601,11
40602,11
40603,11
40604,11
40605,11
40606,11
40607,11
40608,11
40609,11
40610,11
40611,11
40612,11
40613,11
40614,11
40615,11
40616,11
40617,11
40618,11
40619,11
40620,11
40621,11
40622,11
40623,11
40624,11
40625,11
40626,11
40627,11
40628,11
40629,11
40630,11
40631,11
40632,11
40633,11
40634,11
40635,11
40636,11
40637,11
40638,11
40639,11
40640,11
40641,11
40642,11
40643,11
40644,11
40645,11
40646,11
40647,11
40648,11
40649,11
40650,11
40651,11
40652,11
40653,11
40654,11
40655,11
40656,11
40657,11
40658,11
40659,11
40660,11
40661,11
40662,11
40663,11
40664,11
40665,11
40666,11
40667,11
40668,11
40669,11
40670,11
40671,11
40672,11
40673,11
40674,11
40675,11
40676,11
40677,11
40678,11
40679,11
40680,11
40681,11
40682,11
40683,11
40684,11
40685,11
40686,11
40687,11
40688,11
40689,11
40690,11
40691,11
40692,11
40693,11
40694,11
40695,11
40696,11
40697,11
40698,11
40699,11
40700,11
40701,11
40702,11
40703,11
40704,11
40705,11
40706,11
40707,11
40708,11
40709,11
40710,11
40711,11
40712,11
40713,11
40714,11
40715,11
40716,11
40717,11
40718,11
40719,11
40720,11
40721,11
40722,11
40723,11
40724,11
40725,11
40726,11
40727,11
40728,11
40729,11
40730,11
40731,11
40732,11
40733,11
40734,11
40735,11
40736,11
40737,11
40738,11
40739,11
40740,11
40741,11
40742,11
40743,11
40744,11
40745,11
40746,11
40747,11
40748,11
40749,10
40750,10
40751,10
40752,10
40753,10
40754,10
40755,10
40756,10
40757,10
40758,10
40759,10
40760,10
40761,10
40762,10
40763,10
40764,10
40765,10
40766,10
40767,10
40768,10
40769,10
40770,10
40771,10
40772,10
40773,10
40774,10
40775,10
40776,10
40777,10
40778,10
40779,10
40780,10
40781,10
40782,10
40783,10
40784,10
40785,10
40786,10
40787,10
40788,10
40789,10
40790,10
40791,10
40792,10
40793,10
40794,10
40795,10
40796,10
40797,10
40798,10
40799,10
40800,10
40801,10
40802,10
40803,10
40804,10
40805,10
40806,10
40807,10
40808,10
40809,10
40810,10
40811,10
40812,10
40813,10
40814,10
40815,10
40816,10
40817,10
40818,10
40819,10
40820,10
40821,10
40822,10
40823,10
40824,10
40825,10
40826,10
40827,10
40828,10
40829,10
40830,10
40831,10
40832,10
40833,10
40834,10
40835,10
40836,10
40837,10
40838,10
40839,10
40840,10
40841,10
40842,10
40843,10
40844,10
40845,10
40846,10
40847,10
40848,10
40849,10
40850,10
40851,10
40852,10
40853,10
40854,10
40855,10
40856,10
40857,10
40858,10
40859,10
40860,10
40861,10
40862,10
40863,10
40864,10
40865,10
40866,10
40867,10
40868,10
40869,10
40870,10
40871,10
40872,10
40873,10
40874,10
40875,10
40876,10
40877,10
40878,10
40879,10
40880,10
40881,10
40882,10
40883,10
40884,10
40885,10
40886,10
40887,10
40888,10
40889,10
40890,10
40891,10
40892,10
40893,10
40894,10
40895,10
40896,10
40897,10
40898,10
40899,10
40900,10
40901,10
40902,10
40903,10
40904,10
40905,10
40906,10
40907,10
40908,10
40909,10
40910,10
40911,10
40912,10
40913,10
40914,10
40915,10
40916,10
40917,10
40918,10
40919,10
40920,10
40921,10
40922,10
40923,10
40924,10
40925,10
40926,10
40927,10
40928,10
40929,10
40930,10
40931,10
40932,10
40933,10
40934,10
40935,10
40936,10
40937,10
40938,10
40939,10
40940,10
40941,10
40942,10
40943,10
40944,10
40945,10
40946,10
40947,10
40948,10
40949,10
40950,10
40951,10
40952,10
40953,10
40954,10
40955,10
40956,10
40957,10
40958,10
40959,10
40960,10
40961,10
40962,10
40963,10
40964,10
40965,10
40966,10
40967,10
40968,10
40969,10
40970,10
40971,10
40972,10
40973,10
40974,10
40975,10
40976,10
40977,10
40978,10
40979,10
40980,10
40981,10
40982,10
40983,10
40984,10
40985,10
40986,10
40987,10
40988,10
40989,10
40990,10
40991,10
40992,10
40993,10
40994,10
40995,10
40996,10
40997,10
40998,10
40999,10
41000,10
41001,10
41002,10
41003,10
41004,10
41005,10
41006,10
41007,10
41008,10
41009,10
41010,10
41011,10
41012,10
41013,10
41014,10
41015,10
41016,10
41017,10
41018,10
41019,10
41020,10
41021,10
41022,10
41023,10
41024,10
41025,10
41026,10
41027,10
41028,10
41029,10
41030,10
41031,10
41032,10
41033,10
41034,10
41035,10
41036,10
41037,10
41038,10
41039,10
41040,10
41041,10
41042,10
41043,10
41044,10
41045,10
41046,10
41047,10
41048,10
41049,10
41050,10
41051,10
41052,10
41053,10
41054,10
41055,10
41056,10
41057,10
41058,10
41059,10
41060,10
41061,10
41062,10
41063,10
41064,10
41065,10
41066,10
41067,10
41068,10
41069,10
41070,10
41071,10
41072,10
41073,10
41074,10
41075,10
41076,10
41077,10
41078,10
41079,10
41080,10
41081,10
41082,10
41083,10
41084,10
41085,10
41086,10
41087,10
41088,10
41089,10
41090,10
41091,10
41092,10
41093,10
41094,10
41095,10
41096,10
41097,10
41098,10
41099,10
41100,10
41101,10
41102,10
41103,10
41104,10
41105,10
41106,10
41107,10
41108,10
41109,10
41110,10
41111,10
41112,10
41113,10
41114,10
41115,10
41116,10
41117,10
41118,10
41119,10
41120,10
41121,10
41122,10
41123,10
41124,10
41125,10
41126,10
41127,10
41128,10
41129,10
41130,10
41131,10
41132,10
41133,10
41134,10
41135,10
41136,10
41137,10
41138,10
41139,10
41140,10
41141,10
41142,10
41143,10
41144,10
41145,10
41146,10
41147,10
41148,10
41149,10
41150,10
41151,10
41152,10
41153,10
41154,10
41155,10
41156,10
41157,10
41158,10
41159,10
41160,10
41161,10
41162,10
41163,10
41164,10
41165,10
41166,10
41167,10
41168,10
41169,10
41170,10
41171,10
41172,10
41173,10
41174,10
41175,10
41176,10
41177,10
41178,10
41179,10
41180,10
41181,10
41182,10
41183,10
41184,10
41185,10
41186,10
41187,10
41188,10
41189,10
41190,10
41191,10
41192,10
41193,10
41194,10
41195,10
41196,10
41197,10
41198,10
41199,10
41200,10
41201,10
41202,10
41203,10
41204,10
41205,10
41206,10
41207,10
41208,10
41209,10
41210,10
41211,10
41212,10
41213,10
41214,10
41215,10
41216,10
41217,10
41218,10
41219,10
41220,10
41221,10
41222,10
41223,10
41224,10
41225,10
41226,10
41227,10
41228,10
41229,10
41230,10
41231,10
41232,10
41233,10
41234,10
41235,10
41236,10
41237,10
41238,10
41239,10
41240,10
41241,10
41242,10
41243,10
41244,10
41245,10
41246,10
41247,10
41248,10
41249,10
41250,10
41251,10
41252,10
41253,10
41254,10
41255,10
41256,10
41257,10
41258,10
41259,10
41260,10
41261,10
41262,10
41263,10
41264,10
41265,10
41266,10
41267,10
41268,10
41269,10
41270,10
41271,10
41272,10
41273,10
41274,10
41275,10
41276,10
41277,10
41278,10
41279,10
41280,10
41281,10
41282,10
41283,10
41284,10
41285,10
41286,10
41287,10
41288,10
41289,10
41290,10
41291,10
41292,10
41293,10
41294,10
41295,10
41296,10
41297,10
41298,10
41299,10
41300,10
41301,10
41302,10
41303,10
41304,10
41305,10
41306,10
41307,10
41308,10
41309,10
41310,10
41311,10
41312,10
41313,10
41314,10
41315,10
41316,10
41317,10
41318,10
41319,10
41320,10
41321,10
41322,10
41323,10
41324,10
41325,10
41326,10
41327,10
41328,10
41329,10
41330,10
41331,10
41332,10
41333,10
41334,10
41335,10
41336,10
41337,10
41338,10
41339,10
41340,10
41341,10
41342,10
41343,10
41344,10
41345,10
41346,10
41347,10
41348,10
41349,10
41350,10
41351,10
41352,10
41353,10
41354,10
41355,10
41356,10
41357,10
41358,10
41359,10
41360,10
41361,10
41362,10
41363,10
41364,10
41365,10
41366,10
41367,10
41368,10
41369,10
41370,10
41371,10
41372,10
41373,10
41374,10
41375,10
41376,10
41377,10
41378,10
41379,10
41380,10
41381,10
41382,10
41383,10
41384,10
41385,10
41386,10
41387,10
41388,10
41389,10
41390,10
41391,10
41392,10
41393,10
41394,10
41395,10
41396,10
41397,10
41398,10
41399,10
41400,10
41401,10
41402,10
41403,10
41404,10
41405,10
41406,10
41407,10
41408,10
41409,10
41410,10
41411,10
41412,10
41413,10
41414,10
41415,10
41416,10
41417,10
41418,10
41419,10
41420,10
41421,10
41422,10
41423,10
41424,10
41425,10
41426,10
41427,10
41428,10
41429,10
41430,10
41431,10
41432,10
41433,10
41434,10
41435,10
41436,10
41437,10
41438,10
41439,10
41440,10
41441,10
41442,10
41443,10
41444,10
41445,10
41446,10
41447,10
41448,10
41449,10
41450,10
41451,10
41452,10
41453,10
41454,10
41455,10
41456,10
41457,10
41458,10
41459,10
41460,10
41461,10
41462,10
41463,10
41464,10
41465,10
41466,10
41467,10
41468,10
41469,10
41470,10
41471,10
41472,10
41473,10
41474,10
41475,10
41476,10
41477,10
41478,10
41479,10
41480,10
41481,10
41482,10
41483,10
41484,10
41485,10
41486,10
41487,10
41488,10
41489,10
41490,10
41491,10
41492,10
41493,10
41494,10
41495,10
41496,10
41497,10
41498,10
41499,10
41500,10
41501,10
41502,10
41503,10
41504,10
41505,10
41506,10
41507,10
41508,10
41509,10
41510,10
41511,10
41512,10
41513,10
41514,10
41515,10
41516,10
41517,10
41518,10
41519,10
41520,10
41521,10
41522,10
41523,10
41524,10
41525,10
41526,10
41527,10
41528,10
41529,10
41530,10
41531,10
41532,10
41533,10
41534,10
41535,10
41536,10
41537,10
41538,10
41539,10
41540,10
41541,10
41542,10
41543,10
41544,10
41545,10
41546,10
41547,10
41548,10
41549,10
41550,10
41551,10
41552,10
41553,10
41554,10
41555,10
41556,10
41557,10
41558,10
41559,10
41560,10
41561,10
41562,10
41563,10
41564,10
41565,10
41566,10
41567,10
41568,10
41569,10
41570,10
41571,10
41572,10
41573,10
41574,10
41575,10
41576,10
41577,10
41578,10
41579,10
41580,10
41581,10
41582,10
41583,10
41584,10
41585,10
41586,10
41587,10
41588,10
41589,10
41590,10
41591,10
41592,10
41593,10
41594,10
41595,10
41596,10
41597,10
41598,10
41599,10
41600,10
41601,10
41602,10
41603,10
41604,10
41605,10
41606,10
41607,10
41608,10
41609,10
41610,10
41611,10
41612,10
41613,10
41614,10
41615,10
41616,10
41617,10
41618,10
41619,10
41620,10
41621,10
41622,10
41623,10
41624,10
41625,10
41626,10
41627,10
41628,10
41629,10
41630,10
41631,10
41632,10
41633,10
41634,10
41635,10
41636,10
41637,10
41638,10
41639,10
41640,10
41641,10
41642,10
41643,10
41644,10
41645,10
41646,10
41647,10
41648,10
41649,10
41650,10
41651,10
41652,10
41653,10
41654,10
41655,10
41656,10
41657,10
41658,10
41659,10
41660,10
41661,10
41662,10
41663,10
41664,10
41665,10
41666,10
41667,10
41668,10
41669,10
41670,10
41671,10
41672,10
41673,10
41674,10
41675,10
41676,10
41677,10
41678,10
41679,10
41680,10
41681,10
41682,10
41683,10
41684,10
41685,10
41686,10
41687,10
41688,10
41689,10
41690,10
41691,10
41692,10
41693,10
41694,10
41695,10
41696,10
41697,10
41698,10
41699,10
41700,10
41701,10
41702,10
41703,10
41704,10
41705,10
41706,10
41707,10
41708,10
41709,10
41710,10
41711,10
41712,10
41713,10
41714,10
41715,10
41716,10
41717,10
41718,10
41719,10
41720,10
41721,10
41722,10
41723,10
41724,10
41725,10
41726,10
41727,10
41728,10
41729,10
41730,10
41731,10
41732,10
41733,10
41734,10
41735,10
41736,10
41737,10
41738,10
41739,10
41740,10
41741,10
41742,10
41743,10
41744,10
41745,10
41746,10
41747,10
41748,10
41749,10
41750,10
41751,10
41752,10
41753,10
41754,10
41755,10
41756,10
41757,10
41758,10
41759,10
41760,10
41761,10
41762,10
41763,10
41764,10
41765,10
41766,10
41767,10
41768,10
41769,10
41770,10
41771,10
41772,10
41773,10
41774,10
41775,10
41776,10
41777,10
41778,10
41779,10
41780,10
41781,10
41782,10
41783,10
41784,10
41785,10
41786,10
41787,10
41788,10
41789,10
41790,10
41791,10
41792,10
41793,10
41794,10
41795,10
41796,10
41797,10
41798,10
41799,10
41800,10
41801,10
41802,10
41803,10
41804,10
41805,10
41806,10
41807,10
41808,10
41809,10
41810,10
41811,10
41812,10
41813,10
41814,10
41815,10
41816,10
41817,10
41818,10
41819,10
41820,10
41821,10
41822,10
41823,10
41824,10
41825,10
41826,10
41827,10
41828,10
41829,10
41830,10
41831,10
41832,10
41833,10
41834,10
41835,10
41836,10
41837,10
41838,10
41839,10
41840,10
41841,10
41842,10
41843,10
41844,10
41845,10
41846,10
41847,10
41848,10
41849,10
41850,10
41851,10
41852,10
41853,10
41854,10
41855,10
41856,10
41857,10
41858,10
41859,10
41860,10
41861,10
41862,10
41863,10
41864,10
41865,10
41866,10
41867,10
41868,10
41869,10
41870,10
41871,10
41872,10
41873,10
41874,10
41875,10
41876,10
41877,10
41878,10
41879,10
41880,10
41881,10
41882,10
41883,10
41884,10
41885,10
41886,10
41887,10
41888,10
41889,10
41890,10
41891,10
41892,10
41893,10
41894,10
41895,10
41896,10
41897,10
41898,10
41899,10
41900,10
41901,10
41902,10
41903,10
41904,10
41905,10
41906,10
41907,10
41908,10
41909,10
41910,10
41911,10
41912,10
41913,10
41914,10
41915,10
41916,10
41917,10
41918,10
41919,10
41920,10
41921,10
41922,10
41923,10
41924,10
41925,10
41926,10
41927,10
41928,10
41929,10
41930,10
41931,10
41932,10
41933,10
41934,10
41935,10
41936,10
41937,10
41938,10
41939,10
41940,10
41941,10
41942,10
41943,10
41944,10
41945,10
41946,10
41947,10
41948,10
41949,10
41950,10
41951,10
41952,10
41953,10
41954,10
41955,10
41956,10
41957,10
41958,10
41959,10
41960,10
41961,10
41962,10
41963,10
41964,10
41965,10
41966,10
41967,10
41968,10
41969,10
41970,10
41971,10
41972,10
41973,10
41974,10
41975,10
41976,10
41977,10
41978,10
41979,10
41980,10
41981,10
41982,10
41983,10
41984,10
41985,10
41986,10
41987,10
41988,10
41989,10
41990,10
41991,10
41992,10
41993,10
41994,10
41995,10
41996,10
41997,10
41998,10
41999,10
42000,10
42001,10
42002,10
42003,10
42004,10
42005,10
42006,10
42007,10
42008,10
42009,10
42010,10
42011,10
42012,10
42013,10
42014,10
42015,10
42016,10
42017,10
42018,10
42019,10
42020,10
42021,10
42022,10
42023,10
42024,10
42025,10
42026,10
42027,10
42028,10
42029,10
42030,10
42031,10
42032,10
42033,10
42034,10
42035,10
42036,10
42037,10
42038,10
42039,10
42040,10
42041,10
42042,10
42043,10
42044,10
42045,10
42046,10
42047,10
42048,10
42049,10
42050,10
42051,10
42052,10
42053,10
42054,10
42055,10
42056,10
42057,10
42058,10
42059,10
42060,10
42061,10
42062,10
42063,10
42064,10
42065,10
42066,10
42067,10
42068,10
42069,10
42070,10
42071,10
42072,10
42073,10
42074,10
42075,10
42076,10
42077,10
42078,10
42079,10
42080,10
42081,10
42082,10
42083,10
42084,10
42085,10
42086,10
42087,10
42088,10
42089,10
42090,10
42091,10
42092,10
42093,10
42094,10
42095,10
42096,10
42097,10
42098,10
42099,10
42100,10
42101,10
42102,10
42103,10
42104,10
42105,10
42106,10
42107,10
42108,10
42109,10
42110,10
42111,10
42112,10
42113,10
42114,10
42115,10
42116,10
42117,10
42118,10
42119,10
42120,10
42121,10
42122,10
42123,10
42124,10
42125,10
42126,10
42127,10
42128,10
42129,10
42130,10
42131,10
42132,10
42133,10
42134,10
42135,10
42136,10
42137,10
42138,10
42139,10
42140,10
42141,10
42142,10
42143,10
42144,10
42145,10
42146,10
42147,10
42148,10
42149,10
42150,10
42151,10
42152,10
42153,10
42154,10
42155,10
42156,10
42157,10
42158,10
42159,10
42160,10
42161,10
42162,10
42163,10
42164,10
42165,10
42166,10
42167,10
42168,10
42169,10
42170,10
42171,10
42172,10
42173,10
42174,10
42175,10
42176,10
42177,10
42178,10
42179,10
42180,10
42181,10
42182,10
42183,10
42184,10
42185,10
42186,10
42187,10
42188,10
42189,10
42190,10
42191,10
42192,10
42193,10
42194,10
42195,10
42196,10
42197,10
42198,10
42199,10
42200,10
42201,10
42202,10
42203,10
42204,10
42205,10
42206,10
42207,10
42208,10
42209,10
42210,10
42211,10
42212,10
42213,10
42214,10
42215,10
42216,10
42217,10
42218,10
42219,10
42220,10
42221,10
42222,10
42223,9
42224,9
42225,9
42226,9
42227,9
42228,9
42229,9
42230,9
42231,9
42232,9
42233,9
42234,9
42235,9
42236,9
42237,9
42238,9
42239,9
42240,9
42241,9
42242,9
42243,9
42244,9
42245,9
42246,9
42247,9
42248,9
42249,9
42250,9
42251,9
42252,9
42253,9
42254,9
42255,9
42256,9
42257,9
42258,9
42259,9
42260,9
42261,9
42262,9
42263,9
42264,9
42265,9
42266,9
42267,9
42268,9
42269,9
42270,9
42271,9
42272,9
42273,9
42274,9
42275,9
42276,9
42277,9
42278,9
42279,9
42280,9
42281,9
42282,9
42283,9
42284,9
42285,9
42286,9
42287,9
42288,9
42289,9
42290,9
42291,9
42292,9
42293,9
42294,9
42295,9
42296,9
42297,9
42298,9
42299,9
42300,9
42301,9
42302,9
42303,9
42304,9
42305,9
42306,9
42307,9
42308,9
42309,9
42310,9
42311,9
42312,9
42313,9
42314,9
42315,9
42316,9
42317,9
42318,9
42319,9
42320,9
42321,9
42322,9
42323,9
42324,9
42325,9
42326,9
42327,9
42328,9
42329,9
42330,9
42331,9
42332,9
42333,9
42334,9
42335,9
42336,9
42337,9
42338,9
42339,9
42340,9
42341,9
42342,9
42343,9
42344,9
42345,9
42346,9
42347,9
42348,9
42349,9
42350,9
42351,9
42352,9
42353,9
42354,9
42355,9
42356,9
42357,9
42358,9
42359,9
42360,9
42361,9
42362,9
42363,9
42364,9
42365,9
42366,9
42367,9
42368,9
42369,9
42370,9
42371,9
42372,9
42373,9
42374,9
42375,9
42376,9
42377,9
42378,9
42379,9
42380,9
42381,9
42382,9
42383,9
42384,9
42385,9
42386,9
42387,9
42388,9
42389,9
42390,9
42391,9
42392,9
42393,9
42394,9
42395,9
42396,9
42397,9
42398,9
42399,9
42400,9
42401,9
42402,9
42403,9
42404,9
42405,9
42406,9
42407,9
42408,9
42409,9
42410,9
42411,9
42412,9
42413,9
42414,9
42415,9
42416,9
42417,9
42418,9
42419,9
42420,9
42421,9
42422,9
42423,9
42424,9
42425,9
42426,9
42427,9
42428,9
42429,9
42430,9
42431,9
42432,9
42433,9
42434,9
42435,9
42436,9
42437,9
42438,9
42439,9
42440,9
42441,9
42442,9
42443,9
42444,9
42445,9
42446,9
42447,9
42448,9
42449,9
42450,9
42451,9
42452,9
42453,9
42454,9
42455,9
42456,9
42457,9
42458,9
42459,9
42460,9
42461,9
42462,9
42463,9
42464,9
42465,9
42466,9
42467,9
42468,9
42469,9
42470,9
42471,9
42472,9
42473,9
42474,9
42475,9
42476,9
42477,9
42478,9
42479,9
42480,9
42481,9
42482,9
42483,9
42484,9
42485,9
42486,9
42487,9
42488,9
42489,9
42490,9
42491,9
42492,9
42493,9
42494,9
42495,9
42496,9
42497,9
42498,9
42499,9
42500,9
42501,9
42502,9
42503,9
42504,9
42505,9
42506,9
42507,9
42508,9
42509,9
42510,9
42511,9
42512,9
42513,9
42514,9
42515,9
42516,9
42517,9
42518,9
42519,9
42520,9
42521,9
42522,9
42523,9
42524,9
42525,9
42526,9
42527,9
42528,9
42529,9
42530,9
42531,9
42532,9
42533,9
42534,9
42535,9
42536,9
42537,9
42538,9
42539,9
42540,9
42541,9
42542,9
42543,9
42544,9
42545,9
42546,9
42547,9
42548,9
42549,9
42550,9
42551,9
42552,9
42553,9
42554,9
42555,9
42556,9
42557,9
42558,9
42559,9
42560,9
42561,9
42562,9
42563,9
42564,9
42565,9
42566,9
42567,9
42568,9
42569,9
42570,9
42571,9
42572,9
42573,9
42574,9
42575,9
42576,9
42577,9
42578,9
42579,9
42580,9
42581,9
42582,9
42583,9
42584,9
42585,9
42586,9
42587,9
42588,9
42589,9
42590,9
42591,9
42592,9
42593,9
42594,9
42595,9
42596,9
42597,9
42598,9
42599,9
42600,9
42601,9
42602,9
42603,9
42604,9
42605,9
42606,9
42607,9
42608,9
42609,9
42610,9
42611,9
42612,9
42613,9
42614,9
42615,9
42616,9
42617,9
42618,9
42619,9
42620,9
42621,9
42622,9
42623,9
42624,9
42625,9
42626,9
42627,9
42628,9
42629,9
42630,9
42631,9
42632,9
42633,9
42634,9
42635,9
42636,9
42637,9
42638,9
42639,9
42640,9
42641,9
42642,9
42643,9
42644,9
42645,9
42646,9
42647,9
42648,9
42649,9
42650,9
42651,9
42652,9
42653,9
42654,9
42655,9
42656,9
42657,9
42658,9
42659,9
42660,9
42661,9
42662,9
42663,9
42664,9
42665,9
42666,9
42667,9
42668,9
42669,9
42670,9
42671,9
42672,9
42673,9
42674,9
42675,9
42676,9
42677,9
42678,9
42679,9
42680,9
42681,9
42682,9
42683,9
42684,9
42685,9
42686,9
42687,9
42688,9
42689,9
42690,9
42691,9
42692,9
42693,9
42694,9
42695,9
42696,9
42697,9
42698,9
42699,9
42700,9
42701,9
42702,9
42703,9
42704,9
42705,9
42706,9
42707,9
42708,9
42709,9
42710,9
42711,9
42712,9
42713,9
42714,9
42715,9
42716,9
42717,9
42718,9
42719,9
42720,9
42721,9
42722,9
42723,9
42724,9
42725,9
42726,9
42727,9
42728,9
42729,9
42730,9
42731,9
42732,9
42733,9
42734,9
42735,9
42736,9
42737,9
42738,9
42739,9
42740,9
42741,9
42742,9
42743,9
42744,9
42745,9
42746,9
42747,9
42748,9
42749,9
42750,9
42751,9
42752,9
42753,9
42754,9
42755,9
42756,9
42757,9
42758,9
42759,9
42760,9
42761,9
42762,9
42763,9
42764,9
42765,9
42766,9
42767,9
42768,9
42769,9
42770,9
42771,9
42772,9
42773,9
42774,9
42775,9
42776,9
42777,9
42778,9
42779,9
42780,9
42781,9
42782,9
42783,9
42784,9
42785,9
42786,9
42787,9
42788,9
42789,9
42790,9
42791,9
42792,9
42793,9
42794,9
42795,9
42796,9
42797,9
42798,9
42799,9
42800,9
42801,9
42802,9
42803,9
42804,9
42805,9
42806,9
42807,9
42808,9
42809,9
42810,9
42811,9
42812,9
42813,9
42814,9
42815,9
42816,9
42817,9
42818,9
42819,9
42820,9
42821,9
42822,9
42823,9
42824,9
42825,9
42826,9
42827,9
42828,9
42829,9
42830,9
42831,9
42832,9
42833,9
42834,9
42835,9
42836,9
42837,9
42838,9
42839,9
42840,9
42841,9
42842,9
42843,9
42844,9
42845,9
42846,9
42847,9
42848,9
42849,9
42850,9
42851,9
42852,9
42853,9
42854,9
42855,9
42856,9
42857,9
42858,9
42859,9
42860,9
42861,9
42862,9
42863,9
42864,9
42865,9
42866,9
42867,9
42868,9
42869,9
42870,9
42871,9
42872,9
42873,9
42874,9
42875,9
42876,9
42877,9
42878,9
42879,9
42880,9
42881,9
42882,9
42883,9
42884,9
42885,9
42886,9
42887,9
42888,9
42889,9
42890,9
42891,9
42892,9
42893,9
42894,9
42895,9
42896,9
42897,9
42898,9
42899,9
42900,9
42901,9
42902,9
42903,9
42904,9
42905,9
42906,9
42907,9
42908,9
42909,9
42910,9
42911,9
42912,9
42913,9
42914,9
42915,9
42916,9
42917,9
42918,9
42919,9
42920,9
42921,9
42922,9
42923,9
42924,9
42925,9
42926,9
42927,9
42928,9
42929,9
42930,9
42931,9
42932,9
42933,9
42934,9
42935,9
42936,9
42937,9
42938,9
42939,9
42940,9
42941,9
42942,9
42943,9
42944,9
42945,9
42946,9
42947,9
42948,9
42949,9
42950,9
42951,9
42952,9
42953,9
42954,9
42955,9
42956,9
42957,9
42958,9
42959,9
42960,9
42961,9
42962,9
42963,9
42964,9
42965,9
42966,9
42967,9
42968,9
42969,9
42970,9
42971,9
42972,9
42973,9
42974,9
42975,9
42976,9
42977,9
42978,9
42979,9
42980,9
42981,9
42982,9
42983,9
42984,9
42985,9
42986,9
42987,9
42988,9
42989,9
42990,9
42991,9
42992,9
42993,9
42994,9
42995,9
42996,9
42997,9
42998,9
42999,9
43000,9
43001,9
43002,9
43003,9
43004,9
43005,9
43006,9
43007,9
43008,9
43009,9
43010,9
43011,9
43012,9
43013,9
43014,9
43015,9
43016,9
43017,9
43018,9
43019,9
43020,9
43021,9
43022,9
43023,9
43024,9
43025,9
43026,9
43027,9
43028,9
43029,9
43030,9
43031,9
43032,9
43033,9
43034,9
43035,9
43036,9
43037,9
43038,9
43039,9
43040,9
43041,9
43042,9
43043,9
43044,9
43045,9
43046,9
43047,9
43048,9
43049,9
43050,9
43051,9
43052,9
43053,9
43054,9
43055,9
43056,9
43057,9
43058,9
43059,9
43060,9
43061,9
43062,9
43063,9
43064,9
43065,9
43066,9
43067,9
43068,9
43069,9
43070,9
43071,9
43072,9
43073,9
43074,9
43075,9
43076,9
43077,9
43078,9
43079,9
43080,9
43081,9
43082,9
43083,9
43084,9
43085,9
43086,9
43087,9
43088,9
43089,9
43090,9
43091,9
43092,9
43093,9
43094,9
43095,9
43096,9
43097,9
43098,9
43099,9
43100,9
43101,9
43102,9
43103,9
43104,9
43105,9
43106,9
43107,9
43108,9
43109,9
43110,9
43111,9
43112,9
43113,9
43114,9
43115,9
43116,9
43117,9
43118,9
43119,9
43120,9
43121,9
43122,9
43123,9
43124,9
43125,9
43126,9
43127,9
43128,9
43129,9
43130,9
43131,9
43132,9
43133,9
43134,9
43135,9
43136,9
43137,9
43138,9
43139,9
43140,9
43141,9
43142,9
43143,9
43144,9
43145,9
43146,9
43147,9
43148,9
43149,9
43150,9
43151,9
43152,9
43153,9
43154,9
43155,9
43156,9
43157,9
43158,9
43159,9
43160,9
43161,9
43162,9
43163,9
43164,9
43165,9
43166,9
43167,9
43168,9
43169,9
43170,9
43171,9
43172,9
43173,9
43174,9
43175,9
43176,9
43177,9
43178,9
43179,9
43180,9
43181,9
43182,9
43183,9
43184,9
43185,9
43186,9
43187,9
43188,9
43189,9
43190,9
43191,9
43192,9
43193,9
43194,9
43195,9
43196,9
43197,9
43198,9
43199,9
43200,9
43201,9
43202,9
43203,9
43204,9
43205,9
43206,9
43207,9
43208,9
43209,9
43210,9
43211,9
43212,9
43213,9
43214,9
43215,9
43216,9
43217,9
43218,9
43219,9
43220,9
43221,9
43222,9
43223,9
43224,9
43225,9
43226,9
43227,9
43228,9
43229,9
43230,9
43231,9
43232,9
43233,9
43234,9
43235,9
43236,9
43237,9
43238,9
43239,9
43240,9
43241,9
43242,9
43243,9
43244,9
43245,9
43246,9
43247,9
43248,9
43249,9
43250,9
43251,9
43252,9
43253,9
43254,9
43255,9
43256,9
43257,9
43258,9
43259,9
43260,9
43261,9
43262,9
43263,9
43264,9
43265,9
43266,9
43267,9
43268,9
43269,9
43270,9
43271,9
43272,9
43273,9
43274,9
43275,9
43276,9
43277,9
43278,9
43279,9
43280,9
43281,9
43282,9
43283,9
43284,9
43285,9
43286,9
43287,9
43288,9
43289,9
43290,9
43291,9
43292,9
43293,9
43294,9
43295,9
43296,9
43297,9
43298,9
43299,9
43300,9
43301,9
43302,9
43303,9
43304,9
43305,9
43306,9
43307,9
43308,9
43309,9
43310,9
43311,9
43312,9
43313,9
43314,9
43315,9
43316,9
43317,9
43318,9
43319,9
43320,9
43321,9
43322,9
43323,9
43324,9
43325,9
43326,9
43327,9
43328,9
43329,9
43330,9
43331,9
43332,9
43333,9
43334,9
43335,9
43336,9
43337,9
43338,9
43339,9
43340,9
43341,9
43342,9
43343,9
43344,9
43345,9
43346,9
43347,9
43348,9
43349,9
43350,9
43351,9
43352,9
43353,9
43354,9
43355,9
43356,9
43357,9
43358,9
43359,9
43360,9
43361,9
43362,9
43363,9
43364,9
43365,9
43366,9
43367,9
43368,9
43369,9
43370,9
43371,9
43372,9
43373,9
43374,9
43375,9
43376,9
43377,9
43378,9
43379,9
43380,9
43381,9
43382,9
43383,9
43384,9
43385,9
43386,9
43387,9
43388,9
43389,9
43390,9
43391,9
43392,9
43393,9
43394,9
43395,9
43396,9
43397,9
43398,9
43399,9
43400,9
43401,9
43402,9
43403,9
43404,9
43405,9
43406,9
43407,9
43408,9
43409,9
43410,9
43411,9
43412,9
43413,9
43414,9
43415,9
43416,9
43417,9
43418,9
43419,9
43420,9
43421,9
43422,9
43423,9
43424,9
43425,9
43426,9
43427,9
43428,9
43429,9
43430,9
43431,9
43432,9
43433,9
43434,9
43435,9
43436,9
43437,9
43438,9
43439,9
43440,9
43441,9
43442,9
43443,9
43444,9
43445,9
43446,9
43447,9
43448,9
43449,9
43450,9
43451,9
43452,9
43453,9
43454,9
43455,9
43456,9
43457,9
43458,9
43459,9
43460,9
43461,9
43462,9
43463,9
43464,9
43465,9
43466,9
43467,9
43468,9
43469,9
43470,9
43471,9
43472,9
43473,9
43474,9
43475,9
43476,9
43477,9
43478,9
43479,9
43480,9
43481,9
43482,9
43483,9
43484,9
43485,9
43486,9
43487,9
43488,9
43489,9
43490,9
43491,9
43492,9
43493,9
43494,9
43495,9
43496,9
43497,9
43498,9
43499,9
43500,9
43501,9
43502,9
43503,9
43504,9
43505,9
43506,9
43507,9
43508,9
43509,9
43510,9
43511,9
43512,9
43513,9
43514,9
43515,9
43516,9
43517,9
43518,9
43519,9
43520,9
43521,9
43522,9
43523,9
43524,9
43525,9
43526,9
43527,9
43528,9
43529,9
43530,9
43531,9
43532,9
43533,9
43534,9
43535,9
43536,9
43537,9
43538,9
43539,9
43540,9
43541,9
43542,9
43543,9
43544,9
43545,9
43546,9
43547,9
43548,9
43549,9
43550,9
43551,9
43552,9
43553,9
43554,9
43555,9
43556,9
43557,9
43558,9
43559,9
43560,9
43561,9
43562,9
43563,9
43564,9
43565,9
43566,9
43567,9
43568,9
43569,9
43570,9
43571,9
43572,9
43573,9
43574,9
43575,9
43576,9
43577,9
43578,9
43579,9
43580,9
43581,9
43582,9
43583,9
43584,9
43585,9
43586,9
43587,9
43588,9
43589,9
43590,9
43591,9
43592,9
43593,9
43594,9
43595,9
43596,9
43597,9
43598,9
43599,9
43600,9
43601,9
43602,9
43603,9
43604,9
43605,9
43606,9
43607,9
43608,9
43609,9
43610,9
43611,9
43612,9
43613,9
43614,9
43615,9
43616,9
43617,9
43618,9
43619,9
43620,9
43621,9
43622,9
43623,9
43624,9
43625,9
43626,9
43627,9
43628,9
43629,9
43630,9
43631,9
43632,9
43633,9
43634,9
43635,9
43636,9
43637,9
43638,9
43639,9
43640,9
43641,9
43642,9
43643,9
43644,9
43645,9
43646,9
43647,9
43648,9
43649,9
43650,9
43651,9
43652,9
43653,9
43654,9
43655,9
43656,9
43657,9
43658,9
43659,9
43660,9
43661,9
43662,9
43663,9
43664,9
43665,9
43666,9
43667,9
43668,9
43669,9
43670,9
43671,9
43672,9
43673,9
43674,9
43675,9
43676,9
43677,9
43678,9
43679,9
43680,9
43681,9
43682,9
43683,9
43684,9
43685,9
43686,9
43687,9
43688,9
43689,9
43690,9
43691,9
43692,9
43693,9
43694,9
43695,9
43696,9
43697,9
43698,9
43699,9
43700,9
43701,9
43702,9
43703,9
43704,9
43705,9
43706,9
43707,9
43708,9
43709,9
43710,9
43711,9
43712,9
43713,9
43714,9
43715,9
43716,9
43717,9
43718,9
43719,9
43720,9
43721,9
43722,9
43723,9
43724,9
43725,9
43726,9
43727,9
43728,9
43729,9
43730,9
43731,9
43732,9
43733,9
43734,9
43735,9
43736,9
43737,9
43738,9
43739,9
43740,9
43741,9
43742,9
43743,9
43744,9
43745,9
43746,9
43747,9
43748,9
43749,9
43750,9
43751,9
43752,9
43753,9
43754,9
43755,9
43756,9
43757,9
43758,9
43759,9
43760,9
43761,9
43762,9
43763,9
43764,9
43765,9
43766,9
43767,9
43768,9
43769,9
43770,9
43771,9
43772,9
43773,9
43774,9
43775,9
43776,9
43777,9
43778,9
43779,9
43780,9
43781,9
43782,9
43783,9
43784,9
43785,9
43786,9
43787,9
43788,9
43789,9
43790,9
43791,9
43792,9
43793,9
43794,9
43795,9
43796,9
43797,9
43798,9
43799,9
43800,9
43801,9
43802,9
43803,9
43804,9
43805,9
43806,9
43807,9
43808,9
43809,9
43810,9
43811,9
43812,9
43813,9
43814,9
43815,9
43816,9
43817,9
43818,9
43819,9
43820,9
43821,9
43822,9
43823,9
43824,9
43825,9
43826,9
43827,9
43828,9
43829,9
43830,9
43831,9
43832,9
43833,9
43834,9
43835,9
43836,9
43837,9
43838,9
43839,9
43840,9
43841,9
43842,9
43843,9
43844,9
43845,9
43846,9
43847,9
43848,9
43849,9
43850,9
43851,9
43852,9
43853,9
43854,9
43855,9
43856,9
43857,9
43858,9
43859,9
43860,9
43861,9
43862,9
43863,9
43864,9
43865,9
43866,9
43867,9
43868,9
43869,9
43870,9
43871,9
43872,9
43873,9
43874,9
43875,9
43876,9
43877,9
43878,9
43879,9
43880,9
43881,9
43882,9
43883,9
43884,9
43885,9
43886,9
43887,9
43888,9
43889,9
43890,9
43891,9
43892,9
43893,9
43894,9
43895,9
43896,9
43897,9
43898,9
43899,9
43900,9
43901,9
43902,9
43903,9
43904,9
43905,9
43906,9
43907,8
43908,8
43909,8
43910,8
43911,8
43912,8
43913,8
43914,8
43915,8
43916,8
43917,8
43918,8
43919,8
43920,8
43921,8
43922,8
43923,8
43924,8
43925,8
43926,8
43927,8
43928,8
43929,8
43930,8
43931,8
43932,8
43933,8
43934,8
43935,8
43936,8
43937,8
43938,8
43939,8
43940,8
43941,8
43942,8
43943,8
43944,8
43945,8
43946,8
43947,8
43948,8
43949,8
43950,8
43951,8
43952,8
43953,8
43954,8
43955,8
43956,8
43957,8
43958,8
43959,8
43960,8
43961,8
43962,8
43963,8
43964,8
43965,8
43966,8
43967,8
43968,8
43969,8
43970,8
43971,8
43972,8
43973,8
43974,8
43975,8
43976,8
43977,8
43978,8
43979,8
43980,8
43981,8
43982,8
43983,8
43984,8
43985,8
43986,8
43987,8
43988,8
43989,8
43990,8
43991,8
43992,8
43993,8
43994,8
43995,8
43996,8
43997,8
43998,8
43999,8
44000,8
44001,8
44002,8
44003,8
44004,8
44005,8
44006,8
44007,8
44008,8
44009,8
44010,8
44011,8
44012,8
44013,8
44014,8
44015,8
44016,8
44017,8
44018,8
44019,8
44020,8
44021,8
44022,8
44023,8
44024,8
44025,8
44026,8
44027,8
44028,8
44029,8
44030,8
44031,8
44032,8
44033,8
44034,8
44035,8
44036,8
44037,8
44038,8
44039,8
44040,8
44041,8
44042,8
44043,8
44044,8
44045,8
44046,8
44047,8
44048,8
44049,8
44050,8
44051,8
44052,8
44053,8
44054,8
44055,8
44056,8
44057,8
44058,8
44059,8
44060,8
44061,8
44062,8
44063,8
44064,8
44065,8
44066,8
44067,8
44068,8
44069,8
44070,8
44071,8
44072,8
44073,8
44074,8
44075,8
44076,8
44077,8
44078,8
44079,8
44080,8
44081,8
44082,8
44083,8
44084,8
44085,8
44086,8
44087,8
44088,8
44089,8
44090,8
44091,8
44092,8
44093,8
44094,8
44095,8
44096,8
44097,8
44098,8
44099,8
44100,8
44101,8
44102,8
44103,8
44104,8
44105,8
44106,8
44107,8
44108,8
44109,8
44110,8
44111,8
44112,8
44113,8
44114,8
44115,8
44116,8
44117,8
44118,8
44119,8
44120,8
44121,8
44122,8
44123,8
44124,8
44125,8
44126,8
44127,8
44128,8
44129,8
44130,8
44131,8
44132,8
44133,8
44134,8
44135,8
44136,8
44137,8
44138,8
44139,8
44140,8
44141,8
44142,8
44143,8
44144,8
44145,8
44146,8
44147,8
44148,8
44149,8
44150,8
44151,8
44152,8
44153,8
44154,8
44155,8
44156,8
44157,8
44158,8
44159,8
44160,8
44161,8
44162,8
44163,8
44164,8
44165,8
44166,8
44167,8
44168,8
44169,8
44170,8
44171,8
44172,8
44173,8
44174,8
44175,8
44176,8
44177,8
44178,8
44179,8
44180,8
44181,8
44182,8
44183,8
44184,8
44185,8
44186,8
44187,8
44188,8
44189,8
44190,8
44191,8
44192,8
44193,8
44194,8
44195,8
44196,8
44197,8
44198,8
44199,8
44200,8
44201,8
44202,8
44203,8
44204,8
44205,8
44206,8
44207,8
44208,8
44209,8
44210,8
44211,8
44212,8
44213,8
44214,8
44215,8
44216,8
44217,8
44218,8
44219,8
44220,8
44221,8
44222,8
44223,8
44224,8
44225,8
44226,8
44227,8
44228,8
44229,8
44230,8
44231,8
44232,8
44233,8
44234,8
44235,8
44236,8
44237,8
44238,8
44239,8
44240,8
44241,8
44242,8
44243,8
44244,8
44245,8
44246,8
44247,8
44248,8
44249,8
44250,8
44251,8
44252,8
44253,8
44254,8
44255,8
44256,8
44257,8
44258,8
44259,8
44260,8
44261,8
44262,8
44263,8
44264,8
44265,8
44266,8
44267,8
44268,8
44269,8
44270,8
44271,8
44272,8
44273,8
44274,8
44275,8
44276,8
44277,8
44278,8
44279,8
44280,8
44281,8
44282,8
44283,8
44284,8
44285,8
44286,8
44287,8
44288,8
44289,8
44290,8
44291,8
44292,8
44293,8
44294,8
44295,8
44296,8
44297,8
44298,8
44299,8
44300,8
44301,8
44302,8
44303,8
44304,8
44305,8
44306,8
44307,8
44308,8
44309,8
44310,8
44311,8
44312,8
44313,8
44314,8
44315,8
44316,8
44317,8
44318,8
44319,8
44320,8
44321,8
44322,8
44323,8
44324,8
44325,8
44326,8
44327,8
44328,8
44329,8
44330,8
44331,8
44332,8
44333,8
44334,8
44335,8
44336,8
44337,8
44338,8
44339,8
44340,8
44341,8
44342,8
44343,8
44344,8
44345,8
44346,8
44347,8
44348,8
44349,8
44350,8
44351,8
44352,8
44353,8
44354,8
44355,8
44356,8
44357,8
44358,8
44359,8
44360,8
44361,8
44362,8
44363,8
44364,8
44365,8
44366,8
44367,8
44368,8
44369,8
44370,8
44371,8
44372,8
44373,8
44374,8
44375,8
44376,8
44377,8
44378,8
44379,8
44380,8
44381,8
44382,8
44383,8
44384,8
44385,8
44386,8
44387,8
44388,8
44389,8
44390,8
44391,8
44392,8
44393,8
44394,8
44395,8
44396,8
44397,8
44398,8
44399,8
44400,8
44401,8
44402,8
44403,8
44404,8
44405,8
44406,8
44407,8
44408,8
44409,8
44410,8
44411,8
44412,8
44413,8
44414,8
44415,8
44416,8
44417,8
44418,8
44419,8
44420,8
44421,8
44422,8
44423,8
44424,8
44425,8
44426,8
44427,8
44428,8
44429,8
44430,8
44431,8
44432,8
44433,8
44434,8
44435,8
44436,8
44437,8
44438,8
44439,8
44440,8
44441,8
44442,8
44443,8
44444,8
44445,8
44446,8
44447,8
44448,8
44449,8
44450,8
44451,8
44452,8
44453,8
44454,8
44455,8
44456,8
44457,8
44458,8
44459,8
44460,8
44461,8
44462,8
44463,8
44464,8
44465,8
44466,8
44467,8
44468,8
44469,8
44470,8
44471,8
44472,8
44473,8
44474,8
44475,8
44476,8
44477,8
44478,8
44479,8
44480,8
44481,8
44482,8
44483,8
44484,8
44485,8
44486,8
44487,8
44488,8
44489,8
44490,8
44491,8
44492,8
44493,8
44494,8
44495,8
44496,8
44497,8
44498,8
44499,8
44500,8
44501,8
44502,8
44503,8
44504,8
44505,8
44506,8
44507,8
44508,8
44509,8
44510,8
44511,8
44512,8
44513,8
44514,8
44515,8
44516,8
44517,8
44518,8
44519,8
44520,8
44521,8
44522,8
44523,8
44524,8
44525,8
44526,8
44527,8
44528,8
44529,8
44530,8
44531,8
44532,8
44533,8
44534,8
44535,8
44536,8
44537,8
44538,8
44539,8
44540,8
44541,8
44542,8
44543,8
44544,8
44545,8
44546,8
44547,8
44548,8
44549,8
44550,8
44551,8
44552,8
44553,8
44554,8
44555,8
44556,8
44557,8
44558,8
44559,8
44560,8
44561,8
44562,8
44563,8
44564,8
44565,8
44566,8
44567,8
44568,8
44569,8
44570,8
44571,8
44572,8
44573,8
44574,8
44575,8
44576,8
44577,8
44578,8
44579,8
44580,8
44581,8
44582,8
44583,8
44584,8
44585,8
44586,8
44587,8
44588,8
44589,8
44590,8
44591,8
44592,8
44593,8
44594,8
44595,8
44596,8
44597,8
44598,8
44599,8
44600,8
44601,8
44602,8
44603,8
44604,8
44605,8
44606,8
44607,8
44608,8
44609,8
44610,8
44611,8
44612,8
44613,8
44614,8
44615,8
44616,8
44617,8
44618,8
44619,8
44620,8
44621,8
44622,8
44623,8
44624,8
44625,8
44626,8
44627,8
44628,8
44629,8
44630,8
44631,8
44632,8
44633,8
44634,8
44635,8
44636,8
44637,8
44638,8
44639,8
44640,8
44641,8
44642,8
44643,8
44644,8
44645,8
44646,8
44647,8
44648,8
44649,8
44650,8
44651,8
44652,8
44653,8
44654,8
44655,8
44656,8
44657,8
44658,8
44659,8
44660,8
44661,8
44662,8
44663,8
44664,8
44665,8
44666,8
44667,8
44668,8
44669,8
44670,8
44671,8
44672,8
44673,8
44674,8
44675,8
44676,8
44677,8
44678,8
44679,8
44680,8
44681,8
44682,8
44683,8
44684,8
44685,8
44686,8
44687,8
44688,8
44689,8
44690,8
44691,8
44692,8
44693,8
44694,8
44695,8
44696,8
44697,8
44698,8
44699,8
44700,8
44701,8
44702,8
44703,8
44704,8
44705,8
44706,8
44707,8
44708,8
44709,8
44710,8
44711,8
44712,8
44713,8
44714,8
44715,8
44716,8
44717,8
44718,8
44719,8
44720,8
44721,8
44722,8
44723,8
44724,8
44725,8
44726,8
44727,8
44728,8
44729,8
44730,8
44731,8
44732,8
44733,8
44734,8
44735,8
44736,8
44737,8
44738,8
44739,8
44740,8
44741,8
44742,8
44743,8
44744,8
44745,8
44746,8
44747,8
44748,8
44749,8
44750,8
44751,8
44752,8
44753,8
44754,8
44755,8
44756,8
44757,8
44758,8
44759,8
44760,8
44761,8
44762,8
44763,8
44764,8
44765,8
44766,8
44767,8
44768,8
44769,8
44770,8
44771,8
44772,8
44773,8
44774,8
44775,8
44776,8
44777,8
44778,8
44779,8
44780,8
44781,8
44782,8
44783,8
44784,8
44785,8
44786,8
44787,8
44788,8
44789,8
44790,8
44791,8
44792,8
44793,8
44794,8
44795,8
44796,8
44797,8
44798,8
44799,8
44800,8
44801,8
44802,8
44803,8
44804,8
44805,8
44806,8
44807,8
44808,8
44809,8
44810,8
44811,8
44812,8
44813,8
44814,8
44815,8
44816,8
44817,8
44818,8
44819,8
44820,8
44821,8
44822,8
44823,8
44824,8
44825,8
44826,8
44827,8
44828,8
44829,8
44830,8
44831,8
44832,8
44833,8
44834,8
44835,8
44836,8
44837,8
44838,8
44839,8
44840,8
44841,8
44842,8
44843,8
44844,8
44845,8
44846,8
44847,8
44848,8
44849,8
44850,8
44851,8
44852,8
44853,8
44854,8
44855,8
44856,8
44857,8
44858,8
44859,8
44860,8
44861,8
44862,8
44863,8
44864,8
44865,8
44866,8
44867,8
44868,8
44869,8
44870,8
44871,8
44872,8
44873,8
44874,8
44875,8
44876,8
44877,8
44878,8
44879,8
44880,8
44881,8
44882,8
44883,8
44884,8
44885,8
44886,8
44887,8
44888,8
44889,8
44890,8
44891,8
44892,8
44893,8
44894,8
44895,8
44896,8
44897,8
44898,8
44899,8
44900,8
44901,8
44902,8
44903,8
44904,8
44905,8
44906,8
44907,8
44908,8
44909,8
44910,8
44911,8
44912,8
44913,8
44914,8
44915,8
44916,8
44917,8
44918,8
44919,8
44920,8
44921,8
44922,8
44923,8
44924,8
44925,8
44926,8
44927,8
44928,8
44929,8
44930,8
44931,8
44932,8
44933,8
44934,8
44935,8
44936,8
44937,8
44938,8
44939,8
44940,8
44941,8
44942,8
44943,8
44944,8
44945,8
44946,8
44947,8
44948,8
44949,8
44950,8
44951,8
44952,8
44953,8
44954,8
44955,8
44956,8
44957,8
44958,8
44959,8
44960,8
44961,8
44962,8
44963,8
44964,8
44965,8
44966,8
44967,8
44968,8
44969,8
44970,8
44971,8
44972,8
44973,8
44974,8
44975,8
44976,8
44977,8
44978,8
44979,8
44980,8
44981,8
44982,8
44983,8
44984,8
44985,8
44986,8
44987,8
44988,8
44989,8
44990,8
44991,8
44992,8
44993,8
44994,8
44995,8
44996,8
44997,8
44998,8
44999,8
45000,8
45001,8
45002,8
45003,8
45004,8
45005,8
45006,8
45007,8
45008,8
45009,8
45010,8
45011,8
45012,8
45013,8
45014,8
45015,8
45016,8
45017,8
45018,8
45019,8
45020,8
45021,8
45022,8
45023,8
45024,8
45025,8
45026,8
45027,8
45028,8
45029,8
45030,8
45031,8
45032,8
45033,8
45034,8
45035,8
45036,8
45037,8
45038,8
45039,8
45040,8
45041,8
45042,8
45043,8
45044,8
45045,8
45046,8
45047,8
45048,8
45049,8
45050,8
45051,8
45052,8
45053,8
45054,8
45055,8
45056,8
45057,8
45058,8
45059,8
45060,8
45061,8
45062,8
45063,8
45064,8
45065,8
45066,8
45067,8
45068,8
45069,8
45070,8
45071,8
45072,8
45073,8
45074,8
45075,8
45076,8
45077,8
45078,8
45079,8
45080,8
45081,8
45082,8
45083,8
45084,8
45085,8
45086,8
45087,8
45088,8
45089,8
45090,8
45091,8
45092,8
45093,8
45094,8
45095,8
45096,8
45097,8
45098,8
45099,8
45100,8
45101,8
45102,8
45103,8
45104,8
45105,8
45106,8
45107,8
45108,8
45109,8
45110,8
45111,8
45112,8
45113,8
45114,8
45115,8
45116,8
45117,8
45118,8
45119,8
45120,8
45121,8
45122,8
45123,8
45124,8
45125,8
45126,8
45127,8
45128,8
45129,8
45130,8
45131,8
45132,8
45133,8
45134,8
45135,8
45136,8
45137,8
45138,8
45139,8
45140,8
45141,8
45142,8
45143,8
45144,8
45145,8
45146,8
45147,8
45148,8
45149,8
45150,8
45151,8
45152,8
45153,8
45154,8
45155,8
45156,8
45157,8
45158,8
45159,8
45160,8
45161,8
45162,8
45163,8
45164,8
45165,8
45166,8
45167,8
45168,8
45169,8
45170,8
45171,8
45172,8
45173,8
45174,8
45175,8
45176,8
45177,8
45178,8
45179,8
45180,8
45181,8
45182,8
45183,8
45184,8
45185,8
45186,8
45187,8
45188,8
45189,8
45190,8
45191,8
45192,8
45193,8
45194,8
45195,8
45196,8
45197,8
45198,8
45199,8
45200,8
45201,8
45202,8
45203,8
45204,8
45205,8
45206,8
45207,8
45208,8
45209,8
45210,8
45211,8
45212,8
45213,8
45214,8
45215,8
45216,8
45217,8
45218,8
45219,8
45220,8
45221,8
45222,8
45223,8
45224,8
45225,8
45226,8
45227,8
45228,8
45229,8
45230,8
45231,8
45232,8
45233,8
45234,8
45235,8
45236,8
45237,8
45238,8
45239,8
45240,8
45241,8
45242,8
45243,8
45244,8
45245,8
45246,8
45247,8
45248,8
45249,8
45250,8
45251,8
45252,8
45253,8
45254,8
45255,8
45256,8
45257,8
45258,8
45259,8
45260,8
45261,8
45262,8
45263,8
45264,8
45265,8
45266,8
45267,8
45268,8
45269,8
45270,8
45271,8
45272,8
45273,8
45274,8
45275,8
45276,8
45277,8
45278,8
45279,8
45280,8
45281,8
45282,8
45283,8
45284,8
45285,8
45286,8
45287,8
45288,8
45289,8
45290,8
45291,8
45292,8
45293,8
45294,8
45295,8
45296,8
45297,8
45298,8
45299,8
45300,8
45301,8
45302,8
45303,8
45304,8
45305,8
45306,8
45307,8
45308,8
45309,8
45310,8
45311,8
45312,8
45313,8
45314,8
45315,8
45316,8
45317,8
45318,8
45319,8
45320,8
45321,8
45322,8
45323,8
45324,8
45325,8
45326,8
45327,8
45328,8
45329,8
45330,8
45331,8
45332,8
45333,8
45334,8
45335,8
45336,8
45337,8
45338,8
45339,8
45340,8
45341,8
45342,8
45343,8
45344,8
45345,8
45346,8
45347,8
45348,8
45349,8
45350,8
45351,8
45352,8
45353,8
45354,8
45355,8
45356,8
45357,8
45358,8
45359,8
45360,8
45361,8
45362,8
45363,8
45364,8
45365,8
45366,8
45367,8
45368,8
45369,8
45370,8
45371,8
45372,8
45373,8
45374,8
45375,8
45376,8
45377,8
45378,8
45379,8
45380,8
45381,8
45382,8
45383,8
45384,8
45385,8
45386,8
45387,8
45388,8
45389,8
45390,8
45391,8
45392,8
45393,8
45394,8
45395,8
45396,8
45397,8
45398,8
45399,8
45400,8
45401,8
45402,8
45403,8
45404,8
45405,8
45406,8
45407,8
45408,8
45409,8
45410,8
45411,8
45412,8
45413,8
45414,8
45415,8
45416,8
45417,8
45418,8
45419,8
45420,8
45421,8
45422,8
45423,8
45424,8
45425,8
45426,8
45427,8
45428,8
45429,8
45430,8
45431,8
45432,8
45433,8
45434,8
45435,8
45436,8
45437,8
45438,8
45439,8
45440,8
45441,8
45442,8
45443,8
45444,8
45445,8
45446,8
45447,8
45448,8
45449,8
45450,8
45451,8
45452,8
45453,8
45454,8
45455,8
45456,8
45457,8
45458,8
45459,8
45460,8
45461,8
45462,8
45463,8
45464,8
45465,8
45466,8
45467,8
45468,8
45469,8
45470,8
45471,8
45472,8
45473,8
45474,8
45475,8
45476,8
45477,8
45478,8
45479,8
45480,8
45481,8
45482,8
45483,8
45484,8
45485,8
45486,8
45487,8
45488,8
45489,8
45490,8
45491,8
45492,8
45493,8
45494,8
45495,8
45496,8
45497,8
45498,8
45499,8
45500,8
45501,8
45502,8
45503,8
45504,8
45505,8
45506,8
45507,8
45508,8
45509,8
45510,8
45511,8
45512,8
45513,8
45514,8
45515,8
45516,8
45517,8
45518,8
45519,8
45520,8
45521,8
45522,8
45523,8
45524,8
45525,8
45526,8
45527,8
45528,8
45529,8
45530,8
45531,8
45532,8
45533,8
45534,8
45535,8
45536,8
45537,8
45538,8
45539,8
45540,8
45541,8
45542,8
45543,8
45544,8
45545,8
45546,8
45547,8
45548,8
45549,8
45550,8
45551,8
45552,8
45553,8
45554,8
45555,8
45556,8
45557,8
45558,8
45559,8
45560,8
45561,8
45562,8
45563,8
45564,8
45565,8
45566,8
45567,8
45568,8
45569,8
45570,8
45571,8
45572,8
45573,8
45574,8
45575,8
45576,8
45577,8
45578,8
45579,8
45580,8
45581,8
45582,8
45583,8
45584,8
45585,8
45586,8
45587,8
45588,8
45589,8
45590,8
45591,8
45592,8
45593,8
45594,8
45595,8
45596,8
45597,8
45598,8
45599,8
45600,8
45601,8
45602,8
45603,8
45604,8
45605,8
45606,8
45607,8
45608,8
45609,8
45610,8
45611,8
45612,8
45613,8
45614,8
45615,8
45616,8
45617,8
45618,8
45619,8
45620,8
45621,8
45622,8
45623,8
45624,8
45625,8
45626,8
45627,8
45628,8
45629,8
45630,8
45631,8
45632,8
45633,8
45634,8
45635,8
45636,8
45637,8
45638,8
45639,8
45640,8
45641,8
45642,8
45643,8
45644,8
45645,8
45646,8
45647,8
45648,8
45649,8
45650,8
45651,8
45652,8
45653,8
45654,8
45655,8
45656,8
45657,8
45658,8
45659,8
45660,8
45661,8
45662,8
45663,8
45664,8
45665,8
45666,8
45667,8
45668,8
45669,8
45670,8
45671,8
45672,8
45673,8
45674,8
45675,8
45676,8
45677,8
45678,8
45679,8
45680,8
45681,8
45682,8
45683,8
45684,8
45685,8
45686,8
45687,8
45688,8
45689,8
45690,8
45691,8
45692,8
45693,8
45694,8
45695,8
45696,8
45697,8
45698,8
45699,8
45700,8
45701,8
45702,8
45703,8
45704,8
45705,8
45706,8
45707,8
45708,8
45709,8
45710,8
45711,8
45712,8
45713,8
45714,8
45715,8
45716,8
45717,8
45718,8
45719,8
45720,8
45721,8
45722,8
45723,8
45724,8
45725,8
45726,8
45727,8
45728,8
45729,8
45730,8
45731,8
45732,8
45733,8
45734,8
45735,8
45736,8
45737,8
45738,8
45739,8
45740,8
45741,8
45742,8
45743,8
45744,8
45745,8
45746,8
45747,8
45748,8
45749,8
45750,8
45751,8
45752,8
45753,8
45754,8
45755,8
45756,8
45757,8
45758,8
45759,8
45760,8
45761,8
45762,8
45763,8
45764,8
45765,8
45766,8
45767,8
45768,8
45769,8
45770,8
45771,8
45772,8
45773,8
45774,8
45775,8
45776,8
45777,8
45778,8
45779,8
45780,8
45781,8
45782,8
45783,8
45784,8
45785,8
45786,8
45787,8
45788,8
45789,8
45790,8
45791,8
45792,8
45793,8
45794,8
45795,8
45796,8
45797,8
45798,8
45799,8
45800,8
45801,8
45802,8
45803,8
45804,8
45805,8
45806,8
45807,8
45808,8
45809,8
45810,8
45811,8
45812,8
45813,8
45814,8
45815,8
45816,8
45817,8
45818,8
45819,8
45820,8
45821,8
45822,8
45823,8
45824,8
45825,8
45826,8
45827,8
45828,8
45829,8
45830,8
45831,8
45832,8
45833,8
45834,8
45835,8
45836,8
45837,8
45838,8
45839,8
45840,8
45841,8
45842,8
45843,8
45844,8
45845,8
45846,8
45847,8
45848,8
45849,8
45850,8
45851,8
45852,8
45853,8
45854,8
45855,8
45856,8
45857,8
45858,8
45859,8
45860,8
45861,8
45862,8
45863,8
45864,8
45865,8
45866,8
45867,8
45868,8
45869,8
45870,8
45871,8
45872,8
45873,8
45874,7
45875,7
45876,7
45877,7
45878,7
45879,7
45880,7
45881,7
45882,7
45883,7
45884,7
45885,7
45886,7
45887,7
45888,7
45889,7
45890,7
45891,7
45892,7
45893,7
45894,7
45895,7
45896,7
45897,7
45898,7
45899,7
45900,7
45901,7
45902,7
45903,7
45904,7
45905,7
45906,7
45907,7
45908,7
45909,7
45910,7
45911,7
45912,7
45913,7
45914,7
45915,7
45916,7
45917,7
45918,7
45919,7
45920,7
45921,7
45922,7
45923,7
45924,7
45925,7
45926,7
45927,7
45928,7
45929,7
45930,7
45931,7
45932,7
45933,7
45934,7
45935,7
45936,7
45937,7
45938,7
45939,7
45940,7
45941,7
45942,7
45943,7
45944,7
45945,7
45946,7
45947,7
45948,7
45949,7
45950,7
45951,7
45952,7
45953,7
45954,7
45955,7
45956,7
45957,7
45958,7
45959,7
45960,7
45961,7
45962,7
45963,7
45964,7
45965,7
45966,7
45967,7
45968,7
45969,7
45970,7
45971,7
45972,7
45973,7
45974,7
45975,7
45976,7
45977,7
45978,7
45979,7
45980,7
45981,7
45982,7
45983,7
45984,7
45985,7
45986,7
45987,7
45988,7
45989,7
45990,7
45991,7
45992,7
45993,7
45994,7
45995,7
45996,7
45997,7
45998,7
45999,7
46000,7
46001,7
46002,7
46003,7
46004,7
46005,7
46006,7
46007,7
46008,7
46009,7
46010,7
46011,7
46012,7
46013,7
46014,7
46015,7
46016,7
46017,7
46018,7
46019,7
46020,7
46021,7
46022,7
46023,7
46024,7
46025,7
46026,7
46027,7
46028,7
46029,7
46030,7
46031,7
46032,7
46033,7
46034,7
46035,7
46036,7
46037,7
46038,7
46039,7
46040,7
46041,7
46042,7
46043,7
46044,7
46045,7
46046,7
46047,7
46048,7
46049,7
46050,7
46051,7
46052,7
46053,7
46054,7
46055,7
46056,7
46057,7
46058,7
46059,7
46060,7
46061,7
46062,7
46063,7
46064,7
46065,7
46066,7
46067,7
46068,7
46069,7
46070,7
46071,7
46072,7
46073,7
46074,7
46075,7
46076,7
46077,7
46078,7
46079,7
46080,7
46081,7
46082,7
46083,7
46084,7
46085,7
46086,7
46087,7
46088,7
46089,7
46090,7
46091,7
46092,7
46093,7
46094,7
46095,7
46096,7
46097,7
46098,7
46099,7
46100,7
46101,7
46102,7
46103,7
46104,7
46105,7
46106,7
46107,7
46108,7
46109,7
46110,7
46111,7
46112,7
46113,7
46114,7
46115,7
46116,7
46117,7
46118,7
46119,7
46120,7
46121,7
46122,7
46123,7
46124,7
46125,7
46126,7
46127,7
46128,7
46129,7
46130,7
46131,7
46132,7
46133,7
46134,7
46135,7
46136,7
46137,7
46138,7
46139,7
46140,7
46141,7
46142,7
46143,7
46144,7
46145,7
46146,7
46147,7
46148,7
46149,7
46150,7
46151,7
46152,7
46153,7
46154,7
46155,7
46156,7
46157,7
46158,7
46159,7
46160,7
46161,7
46162,7
46163,7
46164,7
46165,7
46166,7
46167,7
46168,7
46169,7
46170,7
46171,7
46172,7
46173,7
46174,7
46175,7
46176,7
46177,7
46178,7
46179,7
46180,7
46181,7
46182,7
46183,7
46184,7
46185,7
46186,7
46187,7
46188,7
46189,7
46190,7
46191,7
46192,7
46193,7
46194,7
46195,7
46196,7
46197,7
46198,7
46199,7
46200,7
46201,7
46202,7
46203,7
46204,7
46205,7
46206,7
46207,7
46208,7
46209,7
46210,7
46211,7
46212,7
46213,7
46214,7
46215,7
46216,7
46217,7
46218,7
46219,7
46220,7
46221,7
46222,7
46223,7
46224,7
46225,7
46226,7
46227,7
46228,7
46229,7
46230,7
46231,7
46232,7
46233,7
46234,7
46235,7
46236,7
46237,7
46238,7
46239,7
46240,7
46241,7
46242,7
46243,7
46244,7
46245,7
46246,7
46247,7
46248,7
46249,7
46250,7
46251,7
46252,7
46253,7
46254,7
46255,7
46256,7
46257,7
46258,7
46259,7
46260,7
46261,7
46262,7
46263,7
46264,7
46265,7
46266,7
46267,7
46268,7
46269,7
46270,7
46271,7
46272,7
46273,7
46274,7
46275,7
46276,7
46277,7
46278,7
46279,7
46280,7
46281,7
46282,7
46283,7
46284,7
46285,7
46286,7
46287,7
46288,7
46289,7
46290,7
46291,7
46292,7
46293,7
46294,7
46295,7
46296,7
46297,7
46298,7
46299,7
46300,7
46301,7
46302,7
46303,7
46304,7
46305,7
46306,7
46307,7
46308,7
46309,7
46310,7
46311,7
46312,7
46313,7
46314,7
46315,7
46316,7
46317,7
46318,7
46319,7
46320,7
46321,7
46322,7
46323,7
46324,7
46325,7
46326,7
46327,7
46328,7
46329,7
46330,7
46331,7
46332,7
46333,7
46334,7
46335,7
46336,7
46337,7
46338,7
46339,7
46340,7
46341,7
46342,7
46343,7
46344,7
46345,7
46346,7
46347,7
46348,7
46349,7
46350,7
46351,7
46352,7
46353,7
46354,7
46355,7
46356,7
46357,7
46358,7
46359,7
46360,7
46361,7
46362,7
46363,7
46364,7
46365,7
46366,7
46367,7
46368,7
46369,7
46370,7
46371,7
46372,7
46373,7
46374,7
46375,7
46376,7
46377,7
46378,7
46379,7
46380,7
46381,7
46382,7
46383,7
46384,7
46385,7
46386,7
46387,7
46388,7
46389,7
46390,7
46391,7
46392,7
46393,7
46394,7
46395,7
46396,7
46397,7
46398,7
46399,7
46400,7
46401,7
46402,7
46403,7
46404,7
46405,7
46406,7
46407,7
46408,7
46409,7
46410,7
46411,7
46412,7
46413,7
46414,7
46415,7
46416,7
46417,7
46418,7
46419,7
46420,7
46421,7
46422,7
46423,7
46424,7
46425,7
46426,7
46427,7
46428,7
46429,7
46430,7
46431,7
46432,7
46433,7
46434,7
46435,7
46436,7
46437,7
46438,7
46439,7
46440,7
46441,7
46442,7
46443,7
46444,7
46445,7
46446,7
46447,7
46448,7
46449,7
46450,7
46451,7
46452,7
46453,7
46454,7
46455,7
46456,7
46457,7
46458,7
46459,7
46460,7
46461,7
46462,7
46463,7
46464,7
46465,7
46466,7
46467,7
46468,7
46469,7
46470,7
46471,7
46472,7
46473,7
46474,7
46475,7
46476,7
46477,7
46478,7
46479,7
46480,7
46481,7
46482,7
46483,7
46484,7
46485,7
46486,7
46487,7
46488,7
46489,7
46490,7
46491,7
46492,7
46493,7
46494,7
46495,7
46496,7
46497,7
46498,7
46499,7
46500,7
46501,7
46502,7
46503,7
46504,7
46505,7
46506,7
46507,7
46508,7
46509,7
46510,7
46511,7
46512,7
46513,7
46514,7
46515,7
46516,7
46517,7
46518,7
46519,7
46520,7
46521,7
46522,7
46523,7
46524,7
46525,7
46526,7
46527,7
46528,7
46529,7
46530,7
46531,7
46532,7
46533,7
46534,7
46535,7
46536,7
46537,7
46538,7
46539,7
46540,7
46541,7
46542,7
46543,7
46544,7
46545,7
46546,7
46547,7
46548,7
46549,7
46550,7
46551,7
46552,7
46553,7
46554,7
46555,7
46556,7
46557,7
46558,7
46559,7
46560,7
46561,7
46562,7
46563,7
46564,7
46565,7
46566,7
46567,7
46568,7
46569,7
46570,7
46571,7
46572,7
46573,7
46574,7
46575,7
46576,7
46577,7
46578,7
46579,7
46580,7
46581,7
46582,7
46583,7
46584,7
46585,7
46586,7
46587,7
46588,7
46589,7
46590,7
46591,7
46592,7
46593,7
46594,7
46595,7
46596,7
46597,7
46598,7
46599,7
46600,7
46601,7
46602,7
46603,7
46604,7
46605,7
46606,7
46607,7
46608,7
46609,7
46610,7
46611,7
46612,7
46613,7
46614,7
46615,7
46616,7
46617,7
46618,7
46619,7
46620,7
46621,7
46622,7
46623,7
46624,7
46625,7
46626,7
46627,7
46628,7
46629,7
46630,7
46631,7
46632,7
46633,7
46634,7
46635,7
46636,7
46637,7
46638,7
46639,7
46640,7
46641,7
46642,7
46643,7
46644,7
46645,7
46646,7
46647,7
46648,7
46649,7
46650,7
46651,7
46652,7
46653,7
46654,7
46655,7
46656,7
46657,7
46658,7
46659,7
46660,7
46661,7
46662,7
46663,7
46664,7
46665,7
46666,7
46667,7
46668,7
46669,7
46670,7
46671,7
46672,7
46673,7
46674,7
46675,7
46676,7
46677,7
46678,7
46679,7
46680,7
46681,7
46682,7
46683,7
46684,7
46685,7
46686,7
46687,7
46688,7
46689,7
46690,7
46691,7
46692,7
46693,7
46694,7
46695,7
46696,7
46697,7
46698,7
46699,7
46700,7
46701,7
46702,7
46703,7
46704,7
46705,7
46706,7
46707,7
46708,7
46709,7
46710,7
46711,7
46712,7
46713,7
46714,7
46715,7
46716,7
46717,7
46718,7
46719,7
46720,7
46721,7
46722,7
46723,7
46724,7
46725,7
46726,7
46727,7
46728,7
46729,7
46730,7
46731,7
46732,7
46733,7
46734,7
46735,7
46736,7
46737,7
46738,7
46739,7
46740,7
46741,7
46742,7
46743,7
46744,7
46745,7
46746,7
46747,7
46748,7
46749,7
46750,7
46751,7
46752,7
46753,7
46754,7
46755,7
46756,7
46757,7
46758,7
46759,7
46760,7
46761,7
46762,7
46763,7
46764,7
46765,7
46766,7
46767,7
46768,7
46769,7
46770,7
46771,7
46772,7
46773,7
46774,7
46775,7
46776,7
46777,7
46778,7
46779,7
46780,7
46781,7
46782,7
46783,7
46784,7
46785,7
46786,7
46787,7
46788,7
46789,7
46790,7
46791,7
46792,7
46793,7
46794,7
46795,7
46796,7
46797,7
46798,7
46799,7
46800,7
46801,7
46802,7
46803,7
46804,7
46805,7
46806,7
46807,7
46808,7
46809,7
46810,7
46811,7
46812,7
46813,7
46814,7
46815,7
46816,7
46817,7
46818,7
46819,7
46820,7
46821,7
46822,7
46823,7
46824,7
46825,7
46826,7
46827,7
46828,7
46829,7
46830,7
46831,7
46832,7
46833,7
46834,7
46835,7
46836,7
46837,7
46838,7
46839,7
46840,7
46841,7
46842,7
46843,7
46844,7
46845,7
46846,7
46847,7
46848,7
46849,7
46850,7
46851,7
46852,7
46853,7
46854,7
46855,7
46856,7
46857,7
46858,7
46859,7
46860,7
46861,7
46862,7
46863,7
46864,7
46865,7
46866,7
46867,7
46868,7
46869,7
46870,7
46871,7
46872,7
46873,7
46874,7
46875,7
46876,7
46877,7
46878,7
46879,7
46880,7
46881,7
46882,7
46883,7
46884,7
46885,7
46886,7
46887,7
46888,7
46889,7
46890,7
46891,7
46892,7
46893,7
46894,7
46895,7
46896,7
46897,7
46898,7
46899,7
46900,7
46901,7
46902,7
46903,7
46904,7
46905,7
46906,7
46907,7
46908,7
46909,7
46910,7
46911,7
46912,7
46913,7
46914,7
46915,7
46916,7
46917,7
46918,7
46919,7
46920,7
46921,7
46922,7
46923,7
46924,7
46925,7
46926,7
46927,7
46928,7
46929,7
46930,7
46931,7
46932,7
46933,7
46934,7
46935,7
46936,7
46937,7
46938,7
46939,7
46940,7
46941,7
46942,7
46943,7
46944,7
46945,7
46946,7
46947,7
46948,7
46949,7
46950,7
46951,7
46952,7
46953,7
46954,7
46955,7
46956,7
46957,7
46958,7
46959,7
46960,7
46961,7
46962,7
46963,7
46964,7
46965,7
46966,7
46967,7
46968,7
46969,7
46970,7
46971,7
46972,7
46973,7
46974,7
46975,7
46976,7
46977,7
46978,7
46979,7
46980,7
46981,7
46982,7
46983,7
46984,7
46985,7
46986,7
46987,7
46988,7
46989,7
46990,7
46991,7
46992,7
46993,7
46994,7
46995,7
46996,7
46997,7
46998,7
46999,7
47000,7
47001,7
47002,7
47003,7
47004,7
47005,7
47006,7
47007,7
47008,7
47009,7
47010,7
47011,7
47012,7
47013,7
47014,7
47015,7
47016,7
47017,7
47018,7
47019,7
47020,7
47021,7
47022,7
47023,7
47024,7
47025,7
47026,7
47027,7
47028,7
47029,7
47030,7
47031,7
47032,7
47033,7
47034,7
47035,7
47036,7
47037,7
47038,7
47039,7
47040,7
47041,7
47042,7
47043,7
47044,7
47045,7
47046,7
47047,7
47048,7
47049,7
47050,7
47051,7
47052,7
47053,7
47054,7
47055,7
47056,7
47057,7
47058,7
47059,7
47060,7
47061,7
47062,7
47063,7
47064,7
47065,7
47066,7
47067,7
47068,7
47069,7
47070,7
47071,7
47072,7
47073,7
47074,7
47075,7
47076,7
47077,7
47078,7
47079,7
47080,7
47081,7
47082,7
47083,7
47084,7
47085,7
47086,7
47087,7
47088,7
47089,7
47090,7
47091,7
47092,7
47093,7
47094,7
47095,7
47096,7
47097,7
47098,7
47099,7
47100,7
47101,7
47102,7
47103,7
47104,7
47105,7
47106,7
47107,7
47108,7
47109,7
47110,7
47111,7
47112,7
47113,7
47114,7
47115,7
47116,7
47117,7
47118,7
47119,7
47120,7
47121,7
47122,7
47123,7
47124,7
47125,7
47126,7
47127,7
47128,7
47129,7
47130,7
47131,7
47132,7
47133,7
47134,7
47135,7
47136,7
47137,7
47138,7
47139,7
47140,7
47141,7
47142,7
47143,7
47144,7
47145,7
47146,7
47147,7
47148,7
47149,7
47150,7
47151,7
47152,7
47153,7
47154,7
47155,7
47156,7
47157,7
47158,7
47159,7
47160,7
47161,7
47162,7
47163,7
47164,7
47165,7
47166,7
47167,7
47168,7
47169,7
47170,7
47171,7
47172,7
47173,7
47174,7
47175,7
47176,7
47177,7
47178,7
47179,7
47180,7
47181,7
47182,7
47183,7
47184,7
47185,7
47186,7
47187,7
47188,7
47189,7
47190,7
47191,7
47192,7
47193,7
47194,7
47195,7
47196,7
47197,7
47198,7
47199,7
47200,7
47201,7
47202,7
47203,7
47204,7
47205,7
47206,7
47207,7
47208,7
47209,7
47210,7
47211,7
47212,7
47213,7
47214,7
47215,7
47216,7
47217,7
47218,7
47219,7
47220,7
47221,7
47222,7
47223,7
47224,7
47225,7
47226,7
47227,7
47228,7
47229,7
47230,7
47231,7
47232,7
47233,7
47234,7
47235,7
47236,7
47237,7
47238,7
47239,7
47240,7
47241,7
47242,7
47243,7
47244,7
47245,7
47246,7
47247,7
47248,7
47249,7
47250,7
47251,7
47252,7
47253,7
47254,7
47255,7
47256,7
47257,7
47258,7
47259,7
47260,7
47261,7
47262,7
47263,7
47264,7
47265,7
47266,7
47267,7
47268,7
47269,7
47270,7
47271,7
47272,7
47273,7
47274,7
47275,7
47276,7
47277,7
47278,7
47279,7
47280,7
47281,7
47282,7
47283,7
47284,7
47285,7
47286,7
47287,7
47288,7
47289,7
47290,7
47291,7
47292,7
47293,7
47294,7
47295,7
47296,7
47297,7
47298,7
47299,7
47300,7
47301,7
47302,7
47303,7
47304,7
47305,7
47306,7
47307,7
47308,7
47309,7
47310,7
47311,7
47312,7
47313,7
47314,7
47315,7
47316,7
47317,7
47318,7
47319,7
47320,7
47321,7
47322,7
47323,7
47324,7
47325,7
47326,7
47327,7
47328,7
47329,7
47330,7
47331,7
47332,7
47333,7
47334,7
47335,7
47336,7
47337,7
47338,7
47339,7
47340,7
47341,7
47342,7
47343,7
47344,7
47345,7
47346,7
47347,7
47348,7
47349,7
47350,7
47351,7
47352,7
47353,7
47354,7
47355,7
47356,7
47357,7
47358,7
47359,7
47360,7
47361,7
47362,7
47363,7
47364,7
47365,7
47366,7
47367,7
47368,7
47369,7
47370,7
47371,7
47372,7
47373,7
47374,7
47375,7
47376,7
47377,7
47378,7
47379,7
47380,7
47381,7
47382,7
47383,7
47384,7
47385,7
47386,7
47387,7
47388,7
47389,7
47390,7
47391,7
47392,7
47393,7
47394,7
47395,7
47396,7
47397,7
47398,7
47399,7
47400,7
47401,7
47402,7
47403,7
47404,7
47405,7
47406,7
47407,7
47408,7
47409,7
47410,7
47411,7
47412,7
47413,7
47414,7
47415,7
47416,7
47417,7
47418,7
47419,7
47420,7
47421,7
47422,7
47423,7
47424,7
47425,7
47426,7
47427,7
47428,7
47429,7
47430,7
47431,7
47432,7
47433,7
47434,7
47435,7
47436,7
47437,7
47438,7
47439,7
47440,7
47441,7
47442,7
47443,7
47444,7
47445,7
47446,7
47447,7
47448,7
47449,7
47450,7
47451,7
47452,7
47453,7
47454,7
47455,7
47456,7
47457,7
47458,7
47459,7
47460,7
47461,7
47462,7
47463,7
47464,7
47465,7
47466,7
47467,7
47468,7
47469,7
47470,7
47471,7
47472,7
47473,7
47474,7
47475,7
47476,7
47477,7
47478,7
47479,7
47480,7
47481,7
47482,7
47483,7
47484,7
47485,7
47486,7
47487,7
47488,7
47489,7
47490,7
47491,7
47492,7
47493,7
47494,7
47495,7
47496,7
47497,7
47498,7
47499,7
47500,7
47501,7
47502,7
47503,7
47504,7
47505,7
47506,7
47507,7
47508,7
47509,7
47510,7
47511,7
47512,7
47513,7
47514,7
47515,7
47516,7
47517,7
47518,7
47519,7
47520,7
47521,7
47522,7
47523,7
47524,7
47525,7
47526,7
47527,7
47528,7
47529,7
47530,7
47531,7
47532,7
47533,7
47534,7
47535,7
47536,7
47537,7
47538,7
47539,7
47540,7
47541,7
47542,7
47543,7
47544,7
47545,7
47546,7
47547,7
47548,7
47549,7
47550,7
47551,7
47552,7
47553,7
47554,7
47555,7
47556,7
47557,7
47558,7
47559,7
47560,7
47561,7
47562,7
47563,7
47564,7
47565,7
47566,7
47567,7
47568,7
47569,7
47570,7
47571,7
47572,7
47573,7
47574,7
47575,7
47576,7
47577,7
47578,7
47579,7
47580,7
47581,7
47582,7
47583,7
47584,7
47585,7
47586,7
47587,7
47588,7
47589,7
47590,7
47591,7
47592,7
47593,7
47594,7
47595,7
47596,7
47597,7
47598,7
47599,7
47600,7
47601,7
47602,7
47603,7
47604,7
47605,7
47606,7
47607,7
47608,7
47609,7
47610,7
47611,7
47612,7
47613,7
47614,7
47615,7
47616,7
47617,7
47618,7
47619,7
47620,7
47621,7
47622,7
47623,7
47624,7
47625,7
47626,7
47627,7
47628,7
47629,7
47630,7
47631,7
47632,7
47633,7
47634,7
47635,7
47636,7
47637,7
47638,7
47639,7
47640,7
47641,7
47642,7
47643,7
47644,7
47645,7
47646,7
47647,7
47648,7
47649,7
47650,7
47651,7
47652,7
47653,7
47654,7
47655,7
47656,7
47657,7
47658,7
47659,7
47660,7
47661,7
47662,7
47663,7
47664,7
47665,7
47666,7
47667,7
47668,7
47669,7
47670,7
47671,7
47672,7
47673,7
47674,7
47675,7
47676,7
47677,7
47678,7
47679,7
47680,7
47681,7
47682,7
47683,7
47684,7
47685,7
47686,7
47687,7
47688,7
47689,7
47690,7
47691,7
47692,7
47693,7
47694,7
47695,7
47696,7
47697,7
47698,7
47699,7
47700,7
47701,7
47702,7
47703,7
47704,7
47705,7
47706,7
47707,7
47708,7
47709,7
47710,7
47711,7
47712,7
47713,7
47714,7
47715,7
47716,7
47717,7
47718,7
47719,7
47720,7
47721,7
47722,7
47723,7
47724,7
47725,7
47726,7
47727,7
47728,7
47729,7
47730,7
47731,7
47732,7
47733,7
47734,7
47735,7
47736,7
47737,7
47738,7
47739,7
47740,7
47741,7
47742,7
47743,7
47744,7
47745,7
47746,7
47747,7
47748,7
47749,7
47750,7
47751,7
47752,7
47753,7
47754,7
47755,7
47756,7
47757,7
47758,7
47759,7
47760,7
47761,7
47762,7
47763,7
47764,7
47765,7
47766,7
47767,7
47768,7
47769,7
47770,7
47771,7
47772,7
47773,7
47774,7
47775,7
47776,7
47777,7
47778,7
47779,7
47780,7
47781,7
47782,7
47783,7
47784,7
47785,7
47786,7
47787,7
47788,7
47789,7
47790,7
47791,7
47792,7
47793,7
47794,7
47795,7
47796,7
47797,7
47798,7
47799,7
47800,7
47801,7
47802,7
47803,7
47804,7
47805,7
47806,7
47807,7
47808,7
47809,7
47810,7
47811,7
47812,7
47813,7
47814,7
47815,7
47816,7
47817,7
47818,7
47819,7
47820,7
47821,7
47822,7
47823,7
47824,7
47825,7
47826,7
47827,7
47828,7
47829,7
47830,7
47831,7
47832,7
47833,7
47834,7
47835,7
47836,7
47837,7
47838,7
47839,7
47840,7
47841,7
47842,7
47843,7
47844,7
47845,7
47846,7
47847,7
47848,7
47849,7
47850,7
47851,7
47852,7
47853,7
47854,7
47855,7
47856,7
47857,7
47858,7
47859,7
47860,7
47861,7
47862,7
47863,7
47864,7
47865,7
47866,7
47867,7
47868,7
47869,7
47870,7
47871,7
47872,7
47873,7
47874,7
47875,7
47876,7
47877,7
47878,7
47879,7
47880,7
47881,7
47882,7
47883,7
47884,7
47885,7
47886,7
47887,7
47888,7
47889,7
47890,7
47891,7
47892,7
47893,7
47894,7
47895,7
47896,7
47897,7
47898,7
47899,7
47900,7
47901,7
47902,7
47903,7
47904,7
47905,7
47906,7
47907,7
47908,7
47909,7
47910,7
47911,7
47912,7
47913,7
47914,7
47915,7
47916,7
47917,7
47918,7
47919,7
47920,7
47921,7
47922,7
47923,7
47924,7
47925,7
47926,7
47927,7
47928,7
47929,7
47930,7
47931,7
47932,7
47933,7
47934,7
47935,7
47936,7
47937,7
47938,7
47939,7
47940,7
47941,7
47942,7
47943,7
47944,7
47945,7
47946,7
47947,7
47948,7
47949,7
47950,7
47951,7
47952,7
47953,7
47954,7
47955,7
47956,7
47957,7
47958,7
47959,7
47960,7
47961,7
47962,7
47963,7
47964,7
47965,7
47966,7
47967,7
47968,7
47969,7
47970,7
47971,7
47972,7
47973,7
47974,7
47975,7
47976,7
47977,7
47978,7
47979,7
47980,7
47981,7
47982,7
47983,7
47984,7
47985,7
47986,7
47987,7
47988,7
47989,7
47990,7
47991,7
47992,7
47993,7
47994,7
47995,7
47996,7
47997,7
47998,7
47999,7
48000,7
48001,7
48002,7
48003,7
48004,7
48005,7
48006,7
48007,7
48008,7
48009,7
48010,7
48011,7
48012,7
48013,7
48014,7
48015,7
48016,7
48017,7
48018,7
48019,7
48020,7
48021,7
48022,7
48023,7
48024,7
48025,7
48026,7
48027,7
48028,7
48029,7
48030,7
48031,7
48032,7
48033,7
48034,7
48035,7
48036,7
48037,7
48038,7
48039,7
48040,7
48041,7
48042,7
48043,7
48044,7
48045,7
48046,7
48047,7
48048,7
48049,7
48050,7
48051,7
48052,7
48053,7
48054,7
48055,7
48056,7
48057,7
48058,7
48059,7
48060,7
48061,7
48062,7
48063,7
48064,7
48065,7
48066,7
48067,7
48068,7
48069,7
48070,7
48071,7
48072,7
48073,7
48074,7
48075,7
48076,7
48077,7
48078,7
48079,7
48080,7
48081,7
48082,7
48083,7
48084,7
48085,7
48086,7
48087,7
48088,7
48089,7
48090,7
48091,7
48092,7
48093,7
48094,7
48095,7
48096,7
48097,7
48098,7
48099,7
48100,7
48101,7
48102,7
48103,7
48104,7
48105,7
48106,7
48107,7
48108,7
48109,7
48110,7
48111,7
48112,7
48113,7
48114,7
48115,7
48116,7
48117,7
48118,7
48119,7
48120,7
48121,7
48122,7
48123,7
48124,7
48125,7
48126,7
48127,7
48128,7
48129,7
48130,7
48131,7
48132,7
48133,7
48134,7
48135,7
48136,7
48137,7
48138,7
48139,7
48140,7
48141,7
48142,7
48143,7
48144,7
48145,7
48146,7
48147,7
48148,7
48149,7
48150,7
48151,7
48152,7
48153,7
48154,7
48155,7
48156,7
48157,7
48158,7
48159,7
48160,7
48161,7
48162,7
48163,7
48164,7
48165,7
48166,7
48167,6
48168,6
48169,6
48170,6
48171,6
48172,6
48173,6
48174,6
48175,6
48176,6
48177,6
48178,6
48179,6
48180,6
48181,6
48182,6
48183,6
48184,6
48185,6
48186,6
48187,6
48188,6
48189,6
48190,6
48191,6
48192,6
48193,6
48194,6
48195,6
48196,6
48197,6
48198,6
48199,6
48200,6
48201,6
48202,6
48203,6
48204,6
48205,6
48206,6
48207,6
48208,6
48209,6
48210,6
48211,6
48212,6
48213,6
48214,6
48215,6
48216,6
48217,6
48218,6
48219,6
48220,6
48221,6
48222,6
48223,6
48224,6
48225,6
48226,6
48227,6
48228,6
48229,6
48230,6
48231,6
48232,6
48233,6
48234,6
48235,6
48236,6
48237,6
48238,6
48239,6
48240,6
48241,6
48242,6
48243,6
48244,6
48245,6
48246,6
48247,6
48248,6
48249,6
48250,6
48251,6
48252,6
48253,6
48254,6
48255,6
48256,6
48257,6
48258,6
48259,6
48260,6
48261,6
48262,6
48263,6
48264,6
48265,6
48266,6
48267,6
48268,6
48269,6
48270,6
48271,6
48272,6
48273,6
48274,6
48275,6
48276,6
48277,6
48278,6
48279,6
48280,6
48281,6
48282,6
48283,6
48284,6
48285,6
48286,6
48287,6
48288,6
48289,6
48290,6
48291,6
48292,6
48293,6
48294,6
48295,6
48296,6
48297,6
48298,6
48299,6
48300,6
48301,6
48302,6
48303,6
48304,6
48305,6
48306,6
48307,6
48308,6
48309,6
48310,6
48311,6
48312,6
48313,6
48314,6
48315,6
48316,6
48317,6
48318,6
48319,6
48320,6
48321,6
48322,6
48323,6
48324,6
48325,6
48326,6
48327,6
48328,6
48329,6
48330,6
48331,6
48332,6
48333,6
48334,6
48335,6
48336,6
48337,6
48338,6
48339,6
48340,6
48341,6
48342,6
48343,6
48344,6
48345,6
48346,6
48347,6
48348,6
48349,6
48350,6
48351,6
48352,6
48353,6
48354,6
48355,6
48356,6
48357,6
48358,6
48359,6
48360,6
48361,6
48362,6
48363,6
48364,6
48365,6
48366,6
48367,6
48368,6
48369,6
48370,6
48371,6
48372,6
48373,6
48374,6
48375,6
48376,6
48377,6
48378,6
48379,6
48380,6
48381,6
48382,6
48383,6
48384,6
48385,6
48386,6
48387,6
48388,6
48389,6
48390,6
48391,6
48392,6
48393,6
48394,6
48395,6
48396,6
48397,6
48398,6
48399,6
48400,6
48401,6
48402,6
48403,6
48404,6
48405,6
48406,6
48407,6
48408,6
48409,6
48410,6
48411,6
48412,6
48413,6
48414,6
48415,6
48416,6
48417,6
48418,6
48419,6
48420,6
48421,6
48422,6
48423,6
48424,6
48425,6
48426,6
48427,6
48428,6
48429,6
48430,6
48431,6
48432,6
48433,6
48434,6
48435,6
48436,6
48437,6
48438,6
48439,6
48440,6
48441,6
48442,6
48443,6
48444,6
48445,6
48446,6
48447,6
48448,6
48449,6
48450,6
48451,6
48452,6
48453,6
48454,6
48455,6
48456,6
48457,6
48458,6
48459,6
48460,6
48461,6
48462,6
48463,6
48464,6
48465,6
48466,6
48467,6
48468,6
48469,6
48470,6
48471,6
48472,6
48473,6
48474,6
48475,6
48476,6
48477,6
48478,6
48479,6
48480,6
48481,6
48482,6
48483,6
48484,6
48485,6
48486,6
48487,6
48488,6
48489,6
48490,6
48491,6
48492,6
48493,6
48494,6
48495,6
48496,6
48497,6
48498,6
48499,6
48500,6
48501,6
48502,6
48503,6
48504,6
48505,6
48506,6
48507,6
48508,6
48509,6
48510,6
48511,6
48512,6
48513,6
48514,6
48515,6
48516,6
48517,6
48518,6
48519,6
48520,6
48521,6
48522,6
48523,6
48524,6
48525,6
48526,6
48527,6
48528,6
48529,6
48530,6
48531,6
48532,6
48533,6
48534,6
48535,6
48536,6
48537,6
48538,6
48539,6
48540,6
48541,6
48542,6
48543,6
48544,6
48545,6
48546,6
48547,6
48548,6
48549,6
48550,6
48551,6
48552,6
48553,6
48554,6
48555,6
48556,6
48557,6
48558,6
48559,6
48560,6
48561,6
48562,6
48563,6
48564,6
48565,6
48566,6
48567,6
48568,6
48569,6
48570,6
48571,6
48572,6
48573,6
48574,6
48575,6
48576,6
48577,6
48578,6
48579,6
48580,6
48581,6
48582,6
48583,6
48584,6
48585,6
48586,6
48587,6
48588,6
48589,6
48590,6
48591,6
48592,6
48593,6
48594,6
48595,6
48596,6
48597,6
48598,6
48599,6
48600,6
48601,6
48602,6
48603,6
48604,6
48605,6
48606,6
48607,6
48608,6
48609,6
48610,6
48611,6
48612,6
48613,6
48614,6
48615,6
48616,6
48617,6
48618,6
48619,6
48620,6
48621,6
48622,6
48623,6
48624,6
48625,6
48626,6
48627,6
48628,6
48629,6
48630,6
48631,6
48632,6
48633,6
48634,6
48635,6
48636,6
48637,6
48638,6
48639,6
48640,6
48641,6
48642,6
48643,6
48644,6
48645,6
48646,6
48647,6
48648,6
48649,6
48650,6
48651,6
48652,6
48653,6
48654,6
48655,6
48656,6
48657,6
48658,6
48659,6
48660,6
48661,6
48662,6
48663,6
48664,6
48665,6
48666,6
48667,6
48668,6
48669,6
48670,6
48671,6
48672,6
48673,6
48674,6
48675,6
48676,6
48677,6
48678,6
48679,6
48680,6
48681,6
48682,6
48683,6
48684,6
48685,6
48686,6
48687,6
48688,6
48689,6
48690,6
48691,6
48692,6
48693,6
48694,6
48695,6
48696,6
48697,6
48698,6
48699,6
48700,6
48701,6
48702,6
48703,6
48704,6
48705,6
48706,6
48707,6
48708,6
48709,6
48710,6
48711,6
48712,6
48713,6
48714,6
48715,6
48716,6
48717,6
48718,6
48719,6
48720,6
48721,6
48722,6
48723,6
48724,6
48725,6
48726,6
48727,6
48728,6
48729,6
48730,6
48731,6
48732,6
48733,6
48734,6
48735,6
48736,6
48737,6
48738,6
48739,6
48740,6
48741,6
48742,6
48743,6
48744,6
48745,6
48746,6
48747,6
48748,6
48749,6
48750,6
48751,6
48752,6
48753,6
48754,6
48755,6
48756,6
48757,6
48758,6
48759,6
48760,6
48761,6
48762,6
48763,6
48764,6
48765,6
48766,6
48767,6
48768,6
48769,6
48770,6
48771,6
48772,6
48773,6
48774,6
48775,6
48776,6
48777,6
48778,6
48779,6
48780,6
48781,6
48782,6
48783,6
48784,6
48785,6
48786,6
48787,6
48788,6
48789,6
48790,6
48791,6
48792,6
48793,6
48794,6
48795,6
48796,6
48797,6
48798,6
48799,6
48800,6
48801,6
48802,6
48803,6
48804,6
48805,6
48806,6
48807,6
48808,6
48809,6
48810,6
48811,6
48812,6
48813,6
48814,6
48815,6
48816,6
48817,6
48818,6
48819,6
48820,6
48821,6
48822,6
48823,6
48824,6
48825,6
48826,6
48827,6
48828,6
48829,6
48830,6
48831,6
48832,6
48833,6
48834,6
48835,6
48836,6
48837,6
48838,6
48839,6
48840,6
48841,6
48842,6
48843,6
48844,6
48845,6
48846,6
48847,6
48848,6
48849,6
48850,6
48851,6
48852,6
48853,6
48854,6
48855,6
48856,6
48857,6
48858,6
48859,6
48860,6
48861,6
48862,6
48863,6
48864,6
48865,6
48866,6
48867,6
48868,6
48869,6
48870,6
48871,6
48872,6
48873,6
48874,6
48875,6
48876,6
48877,6
48878,6
48879,6
48880,6
48881,6
48882,6
48883,6
48884,6
48885,6
48886,6
48887,6
48888,6
48889,6
48890,6
48891,6
48892,6
48893,6
48894,6
48895,6
48896,6
48897,6
48898,6
48899,6
48900,6
48901,6
48902,6
48903,6
48904,6
48905,6
48906,6
48907,6
48908,6
48909,6
48910,6
48911,6
48912,6
48913,6
48914,6
48915,6
48916,6
48917,6
48918,6
48919,6
48920,6
48921,6
48922,6
48923,6
48924,6
48925,6
48926,6
48927,6
48928,6
48929,6
48930,6
48931,6
48932,6
48933,6
48934,6
48935,6
48936,6
48937,6
48938,6
48939,6
48940,6
48941,6
48942,6
48943,6
48944,6
48945,6
48946,6
48947,6
48948,6
48949,6
48950,6
48951,6
48952,6
48953,6
48954,6
48955,6
48956,6
48957,6
48958,6
48959,6
48960,6
48961,6
48962,6
48963,6
48964,6
48965,6
48966,6
48967,6
48968,6
48969,6
48970,6
48971,6
48972,6
48973,6
48974,6
48975,6
48976,6
48977,6
48978,6
48979,6
48980,6
48981,6
48982,6
48983,6
48984,6
48985,6
48986,6
48987,6
48988,6
48989,6
48990,6
48991,6
48992,6
48993,6
48994,6
48995,6
48996,6
48997,6
48998,6
48999,6
49000,6
49001,6
49002,6
49003,6
49004,6
49005,6
49006,6
49007,6
49008,6
49009,6
49010,6
49011,6
49012,6
49013,6
49014,6
49015,6
49016,6
49017,6
49018,6
49019,6
49020,6
49021,6
49022,6
49023,6
49024,6
49025,6
49026,6
49027,6
49028,6
49029,6
49030,6
49031,6
49032,6
49033,6
49034,6
49035,6
49036,6
49037,6
49038,6
49039,6
49040,6
49041,6
49042,6
49043,6
49044,6
49045,6
49046,6
49047,6
49048,6
49049,6
49050,6
49051,6
49052,6
49053,6
49054,6
49055,6
49056,6
49057,6
49058,6
49059,6
49060,6
49061,6
49062,6
49063,6
49064,6
49065,6
49066,6
49067,6
49068,6
49069,6
49070,6
49071,6
49072,6
49073,6
49074,6
49075,6
49076,6
49077,6
49078,6
49079,6
49080,6
49081,6
49082,6
49083,6
49084,6
49085,6
49086,6
49087,6
49088,6
49089,6
49090,6
49091,6
49092,6
49093,6
49094,6
49095,6
49096,6
49097,6
49098,6
49099,6
49100,6
49101,6
49102,6
49103,6
49104,6
49105,6
49106,6
49107,6
49108,6
49109,6
49110,6
49111,6
49112,6
49113,6
49114,6
49115,6
49116,6
49117,6
49118,6
49119,6
49120,6
49121,6
49122,6
49123,6
49124,6
49125,6
49126,6
49127,6
49128,6
49129,6
49130,6
49131,6
49132,6
49133,6
49134,6
49135,6
49136,6
49137,6
49138,6
49139,6
49140,6
49141,6
49142,6
49143,6
49144,6
49145,6
49146,6
49147,6
49148,6
49149,6
49150,6
49151,6
49152,6
49153,6
49154,6
49155,6
49156,6
49157,6
49158,6
49159,6
49160,6
49161,6
49162,6
49163,6
49164,6
49165,6
49166,6
49167,6
49168,6
49169,6
49170,6
49171,6
49172,6
49173,6
49174,6
49175,6
49176,6
49177,6
49178,6
49179,6
49180,6
49181,6
49182,6
49183,6
49184,6
49185,6
49186,6
49187,6
49188,6
49189,6
49190,6
49191,6
49192,6
49193,6
49194,6
49195,6
49196,6
49197,6
49198,6
49199,6
49200,6
49201,6
49202,6
49203,6
49204,6
49205,6
49206,6
49207,6
49208,6
49209,6
49210,6
49211,6
49212,6
49213,6
49214,6
49215,6
49216,6
49217,6
49218,6
49219,6
49220,6
49221,6
49222,6
49223,6
49224,6
49225,6
49226,6
49227,6
49228,6
49229,6
49230,6
49231,6
49232,6
49233,6
49234,6
49235,6
49236,6
49237,6
49238,6
49239,6
49240,6
49241,6
49242,6
49243,6
49244,6
49245,6
49246,6
49247,6
49248,6
49249,6
49250,6
49251,6
49252,6
49253,6
49254,6
49255,6
49256,6
49257,6
49258,6
49259,6
49260,6
49261,6
49262,6
49263,6
49264,6
49265,6
49266,6
49267,6
49268,6
49269,6
49270,6
49271,6
49272,6
49273,6
49274,6
49275,6
49276,6
49277,6
49278,6
49279,6
49280,6
49281,6
49282,6
49283,6
49284,6
49285,6
49286,6
49287,6
49288,6
49289,6
49290,6
49291,6
49292,6
49293,6
49294,6
49295,6
49296,6
49297,6
49298,6
49299,6
49300,6
49301,6
49302,6
49303,6
49304,6
49305,6
49306,6
49307,6
49308,6
49309,6
49310,6
49311,6
49312,6
49313,6
49314,6
49315,6
49316,6
49317,6
49318,6
49319,6
49320,6
49321,6
49322,6
49323,6
49324,6
49325,6
49326,6
49327,6
49328,6
49329,6
49330,6
49331,6
49332,6
49333,6
49334,6
49335,6
49336,6
49337,6
49338,6
49339,6
49340,6
49341,6
49342,6
49343,6
49344,6
49345,6
49346,6
49347,6
49348,6
49349,6
49350,6
49351,6
49352,6
49353,6
49354,6
49355,6
49356,6
49357,6
49358,6
49359,6
49360,6
49361,6
49362,6
49363,6
49364,6
49365,6
49366,6
49367,6
49368,6
49369,6
49370,6
49371,6
49372,6
49373,6
49374,6
49375,6
49376,6
49377,6
49378,6
49379,6
49380,6
49381,6
49382,6
49383,6
49384,6
49385,6
49386,6
49387,6
49388,6
49389,6
49390,6
49391,6
49392,6
49393,6
49394,6
49395,6
49396,6
49397,6
49398,6
49399,6
49400,6
49401,6
49402,6
49403,6
49404,6
49405,6
49406,6
49407,6
49408,6
49409,6
49410,6
49411,6
49412,6
49413,6
49414,6
49415,6
49416,6
49417,6
49418,6
49419,6
49420,6
49421,6
49422,6
49423,6
49424,6
49425,6
49426,6
49427,6
49428,6
49429,6
49430,6
49431,6
49432,6
49433,6
49434,6
49435,6
49436,6
49437,6
49438,6
49439,6
49440,6
49441,6
49442,6
49443,6
49444,6
49445,6
49446,6
49447,6
49448,6
49449,6
49450,6
49451,6
49452,6
49453,6
49454,6
49455,6
49456,6
49457,6
49458,6
49459,6
49460,6
49461,6
49462,6
49463,6
49464,6
49465,6
49466,6
49467,6
49468,6
49469,6
49470,6
49471,6
49472,6
49473,6
49474,6
49475,6
49476,6
49477,6
49478,6
49479,6
49480,6
49481,6
49482,6
49483,6
49484,6
49485,6
49486,6
49487,6
49488,6
49489,6
49490,6
49491,6
49492,6
49493,6
49494,6
49495,6
49496,6
49497,6
49498,6
49499,6
49500,6
49501,6
49502,6
49503,6
49504,6
49505,6
49506,6
49507,6
49508,6
49509,6
49510,6
49511,6
49512,6
49513,6
49514,6
49515,6
49516,6
49517,6
49518,6
49519,6
49520,6
49521,6
49522,6
49523,6
49524,6
49525,6
49526,6
49527,6
49528,6
49529,6
49530,6
49531,6
49532,6
49533,6
49534,6
49535,6
49536,6
49537,6
49538,6
49539,6
49540,6
49541,6
49542,6
49543,6
49544,6
49545,6
49546,6
49547,6
49548,6
49549,6
49550,6
49551,6
49552,6
49553,6
49554,6
49555,6
49556,6
49557,6
49558,6
49559,6
49560,6
49561,6
49562,6
49563,6
49564,6
49565,6
49566,6
49567,6
49568,6
49569,6
49570,6
49571,6
49572,6
49573,6
49574,6
49575,6
49576,6
49577,6
49578,6
49579,6
49580,6
49581,6
49582,6
49583,6
49584,6
49585,6
49586,6
49587,6
49588,6
49589,6
49590,6
49591,6
49592,6
49593,6
49594,6
49595,6
49596,6
49597,6
49598,6
49599,6
49600,6
49601,6
49602,6
49603,6
49604,6
49605,6
49606,6
49607,6
49608,6
49609,6
49610,6
49611,6
49612,6
49613,6
49614,6
49615,6
49616,6
49617,6
49618,6
49619,6
49620,6
49621,6
49622,6
49623,6
49624,6
49625,6
49626,6
49627,6
49628,6
49629,6
49630,6
49631,6
49632,6
49633,6
49634,6
49635,6
49636,6
49637,6
49638,6
49639,6
49640,6
49641,6
49642,6
49643,6
49644,6
49645,6
49646,6
49647,6
49648,6
49649,6
49650,6
49651,6
49652,6
49653,6
49654,6
49655,6
49656,6
49657,6
49658,6
49659,6
49660,6
49661,6
49662,6
49663,6
49664,6
49665,6
49666,6
49667,6
49668,6
49669,6
49670,6
49671,6
49672,6
49673,6
49674,6
49675,6
49676,6
49677,6
49678,6
49679,6
49680,6
49681,6
49682,6
49683,6
49684,6
49685,6
49686,6
49687,6
49688,6
49689,6
49690,6
49691,6
49692,6
49693,6
49694,6
49695,6
49696,6
49697,6
49698,6
49699,6
49700,6
49701,6
49702,6
49703,6
49704,6
49705,6
49706,6
49707,6
49708,6
49709,6
49710,6
49711,6
49712,6
49713,6
49714,6
49715,6
49716,6
49717,6
49718,6
49719,6
49720,6
49721,6
49722,6
49723,6
49724,6
49725,6
49726,6
49727,6
49728,6
49729,6
49730,6
49731,6
49732,6
49733,6
49734,6
49735,6
49736,6
49737,6
49738,6
49739,6
49740,6
49741,6
49742,6
49743,6
49744,6
49745,6
49746,6
49747,6
49748,6
49749,6
49750,6
49751,6
49752,6
49753,6
49754,6
49755,6
49756,6
49757,6
49758,6
49759,6
49760,6
49761,6
49762,6
49763,6
49764,6
49765,6
49766,6
49767,6
49768,6
49769,6
49770,6
49771,6
49772,6
49773,6
49774,6
49775,6
49776,6
49777,6
49778,6
49779,6
49780,6
49781,6
49782,6
49783,6
49784,6
49785,6
49786,6
49787,6
49788,6
49789,6
49790,6
49791,6
49792,6
49793,6
49794,6
49795,6
49796,6
49797,6
49798,6
49799,6
49800,6
49801,6
49802,6
49803,6
49804,6
49805,6
49806,6
49807,6
49808,6
49809,6
49810,6
49811,6
49812,6
49813,6
49814,6
49815,6
49816,6
49817,6
49818,6
49819,6
49820,6
49821,6
49822,6
49823,6
49824,6
49825,6
49826,6
49827,6
49828,6
49829,6
49830,6
49831,6
49832,6
49833,6
49834,6
49835,6
49836,6
49837,6
49838,6
49839,6
49840,6
49841,6
49842,6
49843,6
49844,6
49845,6
49846,6
49847,6
49848,6
49849,6
49850,6
49851,6
49852,6
49853,6
49854,6
49855,6
49856,6
49857,6
49858,6
49859,6
49860,6
49861,6
49862,6
49863,6
49864,6
49865,6
49866,6
49867,6
49868,6
49869,6
49870,6
49871,6
49872,6
49873,6
49874,6
49875,6
49876,6
49877,6
49878,6
49879,6
49880,6
49881,6
49882,6
49883,6
49884,6
49885,6
49886,6
49887,6
49888,6
49889,6
49890,6
49891,6
49892,6
49893,6
49894,6
49895,6
49896,6
49897,6
49898,6
49899,6
49900,6
49901,6
49902,6
49903,6
49904,6
49905,6
49906,6
49907,6
49908,6
49909,6
49910,6
49911,6
49912,6
49913,6
49914,6
49915,6
49916,6
49917,6
49918,6
49919,6
49920,6
49921,6
49922,6
49923,6
49924,6
49925,6
49926,6
49927,6
49928,6
49929,6
49930,6
49931,6
49932,6
49933,6
49934,6
49935,6
49936,6
49937,6
49938,6
49939,6
49940,6
49941,6
49942,6
49943,6
49944,6
49945,6
49946,6
49947,6
49948,6
49949,6
49950,6
49951,6
49952,6
49953,6
49954,6
49955,6
49956,6
49957,6
49958,6
49959,6
49960,6
49961,6
49962,6
49963,6
49964,6
49965,6
49966,6
49967,6
49968,6
49969,6
49970,6
49971,6
49972,6
49973,6
49974,6
49975,6
49976,6
49977,6
49978,6
49979,6
49980,6
49981,6
49982,6
49983,6
49984,6
49985,6
49986,6
49987,6
49988,6
49989,6
49990,6
49991,6
49992,6
49993,6
49994,6
49995,6
49996,6
49997,6
49998,6
49999,6
50000,6
50001,6
50002,6
50003,6
50004,6
50005,6
50006,6
50007,6
50008,6
50009,6
50010,6
50011,6
50012,6
50013,6
50014,6
50015,6
50016,6
50017,6
50018,6
50019,6
50020,6
50021,6
50022,6
50023,6
50024,6
50025,6
50026,6
50027,6
50028,6
50029,6
50030,6
50031,6
50032,6
50033,6
50034,6
50035,6
50036,6
50037,6
50038,6
50039,6
50040,6
50041,6
50042,6
50043,6
50044,6
50045,6
50046,6
50047,6
50048,6
50049,6
50050,6
50051,6
50052,6
50053,6
50054,6
50055,6
50056,6
50057,6
50058,6
50059,6
50060,6
50061,6
50062,6
50063,6
50064,6
50065,6
50066,6
50067,6
50068,6
50069,6
50070,6
50071,6
50072,6
50073,6
50074,6
50075,6
50076,6
50077,6
50078,6
50079,6
50080,6
50081,6
50082,6
50083,6
50084,6
50085,6
50086,6
50087,6
50088,6
50089,6
50090,6
50091,6
50092,6
50093,6
50094,6
50095,6
50096,6
50097,6
50098,6
50099,6
50100,6
50101,6
50102,6
50103,6
50104,6
50105,6
50106,6
50107,6
50108,6
50109,6
50110,6
50111,6
50112,6
50113,6
50114,6
50115,6
50116,6
50117,6
50118,6
50119,6
50120,6
50121,6
50122,6
50123,6
50124,6
50125,6
50126,6
50127,6
50128,6
50129,6
50130,6
50131,6
50132,6
50133,6
50134,6
50135,6
50136,6
50137,6
50138,6
50139,6
50140,6
50141,6
50142,6
50143,6
50144,6
50145,6
50146,6
50147,6
50148,6
50149,6
50150,6
50151,6
50152,6
50153,6
50154,6
50155,6
50156,6
50157,6
50158,6
50159,6
50160,6
50161,6
50162,6
50163,6
50164,6
50165,6
50166,6
50167,6
50168,6
50169,6
50170,6
50171,6
50172,6
50173,6
50174,6
50175,6
50176,6
50177,6
50178,6
50179,6
50180,6
50181,6
50182,6
50183,6
50184,6
50185,6
50186,6
50187,6
50188,6
50189,6
50190,6
50191,6
50192,6
50193,6
50194,6
50195,6
50196,6
50197,6
50198,6
50199,6
50200,6
50201,6
50202,6
50203,6
50204,6
50205,6
50206,6
50207,6
50208,6
50209,6
50210,6
50211,6
50212,6
50213,6
50214,6
50215,6
50216,6
50217,6
50218,6
50219,6
50220,6
50221,6
50222,6
50223,6
50224,6
50225,6
50226,6
50227,6
50228,6
50229,6
50230,6
50231,6
50232,6
50233,6
50234,6
50235,6
50236,6
50237,6
50238,6
50239,6
50240,6
50241,6
50242,6
50243,6
50244,6
50245,6
50246,6
50247,6
50248,6
50249,6
50250,6
50251,6
50252,6
50253,6
50254,6
50255,6
50256,6
50257,6
50258,6
50259,6
50260,6
50261,6
50262,6
50263,6
50264,6
50265,6
50266,6
50267,6
50268,6
50269,6
50270,6
50271,6
50272,6
50273,6
50274,6
50275,6
50276,6
50277,6
50278,6
50279,6
50280,6
50281,6
50282,6
50283,6
50284,6
50285,6
50286,6
50287,6
50288,6
50289,6
50290,6
50291,6
50292,6
50293,6
50294,6
50295,6
50296,6
50297,6
50298,6
50299,6
50300,6
50301,6
50302,6
50303,6
50304,6
50305,6
50306,6
50307,6
50308,6
50309,6
50310,6
50311,6
50312,6
50313,6
50314,6
50315,6
50316,6
50317,6
50318,6
50319,6
50320,6
50321,6
50322,6
50323,6
50324,6
50325,6
50326,6
50327,6
50328,6
50329,6
50330,6
50331,6
50332,6
50333,6
50334,6
50335,6
50336,6
50337,6
50338,6
50339,6
50340,6
50341,6
50342,6
50343,6
50344,6
50345,6
50346,6
50347,6
50348,6
50349,6
50350,6
50351,6
50352,6
50353,6
50354,6
50355,6
50356,6
50357,6
50358,6
50359,6
50360,6
50361,6
50362,6
50363,6
50364,6
50365,6
50366,6
50367,6
50368,6
50369,6
50370,6
50371,6
50372,6
50373,6
50374,6
50375,6
50376,6
50377,6
50378,6
50379,6
50380,6
50381,6
50382,6
50383,6
50384,6
50385,6
50386,6
50387,6
50388,6
50389,6
50390,6
50391,6
50392,6
50393,6
50394,6
50395,6
50396,6
50397,6
50398,6
50399,6
50400,6
50401,6
50402,6
50403,6
50404,6
50405,6
50406,6
50407,6
50408,6
50409,6
50410,6
50411,6
50412,6
50413,6
50414,6
50415,6
50416,6
50417,6
50418,6
50419,6
50420,6
50421,6
50422,6
50423,6
50424,6
50425,6
50426,6
50427,6
50428,6
50429,6
50430,6
50431,6
50432,6
50433,6
50434,6
50435,6
50436,6
50437,6
50438,6
50439,6
50440,6
50441,6
50442,6
50443,6
50444,6
50445,6
50446,6
50447,6
50448,6
50449,6
50450,6
50451,6
50452,6
50453,6
50454,6
50455,6
50456,6
50457,6
50458,6
50459,6
50460,6
50461,6
50462,6
50463,6
50464,6
50465,6
50466,6
50467,6
50468,6
50469,6
50470,6
50471,6
50472,6
50473,6
50474,6
50475,6
50476,6
50477,6
50478,6
50479,6
50480,6
50481,6
50482,6
50483,6
50484,6
50485,6
50486,6
50487,6
50488,6
50489,6
50490,6
50491,6
50492,6
50493,6
50494,6
50495,6
50496,6
50497,6
50498,6
50499,6
50500,6
50501,6
50502,6
50503,6
50504,6
50505,6
50506,6
50507,6
50508,6
50509,6
50510,6
50511,6
50512,6
50513,6
50514,6
50515,6
50516,6
50517,6
50518,6
50519,6
50520,6
50521,6
50522,6
50523,6
50524,6
50525,6
50526,6
50527,6
50528,6
50529,6
50530,6
50531,6
50532,6
50533,6
50534,6
50535,6
50536,6
50537,6
50538,6
50539,6
50540,6
50541,6
50542,6
50543,6
50544,6
50545,6
50546,6
50547,6
50548,6
50549,6
50550,6
50551,6
50552,6
50553,6
50554,6
50555,6
50556,6
50557,6
50558,6
50559,6
50560,6
50561,6
50562,6
50563,6
50564,6
50565,6
50566,6
50567,6
50568,6
50569,6
50570,6
50571,6
50572,6
50573,6
50574,6
50575,6
50576,6
50577,6
50578,6
50579,6
50580,6
50581,6
50582,6
50583,6
50584,6
50585,6
50586,6
50587,6
50588,6
50589,6
50590,6
50591,6
50592,6
50593,6
50594,6
50595,6
50596,6
50597,6
50598,6
50599,6
50600,6
50601,6
50602,6
50603,6
50604,6
50605,6
50606,6
50607,6
50608,6
50609,6
50610,6
50611,6
50612,6
50613,6
50614,6
50615,6
50616,6
50617,6
50618,6
50619,6
50620,6
50621,6
50622,6
50623,6
50624,6
50625,6
50626,6
50627,6
50628,6
50629,6
50630,6
50631,6
50632,6
50633,6
50634,6
50635,6
50636,6
50637,6
50638,6
50639,6
50640,6
50641,6
50642,6
50643,6
50644,6
50645,6
50646,6
50647,6
50648,6
50649,6
50650,6
50651,6
50652,6
50653,6
50654,6
50655,6
50656,6
50657,6
50658,6
50659,6
50660,6
50661,6
50662,6
50663,6
50664,6
50665,6
50666,6
50667,6
50668,6
50669,6
50670,6
50671,6
50672,6
50673,6
50674,6
50675,6
50676,6
50677,6
50678,6
50679,6
50680,6
50681,6
50682,6
50683,6
50684,6
50685,6
50686,6
50687,6
50688,6
50689,6
50690,6
50691,6
50692,6
50693,6
50694,6
50695,6
50696,6
50697,6
50698,6
50699,6
50700,6
50701,6
50702,6
50703,6
50704,6
50705,6
50706,6
50707,6
50708,6
50709,6
50710,6
50711,6
50712,6
50713,6
50714,6
50715,6
50716,6
50717,6
50718,6
50719,6
50720,6
50721,6
50722,6
50723,6
50724,6
50725,6
50726,6
50727,6
50728,6
50729,6
50730,6
50731,6
50732,6
50733,6
50734,6
50735,6
50736,6
50737,6
50738,6
50739,6
50740,6
50741,6
50742,6
50743,6
50744,6
50745,6
50746,6
50747,6
50748,6
50749,6
50750,6
50751,6
50752,6
50753,6
50754,6
50755,6
50756,6
50757,6
50758,6
50759,6
50760,6
50761,6
50762,6
50763,6
50764,6
50765,6
50766,6
50767,6
50768,6
50769,6
50770,6
50771,6
50772,6
50773,6
50774,6
50775,6
50776,6
50777,6
50778,6
50779,6
50780,6
50781,6
50782,6
50783,6
50784,6
50785,6
50786,6
50787,6
50788,6
50789,6
50790,6
50791,6
50792,6
50793,6
50794,6
50795,6
50796,6
50797,6
50798,6
50799,6
50800,6
50801,6
50802,6
50803,6
50804,6
50805,6
50806,6
50807,6
50808,6
50809,6
50810,6
50811,6
50812,6
50813,6
50814,6
50815,6
50816,6
50817,6
50818,6
50819,6
50820,6
50821,6
50822,6
50823,6
50824,6
50825,6
50826,6
50827,6
50828,6
50829,6
50830,6
50831,6
50832,6
50833,6
50834,6
50835,6
50836,6
50837,6
50838,6
50839,6
50840,6
50841,6
50842,6
50843,6
50844,6
50845,6
50846,6
50847,6
50848,6
50849,6
50850,6
50851,6
50852,6
50853,6
50854,6
50855,6
50856,6
50857,6
50858,6
50859,6
50860,6
50861,6
50862,6
50863,6
50864,6
50865,6
50866,6
50867,6
50868,6
50869,6
50870,6
50871,6
50872,6
50873,6
50874,6
50875,6
50876,6
50877,6
50878,6
50879,6
50880,6
50881,6
50882,6
50883,6
50884,5
50885,5
50886,5
50887,5
50888,5
50889,5
50890,5
50891,5
50892,5
50893,5
50894,5
50895,5
50896,5
50897,5
50898,5
50899,5
50900,5
50901,5
50902,5
50903,5
50904,5
50905,5
50906,5
50907,5
50908,5
50909,5
50910,5
50911,5
50912,5
50913,5
50914,5
50915,5
50916,5
50917,5
50918,5
50919,5
50920,5
50921,5
50922,5
50923,5
50924,5
50925,5
50926,5
50927,5
50928,5
50929,5
50930,5
50931,5
50932,5
50933,5
50934,5
50935,5
50936,5
50937,5
50938,5
50939,5
50940,5
50941,5
50942,5
50943,5
50944,5
50945,5
50946,5
50947,5
50948,5
50949,5
50950,5
50951,5
50952,5
50953,5
50954,5
50955,5
50956,5
50957,5
50958,5
50959,5
50960,5
50961,5
50962,5
50963,5
50964,5
50965,5
50966,5
50967,5
50968,5
50969,5
50970,5
50971,5
50972,5
50973,5
50974,5
50975,5
50976,5
50977,5
50978,5
50979,5
50980,5
50981,5
50982,5
50983,5
50984,5
50985,5
50986,5
50987,5
50988,5
50989,5
50990,5
50991,5
50992,5
50993,5
50994,5
50995,5
50996,5
50997,5
50998,5
50999,5
51000,5
51001,5
51002,5
51003,5
51004,5
51005,5
51006,5
51007,5
51008,5
51009,5
51010,5
51011,5
51012,5
51013,5
51014,5
51015,5
51016,5
51017,5
51018,5
51019,5
51020,5
51021,5
51022,5
51023,5
51024,5
51025,5
51026,5
51027,5
51028,5
51029,5
51030,5
51031,5
51032,5
51033,5
51034,5
51035,5
51036,5
51037,5
51038,5
51039,5
51040,5
51041,5
51042,5
51043,5
51044,5
51045,5
51046,5
51047,5
51048,5
51049,5
51050,5
51051,5
51052,5
51053,5
51054,5
51055,5
51056,5
51057,5
51058,5
51059,5
51060,5
51061,5
51062,5
51063,5
51064,5
51065,5
51066,5
51067,5
51068,5
51069,5
51070,5
51071,5
51072,5
51073,5
51074,5
51075,5
51076,5
51077,5
51078,5
51079,5
51080,5
51081,5
51082,5
51083,5
51084,5
51085,5
51086,5
51087,5
51088,5
51089,5
51090,5
51091,5
51092,5
51093,5
51094,5
51095,5
51096,5
51097,5
51098,5
51099,5
51100,5
51101,5
51102,5
51103,5
51104,5
51105,5
51106,5
51107,5
51108,5
51109,5
51110,5
51111,5
51112,5
51113,5
51114,5
51115,5
51116,5
51117,5
51118,5
51119,5
51120,5
51121,5
51122,5
51123,5
51124,5
51125,5
51126,5
51127,5
51128,5
51129,5
51130,5
51131,5
51132,5
51133,5
51134,5
51135,5
51136,5
51137,5
51138,5
51139,5
51140,5
51141,5
51142,5
51143,5
51144,5
51145,5
51146,5
51147,5
51148,5
51149,5
51150,5
51151,5
51152,5
51153,5
51154,5
51155,5
51156,5
51157,5
51158,5
51159,5
51160,5
51161,5
51162,5
51163,5
51164,5
51165,5
51166,5
51167,5
51168,5
51169,5
51170,5
51171,5
51172,5
51173,5
51174,5
51175,5
51176,5
51177,5
51178,5
51179,5
51180,5
51181,5
51182,5
51183,5
51184,5
51185,5
51186,5
51187,5
51188,5
51189,5
51190,5
51191,5
51192,5
51193,5
51194,5
51195,5
51196,5
51197,5
51198,5
51199,5
51200,5
51201,5
51202,5
51203,5
51204,5
51205,5
51206,5
51207,5
51208,5
51209,5
51210,5
51211,5
51212,5
51213,5
51214,5
51215,5
51216,5
51217,5
51218,5
51219,5
51220,5
51221,5
51222,5
51223,5
51224,5
51225,5
51226,5
51227,5
51228,5
51229,5
51230,5
51231,5
51232,5
51233,5
51234,5
51235,5
51236,5
51237,5
51238,5
51239,5
51240,5
51241,5
51242,5
51243,5
51244,5
51245,5
51246,5
51247,5
51248,5
51249,5
51250,5
51251,5
51252,5
51253,5
51254,5
51255,5
51256,5
51257,5
51258,5
51259,5
51260,5
51261,5
51262,5
51263,5
51264,5
51265,5
51266,5
51267,5
51268,5
51269,5
51270,5
51271,5
51272,5
51273,5
51274,5
51275,5
51276,5
51277,5
51278,5
51279,5
51280,5
51281,5
51282,5
51283,5
51284,5
51285,5
51286,5
51287,5
51288,5
51289,5
51290,5
51291,5
51292,5
51293,5
51294,5
51295,5
51296,5
51297,5
51298,5
51299,5
51300,5
51301,5
51302,5
51303,5
51304,5
51305,5
51306,5
51307,5
51308,5
51309,5
51310,5
51311,5
51312,5
51313,5
51314,5
51315,5
51316,5
51317,5
51318,5
51319,5
51320,5
51321,5
51322,5
51323,5
51324,5
51325,5
51326,5
51327,5
51328,5
51329,5
51330,5
51331,5
51332,5
51333,5
51334,5
51335,5
51336,5
51337,5
51338,5
51339,5
51340,5
51341,5
51342,5
51343,5
51344,5
51345,5
51346,5
51347,5
51348,5
51349,5
51350,5
51351,5
51352,5
51353,5
51354,5
51355,5
51356,5
51357,5
51358,5
51359,5
51360,5
51361,5
51362,5
51363,5
51364,5
51365,5
51366,5
51367,5
51368,5
51369,5
51370,5
51371,5
51372,5
51373,5
51374,5
51375,5
51376,5
51377,5
51378,5
51379,5
51380,5
51381,5
51382,5
51383,5
51384,5
51385,5
51386,5
51387,5
51388,5
51389,5
51390,5
51391,5
51392,5
51393,5
51394,5
51395,5
51396,5
51397,5
51398,5
51399,5
51400,5
51401,5
51402,5
51403,5
51404,5
51405,5
51406,5
51407,5
51408,5
51409,5
51410,5
51411,5
51412,5
51413,5
51414,5
51415,5
51416,5
51417,5
51418,5
51419,5
51420,5
51421,5
51422,5
51423,5
51424,5
51425,5
51426,5
51427,5
51428,5
51429,5
51430,5
51431,5
51432,5
51433,5
51434,5
51435,5
51436,5
51437,5
51438,5
51439,5
51440,5
51441,5
51442,5
51443,5
51444,5
51445,5
51446,5
51447,5
51448,5
51449,5
51450,5
51451,5
51452,5
51453,5
51454,5
51455,5
51456,5
51457,5
51458,5
51459,5
51460,5
51461,5
51462,5
51463,5
51464,5
51465,5
51466,5
51467,5
51468,5
51469,5
51470,5
51471,5
51472,5
51473,5
51474,5
51475,5
51476,5
51477,5
51478,5
51479,5
51480,5
51481,5
51482,5
51483,5
51484,5
51485,5
51486,5
51487,5
51488,5
51489,5
51490,5
51491,5
51492,5
51493,5
51494,5
51495,5
51496,5
51497,5
51498,5
51499,5
51500,5
51501,5
51502,5
51503,5
51504,5
51505,5
51506,5
51507,5
51508,5
51509,5
51510,5
51511,5
51512,5
51513,5
51514,5
51515,5
51516,5
51517,5
51518,5
51519,5
51520,5
51521,5
51522,5
51523,5
51524,5
51525,5
51526,5
51527,5
51528,5
51529,5
51530,5
51531,5
51532,5
51533,5
51534,5
51535,5
51536,5
51537,5
51538,5
51539,5
51540,5
51541,5
51542,5
51543,5
51544,5
51545,5
51546,5
51547,5
51548,5
51549,5
51550,5
51551,5
51552,5
51553,5
51554,5
51555,5
51556,5
51557,5
51558,5
51559,5
51560,5
51561,5
51562,5
51563,5
51564,5
51565,5
51566,5
51567,5
51568,5
51569,5
51570,5
51571,5
51572,5
51573,5
51574,5
51575,5
51576,5
51577,5
51578,5
51579,5
51580,5
51581,5
51582,5
51583,5
51584,5
51585,5
51586,5
51587,5
51588,5
51589,5
51590,5
51591,5
51592,5
51593,5
51594,5
51595,5
51596,5
51597,5
51598,5
51599,5
51600,5
51601,5
51602,5
51603,5
51604,5
51605,5
51606,5
51607,5
51608,5
51609,5
51610,5
51611,5
51612,5
51613,5
51614,5
51615,5
51616,5
51617,5
51618,5
51619,5
51620,5
51621,5
51622,5
51623,5
51624,5
51625,5
51626,5
51627,5
51628,5
51629,5
51630,5
51631,5
51632,5
51633,5
51634,5
51635,5
51636,5
51637,5
51638,5
51639,5
51640,5
51641,5
51642,5
51643,5
51644,5
51645,5
51646,5
51647,5
51648,5
51649,5
51650,5
51651,5
51652,5
51653,5
51654,5
51655,5
51656,5
51657,5
51658,5
51659,5
51660,5
51661,5
51662,5
51663,5
51664,5
51665,5
51666,5
51667,5
51668,5
51669,5
51670,5
51671,5
51672,5
51673,5
51674,5
51675,5
51676,5
51677,5
51678,5
51679,5
51680,5
51681,5
51682,5
51683,5
51684,5
51685,5
51686,5
51687,5
51688,5
51689,5
51690,5
51691,5
51692,5
51693,5
51694,5
51695,5
51696,5
51697,5
51698,5
51699,5
51700,5
51701,5
51702,5
51703,5
51704,5
51705,5
51706,5
51707,5
51708,5
51709,5
51710,5
51711,5
51712,5
51713,5
51714,5
51715,5
51716,5
51717,5
51718,5
51719,5
51720,5
51721,5
51722,5
51723,5
51724,5
51725,5
51726,5
51727,5
51728,5
51729,5
51730,5
51731,5
51732,5
51733,5
51734,5
51735,5
51736,5
51737,5
51738,5
51739,5
51740,5
51741,5
51742,5
51743,5
51744,5
51745,5
51746,5
51747,5
51748,5
51749,5
51750,5
51751,5
51752,5
51753,5
51754,5
51755,5
51756,5
51757,5
51758,5
51759,5
51760,5
51761,5
51762,5
51763,5
51764,5
51765,5
51766,5
51767,5
51768,5
51769,5
51770,5
51771,5
51772,5
51773,5
51774,5
51775,5
51776,5
51777,5
51778,5
51779,5
51780,5
51781,5
51782,5
51783,5
51784,5
51785,5
51786,5
51787,5
51788,5
51789,5
51790,5
51791,5
51792,5
51793,5
51794,5
51795,5
51796,5
51797,5
51798,5
51799,5
51800,5
51801,5
51802,5
51803,5
51804,5
51805,5
51806,5
51807,5
51808,5
51809,5
51810,5
51811,5
51812,5
51813,5
51814,5
51815,5
51816,5
51817,5
51818,5
51819,5
51820,5
51821,5
51822,5
51823,5
51824,5
51825,5
51826,5
51827,5
51828,5
51829,5
51830,5
51831,5
51832,5
51833,5
51834,5
51835,5
51836,5
51837,5
51838,5
51839,5
51840,5
51841,5
51842,5
51843,5
51844,5
51845,5
51846,5
51847,5
51848,5
51849,5
51850,5
51851,5
51852,5
51853,5
51854,5
51855,5
51856,5
51857,5
51858,5
51859,5
51860,5
51861,5
51862,5
51863,5
51864,5
51865,5
51866,5
51867,5
51868,5
51869,5
51870,5
51871,5
51872,5
51873,5
51874,5
51875,5
51876,5
51877,5
51878,5
51879,5
51880,5
51881,5
51882,5
51883,5
51884,5
51885,5
51886,5
51887,5
51888,5
51889,5
51890,5
51891,5
51892,5
51893,5
51894,5
51895,5
51896,5
51897,5
51898,5
51899,5
51900,5
51901,5
51902,5
51903,5
51904,5
51905,5
51906,5
51907,5
51908,5
51909,5
51910,5
51911,5
51912,5
51913,5
51914,5
51915,5
51916,5
51917,5
51918,5
51919,5
51920,5
51921,5
51922,5
51923,5
51924,5
51925,5
51926,5
51927,5
51928,5
51929,5
51930,5
51931,5
51932,5
51933,5
51934,5
51935,5
51936,5
51937,5
51938,5
51939,5
51940,5
51941,5
51942,5
51943,5
51944,5
51945,5
51946,5
51947,5
51948,5
51949,5
51950,5
51951,5
51952,5
51953,5
51954,5
51955,5
51956,5
51957,5
51958,5
51959,5
51960,5
51961,5
51962,5
51963,5
51964,5
51965,5
51966,5
51967,5
51968,5
51969,5
51970,5
51971,5
51972,5
51973,5
51974,5
51975,5
51976,5
51977,5
51978,5
51979,5
51980,5
51981,5
51982,5
51983,5
51984,5
51985,5
51986,5
51987,5
51988,5
51989,5
51990,5
51991,5
51992,5
51993,5
51994,5
51995,5
51996,5
51997,5
51998,5
51999,5
52000,5
52001,5
52002,5
52003,5
52004,5
52005,5
52006,5
52007,5
52008,5
52009,5
52010,5
52011,5
52012,5
52013,5
52014,5
52015,5
52016,5
52017,5
52018,5
52019,5
52020,5
52021,5
52022,5
52023,5
52024,5
52025,5
52026,5
52027,5
52028,5
52029,5
52030,5
52031,5
52032,5
52033,5
52034,5
52035,5
52036,5
52037,5
52038,5
52039,5
52040,5
52041,5
52042,5
52043,5
52044,5
52045,5
52046,5
52047,5
52048,5
52049,5
52050,5
52051,5
52052,5
52053,5
52054,5
52055,5
52056,5
52057,5
52058,5
52059,5
52060,5
52061,5
52062,5
52063,5
52064,5
52065,5
52066,5
52067,5
52068,5
52069,5
52070,5
52071,5
52072,5
52073,5
52074,5
52075,5
52076,5
52077,5
52078,5
52079,5
52080,5
52081,5
52082,5
52083,5
52084,5
52085,5
52086,5
52087,5
52088,5
52089,5
52090,5
52091,5
52092,5
52093,5
52094,5
52095,5
52096,5
52097,5
52098,5
52099,5
52100,5
52101,5
52102,5
52103,5
52104,5
52105,5
52106,5
52107,5
52108,5
52109,5
52110,5
52111,5
52112,5
52113,5
52114,5
52115,5
52116,5
52117,5
52118,5
52119,5
52120,5
52121,5
52122,5
52123,5
52124,5
52125,5
52126,5
52127,5
52128,5
52129,5
52130,5
52131,5
52132,5
52133,5
52134,5
52135,5
52136,5
52137,5
52138,5
52139,5
52140,5
52141,5
52142,5
52143,5
52144,5
52145,5
52146,5
52147,5
52148,5
52149,5
52150,5
52151,5
52152,5
52153,5
52154,5
52155,5
52156,5
52157,5
52158,5
52159,5
52160,5
52161,5
52162,5
52163,5
52164,5
52165,5
52166,5
52167,5
52168,5
52169,5
52170,5
52171,5
52172,5
52173,5
52174,5
52175,5
52176,5
52177,5
52178,5
52179,5
52180,5
52181,5
52182,5
52183,5
52184,5
52185,5
52186,5
52187,5
52188,5
52189,5
52190,5
52191,5
52192,5
52193,5
52194,5
52195,5
52196,5
52197,5
52198,5
52199,5
52200,5
52201,5
52202,5
52203,5
52204,5
52205,5
52206,5
52207,5
52208,5
52209,5
52210,5
52211,5
52212,5
52213,5
52214,5
52215,5
52216,5
52217,5
52218,5
52219,5
52220,5
52221,5
52222,5
52223,5
52224,5
52225,5
52226,5
52227,5
52228,5
52229,5
52230,5
52231,5
52232,5
52233,5
52234,5
52235,5
52236,5
52237,5
52238,5
52239,5
52240,5
52241,5
52242,5
52243,5
52244,5
52245,5
52246,5
52247,5
52248,5
52249,5
52250,5
52251,5
52252,5
52253,5
52254,5
52255,5
52256,5
52257,5
52258,5
52259,5
52260,5
52261,5
52262,5
52263,5
52264,5
52265,5
52266,5
52267,5
52268,5
52269,5
52270,5
52271,5
52272,5
52273,5
52274,5
52275,5
52276,5
52277,5
52278,5
52279,5
52280,5
52281,5
52282,5
52283,5
52284,5
52285,5
52286,5
52287,5
52288,5
52289,5
52290,5
52291,5
52292,5
52293,5
52294,5
52295,5
52296,5
52297,5
52298,5
52299,5
52300,5
52301,5
52302,5
52303,5
52304,5
52305,5
52306,5
52307,5
52308,5
52309,5
52310,5
52311,5
52312,5
52313,5
52314,5
52315,5
52316,5
52317,5
52318,5
52319,5
52320,5
52321,5
52322,5
52323,5
52324,5
52325,5
52326,5
52327,5
52328,5
52329,5
52330,5
52331,5
52332,5
52333,5
52334,5
52335,5
52336,5
52337,5
52338,5
52339,5
52340,5
52341,5
52342,5
52343,5
52344,5
52345,5
52346,5
52347,5
52348,5
52349,5
52350,5
52351,5
52352,5
52353,5
52354,5
52355,5
52356,5
52357,5
52358,5
52359,5
52360,5
52361,5
52362,5
52363,5
52364,5
52365,5
52366,5
52367,5
52368,5
52369,5
52370,5
52371,5
52372,5
52373,5
52374,5
52375,5
52376,5
52377,5
52378,5
52379,5
52380,5
52381,5
52382,5
52383,5
52384,5
52385,5
52386,5
52387,5
52388,5
52389,5
52390,5
52391,5
52392,5
52393,5
52394,5
52395,5
52396,5
52397,5
52398,5
52399,5
52400,5
52401,5
52402,5
52403,5
52404,5
52405,5
52406,5
52407,5
52408,5
52409,5
52410,5
52411,5
52412,5
52413,5
52414,5
52415,5
52416,5
52417,5
52418,5
52419,5
52420,5
52421,5
52422,5
52423,5
52424,5
52425,5
52426,5
52427,5
52428,5
52429,5
52430,5
52431,5
52432,5
52433,5
52434,5
52435,5
52436,5
52437,5
52438,5
52439,5
52440,5
52441,5
52442,5
52443,5
52444,5
52445,5
52446,5
52447,5
52448,5
52449,5
52450,5
52451,5
52452,5
52453,5
52454,5
52455,5
52456,5
52457,5
52458,5
52459,5
52460,5
52461,5
52462,5
52463,5
52464,5
52465,5
52466,5
52467,5
52468,5
52469,5
52470,5
52471,5
52472,5
52473,5
52474,5
52475,5
52476,5
52477,5
52478,5
52479,5
52480,5
52481,5
52482,5
52483,5
52484,5
52485,5
52486,5
52487,5
52488,5
52489,5
52490,5
52491,5
52492,5
52493,5
52494,5
52495,5
52496,5
52497,5
52498,5
52499,5
52500,5
52501,5
52502,5
52503,5
52504,5
52505,5
52506,5
52507,5
52508,5
52509,5
52510,5
52511,5
52512,5
52513,5
52514,5
52515,5
52516,5
52517,5
52518,5
52519,5
52520,5
52521,5
52522,5
52523,5
52524,5
52525,5
52526,5
52527,5
52528,5
52529,5
52530,5
52531,5
52532,5
52533,5
52534,5
52535,5
52536,5
52537,5
52538,5
52539,5
52540,5
52541,5
52542,5
52543,5
52544,5
52545,5
52546,5
52547,5
52548,5
52549,5
52550,5
52551,5
52552,5
52553,5
52554,5
52555,5
52556,5
52557,5
52558,5
52559,5
52560,5
52561,5
52562,5
52563,5
52564,5
52565,5
52566,5
52567,5
52568,5
52569,5
52570,5
52571,5
52572,5
52573,5
52574,5
52575,5
52576,5
52577,5
52578,5
52579,5
52580,5
52581,5
52582,5
52583,5
52584,5
52585,5
52586,5
52587,5
52588,5
52589,5
52590,5
52591,5
52592,5
52593,5
52594,5
52595,5
52596,5
52597,5
52598,5
52599,5
52600,5
52601,5
52602,5
52603,5
52604,5
52605,5
52606,5
52607,5
52608,5
52609,5
52610,5
52611,5
52612,5
52613,5
52614,5
52615,5
52616,5
52617,5
52618,5
52619,5
52620,5
52621,5
52622,5
52623,5
52624,5
52625,5
52626,5
52627,5
52628,5
52629,5
52630,5
52631,5
52632,5
52633,5
52634,5
52635,5
52636,5
52637,5
52638,5
52639,5
52640,5
52641,5
52642,5
52643,5
52644,5
52645,5
52646,5
52647,5
52648,5
52649,5
52650,5
52651,5
52652,5
52653,5
52654,5
52655,5
52656,5
52657,5
52658,5
52659,5
52660,5
52661,5
52662,5
52663,5
52664,5
52665,5
52666,5
52667,5
52668,5
52669,5
52670,5
52671,5
52672,5
52673,5
52674,5
52675,5
52676,5
52677,5
52678,5
52679,5
52680,5
52681,5
52682,5
52683,5
52684,5
52685,5
52686,5
52687,5
52688,5
52689,5
52690,5
52691,5
52692,5
52693,5
52694,5
52695,5
52696,5
52697,5
52698,5
52699,5
52700,5
52701,5
52702,5
52703,5
52704,5
52705,5
52706,5
52707,5
52708,5
52709,5
52710,5
52711,5
52712,5
52713,5
52714,5
52715,5
52716,5
52717,5
52718,5
52719,5
52720,5
52721,5
52722,5
52723,5
52724,5
52725,5
52726,5
52727,5
52728,5
52729,5
52730,5
52731,5
52732,5
52733,5
52734,5
52735,5
52736,5
52737,5
52738,5
52739,5
52740,5
52741,5
52742,5
52743,5
52744,5
52745,5
52746,5
52747,5
52748,5
52749,5
52750,5
52751,5
52752,5
52753,5
52754,5
52755,5
52756,5
52757,5
52758,5
52759,5
52760,5
52761,5
52762,5
52763,5
52764,5
52765,5
52766,5
52767,5
52768,5
52769,5
52770,5
52771,5
52772,5
52773,5
52774,5
52775,5
52776,5
52777,5
52778,5
52779,5
52780,5
52781,5
52782,5
52783,5
52784,5
52785,5
52786,5
52787,5
52788,5
52789,5
52790,5
52791,5
52792,5
52793,5
52794,5
52795,5
52796,5
52797,5
52798,5
52799,5
52800,5
52801,5
52802,5
52803,5
52804,5
52805,5
52806,5
52807,5
52808,5
52809,5
52810,5
52811,5
52812,5
52813,5
52814,5
52815,5
52816,5
52817,5
52818,5
52819,5
52820,5
52821,5
52822,5
52823,5
52824,5
52825,5
52826,5
52827,5
52828,5
52829,5
52830,5
52831,5
52832,5
52833,5
52834,5
52835,5
52836,5
52837,5
52838,5
52839,5
52840,5
52841,5
52842,5
52843,5
52844,5
52845,5
52846,5
52847,5
52848,5
52849,5
52850,5
52851,5
52852,5
52853,5
52854,5
52855,5
52856,5
52857,5
52858,5
52859,5
52860,5
52861,5
52862,5
52863,5
52864,5
52865,5
52866,5
52867,5
52868,5
52869,5
52870,5
52871,5
52872,5
52873,5
52874,5
52875,5
52876,5
52877,5
52878,5
52879,5
52880,5
52881,5
52882,5
52883,5
52884,5
52885,5
52886,5
52887,5
52888,5
52889,5
52890,5
52891,5
52892,5
52893,5
52894,5
52895,5
52896,5
52897,5
52898,5
52899,5
52900,5
52901,5
52902,5
52903,5
52904,5
52905,5
52906,5
52907,5
52908,5
52909,5
52910,5
52911,5
52912,5
52913,5
52914,5
52915,5
52916,5
52917,5
52918,5
52919,5
52920,5
52921,5
52922,5
52923,5
52924,5
52925,5
52926,5
52927,5
52928,5
52929,5
52930,5
52931,5
52932,5
52933,5
52934,5
52935,5
52936,5
52937,5
52938,5
52939,5
52940,5
52941,5
52942,5
52943,5
52944,5
52945,5
52946,5
52947,5
52948,5
52949,5
52950,5
52951,5
52952,5
52953,5
52954,5
52955,5
52956,5
52957,5
52958,5
52959,5
52960,5
52961,5
52962,5
52963,5
52964,5
52965,5
52966,5
52967,5
52968,5
52969,5
52970,5
52971,5
52972,5
52973,5
52974,5
52975,5
52976,5
52977,5
52978,5
52979,5
52980,5
52981,5
52982,5
52983,5
52984,5
52985,5
52986,5
52987,5
52988,5
52989,5
52990,5
52991,5
52992,5
52993,5
52994,5
52995,5
52996,5
52997,5
52998,5
52999,5
53000,5
53001,5
53002,5
53003,5
53004,5
53005,5
53006,5
53007,5
53008,5
53009,5
53010,5
53011,5
53012,5
53013,5
53014,5
53015,5
53016,5
53017,5
53018,5
53019,5
53020,5
53021,5
53022,5
53023,5
53024,5
53025,5
53026,5
53027,5
53028,5
53029,5
53030,5
53031,5
53032,5
53033,5
53034,5
53035,5
53036,5
53037,5
53038,5
53039,5
53040,5
53041,5
53042,5
53043,5
53044,5
53045,5
53046,5
53047,5
53048,5
53049,5
53050,5
53051,5
53052,5
53053,5
53054,5
53055,5
53056,5
53057,5
53058,5
53059,5
53060,5
53061,5
53062,5
53063,5
53064,5
53065,5
53066,5
53067,5
53068,5
53069,5
53070,5
53071,5
53072,5
53073,5
53074,5
53075,5
53076,5
53077,5
53078,5
53079,5
53080,5
53081,5
53082,5
53083,5
53084,5
53085,5
53086,5
53087,5
53088,5
53089,5
53090,5
53091,5
53092,5
53093,5
53094,5
53095,5
53096,5
53097,5
53098,5
53099,5
53100,5
53101,5
53102,5
53103,5
53104,5
53105,5
53106,5
53107,5
53108,5
53109,5
53110,5
53111,5
53112,5
53113,5
53114,5
53115,5
53116,5
53117,5
53118,5
53119,5
53120,5
53121,5
53122,5
53123,5
53124,5
53125,5
53126,5
53127,5
53128,5
53129,5
53130,5
53131,5
53132,5
53133,5
53134,5
53135,5
53136,5
53137,5
53138,5
53139,5
53140,5
53141,5
53142,5
53143,5
53144,5
53145,5
53146,5
53147,5
53148,5
53149,5
53150,5
53151,5
53152,5
53153,5
53154,5
53155,5
53156,5
53157,5
53158,5
53159,5
53160,5
53161,5
53162,5
53163,5
53164,5
53165,5
53166,5
53167,5
53168,5
53169,5
53170,5
53171,5
53172,5
53173,5
53174,5
53175,5
53176,5
53177,5
53178,5
53179,5
53180,5
53181,5
53182,5
53183,5
53184,5
53185,5
53186,5
53187,5
53188,5
53189,5
53190,5
53191,5
53192,5
53193,5
53194,5
53195,5
53196,5
53197,5
53198,5
53199,5
53200,5
53201,5
53202,5
53203,5
53204,5
53205,5
53206,5
53207,5
53208,5
53209,5
53210,5
53211,5
53212,5
53213,5
53214,5
53215,5
53216,5
53217,5
53218,5
53219,5
53220,5
53221,5
53222,5
53223,5
53224,5
53225,5
53226,5
53227,5
53228,5
53229,5
53230,5
53231,5
53232,5
53233,5
53234,5
53235,5
53236,5
53237,5
53238,5
53239,5
53240,5
53241,5
53242,5
53243,5
53244,5
53245,5
53246,5
53247,5
53248,5
53249,5
53250,5
53251,5
53252,5
53253,5
53254,5
53255,5
53256,5
53257,5
53258,5
53259,5
53260,5
53261,5
53262,5
53263,5
53264,5
53265,5
53266,5
53267,5
53268,5
53269,5
53270,5
53271,5
53272,5
53273,5
53274,5
53275,5
53276,5
53277,5
53278,5
53279,5
53280,5
53281,5
53282,5
53283,5
53284,5
53285,5
53286,5
53287,5
53288,5
53289,5
53290,5
53291,5
53292,5
53293,5
53294,5
53295,5
53296,5
53297,5
53298,5
53299,5
53300,5
53301,5
53302,5
53303,5
53304,5
53305,5
53306,5
53307,5
53308,5
53309,5
53310,5
53311,5
53312,5
53313,5
53314,5
53315,5
53316,5
53317,5
53318,5
53319,5
53320,5
53321,5
53322,5
53323,5
53324,5
53325,5
53326,5
53327,5
53328,5
53329,5
53330,5
53331,5
53332,5
53333,5
53334,5
53335,5
53336,5
53337,5
53338,5
53339,5
53340,5
53341,5
53342,5
53343,5
53344,5
53345,5
53346,5
53347,5
53348,5
53349,5
53350,5
53351,5
53352,5
53353,5
53354,5
53355,5
53356,5
53357,5
53358,5
53359,5
53360,5
53361,5
53362,5
53363,5
53364,5
53365,5
53366,5
53367,5
53368,5
53369,5
53370,5
53371,5
53372,5
53373,5
53374,5
53375,5
53376,5
53377,5
53378,5
53379,5
53380,5
53381,5
53382,5
53383,5
53384,5
53385,5
53386,5
53387,5
53388,5
53389,5
53390,5
53391,5
53392,5
53393,5
53394,5
53395,5
53396,5
53397,5
53398,5
53399,5
53400,5
53401,5
53402,5
53403,5
53404,5
53405,5
53406,5
53407,5
53408,5
53409,5
53410,5
53411,5
53412,5
53413,5
53414,5
53415,5
53416,5
53417,5
53418,5
53419,5
53420,5
53421,5
53422,5
53423,5
53424,5
53425,5
53426,5
53427,5
53428,5
53429,5
53430,5
53431,5
53432,5
53433,5
53434,5
53435,5
53436,5
53437,5
53438,5
53439,5
53440,5
53441,5
53442,5
53443,5
53444,5
53445,5
53446,5
53447,5
53448,5
53449,5
53450,5
53451,5
53452,5
53453,5
53454,5
53455,5
53456,5
53457,5
53458,5
53459,5
53460,5
53461,5
53462,5
53463,5
53464,5
53465,5
53466,5
53467,5
53468,5
53469,5
53470,5
53471,5
53472,5
53473,5
53474,5
53475,5
53476,5
53477,5
53478,5
53479,5
53480,5
53481,5
53482,5
53483,5
53484,5
53485,5
53486,5
53487,5
53488,5
53489,5
53490,5
53491,5
53492,5
53493,5
53494,5
53495,5
53496,5
53497,5
53498,5
53499,5
53500,5
53501,5
53502,5
53503,5
53504,5
53505,5
53506,5
53507,5
53508,5
53509,5
53510,5
53511,5
53512,5
53513,5
53514,5
53515,5
53516,5
53517,5
53518,5
53519,5
53520,5
53521,5
53522,5
53523,5
53524,5
53525,5
53526,5
53527,5
53528,5
53529,5
53530,5
53531,5
53532,5
53533,5
53534,5
53535,5
53536,5
53537,5
53538,5
53539,5
53540,5
53541,5
53542,5
53543,5
53544,5
53545,5
53546,5
53547,5
53548,5
53549,5
53550,5
53551,5
53552,5
53553,5
53554,5
53555,5
53556,5
53557,5
53558,5
53559,5
53560,5
53561,5
53562,5
53563,5
53564,5
53565,5
53566,5
53567,5
53568,5
53569,5
53570,5
53571,5
53572,5
53573,5
53574,5
53575,5
53576,5
53577,5
53578,5
53579,5
53580,5
53581,5
53582,5
53583,5
53584,5
53585,5
53586,5
53587,5
53588,5
53589,5
53590,5
53591,5
53592,5
53593,5
53594,5
53595,5
53596,5
53597,5
53598,5
53599,5
53600,5
53601,5
53602,5
53603,5
53604,5
53605,5
53606,5
53607,5
53608,5
53609,5
53610,5
53611,5
53612,5
53613,5
53614,5
53615,5
53616,5
53617,5
53618,5
53619,5
53620,5
53621,5
53622,5
53623,5
53624,5
53625,5
53626,5
53627,5
53628,5
53629,5
53630,5
53631,5
53632,5
53633,5
53634,5
53635,5
53636,5
53637,5
53638,5
53639,5
53640,5
53641,5
53642,5
53643,5
53644,5
53645,5
53646,5
53647,5
53648,5
53649,5
53650,5
53651,5
53652,5
53653,5
53654,5
53655,5
53656,5
53657,5
53658,5
53659,5
53660,5
53661,5
53662,5
53663,5
53664,5
53665,5
53666,5
53667,5
53668,5
53669,5
53670,5
53671,5
53672,5
53673,5
53674,5
53675,5
53676,5
53677,5
53678,5
53679,5
53680,5
53681,5
53682,5
53683,5
53684,5
53685,5
53686,5
53687,5
53688,5
53689,5
53690,5
53691,5
53692,5
53693,5
53694,5
53695,5
53696,5
53697,5
53698,5
53699,5
53700,5
53701,5
53702,5
53703,5
53704,5
53705,5
53706,5
53707,5
53708,5
53709,5
53710,5
53711,5
53712,5
53713,5
53714,5
53715,5
53716,5
53717,5
53718,5
53719,5
53720,5
53721,5
53722,5
53723,5
53724,5
53725,5
53726,5
53727,5
53728,5
53729,5
53730,5
53731,5
53732,5
53733,5
53734,5
53735,5
53736,5
53737,5
53738,5
53739,5
53740,5
53741,5
53742,5
53743,5
53744,5
53745,5
53746,5
53747,5
53748,5
53749,5
53750,5
53751,5
53752,5
53753,5
53754,5
53755,5
53756,5
53757,5
53758,5
53759,5
53760,5
53761,5
53762,5
53763,5
53764,5
53765,5
53766,5
53767,5
53768,5
53769,5
53770,5
53771,5
53772,5
53773,5
53774,5
53775,5
53776,5
53777,5
53778,5
53779,5
53780,5
53781,5
53782,5
53783,5
53784,5
53785,5
53786,5
53787,5
53788,5
53789,5
53790,5
53791,5
53792,5
53793,5
53794,5
53795,5
53796,5
53797,5
53798,5
53799,5
53800,5
53801,5
53802,5
53803,5
53804,5
53805,5
53806,5
53807,5
53808,5
53809,5
53810,5
53811,5
53812,5
53813,5
53814,5
53815,5
53816,5
53817,5
53818,5
53819,5
53820,5
53821,5
53822,5
53823,5
53824,5
53825,5
53826,5
53827,5
53828,5
53829,5
53830,5
53831,5
53832,5
53833,5
53834,5
53835,5
53836,5
53837,5
53838,5
53839,5
53840,5
53841,5
53842,5
53843,5
53844,5
53845,5
53846,5
53847,5
53848,5
53849,5
53850,5
53851,5
53852,5
53853,5
53854,5
53855,5
53856,5
53857,5
53858,5
53859,5
53860,5
53861,5
53862,5
53863,5
53864,5
53865,5
53866,5
53867,5
53868,5
53869,5
53870,5
53871,5
53872,5
53873,5
53874,5
53875,5
53876,5
53877,5
53878,5
53879,5
53880,5
53881,5
53882,5
53883,5
53884,5
53885,5
53886,5
53887,5
53888,5
53889,5
53890,5
53891,5
53892,5
53893,5
53894,5
53895,5
53896,5
53897,5
53898,5
53899,5
53900,5
53901,5
53902,5
53903,5
53904,5
53905,5
53906,5
53907,5
53908,5
53909,5
53910,5
53911,5
53912,5
53913,5
53914,5
53915,5
53916,5
53917,5
53918,5
53919,5
53920,5
53921,5
53922,5
53923,5
53924,5
53925,5
53926,5
53927,5
53928,5
53929,5
53930,5
53931,5
53932,5
53933,5
53934,5
53935,5
53936,5
53937,5
53938,5
53939,5
53940,5
53941,5
53942,5
53943,5
53944,5
53945,5
53946,5
53947,5
53948,5
53949,5
53950,5
53951,5
53952,5
53953,5
53954,5
53955,5
53956,5
53957,5
53958,5
53959,5
53960,5
53961,5
53962,5
53963,5
53964,5
53965,5
53966,5
53967,5
53968,5
53969,5
53970,5
53971,5
53972,5
53973,5
53974,5
53975,5
53976,5
53977,5
53978,5
53979,5
53980,5
53981,5
53982,5
53983,5
53984,5
53985,5
53986,5
53987,5
53988,5
53989,5
53990,5
53991,5
53992,5
53993,5
53994,5
53995,5
53996,5
53997,5
53998,5
53999,5
54000,5
54001,5
54002,5
54003,5
54004,5
54005,5
54006,5
54007,5
54008,5
54009,5
54010,5
54011,5
54012,5
54013,5
54014,5
54015,5
54016,5
54017,5
54018,5
54019,5
54020,5
54021,5
54022,5
54023,5
54024,5
54025,5
54026,5
54027,5
54028,5
54029,5
54030,5
54031,5
54032,5
54033,5
54034,5
54035,5
54036,5
54037,5
54038,5
54039,5
54040,5
54041,5
54042,5
54043,5
54044,5
54045,5
54046,5
54047,5
54048,5
54049,5
54050,5
54051,5
54052,5
54053,5
54054,5
54055,5
54056,5
54057,5
54058,5
54059,5
54060,5
54061,5
54062,5
54063,5
54064,5
54065,5
54066,5
54067,5
54068,5
54069,5
54070,5
54071,5
54072,5
54073,5
54074,5
54075,5
54076,5
54077,5
54078,5
54079,5
54080,5
54081,5
54082,5
54083,5
54084,5
54085,5
54086,5
54087,5
54088,5
54089,5
54090,5
54091,5
54092,5
54093,5
54094,5
54095,5
54096,5
54097,5
54098,5
54099,5
54100,5
54101,5
54102,5
54103,5
54104,5
54105,5
54106,5
54107,5
54108,5
54109,5
54110,5
54111,5
54112,5
54113,5
54114,5
54115,5
54116,5
54117,5
54118,5
54119,5
54120,5
54121,5
54122,5
54123,5
54124,5
54125,5
54126,5
54127,5
54128,5
54129,5
54130,5
54131,5
54132,5
54133,5
54134,5
54135,5
54136,5
54137,5
54138,5
54139,5
54140,5
54141,5
54142,5
54143,5
54144,5
54145,5
54146,5
54147,5
54148,5
54149,5
54150,5
54151,5
54152,5
54153,5
54154,5
54155,5
54156,5
54157,5
54158,5
54159,5
54160,5
54161,5
54162,5
54163,5
54164,5
54165,5
54166,5
54167,5
54168,5
54169,5
54170,5
54171,5
54172,5
54173,5
54174,5
54175,5
54176,5
54177,5
54178,5
54179,5
54180,5
54181,5
54182,5
54183,5
54184,5
54185,5
54186,5
54187,5
54188,5
54189,5
54190,5
54191,5
54192,5
54193,5
54194,5
54195,5
54196,5
54197,5
54198,5
54199,5
54200,5
54201,5
54202,5
54203,5
54204,5
54205,5
54206,5
54207,5
54208,5
54209,5
54210,5
54211,5
54212,5
54213,5
54214,5
54215,5
54216,5
54217,5
54218,5
54219,5
54220,5
54221,5
54222,5
54223,5
54224,5
54225,5
54226,5
54227,5
54228,5
54229,5
54230,5
54231,5
54232,5
54233,5
54234,5
54235,5
54236,5
54237,5
54238,5
54239,5
54240,5
54241,5
54242,5
54243,5
54244,5
54245,5
54246,5
54247,5
54248,5
54249,5
54250,5
54251,5
54252,5
54253,5
54254,5
54255,5
54256,5
54257,5
54258,5
54259,5
54260,5
54261,5
54262,5
54263,5
54264,5
54265,5
54266,5
54267,5
54268,5
54269,5
54270,5
54271,5
54272,5
54273,5
54274,5
54275,5
54276,5
54277,5
54278,5
54279,5
54280,5
54281,5
54282,5
54283,5
54284,5
54285,5
54286,5
54287,5
54288,5
54289,5
54290,5
54291,5
54292,5
54293,5
54294,5
54295,5
54296,5
54297,5
54298,5
54299,5
54300,5
54301,5
54302,4
54303,4
54304,4
54305,4
54306,4
54307,4
54308,4
54309,4
54310,4
54311,4
54312,4
54313,4
54314,4
54315,4
54316,4
54317,4
54318,4
54319,4
54320,4
54321,4
54322,4
54323,4
54324,4
54325,4
54326,4
54327,4
54328,4
54329,4
54330,4
54331,4
54332,4
54333,4
54334,4
54335,4
54336,4
54337,4
54338,4
54339,4
54340,4
54341,4
54342,4
54343,4
54344,4
54345,4
54346,4
54347,4
54348,4
54349,4
54350,4
54351,4
54352,4
54353,4
54354,4
54355,4
54356,4
54357,4
54358,4
54359,4
54360,4
54361,4
54362,4
54363,4
54364,4
54365,4
54366,4
54367,4
54368,4
54369,4
54370,4
54371,4
54372,4
54373,4
54374,4
54375,4
54376,4
54377,4
54378,4
54379,4
54380,4
54381,4
54382,4
54383,4
54384,4
54385,4
54386,4
54387,4
54388,4
54389,4
54390,4
54391,4
54392,4
54393,4
54394,4
54395,4
54396,4
54397,4
54398,4
54399,4
54400,4
54401,4
54402,4
54403,4
54404,4
54405,4
54406,4
54407,4
54408,4
54409,4
54410,4
54411,4
54412,4
54413,4
54414,4
54415,4
54416,4
54417,4
54418,4
54419,4
54420,4
54421,4
54422,4
54423,4
54424,4
54425,4
54426,4
54427,4
54428,4
54429,4
54430,4
54431,4
54432,4
54433,4
54434,4
54435,4
54436,4
54437,4
54438,4
54439,4
54440,4
54441,4
54442,4
54443,4
54444,4
54445,4
54446,4
54447,4
54448,4
54449,4
54450,4
54451,4
54452,4
54453,4
54454,4
54455,4
54456,4
54457,4
54458,4
54459,4
54460,4
54461,4
54462,4
54463,4
54464,4
54465,4
54466,4
54467,4
54468,4
54469,4
54470,4
54471,4
54472,4
54473,4
54474,4
54475,4
54476,4
54477,4
54478,4
54479,4
54480,4
54481,4
54482,4
54483,4
54484,4
54485,4
54486,4
54487,4
54488,4
54489,4
54490,4
54491,4
54492,4
54493,4
54494,4
54495,4
54496,4
54497,4
54498,4
54499,4
54500,4
54501,4
54502,4
54503,4
54504,4
54505,4
54506,4
54507,4
54508,4
54509,4
54510,4
54511,4
54512,4
54513,4
54514,4
54515,4
54516,4
54517,4
54518,4
54519,4
54520,4
54521,4
54522,4
54523,4
54524,4
54525,4
54526,4
54527,4
54528,4
54529,4
54530,4
54531,4
54532,4
54533,4
54534,4
54535,4
54536,4
54537,4
54538,4
54539,4
54540,4
54541,4
54542,4
54543,4
54544,4
54545,4
54546,4
54547,4
54548,4
54549,4
54550,4
54551,4
54552,4
54553,4
54554,4
54555,4
54556,4
54557,4
54558,4
54559,4
54560,4
54561,4
54562,4
54563,4
54564,4
54565,4
54566,4
54567,4
54568,4
54569,4
54570,4
54571,4
54572,4
54573,4
54574,4
54575,4
54576,4
54577,4
54578,4
54579,4
54580,4
54581,4
54582,4
54583,4
54584,4
54585,4
54586,4
54587,4
54588,4
54589,4
54590,4
54591,4
54592,4
54593,4
54594,4
54595,4
54596,4
54597,4
54598,4
54599,4
54600,4
54601,4
54602,4
54603,4
54604,4
54605,4
54606,4
54607,4
54608,4
54609,4
54610,4
54611,4
54612,4
54613,4
54614,4
54615,4
54616,4
54617,4
54618,4
54619,4
54620,4
54621,4
54622,4
54623,4
54624,4
54625,4
54626,4
54627,4
54628,4
54629,4
54630,4
54631,4
54632,4
54633,4
54634,4
54635,4
54636,4
54637,4
54638,4
54639,4
54640,4
54641,4
54642,4
54643,4
54644,4
54645,4
54646,4
54647,4
54648,4
54649,4
54650,4
54651,4
54652,4
54653,4
54654,4
54655,4
54656,4
54657,4
54658,4
54659,4
54660,4
54661,4
54662,4
54663,4
54664,4
54665,4
54666,4
54667,4
54668,4
54669,4
54670,4
54671,4
54672,4
54673,4
54674,4
54675,4
54676,4
54677,4
54678,4
54679,4
54680,4
54681,4
54682,4
54683,4
54684,4
54685,4
54686,4
54687,4
54688,4
54689,4
54690,4
54691,4
54692,4
54693,4
54694,4
54695,4
54696,4
54697,4
54698,4
54699,4
54700,4
54701,4
54702,4
54703,4
54704,4
54705,4
54706,4
54707,4
54708,4
54709,4
54710,4
54711,4
54712,4
54713,4
54714,4
54715,4
54716,4
54717,4
54718,4
54719,4
54720,4
54721,4
54722,4
54723,4
54724,4
54725,4
54726,4
54727,4
54728,4
54729,4
54730,4
54731,4
54732,4
54733,4
54734,4
54735,4
54736,4
54737,4
54738,4
54739,4
54740,4
54741,4
54742,4
54743,4
54744,4
54745,4
54746,4
54747,4
54748,4
54749,4
54750,4
54751,4
54752,4
54753,4
54754,4
54755,4
54756,4
54757,4
54758,4
54759,4
54760,4
54761,4
54762,4
54763,4
54764,4
54765,4
54766,4
54767,4
54768,4
54769,4
54770,4
54771,4
54772,4
54773,4
54774,4
54775,4
54776,4
54777,4
54778,4
54779,4
54780,4
54781,4
54782,4
54783,4
54784,4
54785,4
54786,4
54787,4
54788,4
54789,4
54790,4
54791,4
54792,4
54793,4
54794,4
54795,4
54796,4
54797,4
54798,4
54799,4
54800,4
54801,4
54802,4
54803,4
54804,4
54805,4
54806,4
54807,4
54808,4
54809,4
54810,4
54811,4
54812,4
54813,4
54814,4
54815,4
54816,4
54817,4
54818,4
54819,4
54820,4
54821,4
54822,4
54823,4
54824,4
54825,4
54826,4
54827,4
54828,4
54829,4
54830,4
54831,4
54832,4
54833,4
54834,4
54835,4
54836,4
54837,4
54838,4
54839,4
54840,4
54841,4
54842,4
54843,4
54844,4
54845,4
54846,4
54847,4
54848,4
54849,4
54850,4
54851,4
54852,4
54853,4
54854,4
54855,4
54856,4
54857,4
54858,4
54859,4
54860,4
54861,4
54862,4
54863,4
54864,4
54865,4
54866,4
54867,4
54868,4
54869,4
54870,4
54871,4
54872,4
54873,4
54874,4
54875,4
54876,4
54877,4
54878,4
54879,4
54880,4
54881,4
54882,4
54883,4
54884,4
54885,4
54886,4
54887,4
54888,4
54889,4
54890,4
54891,4
54892,4
54893,4
54894,4
54895,4
54896,4
54897,4
54898,4
54899,4
54900,4
54901,4
54902,4
54903,4
54904,4
54905,4
54906,4
54907,4
54908,4
54909,4
54910,4
54911,4
54912,4
54913,4
54914,4
54915,4
54916,4
54917,4
54918,4
54919,4
54920,4
54921,4
54922,4
54923,4
54924,4
54925,4
54926,4
54927,4
54928,4
54929,4
54930,4
54931,4
54932,4
54933,4
54934,4
54935,4
54936,4
54937,4
54938,4
54939,4
54940,4
54941,4
54942,4
54943,4
54944,4
54945,4
54946,4
54947,4
54948,4
54949,4
54950,4
54951,4
54952,4
54953,4
54954,4
54955,4
54956,4
54957,4
54958,4
54959,4
54960,4
54961,4
54962,4
54963,4
54964,4
54965,4
54966,4
54967,4
54968,4
54969,4
54970,4
54971,4
54972,4
54973,4
54974,4
54975,4
54976,4
54977,4
54978,4
54979,4
54980,4
54981,4
54982,4
54983,4
54984,4
54985,4
54986,4
54987,4
54988,4
54989,4
54990,4
54991,4
54992,4
54993,4
54994,4
54995,4
54996,4
54997,4
54998,4
54999,4
55000,4
55001,4
55002,4
55003,4
55004,4
55005,4
55006,4
55007,4
55008,4
55009,4
55010,4
55011,4
55012,4
55013,4
55014,4
55015,4
55016,4
55017,4
55018,4
55019,4
55020,4
55021,4
55022,4
55023,4
55024,4
55025,4
55026,4
55027,4
55028,4
55029,4
55030,4
55031,4
55032,4
55033,4
55034,4
55035,4
55036,4
55037,4
55038,4
55039,4
55040,4
55041,4
55042,4
55043,4
55044,4
55045,4
55046,4
55047,4
55048,4
55049,4
55050,4
55051,4
55052,4
55053,4
55054,4
55055,4
55056,4
55057,4
55058,4
55059,4
55060,4
55061,4
55062,4
55063,4
55064,4
55065,4
55066,4
55067,4
55068,4
55069,4
55070,4
55071,4
55072,4
55073,4
55074,4
55075,4
55076,4
55077,4
55078,4
55079,4
55080,4
55081,4
55082,4
55083,4
55084,4
55085,4
55086,4
55087,4
55088,4
55089,4
55090,4
55091,4
55092,4
55093,4
55094,4
55095,4
55096,4
55097,4
55098,4
55099,4
55100,4
55101,4
55102,4
55103,4
55104,4
55105,4
55106,4
55107,4
55108,4
55109,4
55110,4
55111,4
55112,4
55113,4
55114,4
55115,4
55116,4
55117,4
55118,4
55119,4
55120,4
55121,4
55122,4
55123,4
55124,4
55125,4
55126,4
55127,4
55128,4
55129,4
55130,4
55131,4
55132,4
55133,4
55134,4
55135,4
55136,4
55137,4
55138,4
55139,4
55140,4
55141,4
55142,4
55143,4
55144,4
55145,4
55146,4
55147,4
55148,4
55149,4
55150,4
55151,4
55152,4
55153,4
55154,4
55155,4
55156,4
55157,4
55158,4
55159,4
55160,4
55161,4
55162,4
55163,4
55164,4
55165,4
55166,4
55167,4
55168,4
55169,4
55170,4
55171,4
55172,4
55173,4
55174,4
55175,4
55176,4
55177,4
55178,4
55179,4
55180,4
55181,4
55182,4
55183,4
55184,4
55185,4
55186,4
55187,4
55188,4
55189,4
55190,4
55191,4
55192,4
55193,4
55194,4
55195,4
55196,4
55197,4
55198,4
55199,4
55200,4
55201,4
55202,4
55203,4
55204,4
55205,4
55206,4
55207,4
55208,4
55209,4
55210,4
55211,4
55212,4
55213,4
55214,4
55215,4
55216,4
55217,4
55218,4
55219,4
55220,4
55221,4
55222,4
55223,4
55224,4
55225,4
55226,4
55227,4
55228,4
55229,4
55230,4
55231,4
55232,4
55233,4
55234,4
55235,4
55236,4
55237,4
55238,4
55239,4
55240,4
55241,4
55242,4
55243,4
55244,4
55245,4
55246,4
55247,4
55248,4
55249,4
55250,4
55251,4
55252,4
55253,4
55254,4
55255,4
55256,4
55257,4
55258,4
55259,4
55260,4
55261,4
55262,4
55263,4
55264,4
55265,4
55266,4
55267,4
55268,4
55269,4
55270,4
55271,4
55272,4
55273,4
55274,4
55275,4
55276,4
55277,4
55278,4
55279,4
55280,4
55281,4
55282,4
55283,4
55284,4
55285,4
55286,4
55287,4
55288,4
55289,4
55290,4
55291,4
55292,4
55293,4
55294,4
55295,4
55296,4
55297,4
55298,4
55299,4
55300,4
55301,4
55302,4
55303,4
55304,4
55305,4
55306,4
55307,4
55308,4
55309,4
55310,4
55311,4
55312,4
55313,4
55314,4
55315,4
55316,4
55317,4
55318,4
55319,4
55320,4
55321,4
55322,4
55323,4
55324,4
55325,4
55326,4
55327,4
55328,4
55329,4
55330,4
55331,4
55332,4
55333,4
55334,4
55335,4
55336,4
55337,4
55338,4
55339,4
55340,4
55341,4
55342,4
55343,4
55344,4
55345,4
55346,4
55347,4
55348,4
55349,4
55350,4
55351,4
55352,4
55353,4
55354,4
55355,4
55356,4
55357,4
55358,4
55359,4
55360,4
55361,4
55362,4
55363,4
55364,4
55365,4
55366,4
55367,4
55368,4
55369,4
55370,4
55371,4
55372,4
55373,4
55374,4
55375,4
55376,4
55377,4
55378,4
55379,4
55380,4
55381,4
55382,4
55383,4
55384,4
55385,4
55386,4
55387,4
55388,4
55389,4
55390,4
55391,4
55392,4
55393,4
55394,4
55395,4
55396,4
55397,4
55398,4
55399,4
55400,4
55401,4
55402,4
55403,4
55404,4
55405,4
55406,4
55407,4
55408,4
55409,4
55410,4
55411,4
55412,4
55413,4
55414,4
55415,4
55416,4
55417,4
55418,4
55419,4
55420,4
55421,4
55422,4
55423,4
55424,4
55425,4
55426,4
55427,4
55428,4
55429,4
55430,4
55431,4
55432,4
55433,4
55434,4
55435,4
55436,4
55437,4
55438,4
55439,4
55440,4
55441,4
55442,4
55443,4
55444,4
55445,4
55446,4
55447,4
55448,4
55449,4
55450,4
55451,4
55452,4
55453,4
55454,4
55455,4
55456,4
55457,4
55458,4
55459,4
55460,4
55461,4
55462,4
55463,4
55464,4
55465,4
55466,4
55467,4
55468,4
55469,4
55470,4
55471,4
55472,4
55473,4
55474,4
55475,4
55476,4
55477,4
55478,4
55479,4
55480,4
55481,4
55482,4
55483,4
55484,4
55485,4
55486,4
55487,4
55488,4
55489,4
55490,4
55491,4
55492,4
55493,4
55494,4
55495,4
55496,4
55497,4
55498,4
55499,4
55500,4
55501,4
55502,4
55503,4
55504,4
55505,4
55506,4
55507,4
55508,4
55509,4
55510,4
55511,4
55512,4
55513,4
55514,4
55515,4
55516,4
55517,4
55518,4
55519,4
55520,4
55521,4
55522,4
55523,4
55524,4
55525,4
55526,4
55527,4
55528,4
55529,4
55530,4
55531,4
55532,4
55533,4
55534,4
55535,4
55536,4
55537,4
55538,4
55539,4
55540,4
55541,4
55542,4
55543,4
55544,4
55545,4
55546,4
55547,4
55548,4
55549,4
55550,4
55551,4
55552,4
55553,4
55554,4
55555,4
55556,4
55557,4
55558,4
55559,4
55560,4
55561,4
55562,4
55563,4
55564,4
55565,4
55566,4
55567,4
55568,4
55569,4
55570,4
55571,4
55572,4
55573,4
55574,4
55575,4
55576,4
55577,4
55578,4
55579,4
55580,4
55581,4
55582,4
55583,4
55584,4
55585,4
55586,4
55587,4
55588,4
55589,4
55590,4
55591,4
55592,4
55593,4
55594,4
55595,4
55596,4
55597,4
55598,4
55599,4
55600,4
55601,4
55602,4
55603,4
55604,4
55605,4
55606,4
55607,4
55608,4
55609,4
55610,4
55611,4
55612,4
55613,4
55614,4
55615,4
55616,4
55617,4
55618,4
55619,4
55620,4
55621,4
55622,4
55623,4
55624,4
55625,4
55626,4
55627,4
55628,4
55629,4
55630,4
55631,4
55632,4
55633,4
55634,4
55635,4
55636,4
55637,4
55638,4
55639,4
55640,4
55641,4
55642,4
55643,4
55644,4
55645,4
55646,4
55647,4
55648,4
55649,4
55650,4
55651,4
55652,4
55653,4
55654,4
55655,4
55656,4
55657,4
55658,4
55659,4
55660,4
55661,4
55662,4
55663,4
55664,4
55665,4
55666,4
55667,4
55668,4
55669,4
55670,4
55671,4
55672,4
55673,4
55674,4
55675,4
55676,4
55677,4
55678,4
55679,4
55680,4
55681,4
55682,4
55683,4
55684,4
55685,4
55686,4
55687,4
55688,4
55689,4
55690,4
55691,4
55692,4
55693,4
55694,4
55695,4
55696,4
55697,4
55698,4
55699,4
55700,4
55701,4
55702,4
55703,4
55704,4
55705,4
55706,4
55707,4
55708,4
55709,4
55710,4
55711,4
55712,4
55713,4
55714,4
55715,4
55716,4
55717,4
55718,4
55719,4
55720,4
55721,4
55722,4
55723,4
55724,4
55725,4
55726,4
55727,4
55728,4
55729,4
55730,4
55731,4
55732,4
55733,4
55734,4
55735,4
55736,4
55737,4
55738,4
55739,4
55740,4
55741,4
55742,4
55743,4
55744,4
55745,4
55746,4
55747,4
55748,4
55749,4
55750,4
55751,4
55752,4
55753,4
55754,4
55755,4
55756,4
55757,4
55758,4
55759,4
55760,4
55761,4
55762,4
55763,4
55764,4
55765,4
55766,4
55767,4
55768,4
55769,4
55770,4
55771,4
55772,4
55773,4
55774,4
55775,4
55776,4
55777,4
55778,4
55779,4
55780,4
55781,4
55782,4
55783,4
55784,4
55785,4
55786,4
55787,4
55788,4
55789,4
55790,4
55791,4
55792,4
55793,4
55794,4
55795,4
55796,4
55797,4
55798,4
55799,4
55800,4
55801,4
55802,4
55803,4
55804,4
55805,4
55806,4
55807,4
55808,4
55809,4
55810,4
55811,4
55812,4
55813,4
55814,4
55815,4
55816,4
55817,4
55818,4
55819,4
55820,4
55821,4
55822,4
55823,4
55824,4
55825,4
55826,4
55827,4
55828,4
55829,4
55830,4
55831,4
55832,4
55833,4
55834,4
55835,4
55836,4
55837,4
55838,4
55839,4
55840,4
55841,4
55842,4
55843,4
55844,4
55845,4
55846,4
55847,4
55848,4
55849,4
55850,4
55851,4
55852,4
55853,4
55854,4
55855,4
55856,4
55857,4
55858,4
55859,4
55860,4
55861,4
55862,4
55863,4
55864,4
55865,4
55866,4
55867,4
55868,4
55869,4
55870,4
55871,4
55872,4
55873,4
55874,4
55875,4
55876,4
55877,4
55878,4
55879,4
55880,4
55881,4
55882,4
55883,4
55884,4
55885,4
55886,4
55887,4
55888,4
55889,4
55890,4
55891,4
55892,4
55893,4
55894,4
55895,4
55896,4
55897,4
55898,4
55899,4
55900,4
55901,4
55902,4
55903,4
55904,4
55905,4
55906,4
55907,4
55908,4
55909,4
55910,4
55911,4
55912,4
55913,4
55914,4
55915,4
55916,4
55917,4
55918,4
55919,4
55920,4
55921,4
55922,4
55923,4
55924,4
55925,4
55926,4
55927,4
55928,4
55929,4
55930,4
55931,4
55932,4
55933,4
55934,4
55935,4
55936,4
55937,4
55938,4
55939,4
55940,4
55941,4
55942,4
55943,4
55944,4
55945,4
55946,4
55947,4
55948,4
55949,4
55950,4
55951,4
55952,4
55953,4
55954,4
55955,4
55956,4
55957,4
55958,4
55959,4
55960,4
55961,4
55962,4
55963,4
55964,4
55965,4
55966,4
55967,4
55968,4
55969,4
55970,4
55971,4
55972,4
55973,4
55974,4
55975,4
55976,4
55977,4
55978,4
55979,4
55980,4
55981,4
55982,4
55983,4
55984,4
55985,4
55986,4
55987,4
55988,4
55989,4
55990,4
55991,4
55992,4
55993,4
55994,4
55995,4
55996,4
55997,4
55998,4
55999,4
56000,4
56001,4
56002,4
56003,4
56004,4
56005,4
56006,4
56007,4
56008,4
56009,4
56010,4
56011,4
56012,4
56013,4
56014,4
56015,4
56016,4
56017,4
56018,4
56019,4
56020,4
56021,4
56022,4
56023,4
56024,4
56025,4
56026,4
56027,4
56028,4
56029,4
56030,4
56031,4
56032,4
56033,4
56034,4
56035,4
56036,4
56037,4
56038,4
56039,4
56040,4
56041,4
56042,4
56043,4
56044,4
56045,4
56046,4
56047,4
56048,4
56049,4
56050,4
56051,4
56052,4
56053,4
56054,4
56055,4
56056,4
56057,4
56058,4
56059,4
56060,4
56061,4
56062,4
56063,4
56064,4
56065,4
56066,4
56067,4
56068,4
56069,4
56070,4
56071,4
56072,4
56073,4
56074,4
56075,4
56076,4
56077,4
56078,4
56079,4
56080,4
56081,4
56082,4
56083,4
56084,4
56085,4
56086,4
56087,4
56088,4
56089,4
56090,4
56091,4
56092,4
56093,4
56094,4
56095,4
56096,4
56097,4
56098,4
56099,4
56100,4
56101,4
56102,4
56103,4
56104,4
56105,4
56106,4
56107,4
56108,4
56109,4
56110,4
56111,4
56112,4
56113,4
56114,4
56115,4
56116,4
56117,4
56118,4
56119,4
56120,4
56121,4
56122,4
56123,4
56124,4
56125,4
56126,4
56127,4
56128,4
56129,4
56130,4
56131,4
56132,4
56133,4
56134,4
56135,4
56136,4
56137,4
56138,4
56139,4
56140,4
56141,4
56142,4
56143,4
56144,4
56145,4
56146,4
56147,4
56148,4
56149,4
56150,4
56151,4
56152,4
56153,4
56154,4
56155,4
56156,4
56157,4
56158,4
56159,4
56160,4
56161,4
56162,4
56163,4
56164,4
56165,4
56166,4
56167,4
56168,4
56169,4
56170,4
56171,4
56172,4
56173,4
56174,4
56175,4
56176,4
56177,4
56178,4
56179,4
56180,4
56181,4
56182,4
56183,4
56184,4
56185,4
56186,4
56187,4
56188,4
56189,4
56190,4
56191,4
56192,4
56193,4
56194,4
56195,4
56196,4
56197,4
56198,4
56199,4
56200,4
56201,4
56202,4
56203,4
56204,4
56205,4
56206,4
56207,4
56208,4
56209,4
56210,4
56211,4
56212,4
56213,4
56214,4
56215,4
56216,4
56217,4
56218,4
56219,4
56220,4
56221,4
56222,4
56223,4
56224,4
56225,4
56226,4
56227,4
56228,4
56229,4
56230,4
56231,4
56232,4
56233,4
56234,4
56235,4
56236,4
56237,4
56238,4
56239,4
56240,4
56241,4
56242,4
56243,4
56244,4
56245,4
56246,4
56247,4
56248,4
56249,4
56250,4
56251,4
56252,4
56253,4
56254,4
56255,4
56256,4
56257,4
56258,4
56259,4
56260,4
56261,4
56262,4
56263,4
56264,4
56265,4
56266,4
56267,4
56268,4
56269,4
56270,4
56271,4
56272,4
56273,4
56274,4
56275,4
56276,4
56277,4
56278,4
56279,4
56280,4
56281,4
56282,4
56283,4
56284,4
56285,4
56286,4
56287,4
56288,4
56289,4
56290,4
56291,4
56292,4
56293,4
56294,4
56295,4
56296,4
56297,4
56298,4
56299,4
56300,4
56301,4
56302,4
56303,4
56304,4
56305,4
56306,4
56307,4
56308,4
56309,4
56310,4
56311,4
56312,4
56313,4
56314,4
56315,4
56316,4
56317,4
56318,4
56319,4
56320,4
56321,4
56322,4
56323,4
56324,4
56325,4
56326,4
56327,4
56328,4
56329,4
56330,4
56331,4
56332,4
56333,4
56334,4
56335,4
56336,4
56337,4
56338,4
56339,4
56340,4
56341,4
56342,4
56343,4
56344,4
56345,4
56346,4
56347,4
56348,4
56349,4
56350,4
56351,4
56352,4
56353,4
56354,4
56355,4
56356,4
56357,4
56358,4
56359,4
56360,4
56361,4
56362,4
56363,4
56364,4
56365,4
56366,4
56367,4
56368,4
56369,4
56370,4
56371,4
56372,4
56373,4
56374,4
56375,4
56376,4
56377,4
56378,4
56379,4
56380,4
56381,4
56382,4
56383,4
56384,4
56385,4
56386,4
56387,4
56388,4
56389,4
56390,4
56391,4
56392,4
56393,4
56394,4
56395,4
56396,4
56397,4
56398,4
56399,4
56400,4
56401,4
56402,4
56403,4
56404,4
56405,4
56406,4
56407,4
56408,4
56409,4
56410,4
56411,4
56412,4
56413,4
56414,4
56415,4
56416,4
56417,4
56418,4
56419,4
56420,4
56421,4
56422,4
56423,4
56424,4
56425,4
56426,4
56427,4
56428,4
56429,4
56430,4
56431,4
56432,4
56433,4
56434,4
56435,4
56436,4
56437,4
56438,4
56439,4
56440,4
56441,4
56442,4
56443,4
56444,4
56445,4
56446,4
56447,4
56448,4
56449,4
56450,4
56451,4
56452,4
56453,4
56454,4
56455,4
56456,4
56457,4
56458,4
56459,4
56460,4
56461,4
56462,4
56463,4
56464,4
56465,4
56466,4
56467,4
56468,4
56469,4
56470,4
56471,4
56472,4
56473,4
56474,4
56475,4
56476,4
56477,4
56478,4
56479,4
56480,4
56481,4
56482,4
56483,4
56484,4
56485,4
56486,4
56487,4
56488,4
56489,4
56490,4
56491,4
56492,4
56493,4
56494,4
56495,4
56496,4
56497,4
56498,4
56499,4
56500,4
56501,4
56502,4
56503,4
56504,4
56505,4
56506,4
56507,4
56508,4
56509,4
56510,4
56511,4
56512,4
56513,4
56514,4
56515,4
56516,4
56517,4
56518,4
56519,4
56520,4
56521,4
56522,4
56523,4
56524,4
56525,4
56526,4
56527,4
56528,4
56529,4
56530,4
56531,4
56532,4
56533,4
56534,4
56535,4
56536,4
56537,4
56538,4
56539,4
56540,4
56541,4
56542,4
56543,4
56544,4
56545,4
56546,4
56547,4
56548,4
56549,4
56550,4
56551,4
56552,4
56553,4
56554,4
56555,4
56556,4
56557,4
56558,4
56559,4
56560,4
56561,4
56562,4
56563,4
56564,4
56565,4
56566,4
56567,4
56568,4
56569,4
56570,4
56571,4
56572,4
56573,4
56574,4
56575,4
56576,4
56577,4
56578,4
56579,4
56580,4
56581,4
56582,4
56583,4
56584,4
56585,4
56586,4
56587,4
56588,4
56589,4
56590,4
56591,4
56592,4
56593,4
56594,4
56595,4
56596,4
56597,4
56598,4
56599,4
56600,4
56601,4
56602,4
56603,4
56604,4
56605,4
56606,4
56607,4
56608,4
56609,4
56610,4
56611,4
56612,4
56613,4
56614,4
56615,4
56616,4
56617,4
56618,4
56619,4
56620,4
56621,4
56622,4
56623,4
56624,4
56625,4
56626,4
56627,4
56628,4
56629,4
56630,4
56631,4
56632,4
56633,4
56634,4
56635,4
56636,4
56637,4
56638,4
56639,4
56640,4
56641,4
56642,4
56643,4
56644,4
56645,4
56646,4
56647,4
56648,4
56649,4
56650,4
56651,4
56652,4
56653,4
56654,4
56655,4
56656,4
56657,4
56658,4
56659,4
56660,4
56661,4
56662,4
56663,4
56664,4
56665,4
56666,4
56667,4
56668,4
56669,4
56670,4
56671,4
56672,4
56673,4
56674,4
56675,4
56676,4
56677,4
56678,4
56679,4
56680,4
56681,4
56682,4
56683,4
56684,4
56685,4
56686,4
56687,4
56688,4
56689,4
56690,4
56691,4
56692,4
56693,4
56694,4
56695,4
56696,4
56697,4
56698,4
56699,4
56700,4
56701,4
56702,4
56703,4
56704,4
56705,4
56706,4
56707,4
56708,4
56709,4
56710,4
56711,4
56712,4
56713,4
56714,4
56715,4
56716,4
56717,4
56718,4
56719,4
56720,4
56721,4
56722,4
56723,4
56724,4
56725,4
56726,4
56727,4
56728,4
56729,4
56730,4
56731,4
56732,4
56733,4
56734,4
56735,4
56736,4
56737,4
56738,4
56739,4
56740,4
56741,4
56742,4
56743,4
56744,4
56745,4
56746,4
56747,4
56748,4
56749,4
56750,4
56751,4
56752,4
56753,4
56754,4
56755,4
56756,4
56757,4
56758,4
56759,4
56760,4
56761,4
56762,4
56763,4
56764,4
56765,4
56766,4
56767,4
56768,4
56769,4
56770,4
56771,4
56772,4
56773,4
56774,4
56775,4
56776,4
56777,4
56778,4
56779,4
56780,4
56781,4
56782,4
56783,4
56784,4
56785,4
56786,4
56787,4
56788,4
56789,4
56790,4
56791,4
56792,4
56793,4
56794,4
56795,4
56796,4
56797,4
56798,4
56799,4
56800,4
56801,4
56802,4
56803,4
56804,4
56805,4
56806,4
56807,4
56808,4
56809,4
56810,4
56811,4
56812,4
56813,4
56814,4
56815,4
56816,4
56817,4
56818,4
56819,4
56820,4
56821,4
56822,4
56823,4
56824,4
56825,4
56826,4
56827,4
56828,4
56829,4
56830,4
56831,4
56832,4
56833,4
56834,4
56835,4
56836,4
56837,4
56838,4
56839,4
56840,4
56841,4
56842,4
56843,4
56844,4
56845,4
56846,4
56847,4
56848,4
56849,4
56850,4
56851,4
56852,4
56853,4
56854,4
56855,4
56856,4
56857,4
56858,4
56859,4
56860,4
56861,4
56862,4
56863,4
56864,4
56865,4
56866,4
56867,4
56868,4
56869,4
56870,4
56871,4
56872,4
56873,4
56874,4
56875,4
56876,4
56877,4
56878,4
56879,4
56880,4
56881,4
56882,4
56883,4
56884,4
56885,4
56886,4
56887,4
56888,4
56889,4
56890,4
56891,4
56892,4
56893,4
56894,4
56895,4
56896,4
56897,4
56898,4
56899,4
56900,4
56901,4
56902,4
56903,4
56904,4
56905,4
56906,4
56907,4
56908,4
56909,4
56910,4
56911,4
56912,4
56913,4
56914,4
56915,4
56916,4
56917,4
56918,4
56919,4
56920,4
56921,4
56922,4
56923,4
56924,4
56925,4
56926,4
56927,4
56928,4
56929,4
56930,4
56931,4
56932,4
56933,4
56934,4
56935,4
56936,4
56937,4
56938,4
56939,4
56940,4
56941,4
56942,4
56943,4
56944,4
56945,4
56946,4
56947,4
56948,4
56949,4
56950,4
56951,4
56952,4
56953,4
56954,4
56955,4
56956,4
56957,4
56958,4
56959,4
56960,4
56961,4
56962,4
56963,4
56964,4
56965,4
56966,4
56967,4
56968,4
56969,4
56970,4
56971,4
56972,4
56973,4
56974,4
56975,4
56976,4
56977,4
56978,4
56979,4
56980,4
56981,4
56982,4
56983,4
56984,4
56985,4
56986,4
56987,4
56988,4
56989,4
56990,4
56991,4
56992,4
56993,4
56994,4
56995,4
56996,4
56997,4
56998,4
56999,4
57000,4
57001,4
57002,4
57003,4
57004,4
57005,4
57006,4
57007,4
57008,4
57009,4
57010,4
57011,4
57012,4
57013,4
57014,4
57015,4
57016,4
57017,4
57018,4
57019,4
57020,4
57021,4
57022,4
57023,4
57024,4
57025,4
57026,4
57027,4
57028,4
57029,4
57030,4
57031,4
57032,4
57033,4
57034,4
57035,4
57036,4
57037,4
57038,4
57039,4
57040,4
57041,4
57042,4
57043,4
57044,4
57045,4
57046,4
57047,4
57048,4
57049,4
57050,4
57051,4
57052,4
57053,4
57054,4
57055,4
57056,4
57057,4
57058,4
57059,4
57060,4
57061,4
57062,4
57063,4
57064,4
57065,4
57066,4
57067,4
57068,4
57069,4
57070,4
57071,4
57072,4
57073,4
57074,4
57075,4
57076,4
57077,4
57078,4
57079,4
57080,4
57081,4
57082,4
57083,4
57084,4
57085,4
57086,4
57087,4
57088,4
57089,4
57090,4
57091,4
57092,4
57093,4
57094,4
57095,4
57096,4
57097,4
57098,4
57099,4
57100,4
57101,4
57102,4
57103,4
57104,4
57105,4
57106,4
57107,4
57108,4
57109,4
57110,4
57111,4
57112,4
57113,4
57114,4
57115,4
57116,4
57117,4
57118,4
57119,4
57120,4
57121,4
57122,4
57123,4
57124,4
57125,4
57126,4
57127,4
57128,4
57129,4
57130,4
57131,4
57132,4
57133,4
57134,4
57135,4
57136,4
57137,4
57138,4
57139,4
57140,4
57141,4
57142,4
57143,4
57144,4
57145,4
57146,4
57147,4
57148,4
57149,4
57150,4
57151,4
57152,4
57153,4
57154,4
57155,4
57156,4
57157,4
57158,4
57159,4
57160,4
57161,4
57162,4
57163,4
57164,4
57165,4
57166,4
57167,4
57168,4
57169,4
57170,4
57171,4
57172,4
57173,4
57174,4
57175,4
57176,4
57177,4
57178,4
57179,4
57180,4
57181,4
57182,4
57183,4
57184,4
57185,4
57186,4
57187,4
57188,4
57189,4
57190,4
57191,4
57192,4
57193,4
57194,4
57195,4
57196,4
57197,4
57198,4
57199,4
57200,4
57201,4
57202,4
57203,4
57204,4
57205,4
57206,4
57207,4
57208,4
57209,4
57210,4
57211,4
57212,4
57213,4
57214,4
57215,4
57216,4
57217,4
57218,4
57219,4
57220,4
57221,4
57222,4
57223,4
57224,4
57225,4
57226,4
57227,4
57228,4
57229,4
57230,4
57231,4
57232,4
57233,4
57234,4
57235,4
57236,4
57237,4
57238,4
57239,4
57240,4
57241,4
57242,4
57243,4
57244,4
57245,4
57246,4
57247,4
57248,4
57249,4
57250,4
57251,4
57252,4
57253,4
57254,4
57255,4
57256,4
57257,4
57258,4
57259,4
57260,4
57261,4
57262,4
57263,4
57264,4
57265,4
57266,4
57267,4
57268,4
57269,4
57270,4
57271,4
57272,4
57273,4
57274,4
57275,4
57276,4
57277,4
57278,4
57279,4
57280,4
57281,4
57282,4
57283,4
57284,4
57285,4
57286,4
57287,4
57288,4
57289,4
57290,4
57291,4
57292,4
57293,4
57294,4
57295,4
57296,4
57297,4
57298,4
57299,4
57300,4
57301,4
57302,4
57303,4
57304,4
57305,4
57306,4
57307,4
57308,4
57309,4
57310,4
57311,4
57312,4
57313,4
57314,4
57315,4
57316,4
57317,4
57318,4
57319,4
57320,4
57321,4
57322,4
57323,4
57324,4
57325,4
57326,4
57327,4
57328,4
57329,4
57330,4
57331,4
57332,4
57333,4
57334,4
57335,4
57336,4
57337,4
57338,4
57339,4
57340,4
57341,4
57342,4
57343,4
57344,4
57345,4
57346,4
57347,4
57348,4
57349,4
57350,4
57351,4
57352,4
57353,4
57354,4
57355,4
57356,4
57357,4
57358,4
57359,4
57360,4
57361,4
57362,4
57363,4
57364,4
57365,4
57366,4
57367,4
57368,4
57369,4
57370,4
57371,4
57372,4
57373,4
57374,4
57375,4
57376,4
57377,4
57378,4
57379,4
57380,4
57381,4
57382,4
57383,4
57384,4
57385,4
57386,4
57387,4
57388,4
57389,4
57390,4
57391,4
57392,4
57393,4
57394,4
57395,4
57396,4
57397,4
57398,4
57399,4
57400,4
57401,4
57402,4
57403,4
57404,4
57405,4
57406,4
57407,4
57408,4
57409,4
57410,4
57411,4
57412,4
57413,4
57414,4
57415,4
57416,4
57417,4
57418,4
57419,4
57420,4
57421,4
57422,4
57423,4
57424,4
57425,4
57426,4
57427,4
57428,4
57429,4
57430,4
57431,4
57432,4
57433,4
57434,4
57435,4
57436,4
57437,4
57438,4
57439,4
57440,4
57441,4
57442,4
57443,4
57444,4
57445,4
57446,4
57447,4
57448,4
57449,4
57450,4
57451,4
57452,4
57453,4
57454,4
57455,4
57456,4
57457,4
57458,4
57459,4
57460,4
57461,4
57462,4
57463,4
57464,4
57465,4
57466,4
57467,4
57468,4
57469,4
57470,4
57471,4
57472,4
57473,4
57474,4
57475,4
57476,4
57477,4
57478,4
57479,4
57480,4
57481,4
57482,4
57483,4
57484,4
57485,4
57486,4
57487,4
57488,4
57489,4
57490,4
57491,4
57492,4
57493,4
57494,4
57495,4
57496,4
57497,4
57498,4
57499,4
57500,4
57501,4
57502,4
57503,4
57504,4
57505,4
57506,4
57507,4
57508,4
57509,4
57510,4
57511,4
57512,4
57513,4
57514,4
57515,4
57516,4
57517,4
57518,4
57519,4
57520,4
57521,4
57522,4
57523,4
57524,4
57525,4
57526,4
57527,4
57528,4
57529,4
57530,4
57531,4
57532,4
57533,4
57534,4
57535,4
57536,4
57537,4
57538,4
57539,4
57540,4
57541,4
57542,4
57543,4
57544,4
57545,4
57546,4
57547,4
57548,4
57549,4
57550,4
57551,4
57552,4
57553,4
57554,4
57555,4
57556,4
57557,4
57558,4
57559,4
57560,4
57561,4
57562,4
57563,4
57564,4
57565,4
57566,4
57567,4
57568,4
57569,4
57570,4
57571,4
57572,4
57573,4
57574,4
57575,4
57576,4
57577,4
57578,4
57579,4
57580,4
57581,4
57582,4
57583,4
57584,4
57585,4
57586,4
57587,4
57588,4
57589,4
57590,4
57591,4
57592,4
57593,4
57594,4
57595,4
57596,4
57597,4
57598,4
57599,4
57600,4
57601,4
57602,4
57603,4
57604,4
57605,4
57606,4
57607,4
57608,4
57609,4
57610,4
57611,4
57612,4
57613,4
57614,4
57615,4
57616,4
57617,4
57618,4
57619,4
57620,4
57621,4
57622,4
57623,4
57624,4
57625,4
57626,4
57627,4
57628,4
57629,4
57630,4
57631,4
57632,4
57633,4
57634,4
57635,4
57636,4
57637,4
57638,4
57639,4
57640,4
57641,4
57642,4
57643,4
57644,4
57645,4
57646,4
57647,4
57648,4
57649,4
57650,4
57651,4
57652,4
57653,4
57654,4
57655,4
57656,4
57657,4
57658,4
57659,4
57660,4
57661,4
57662,4
57663,4
57664,4
57665,4
57666,4
57667,4
57668,4
57669,4
57670,4
57671,4
57672,4
57673,4
57674,4
57675,4
57676,4
57677,4
57678,4
57679,4
57680,4
57681,4
57682,4
57683,4
57684,4
57685,4
57686,4
57687,4
57688,4
57689,4
57690,4
57691,4
57692,4
57693,4
57694,4
57695,4
57696,4
57697,4
57698,4
57699,4
57700,4
57701,4
57702,4
57703,4
57704,4
57705,4
57706,4
57707,4
57708,4
57709,4
57710,4
57711,4
57712,4
57713,4
57714,4
57715,4
57716,4
57717,4
57718,4
57719,4
57720,4
57721,4
57722,4
57723,4
57724,4
57725,4
57726,4
57727,4
57728,4
57729,4
57730,4
57731,4
57732,4
57733,4
57734,4
57735,4
57736,4
57737,4
57738,4
57739,4
57740,4
57741,4
57742,4
57743,4
57744,4
57745,4
57746,4
57747,4
57748,4
57749,4
57750,4
57751,4
57752,4
57753,4
57754,4
57755,4
57756,4
57757,4
57758,4
57759,4
57760,4
57761,4
57762,4
57763,4
57764,4
57765,4
57766,4
57767,4
57768,4
57769,4
57770,4
57771,4
57772,4
57773,4
57774,4
57775,4
57776,4
57777,4
57778,4
57779,4
57780,4
57781,4
57782,4
57783,4
57784,4
57785,4
57786,4
57787,4
57788,4
57789,4
57790,4
57791,4
57792,4
57793,4
57794,4
57795,4
57796,4
57797,4
57798,4
57799,4
57800,4
57801,4
57802,4
57803,4
57804,4
57805,4
57806,4
57807,4
57808,4
57809,4
57810,4
57811,4
57812,4
57813,4
57814,4
57815,4
57816,4
57817,4
57818,4
57819,4
57820,4
57821,4
57822,4
57823,4
57824,4
57825,4
57826,4
57827,4
57828,4
57829,4
57830,4
57831,4
57832,4
57833,4
57834,4
57835,4
57836,4
57837,4
57838,4
57839,4
57840,4
57841,4
57842,4
57843,4
57844,4
57845,4
57846,4
57847,4
57848,4
57849,4
57850,4
57851,4
57852,4
57853,4
57854,4
57855,4
57856,4
57857,4
57858,4
57859,4
57860,4
57861,4
57862,4
57863,4
57864,4
57865,4
57866,4
57867,4
57868,4
57869,4
57870,4
57871,4
57872,4
57873,4
57874,4
57875,4
57876,4
57877,4
57878,4
57879,4
57880,4
57881,4
57882,4
57883,4
57884,4
57885,4
57886,4
57887,4
57888,4
57889,4
57890,4
57891,4
57892,4
57893,4
57894,4
57895,4
57896,4
57897,4
57898,4
57899,4
57900,4
57901,4
57902,4
57903,4
57904,4
57905,4
57906,4
57907,4
57908,4
57909,4
57910,4
57911,4
57912,4
57913,4
57914,4
57915,4
57916,4
57917,4
57918,4
57919,4
57920,4
57921,4
57922,4
57923,4
57924,4
57925,4
57926,4
57927,4
57928,4
57929,4
57930,4
57931,4
57932,4
57933,4
57934,4
57935,4
57936,4
57937,4
57938,4
57939,4
57940,4
57941,4
57942,4
57943,4
57944,4
57945,4
57946,4
57947,4
57948,4
57949,4
57950,4
57951,4
57952,4
57953,4
57954,4
57955,4
57956,4
57957,4
57958,4
57959,4
57960,4
57961,4
57962,4
57963,4
57964,4
57965,4
57966,4
57967,4
57968,4
57969,4
57970,4
57971,4
57972,4
57973,4
57974,4
57975,4
57976,4
57977,4
57978,4
57979,4
57980,4
57981,4
57982,4
57983,4
57984,4
57985,4
57986,4
57987,4
57988,4
57989,4
57990,4
57991,4
57992,4
57993,4
57994,4
57995,4
57996,4
57997,4
57998,4
57999,4
58000,4
58001,4
58002,4
58003,4
58004,4
58005,4
58006,4
58007,4
58008,4
58009,4
58010,4
58011,4
58012,4
58013,4
58014,4
58015,4
58016,4
58017,4
58018,4
58019,4
58020,4
58021,4
58022,4
58023,4
58024,4
58025,4
58026,4
58027,4
58028,4
58029,4
58030,4
58031,4
58032,4
58033,4
58034,4
58035,4
58036,4
58037,4
58038,4
58039,4
58040,4
58041,4
58042,4
58043,4
58044,4
58045,4
58046,4
58047,4
58048,4
58049,4
58050,4
58051,4
58052,4
58053,4
58054,4
58055,4
58056,4
58057,4
58058,4
58059,4
58060,4
58061,4
58062,4
58063,4
58064,4
58065,4
58066,4
58067,4
58068,4
58069,4
58070,4
58071,4
58072,4
58073,4
58074,4
58075,4
58076,4
58077,4
58078,4
58079,4
58080,4
58081,4
58082,4
58083,4
58084,4
58085,4
58086,4
58087,4
58088,4
58089,4
58090,4
58091,4
58092,4
58093,4
58094,4
58095,4
58096,4
58097,4
58098,4
58099,4
58100,4
58101,4
58102,4
58103,4
58104,4
58105,4
58106,4
58107,4
58108,4
58109,4
58110,4
58111,4
58112,4
58113,4
58114,4
58115,4
58116,4
58117,4
58118,4
58119,4
58120,4
58121,4
58122,4
58123,4
58124,4
58125,4
58126,4
58127,4
58128,4
58129,4
58130,4
58131,4
58132,4
58133,4
58134,4
58135,4
58136,4
58137,4
58138,4
58139,4
58140,4
58141,4
58142,4
58143,4
58144,4
58145,4
58146,4
58147,4
58148,4
58149,4
58150,4
58151,4
58152,4
58153,4
58154,4
58155,4
58156,4
58157,4
58158,4
58159,4
58160,4
58161,4
58162,4
58163,4
58164,4
58165,4
58166,4
58167,4
58168,4
58169,4
58170,4
58171,4
58172,4
58173,4
58174,4
58175,4
58176,4
58177,4
58178,4
58179,4
58180,4
58181,4
58182,4
58183,4
58184,4
58185,4
58186,4
58187,4
58188,4
58189,4
58190,4
58191,4
58192,4
58193,4
58194,4
58195,4
58196,4
58197,4
58198,4
58199,4
58200,4
58201,4
58202,4
58203,4
58204,4
58205,4
58206,4
58207,4
58208,4
58209,4
58210,4
58211,4
58212,4
58213,4
58214,4
58215,4
58216,4
58217,4
58218,4
58219,4
58220,4
58221,4
58222,4
58223,4
58224,4
58225,4
58226,4
58227,4
58228,4
58229,4
58230,4
58231,4
58232,4
58233,4
58234,4
58235,4
58236,4
58237,4
58238,4
58239,4
58240,4
58241,4
58242,4
58243,4
58244,4
58245,4
58246,4
58247,4
58248,4
58249,4
58250,4
58251,4
58252,4
58253,4
58254,4
58255,4
58256,4
58257,4
58258,4
58259,4
58260,4
58261,4
58262,4
58263,4
58264,4
58265,4
58266,4
58267,4
58268,4
58269,4
58270,4
58271,4
58272,4
58273,4
58274,4
58275,4
58276,4
58277,4
58278,4
58279,4
58280,4
58281,4
58282,4
58283,4
58284,4
58285,4
58286,4
58287,4
58288,4
58289,4
58290,4
58291,4
58292,4
58293,4
58294,4
58295,4
58296,4
58297,4
58298,4
58299,4
58300,4
58301,4
58302,4
58303,4
58304,4
58305,4
58306,4
58307,4
58308,4
58309,4
58310,4
58311,4
58312,4
58313,4
58314,4
58315,4
58316,4
58317,4
58318,4
58319,4
58320,4
58321,4
58322,4
58323,4
58324,4
58325,4
58326,4
58327,4
58328,4
58329,4
58330,4
58331,4
58332,4
58333,4
58334,4
58335,4
58336,4
58337,4
58338,4
58339,4
58340,4
58341,4
58342,4
58343,4
58344,4
58345,4
58346,4
58347,4
58348,4
58349,4
58350,4
58351,4
58352,4
58353,4
58354,4
58355,4
58356,4
58357,4
58358,4
58359,4
58360,4
58361,4
58362,4
58363,4
58364,4
58365,4
58366,4
58367,4
58368,4
58369,4
58370,4
58371,4
58372,4
58373,4
58374,4
58375,4
58376,4
58377,4
58378,4
58379,4
58380,4
58381,4
58382,4
58383,4
58384,4
58385,4
58386,4
58387,4
58388,4
58389,4
58390,4
58391,4
58392,4
58393,4
58394,4
58395,4
58396,4
58397,4
58398,4
58399,4
58400,4
58401,4
58402,4
58403,4
58404,4
58405,4
58406,4
58407,4
58408,4
58409,4
58410,4
58411,4
58412,4
58413,4
58414,4
58415,4
58416,4
58417,4
58418,4
58419,4
58420,4
58421,4
58422,4
58423,4
58424,4
58425,4
58426,4
58427,4
58428,4
58429,4
58430,4
58431,4
58432,4
58433,4
58434,4
58435,4
58436,4
58437,4
58438,4
58439,4
58440,4
58441,4
58442,4
58443,4
58444,4
58445,4
58446,4
58447,4
58448,4
58449,4
58450,4
58451,4
58452,4
58453,4
58454,4
58455,4
58456,4
58457,4
58458,4
58459,4
58460,4
58461,4
58462,4
58463,4
58464,4
58465,4
58466,4
58467,4
58468,4
58469,4
58470,4
58471,4
58472,4
58473,4
58474,4
58475,4
58476,4
58477,4
58478,4
58479,4
58480,4
58481,4
58482,4
58483,4
58484,4
58485,4
58486,4
58487,4
58488,4
58489,4
58490,4
58491,4
58492,4
58493,4
58494,4
58495,4
58496,4
58497,4
58498,4
58499,4
58500,4
58501,4
58502,4
58503,4
58504,4
58505,4
58506,4
58507,4
58508,4
58509,4
58510,4
58511,4
58512,4
58513,4
58514,4
58515,4
58516,4
58517,4
58518,4
58519,4
58520,4
58521,4
58522,4
58523,4
58524,4
58525,4
58526,4
58527,4
58528,4
58529,4
58530,4
58531,4
58532,4
58533,4
58534,4
58535,4
58536,4
58537,4
58538,4
58539,4
58540,4
58541,4
58542,4
58543,4
58544,4
58545,4
58546,4
58547,4
58548,4
58549,4
58550,4
58551,4
58552,4
58553,4
58554,4
58555,4
58556,4
58557,4
58558,4
58559,4
58560,4
58561,4
58562,4
58563,4
58564,4
58565,4
58566,4
58567,4
58568,4
58569,4
58570,4
58571,4
58572,4
58573,4
58574,4
58575,4
58576,4
58577,4
58578,4
58579,4
58580,4
58581,4
58582,4
58583,4
58584,4
58585,4
58586,4
58587,4
58588,4
58589,4
58590,4
58591,4
58592,4
58593,4
58594,4
58595,4
58596,4
58597,4
58598,4
58599,4
58600,4
58601,4
58602,4
58603,4
58604,4
58605,4
58606,4
58607,4
58608,4
58609,4
58610,4
58611,4
58612,4
58613,4
58614,4
58615,4
58616,4
58617,4
58618,4
58619,4
58620,4
58621,4
58622,4
58623,4
58624,4
58625,4
58626,4
58627,4
58628,4
58629,4
58630,4
58631,4
58632,4
58633,4
58634,4
58635,4
58636,4
58637,4
58638,4
58639,4
58640,4
58641,4
58642,4
58643,4
58644,4
58645,4
58646,4
58647,4
58648,4
58649,4
58650,4
58651,4
58652,4
58653,4
58654,4
58655,4
58656,4
58657,4
58658,4
58659,4
58660,4
58661,4
58662,4
58663,4
58664,4
58665,4
58666,4
58667,4
58668,4
58669,4
58670,4
58671,4
58672,4
58673,4
58674,4
58675,4
58676,4
58677,4
58678,4
58679,4
58680,4
58681,4
58682,4
58683,4
58684,4
58685,4
58686,4
58687,4
58688,4
58689,4
58690,4
58691,4
58692,4
58693,4
58694,4
58695,4
58696,4
58697,4
58698,4
58699,4
58700,4
58701,4
58702,4
58703,4
58704,4
58705,4
58706,4
58707,4
58708,4
58709,4
58710,4
58711,4
58712,4
58713,4
58714,4
58715,4
58716,4
58717,4
58718,4
58719,4
58720,4
58721,4
58722,4
58723,4
58724,4
58725,4
58726,4
58727,4
58728,4
58729,4
58730,4
58731,4
58732,4
58733,4
58734,4
58735,4
58736,4
58737,4
58738,4
58739,4
58740,4
58741,4
58742,4
58743,4
58744,4
58745,4
58746,4
58747,4
58748,4
58749,4
58750,4
58751,4
58752,4
58753,4
58754,4
58755,4
58756,4
58757,4
58758,4
58759,4
58760,4
58761,4
58762,4
58763,4
58764,4
58765,4
58766,4
58767,4
58768,4
58769,4
58770,4
58771,4
58772,4
58773,4
58774,4
58775,4
58776,4
58777,4
58778,4
58779,4
58780,4
58781,4
58782,4
58783,4
58784,4
58785,4
58786,4
58787,4
58788,4
58789,4
58790,4
58791,4
58792,4
58793,4
58794,4
58795,4
58796,4
58797,4
58798,4
58799,4
58800,4
58801,4
58802,4
58803,4
58804,4
58805,4
58806,4
58807,4
58808,4
58809,4
58810,4
58811,4
58812,4
58813,4
58814,4
58815,4
58816,4
58817,4
58818,4
58819,4
58820,4
58821,4
58822,4
58823,4
58824,4
58825,4
58826,4
58827,4
58828,4
58829,4
58830,4
58831,4
58832,4
58833,4
58834,4
58835,4
58836,4
58837,4
58838,4
58839,4
58840,4
58841,4
58842,4
58843,4
58844,4
58845,4
58846,4
58847,4
58848,4
58849,4
58850,4
58851,4
58852,4
58853,4
58854,4
58855,4
58856,4
58857,4
58858,4
58859,4
58860,4
58861,4
58862,4
58863,4
58864,4
58865,4
58866,4
58867,4
58868,4
58869,4
58870,3
58871,3
58872,3
58873,3
58874,3
58875,3
58876,3
58877,3
58878,3
58879,3
58880,3
58881,3
58882,3
58883,3
58884,3
58885,3
58886,3
58887,3
58888,3
58889,3
58890,3
58891,3
58892,3
58893,3
58894,3
58895,3
58896,3
58897,3
58898,3
58899,3
58900,3
58901,3
58902,3
58903,3
58904,3
58905,3
58906,3
58907,3
58908,3
58909,3
58910,3
58911,3
58912,3
58913,3
58914,3
58915,3
58916,3
58917,3
58918,3
58919,3
58920,3
58921,3
58922,3
58923,3
58924,3
58925,3
58926,3
58927,3
58928,3
58929,3
58930,3
58931,3
58932,3
58933,3
58934,3
58935,3
58936,3
58937,3
58938,3
58939,3
58940,3
58941,3
58942,3
58943,3
58944,3
58945,3
58946,3
58947,3
58948,3
58949,3
58950,3
58951,3
58952,3
58953,3
58954,3
58955,3
58956,3
58957,3
58958,3
58959,3
58960,3
58961,3
58962,3
58963,3
58964,3
58965,3
58966,3
58967,3
58968,3
58969,3
58970,3
58971,3
58972,3
58973,3
58974,3
58975,3
58976,3
58977,3
58978,3
58979,3
58980,3
58981,3
58982,3
58983,3
58984,3
58985,3
58986,3
58987,3
58988,3
58989,3
58990,3
58991,3
58992,3
58993,3
58994,3
58995,3
58996,3
58997,3
58998,3
58999,3
59000,3
59001,3
59002,3
59003,3
59004,3
59005,3
59006,3
59007,3
59008,3
59009,3
59010,3
59011,3
59012,3
59013,3
59014,3
59015,3
59016,3
59017,3
59018,3
59019,3
59020,3
59021,3
59022,3
59023,3
59024,3
59025,3
59026,3
59027,3
59028,3
59029,3
59030,3
59031,3
59032,3
59033,3
59034,3
59035,3
59036,3
59037,3
59038,3
59039,3
59040,3
59041,3
59042,3
59043,3
59044,3
59045,3
59046,3
59047,3
59048,3
59049,3
59050,3
59051,3
59052,3
59053,3
59054,3
59055,3
59056,3
59057,3
59058,3
59059,3
59060,3
59061,3
59062,3
59063,3
59064,3
59065,3
59066,3
59067,3
59068,3
59069,3
59070,3
59071,3
59072,3
59073,3
59074,3
59075,3
59076,3
59077,3
59078,3
59079,3
59080,3
59081,3
59082,3
59083,3
59084,3
59085,3
59086,3
59087,3
59088,3
59089,3
59090,3
59091,3
59092,3
59093,3
59094,3
59095,3
59096,3
59097,3
59098,3
59099,3
59100,3
59101,3
59102,3
59103,3
59104,3
59105,3
59106,3
59107,3
59108,3
59109,3
59110,3
59111,3
59112,3
59113,3
59114,3
59115,3
59116,3
59117,3
59118,3
59119,3
59120,3
59121,3
59122,3
59123,3
59124,3
59125,3
59126,3
59127,3
59128,3
59129,3
59130,3
59131,3
59132,3
59133,3
59134,3
59135,3
59136,3
59137,3
59138,3
59139,3
59140,3
59141,3
59142,3
59143,3
59144,3
59145,3
59146,3
59147,3
59148,3
59149,3
59150,3
59151,3
59152,3
59153,3
59154,3
59155,3
59156,3
59157,3
59158,3
59159,3
59160,3
59161,3
59162,3
59163,3
59164,3
59165,3
59166,3
59167,3
59168,3
59169,3
59170,3
59171,3
59172,3
59173,3
59174,3
59175,3
59176,3
59177,3
59178,3
59179,3
59180,3
59181,3
59182,3
59183,3
59184,3
59185,3
59186,3
59187,3
59188,3
59189,3
59190,3
59191,3
59192,3
59193,3
59194,3
59195,3
59196,3
59197,3
59198,3
59199,3
59200,3
59201,3
59202,3
59203,3
59204,3
59205,3
59206,3
59207,3
59208,3
59209,3
59210,3
59211,3
59212,3
59213,3
59214,3
59215,3
59216,3
59217,3
59218,3
59219,3
59220,3
59221,3
59222,3
59223,3
59224,3
59225,3
59226,3
59227,3
59228,3
59229,3
59230,3
59231,3
59232,3
59233,3
59234,3
59235,3
59236,3
59237,3
59238,3
59239,3
59240,3
59241,3
59242,3
59243,3
59244,3
59245,3
59246,3
59247,3
59248,3
59249,3
59250,3
59251,3
59252,3
59253,3
59254,3
59255,3
59256,3
59257,3
59258,3
59259,3
59260,3
59261,3
59262,3
59263,3
59264,3
59265,3
59266,3
59267,3
59268,3
59269,3
59270,3
59271,3
59272,3
59273,3
59274,3
59275,3
59276,3
59277,3
59278,3
59279,3
59280,3
59281,3
59282,3
59283,3
59284,3
59285,3
59286,3
59287,3
59288,3
59289,3
59290,3
59291,3
59292,3
59293,3
59294,3
59295,3
59296,3
59297,3
59298,3
59299,3
59300,3
59301,3
59302,3
59303,3
59304,3
59305,3
59306,3
59307,3
59308,3
59309,3
59310,3
59311,3
59312,3
59313,3
59314,3
59315,3
59316,3
59317,3
59318,3
59319,3
59320,3
59321,3
59322,3
59323,3
59324,3
59325,3
59326,3
59327,3
59328,3
59329,3
59330,3
59331,3
59332,3
59333,3
59334,3
59335,3
59336,3
59337,3
59338,3
59339,3
59340,3
59341,3
59342,3
59343,3
59344,3
59345,3
59346,3
59347,3
59348,3
59349,3
59350,3
59351,3
59352,3
59353,3
59354,3
59355,3
59356,3
59357,3
59358,3
59359,3
59360,3
59361,3
59362,3
59363,3
59364,3
59365,3
59366,3
59367,3
59368,3
59369,3
59370,3
59371,3
59372,3
59373,3
59374,3
59375,3
59376,3
59377,3
59378,3
59379,3
59380,3
59381,3
59382,3
59383,3
59384,3
59385,3
59386,3
59387,3
59388,3
59389,3
59390,3
59391,3
59392,3
59393,3
59394,3
59395,3
59396,3
59397,3
59398,3
59399,3
59400,3
59401,3
59402,3
59403,3
59404,3
59405,3
59406,3
59407,3
59408,3
59409,3
59410,3
59411,3
59412,3
59413,3
59414,3
59415,3
59416,3
59417,3
59418,3
59419,3
59420,3
59421,3
59422,3
59423,3
59424,3
59425,3
59426,3
59427,3
59428,3
59429,3
59430,3
59431,3
59432,3
59433,3
59434,3
59435,3
59436,3
59437,3
59438,3
59439,3
59440,3
59441,3
59442,3
59443,3
59444,3
59445,3
59446,3
59447,3
59448,3
59449,3
59450,3
59451,3
59452,3
59453,3
59454,3
59455,3
59456,3
59457,3
59458,3
59459,3
59460,3
59461,3
59462,3
59463,3
59464,3
59465,3
59466,3
59467,3
59468,3
59469,3
59470,3
59471,3
59472,3
59473,3
59474,3
59475,3
59476,3
59477,3
59478,3
59479,3
59480,3
59481,3
59482,3
59483,3
59484,3
59485,3
59486,3
59487,3
59488,3
59489,3
59490,3
59491,3
59492,3
59493,3
59494,3
59495,3
59496,3
59497,3
59498,3
59499,3
59500,3
59501,3
59502,3
59503,3
59504,3
59505,3
59506,3
59507,3
59508,3
59509,3
59510,3
59511,3
59512,3
59513,3
59514,3
59515,3
59516,3
59517,3
59518,3
59519,3
59520,3
59521,3
59522,3
59523,3
59524,3
59525,3
59526,3
59527,3
59528,3
59529,3
59530,3
59531,3
59532,3
59533,3
59534,3
59535,3
59536,3
59537,3
59538,3
59539,3
59540,3
59541,3
59542,3
59543,3
59544,3
59545,3
59546,3
59547,3
59548,3
59549,3
59550,3
59551,3
59552,3
59553,3
59554,3
59555,3
59556,3
59557,3
59558,3
59559,3
59560,3
59561,3
59562,3
59563,3
59564,3
59565,3
59566,3
59567,3
59568,3
59569,3
59570,3
59571,3
59572,3
59573,3
59574,3
59575,3
59576,3
59577,3
59578,3
59579,3
59580,3
59581,3
59582,3
59583,3
59584,3
59585,3
59586,3
59587,3
59588,3
59589,3
59590,3
59591,3
59592,3
59593,3
59594,3
59595,3
59596,3
59597,3
59598,3
59599,3
59600,3
59601,3
59602,3
59603,3
59604,3
59605,3
59606,3
59607,3
59608,3
59609,3
59610,3
59611,3
59612,3
59613,3
59614,3
59615,3
59616,3
59617,3
59618,3
59619,3
59620,3
59621,3
59622,3
59623,3
59624,3
59625,3
59626,3
59627,3
59628,3
59629,3
59630,3
59631,3
59632,3
59633,3
59634,3
59635,3
59636,3
59637,3
59638,3
59639,3
59640,3
59641,3
59642,3
59643,3
59644,3
59645,3
59646,3
59647,3
59648,3
59649,3
59650,3
59651,3
59652,3
59653,3
59654,3
59655,3
59656,3
59657,3
59658,3
59659,3
59660,3
59661,3
59662,3
59663,3
59664,3
59665,3
59666,3
59667,3
59668,3
59669,3
59670,3
59671,3
59672,3
59673,3
59674,3
59675,3
59676,3
59677,3
59678,3
59679,3
59680,3
59681,3
59682,3
59683,3
59684,3
59685,3
59686,3
59687,3
59688,3
59689,3
59690,3
59691,3
59692,3
59693,3
59694,3
59695,3
59696,3
59697,3
59698,3
59699,3
59700,3
59701,3
59702,3
59703,3
59704,3
59705,3
59706,3
59707,3
59708,3
59709,3
59710,3
59711,3
59712,3
59713,3
59714,3
59715,3
59716,3
59717,3
59718,3
59719,3
59720,3
59721,3
59722,3
59723,3
59724,3
59725,3
59726,3
59727,3
59728,3
59729,3
59730,3
59731,3
59732,3
59733,3
59734,3
59735,3
59736,3
59737,3
59738,3
59739,3
59740,3
59741,3
59742,3
59743,3
59744,3
59745,3
59746,3
59747,3
59748,3
59749,3
59750,3
59751,3
59752,3
59753,3
59754,3
59755,3
59756,3
59757,3
59758,3
59759,3
59760,3
59761,3
59762,3
59763,3
59764,3
59765,3
59766,3
59767,3
59768,3
59769,3
59770,3
59771,3
59772,3
59773,3
59774,3
59775,3
59776,3
59777,3
59778,3
59779,3
59780,3
59781,3
59782,3
59783,3
59784,3
59785,3
59786,3
59787,3
59788,3
59789,3
59790,3
59791,3
59792,3
59793,3
59794,3
59795,3
59796,3
59797,3
59798,3
59799,3
59800,3
59801,3
59802,3
59803,3
59804,3
59805,3
59806,3
59807,3
59808,3
59809,3
59810,3
59811,3
59812,3
59813,3
59814,3
59815,3
59816,3
59817,3
59818,3
59819,3
59820,3
59821,3
59822,3
59823,3
59824,3
59825,3
59826,3
59827,3
59828,3
59829,3
59830,3
59831,3
59832,3
59833,3
59834,3
59835,3
59836,3
59837,3
59838,3
59839,3
59840,3
59841,3
59842,3
59843,3
59844,3
59845,3
59846,3
59847,3
59848,3
59849,3
59850,3
59851,3
59852,3
59853,3
59854,3
59855,3
59856,3
59857,3
59858,3
59859,3
59860,3
59861,3
59862,3
59863,3
59864,3
59865,3
59866,3
59867,3
59868,3
59869,3
59870,3
59871,3
59872,3
59873,3
59874,3
59875,3
59876,3
59877,3
59878,3
59879,3
59880,3
59881,3
59882,3
59883,3
59884,3
59885,3
59886,3
59887,3
59888,3
59889,3
59890,3
59891,3
59892,3
59893,3
59894,3
59895,3
59896,3
59897,3
59898,3
59899,3
59900,3
59901,3
59902,3
59903,3
59904,3
59905,3
59906,3
59907,3
59908,3
59909,3
59910,3
59911,3
59912,3
59913,3
59914,3
59915,3
59916,3
59917,3
59918,3
59919,3
59920,3
59921,3
59922,3
59923,3
59924,3
59925,3
59926,3
59927,3
59928,3
59929,3
59930,3
59931,3
59932,3
59933,3
59934,3
59935,3
59936,3
59937,3
59938,3
59939,3
59940,3
59941,3
59942,3
59943,3
59944,3
59945,3
59946,3
59947,3
59948,3
59949,3
59950,3
59951,3
59952,3
59953,3
59954,3
59955,3
59956,3
59957,3
59958,3
59959,3
59960,3
59961,3
59962,3
59963,3
59964,3
59965,3
59966,3
59967,3
59968,3
59969,3
59970,3
59971,3
59972,3
59973,3
59974,3
59975,3
59976,3
59977,3
59978,3
59979,3
59980,3
59981,3
59982,3
59983,3
59984,3
59985,3
59986,3
59987,3
59988,3
59989,3
59990,3
59991,3
59992,3
59993,3
59994,3
59995,3
59996,3
59997,3
59998,3
59999,3
60000,3
60001,3
60002,3
60003,3
60004,3
60005,3
60006,3
60007,3
60008,3
60009,3
60010,3
60011,3
60012,3
60013,3
60014,3
60015,3
60016,3
60017,3
60018,3
60019,3
60020,3
60021,3
60022,3
60023,3
60024,3
60025,3
60026,3
60027,3
60028,3
60029,3
60030,3
60031,3
60032,3
60033,3
60034,3
60035,3
60036,3
60037,3
60038,3
60039,3
60040,3
60041,3
60042,3
60043,3
60044,3
60045,3
60046,3
60047,3
60048,3
60049,3
60050,3
60051,3
60052,3
60053,3
60054,3
60055,3
60056,3
60057,3
60058,3
60059,3
60060,3
60061,3
60062,3
60063,3
60064,3
60065,3
60066,3
60067,3
60068,3
60069,3
60070,3
60071,3
60072,3
60073,3
60074,3
60075,3
60076,3
60077,3
60078,3
60079,3
60080,3
60081,3
60082,3
60083,3
60084,3
60085,3
60086,3
60087,3
60088,3
60089,3
60090,3
60091,3
60092,3
60093,3
60094,3
60095,3
60096,3
60097,3
60098,3
60099,3
60100,3
60101,3
60102,3
60103,3
60104,3
60105,3
60106,3
60107,3
60108,3
60109,3
60110,3
60111,3
60112,3
60113,3
60114,3
60115,3
60116,3
60117,3
60118,3
60119,3
60120,3
60121,3
60122,3
60123,3
60124,3
60125,3
60126,3
60127,3
60128,3
60129,3
60130,3
60131,3
60132,3
60133,3
60134,3
60135,3
60136,3
60137,3
60138,3
60139,3
60140,3
60141,3
60142,3
60143,3
60144,3
60145,3
60146,3
60147,3
60148,3
60149,3
60150,3
60151,3
60152,3
60153,3
60154,3
60155,3
60156,3
60157,3
60158,3
60159,3
60160,3
60161,3
60162,3
60163,3
60164,3
60165,3
60166,3
60167,3
60168,3
60169,3
60170,3
60171,3
60172,3
60173,3
60174,3
60175,3
60176,3
60177,3
60178,3
60179,3
60180,3
60181,3
60182,3
60183,3
60184,3
60185,3
60186,3
60187,3
60188,3
60189,3
60190,3
60191,3
60192,3
60193,3
60194,3
60195,3
60196,3
60197,3
60198,3
60199,3
60200,3
60201,3
60202,3
60203,3
60204,3
60205,3
60206,3
60207,3
60208,3
60209,3
60210,3
60211,3
60212,3
60213,3
60214,3
60215,3
60216,3
60217,3
60218,3
60219,3
60220,3
60221,3
60222,3
60223,3
60224,3
60225,3
60226,3
60227,3
60228,3
60229,3
60230,3
60231,3
60232,3
60233,3
60234,3
60235,3
60236,3
60237,3
60238,3
60239,3
60240,3
60241,3
60242,3
60243,3
60244,3
60245,3
60246,3
60247,3
60248,3
60249,3
60250,3
60251,3
60252,3
60253,3
60254,3
60255,3
60256,3
60257,3
60258,3
60259,3
60260,3
60261,3
60262,3
60263,3
60264,3
60265,3
60266,3
60267,3
60268,3
60269,3
60270,3
60271,3
60272,3
60273,3
60274,3
60275,3
60276,3
60277,3
60278,3
60279,3
60280,3
60281,3
60282,3
60283,3
60284,3
60285,3
60286,3
60287,3
60288,3
60289,3
60290,3
60291,3
60292,3
60293,3
60294,3
60295,3
60296,3
60297,3
60298,3
60299,3
60300,3
60301,3
60302,3
60303,3
60304,3
60305,3
60306,3
60307,3
60308,3
60309,3
60310,3
60311,3
60312,3
60313,3
60314,3
60315,3
60316,3
60317,3
60318,3
60319,3
60320,3
60321,3
60322,3
60323,3
60324,3
60325,3
60326,3
60327,3
60328,3
60329,3
60330,3
60331,3
60332,3
60333,3
60334,3
60335,3
60336,3
60337,3
60338,3
60339,3
60340,3
60341,3
60342,3
60343,3
60344,3
60345,3
60346,3
60347,3
60348,3
60349,3
60350,3
60351,3
60352,3
60353,3
60354,3
60355,3
60356,3
60357,3
60358,3
60359,3
60360,3
60361,3
60362,3
60363,3
60364,3
60365,3
60366,3
60367,3
60368,3
60369,3
60370,3
60371,3
60372,3
60373,3
60374,3
60375,3
60376,3
60377,3
60378,3
60379,3
60380,3
60381,3
60382,3
60383,3
60384,3
60385,3
60386,3
60387,3
60388,3
60389,3
60390,3
60391,3
60392,3
60393,3
60394,3
60395,3
60396,3
60397,3
60398,3
60399,3
60400,3
60401,3
60402,3
60403,3
60404,3
60405,3
60406,3
60407,3
60408,3
60409,3
60410,3
60411,3
60412,3
60413,3
60414,3
60415,3
60416,3
60417,3
60418,3
60419,3
60420,3
60421,3
60422,3
60423,3
60424,3
60425,3
60426,3
60427,3
60428,3
60429,3
60430,3
60431,3
60432,3
60433,3
60434,3
60435,3
60436,3
60437,3
60438,3
60439,3
60440,3
60441,3
60442,3
60443,3
60444,3
60445,3
60446,3
60447,3
60448,3
60449,3
60450,3
60451,3
60452,3
60453,3
60454,3
60455,3
60456,3
60457,3
60458,3
60459,3
60460,3
60461,3
60462,3
60463,3
60464,3
60465,3
60466,3
60467,3
60468,3
60469,3
60470,3
60471,3
60472,3
60473,3
60474,3
60475,3
60476,3
60477,3
60478,3
60479,3
60480,3
60481,3
60482,3
60483,3
60484,3
60485,3
60486,3
60487,3
60488,3
60489,3
60490,3
60491,3
60492,3
60493,3
60494,3
60495,3
60496,3
60497,3
60498,3
60499,3
60500,3
60501,3
60502,3
60503,3
60504,3
60505,3
60506,3
60507,3
60508,3
60509,3
60510,3
60511,3
60512,3
60513,3
60514,3
60515,3
60516,3
60517,3
60518,3
60519,3
60520,3
60521,3
60522,3
60523,3
60524,3
60525,3
60526,3
60527,3
60528,3
60529,3
60530,3
60531,3
60532,3
60533,3
60534,3
60535,3
60536,3
60537,3
60538,3
60539,3
60540,3
60541,3
60542,3
60543,3
60544,3
60545,3
60546,3
60547,3
60548,3
60549,3
60550,3
60551,3
60552,3
60553,3
60554,3
60555,3
60556,3
60557,3
60558,3
60559,3
60560,3
60561,3
60562,3
60563,3
60564,3
60565,3
60566,3
60567,3
60568,3
60569,3
60570,3
60571,3
60572,3
60573,3
60574,3
60575,3
60576,3
60577,3
60578,3
60579,3
60580,3
60581,3
60582,3
60583,3
60584,3
60585,3
60586,3
60587,3
60588,3
60589,3
60590,3
60591,3
60592,3
60593,3
60594,3
60595,3
60596,3
60597,3
60598,3
60599,3
60600,3
60601,3
60602,3
60603,3
60604,3
60605,3
60606,3
60607,3
60608,3
60609,3
60610,3
60611,3
60612,3
60613,3
60614,3
60615,3
60616,3
60617,3
60618,3
60619,3
60620,3
60621,3
60622,3
60623,3
60624,3
60625,3
60626,3
60627,3
60628,3
60629,3
60630,3
60631,3
60632,3
60633,3
60634,3
60635,3
60636,3
60637,3
60638,3
60639,3
60640,3
60641,3
60642,3
60643,3
60644,3
60645,3
60646,3
60647,3
60648,3
60649,3
60650,3
60651,3
60652,3
60653,3
60654,3
60655,3
60656,3
60657,3
60658,3
60659,3
60660,3
60661,3
60662,3
60663,3
60664,3
60665,3
60666,3
60667,3
60668,3
60669,3
60670,3
60671,3
60672,3
60673,3
60674,3
60675,3
60676,3
60677,3
60678,3
60679,3
60680,3
60681,3
60682,3
60683,3
60684,3
60685,3
60686,3
60687,3
60688,3
60689,3
60690,3
60691,3
60692,3
60693,3
60694,3
60695,3
60696,3
60697,3
60698,3
60699,3
60700,3
60701,3
60702,3
60703,3
60704,3
60705,3
60706,3
60707,3
60708,3
60709,3
60710,3
60711,3
60712,3
60713,3
60714,3
60715,3
60716,3
60717,3
60718,3
60719,3
60720,3
60721,3
60722,3
60723,3
60724,3
60725,3
60726,3
60727,3
60728,3
60729,3
60730,3
60731,3
60732,3
60733,3
60734,3
60735,3
60736,3
60737,3
60738,3
60739,3
60740,3
60741,3
60742,3
60743,3
60744,3
60745,3
60746,3
60747,3
60748,3
60749,3
60750,3
60751,3
60752,3
60753,3
60754,3
60755,3
60756,3
60757,3
60758,3
60759,3
60760,3
60761,3
60762,3
60763,3
60764,3
60765,3
60766,3
60767,3
60768,3
60769,3
60770,3
60771,3
60772,3
60773,3
60774,3
60775,3
60776,3
60777,3
60778,3
60779,3
60780,3
60781,3
60782,3
60783,3
60784,3
60785,3
60786,3
60787,3
60788,3
60789,3
60790,3
60791,3
60792,3
60793,3
60794,3
60795,3
60796,3
60797,3
60798,3
60799,3
60800,3
60801,3
60802,3
60803,3
60804,3
60805,3
60806,3
60807,3
60808,3
60809,3
60810,3
60811,3
60812,3
60813,3
60814,3
60815,3
60816,3
60817,3
60818,3
60819,3
60820,3
60821,3
60822,3
60823,3
60824,3
60825,3
60826,3
60827,3
60828,3
60829,3
60830,3
60831,3
60832,3
60833,3
60834,3
60835,3
60836,3
60837,3
60838,3
60839,3
60840,3
60841,3
60842,3
60843,3
60844,3
60845,3
60846,3
60847,3
60848,3
60849,3
60850,3
60851,3
60852,3
60853,3
60854,3
60855,3
60856,3
60857,3
60858,3
60859,3
60860,3
60861,3
60862,3
60863,3
60864,3
60865,3
60866,3
60867,3
60868,3
60869,3
60870,3
60871,3
60872,3
60873,3
60874,3
60875,3
60876,3
60877,3
60878,3
60879,3
60880,3
60881,3
60882,3
60883,3
60884,3
60885,3
60886,3
60887,3
60888,3
60889,3
60890,3
60891,3
60892,3
60893,3
60894,3
60895,3
60896,3
60897,3
60898,3
60899,3
60900,3
60901,3
60902,3
60903,3
60904,3
60905,3
60906,3
60907,3
60908,3
60909,3
60910,3
60911,3
60912,3
60913,3
60914,3
60915,3
60916,3
60917,3
60918,3
60919,3
60920,3
60921,3
60922,3
60923,3
60924,3
60925,3
60926,3
60927,3
60928,3
60929,3
60930,3
60931,3
60932,3
60933,3
60934,3
60935,3
60936,3
60937,3
60938,3
60939,3
60940,3
60941,3
60942,3
60943,3
60944,3
60945,3
60946,3
60947,3
60948,3
60949,3
60950,3
60951,3
60952,3
60953,3
60954,3
60955,3
60956,3
60957,3
60958,3
60959,3
60960,3
60961,3
60962,3
60963,3
60964,3
60965,3
60966,3
60967,3
60968,3
60969,3
60970,3
60971,3
60972,3
60973,3
60974,3
60975,3
60976,3
60977,3
60978,3
60979,3
60980,3
60981,3
60982,3
60983,3
60984,3
60985,3
60986,3
60987,3
60988,3
60989,3
60990,3
60991,3
60992,3
60993,3
60994,3
60995,3
60996,3
60997,3
60998,3
60999,3
61000,3
61001,3
61002,3
61003,3
61004,3
61005,3
61006,3
61007,3
61008,3
61009,3
61010,3
61011,3
61012,3
61013,3
61014,3
61015,3
61016,3
61017,3
61018,3
61019,3
61020,3
61021,3
61022,3
61023,3
61024,3
61025,3
61026,3
61027,3
61028,3
61029,3
61030,3
61031,3
61032,3
61033,3
61034,3
61035,3
61036,3
61037,3
61038,3
61039,3
61040,3
61041,3
61042,3
61043,3
61044,3
61045,3
61046,3
61047,3
61048,3
61049,3
61050,3
61051,3
61052,3
61053,3
61054,3
61055,3
61056,3
61057,3
61058,3
61059,3
61060,3
61061,3
61062,3
61063,3
61064,3
61065,3
61066,3
61067,3
61068,3
61069,3
61070,3
61071,3
61072,3
61073,3
61074,3
61075,3
61076,3
61077,3
61078,3
61079,3
61080,3
61081,3
61082,3
61083,3
61084,3
61085,3
61086,3
61087,3
61088,3
61089,3
61090,3
61091,3
61092,3
61093,3
61094,3
61095,3
61096,3
61097,3
61098,3
61099,3
61100,3
61101,3
61102,3
61103,3
61104,3
61105,3
61106,3
61107,3
61108,3
61109,3
61110,3
61111,3
61112,3
61113,3
61114,3
61115,3
61116,3
61117,3
61118,3
61119,3
61120,3
61121,3
61122,3
61123,3
61124,3
61125,3
61126,3
61127,3
61128,3
61129,3
61130,3
61131,3
61132,3
61133,3
61134,3
61135,3
61136,3
61137,3
61138,3
61139,3
61140,3
61141,3
61142,3
61143,3
61144,3
61145,3
61146,3
61147,3
61148,3
61149,3
61150,3
61151,3
61152,3
61153,3
61154,3
61155,3
61156,3
61157,3
61158,3
61159,3
61160,3
61161,3
61162,3
61163,3
61164,3
61165,3
61166,3
61167,3
61168,3
61169,3
61170,3
61171,3
61172,3
61173,3
61174,3
61175,3
61176,3
61177,3
61178,3
61179,3
61180,3
61181,3
61182,3
61183,3
61184,3
61185,3
61186,3
61187,3
61188,3
61189,3
61190,3
61191,3
61192,3
61193,3
61194,3
61195,3
61196,3
61197,3
61198,3
61199,3
61200,3
61201,3
61202,3
61203,3
61204,3
61205,3
61206,3
61207,3
61208,3
61209,3
61210,3
61211,3
61212,3
61213,3
61214,3
61215,3
61216,3
61217,3
61218,3
61219,3
61220,3
61221,3
61222,3
61223,3
61224,3
61225,3
61226,3
61227,3
61228,3
61229,3
61230,3
61231,3
61232,3
61233,3
61234,3
61235,3
61236,3
61237,3
61238,3
61239,3
61240,3
61241,3
61242,3
61243,3
61244,3
61245,3
61246,3
61247,3
61248,3
61249,3
61250,3
61251,3
61252,3
61253,3
61254,3
61255,3
61256,3
61257,3
61258,3
61259,3
61260,3
61261,3
61262,3
61263,3
61264,3
61265,3
61266,3
61267,3
61268,3
61269,3
61270,3
61271,3
61272,3
61273,3
61274,3
61275,3
61276,3
61277,3
61278,3
61279,3
61280,3
61281,3
61282,3
61283,3
61284,3
61285,3
61286,3
61287,3
61288,3
61289,3
61290,3
61291,3
61292,3
61293,3
61294,3
61295,3
61296,3
61297,3
61298,3
61299,3
61300,3
61301,3
61302,3
61303,3
61304,3
61305,3
61306,3
61307,3
61308,3
61309,3
61310,3
61311,3
61312,3
61313,3
61314,3
61315,3
61316,3
61317,3
61318,3
61319,3
61320,3
61321,3
61322,3
61323,3
61324,3
61325,3
61326,3
61327,3
61328,3
61329,3
61330,3
61331,3
61332,3
61333,3
61334,3
61335,3
61336,3
61337,3
61338,3
61339,3
61340,3
61341,3
61342,3
61343,3
61344,3
61345,3
61346,3
61347,3
61348,3
61349,3
61350,3
61351,3
61352,3
61353,3
61354,3
61355,3
61356,3
61357,3
61358,3
61359,3
61360,3
61361,3
61362,3
61363,3
61364,3
61365,3
61366,3
61367,3
61368,3
61369,3
61370,3
61371,3
61372,3
61373,3
61374,3
61375,3
61376,3
61377,3
61378,3
61379,3
61380,3
61381,3
61382,3
61383,3
61384,3
61385,3
61386,3
61387,3
61388,3
61389,3
61390,3
61391,3
61392,3
61393,3
61394,3
61395,3
61396,3
61397,3
61398,3
61399,3
61400,3
61401,3
61402,3
61403,3
61404,3
61405,3
61406,3
61407,3
61408,3
61409,3
61410,3
61411,3
61412,3
61413,3
61414,3
61415,3
61416,3
61417,3
61418,3
61419,3
61420,3
61421,3
61422,3
61423,3
61424,3
61425,3
61426,3
61427,3
61428,3
61429,3
61430,3
61431,3
61432,3
61433,3
61434,3
61435,3
61436,3
61437,3
61438,3
61439,3
61440,3
61441,3
61442,3
61443,3
61444,3
61445,3
61446,3
61447,3
61448,3
61449,3
61450,3
61451,3
61452,3
61453,3
61454,3
61455,3
61456,3
61457,3
61458,3
61459,3
61460,3
61461,3
61462,3
61463,3
61464,3
61465,3
61466,3
61467,3
61468,3
61469,3
61470,3
61471,3
61472,3
61473,3
61474,3
61475,3
61476,3
61477,3
61478,3
61479,3
61480,3
61481,3
61482,3
61483,3
61484,3
61485,3
61486,3
61487,3
61488,3
61489,3
61490,3
61491,3
61492,3
61493,3
61494,3
61495,3
61496,3
61497,3
61498,3
61499,3
61500,3
61501,3
61502,3
61503,3
61504,3
61505,3
61506,3
61507,3
61508,3
61509,3
61510,3
61511,3
61512,3
61513,3
61514,3
61515,3
61516,3
61517,3
61518,3
61519,3
61520,3
61521,3
61522,3
61523,3
61524,3
61525,3
61526,3
61527,3
61528,3
61529,3
61530,3
61531,3
61532,3
61533,3
61534,3
61535,3
61536,3
61537,3
61538,3
61539,3
61540,3
61541,3
61542,3
61543,3
61544,3
61545,3
61546,3
61547,3
61548,3
61549,3
61550,3
61551,3
61552,3
61553,3
61554,3
61555,3
61556,3
61557,3
61558,3
61559,3
61560,3
61561,3
61562,3
61563,3
61564,3
61565,3
61566,3
61567,3
61568,3
61569,3
61570,3
61571,3
61572,3
61573,3
61574,3
61575,3
61576,3
61577,3
61578,3
61579,3
61580,3
61581,3
61582,3
61583,3
61584,3
61585,3
61586,3
61587,3
61588,3
61589,3
61590,3
61591,3
61592,3
61593,3
61594,3
61595,3
61596,3
61597,3
61598,3
61599,3
61600,3
61601,3
61602,3
61603,3
61604,3
61605,3
61606,3
61607,3
61608,3
61609,3
61610,3
61611,3
61612,3
61613,3
61614,3
61615,3
61616,3
61617,3
61618,3
61619,3
61620,3
61621,3
61622,3
61623,3
61624,3
61625,3
61626,3
61627,3
61628,3
61629,3
61630,3
61631,3
61632,3
61633,3
61634,3
61635,3
61636,3
61637,3
61638,3
61639,3
61640,3
61641,3
61642,3
61643,3
61644,3
61645,3
61646,3
61647,3
61648,3
61649,3
61650,3
61651,3
61652,3
61653,3
61654,3
61655,3
61656,3
61657,3
61658,3
61659,3
61660,3
61661,3
61662,3
61663,3
61664,3
61665,3
61666,3
61667,3
61668,3
61669,3
61670,3
61671,3
61672,3
61673,3
61674,3
61675,3
61676,3
61677,3
61678,3
61679,3
61680,3
61681,3
61682,3
61683,3
61684,3
61685,3
61686,3
61687,3
61688,3
61689,3
61690,3
61691,3
61692,3
61693,3
61694,3
61695,3
61696,3
61697,3
61698,3
61699,3
61700,3
61701,3
61702,3
61703,3
61704,3
61705,3
61706,3
61707,3
61708,3
61709,3
61710,3
61711,3
61712,3
61713,3
61714,3
61715,3
61716,3
61717,3
61718,3
61719,3
61720,3
61721,3
61722,3
61723,3
61724,3
61725,3
61726,3
61727,3
61728,3
61729,3
61730,3
61731,3
61732,3
61733,3
61734,3
61735,3
61736,3
61737,3
61738,3
61739,3
61740,3
61741,3
61742,3
61743,3
61744,3
61745,3
61746,3
61747,3
61748,3
61749,3
61750,3
61751,3
61752,3
61753,3
61754,3
61755,3
61756,3
61757,3
61758,3
61759,3
61760,3
61761,3
61762,3
61763,3
61764,3
61765,3
61766,3
61767,3
61768,3
61769,3
61770,3
61771,3
61772,3
61773,3
61774,3
61775,3
61776,3
61777,3
61778,3
61779,3
61780,3
61781,3
61782,3
61783,3
61784,3
61785,3
61786,3
61787,3
61788,3
61789,3
61790,3
61791,3
61792,3
61793,3
61794,3
61795,3
61796,3
61797,3
61798,3
61799,3
61800,3
61801,3
61802,3
61803,3
61804,3
61805,3
61806,3
61807,3
61808,3
61809,3
61810,3
61811,3
61812,3
61813,3
61814,3
61815,3
61816,3
61817,3
61818,3
61819,3
61820,3
61821,3
61822,3
61823,3
61824,3
61825,3
61826,3
61827,3
61828,3
61829,3
61830,3
61831,3
61832,3
61833,3
61834,3
61835,3
61836,3
61837,3
61838,3
61839,3
61840,3
61841,3
61842,3
61843,3
61844,3
61845,3
61846,3
61847,3
61848,3
61849,3
61850,3
61851,3
61852,3
61853,3
61854,3
61855,3
61856,3
61857,3
61858,3
61859,3
61860,3
61861,3
61862,3
61863,3
61864,3
61865,3
61866,3
61867,3
61868,3
61869,3
61870,3
61871,3
61872,3
61873,3
61874,3
61875,3
61876,3
61877,3
61878,3
61879,3
61880,3
61881,3
61882,3
61883,3
61884,3
61885,3
61886,3
61887,3
61888,3
61889,3
61890,3
61891,3
61892,3
61893,3
61894,3
61895,3
61896,3
61897,3
61898,3
61899,3
61900,3
61901,3
61902,3
61903,3
61904,3
61905,3
61906,3
61907,3
61908,3
61909,3
61910,3
61911,3
61912,3
61913,3
61914,3
61915,3
61916,3
61917,3
61918,3
61919,3
61920,3
61921,3
61922,3
61923,3
61924,3
61925,3
61926,3
61927,3
61928,3
61929,3
61930,3
61931,3
61932,3
61933,3
61934,3
61935,3
61936,3
61937,3
61938,3
61939,3
61940,3
61941,3
61942,3
61943,3
61944,3
61945,3
61946,3
61947,3
61948,3
61949,3
61950,3
61951,3
61952,3
61953,3
61954,3
61955,3
61956,3
61957,3
61958,3
61959,3
61960,3
61961,3
61962,3
61963,3
61964,3
61965,3
61966,3
61967,3
61968,3
61969,3
61970,3
61971,3
61972,3
61973,3
61974,3
61975,3
61976,3
61977,3
61978,3
61979,3
61980,3
61981,3
61982,3
61983,3
61984,3
61985,3
61986,3
61987,3
61988,3
61989,3
61990,3
61991,3
61992,3
61993,3
61994,3
61995,3
61996,3
61997,3
61998,3
61999,3
62000,3
62001,3
62002,3
62003,3
62004,3
62005,3
62006,3
62007,3
62008,3
62009,3
62010,3
62011,3
62012,3
62013,3
62014,3
62015,3
62016,3
62017,3
62018,3
62019,3
62020,3
62021,3
62022,3
62023,3
62024,3
62025,3
62026,3
62027,3
62028,3
62029,3
62030,3
62031,3
62032,3
62033,3
62034,3
62035,3
62036,3
62037,3
62038,3
62039,3
62040,3
62041,3
62042,3
62043,3
62044,3
62045,3
62046,3
62047,3
62048,3
62049,3
62050,3
62051,3
62052,3
62053,3
62054,3
62055,3
62056,3
62057,3
62058,3
62059,3
62060,3
62061,3
62062,3
62063,3
62064,3
62065,3
62066,3
62067,3
62068,3
62069,3
62070,3
62071,3
62072,3
62073,3
62074,3
62075,3
62076,3
62077,3
62078,3
62079,3
62080,3
62081,3
62082,3
62083,3
62084,3
62085,3
62086,3
62087,3
62088,3
62089,3
62090,3
62091,3
62092,3
62093,3
62094,3
62095,3
62096,3
62097,3
62098,3
62099,3
62100,3
62101,3
62102,3
62103,3
62104,3
62105,3
62106,3
62107,3
62108,3
62109,3
62110,3
62111,3
62112,3
62113,3
62114,3
62115,3
62116,3
62117,3
62118,3
62119,3
62120,3
62121,3
62122,3
62123,3
62124,3
62125,3
62126,3
62127,3
62128,3
62129,3
62130,3
62131,3
62132,3
62133,3
62134,3
62135,3
62136,3
62137,3
62138,3
62139,3
62140,3
62141,3
62142,3
62143,3
62144,3
62145,3
62146,3
62147,3
62148,3
62149,3
62150,3
62151,3
62152,3
62153,3
62154,3
62155,3
62156,3
62157,3
62158,3
62159,3
62160,3
62161,3
62162,3
62163,3
62164,3
62165,3
62166,3
62167,3
62168,3
62169,3
62170,3
62171,3
62172,3
62173,3
62174,3
62175,3
62176,3
62177,3
62178,3
62179,3
62180,3
62181,3
62182,3
62183,3
62184,3
62185,3
62186,3
62187,3
62188,3
62189,3
62190,3
62191,3
62192,3
62193,3
62194,3
62195,3
62196,3
62197,3
62198,3
62199,3
62200,3
62201,3
62202,3
62203,3
62204,3
62205,3
62206,3
62207,3
62208,3
62209,3
62210,3
62211,3
62212,3
62213,3
62214,3
62215,3
62216,3
62217,3
62218,3
62219,3
62220,3
62221,3
62222,3
62223,3
62224,3
62225,3
62226,3
62227,3
62228,3
62229,3
62230,3
62231,3
62232,3
62233,3
62234,3
62235,3
62236,3
62237,3
62238,3
62239,3
62240,3
62241,3
62242,3
62243,3
62244,3
62245,3
62246,3
62247,3
62248,3
62249,3
62250,3
62251,3
62252,3
62253,3
62254,3
62255,3
62256,3
62257,3
62258,3
62259,3
62260,3
62261,3
62262,3
62263,3
62264,3
62265,3
62266,3
62267,3
62268,3
62269,3
62270,3
62271,3
62272,3
62273,3
62274,3
62275,3
62276,3
62277,3
62278,3
62279,3
62280,3
62281,3
62282,3
62283,3
62284,3
62285,3
62286,3
62287,3
62288,3
62289,3
62290,3
62291,3
62292,3
62293,3
62294,3
62295,3
62296,3
62297,3
62298,3
62299,3
62300,3
62301,3
62302,3
62303,3
62304,3
62305,3
62306,3
62307,3
62308,3
62309,3
62310,3
62311,3
62312,3
62313,3
62314,3
62315,3
62316,3
62317,3
62318,3
62319,3
62320,3
62321,3
62322,3
62323,3
62324,3
62325,3
62326,3
62327,3
62328,3
62329,3
62330,3
62331,3
62332,3
62333,3
62334,3
62335,3
62336,3
62337,3
62338,3
62339,3
62340,3
62341,3
62342,3
62343,3
62344,3
62345,3
62346,3
62347,3
62348,3
62349,3
62350,3
62351,3
62352,3
62353,3
62354,3
62355,3
62356,3
62357,3
62358,3
62359,3
62360,3
62361,3
62362,3
62363,3
62364,3
62365,3
62366,3
62367,3
62368,3
62369,3
62370,3
62371,3
62372,3
62373,3
62374,3
62375,3
62376,3
62377,3
62378,3
62379,3
62380,3
62381,3
62382,3
62383,3
62384,3
62385,3
62386,3
62387,3
62388,3
62389,3
62390,3
62391,3
62392,3
62393,3
62394,3
62395,3
62396,3
62397,3
62398,3
62399,3
62400,3
62401,3
62402,3
62403,3
62404,3
62405,3
62406,3
62407,3
62408,3
62409,3
62410,3
62411,3
62412,3
62413,3
62414,3
62415,3
62416,3
62417,3
62418,3
62419,3
62420,3
62421,3
62422,3
62423,3
62424,3
62425,3
62426,3
62427,3
62428,3
62429,3
62430,3
62431,3
62432,3
62433,3
62434,3
62435,3
62436,3
62437,3
62438,3
62439,3
62440,3
62441,3
62442,3
62443,3
62444,3
62445,3
62446,3
62447,3
62448,3
62449,3
62450,3
62451,3
62452,3
62453,3
62454,3
62455,3
62456,3
62457,3
62458,3
62459,3
62460,3
62461,3
62462,3
62463,3
62464,3
62465,3
62466,3
62467,3
62468,3
62469,3
62470,3
62471,3
62472,3
62473,3
62474,3
62475,3
62476,3
62477,3
62478,3
62479,3
62480,3
62481,3
62482,3
62483,3
62484,3
62485,3
62486,3
62487,3
62488,3
62489,3
62490,3
62491,3
62492,3
62493,3
62494,3
62495,3
62496,3
62497,3
62498,3
62499,3
62500,3
62501,3
62502,3
62503,3
62504,3
62505,3
62506,3
62507,3
62508,3
62509,3
62510,3
62511,3
62512,3
62513,3
62514,3
62515,3
62516,3
62517,3
62518,3
62519,3
62520,3
62521,3
62522,3
62523,3
62524,3
62525,3
62526,3
62527,3
62528,3
62529,3
62530,3
62531,3
62532,3
62533,3
62534,3
62535,3
62536,3
62537,3
62538,3
62539,3
62540,3
62541,3
62542,3
62543,3
62544,3
62545,3
62546,3
62547,3
62548,3
62549,3
62550,3
62551,3
62552,3
62553,3
62554,3
62555,3
62556,3
62557,3
62558,3
62559,3
62560,3
62561,3
62562,3
62563,3
62564,3
62565,3
62566,3
62567,3
62568,3
62569,3
62570,3
62571,3
62572,3
62573,3
62574,3
62575,3
62576,3
62577,3
62578,3
62579,3
62580,3
62581,3
62582,3
62583,3
62584,3
62585,3
62586,3
62587,3
62588,3
62589,3
62590,3
62591,3
62592,3
62593,3
62594,3
62595,3
62596,3
62597,3
62598,3
62599,3
62600,3
62601,3
62602,3
62603,3
62604,3
62605,3
62606,3
62607,3
62608,3
62609,3
62610,3
62611,3
62612,3
62613,3
62614,3
62615,3
62616,3
62617,3
62618,3
62619,3
62620,3
62621,3
62622,3
62623,3
62624,3
62625,3
62626,3
62627,3
62628,3
62629,3
62630,3
62631,3
62632,3
62633,3
62634,3
62635,3
62636,3
62637,3
62638,3
62639,3
62640,3
62641,3
62642,3
62643,3
62644,3
62645,3
62646,3
62647,3
62648,3
62649,3
62650,3
62651,3
62652,3
62653,3
62654,3
62655,3
62656,3
62657,3
62658,3
62659,3
62660,3
62661,3
62662,3
62663,3
62664,3
62665,3
62666,3
62667,3
62668,3
62669,3
62670,3
62671,3
62672,3
62673,3
62674,3
62675,3
62676,3
62677,3
62678,3
62679,3
62680,3
62681,3
62682,3
62683,3
62684,3
62685,3
62686,3
62687,3
62688,3
62689,3
62690,3
62691,3
62692,3
62693,3
62694,3
62695,3
62696,3
62697,3
62698,3
62699,3
62700,3
62701,3
62702,3
62703,3
62704,3
62705,3
62706,3
62707,3
62708,3
62709,3
62710,3
62711,3
62712,3
62713,3
62714,3
62715,3
62716,3
62717,3
62718,3
62719,3
62720,3
62721,3
62722,3
62723,3
62724,3
62725,3
62726,3
62727,3
62728,3
62729,3
62730,3
62731,3
62732,3
62733,3
62734,3
62735,3
62736,3
62737,3
62738,3
62739,3
62740,3
62741,3
62742,3
62743,3
62744,3
62745,3
62746,3
62747,3
62748,3
62749,3
62750,3
62751,3
62752,3
62753,3
62754,3
62755,3
62756,3
62757,3
62758,3
62759,3
62760,3
62761,3
62762,3
62763,3
62764,3
62765,3
62766,3
62767,3
62768,3
62769,3
62770,3
62771,3
62772,3
62773,3
62774,3
62775,3
62776,3
62777,3
62778,3
62779,3
62780,3
62781,3
62782,3
62783,3
62784,3
62785,3
62786,3
62787,3
62788,3
62789,3
62790,3
62791,3
62792,3
62793,3
62794,3
62795,3
62796,3
62797,3
62798,3
62799,3
62800,3
62801,3
62802,3
62803,3
62804,3
62805,3
62806,3
62807,3
62808,3
62809,3
62810,3
62811,3
62812,3
62813,3
62814,3
62815,3
62816,3
62817,3
62818,3
62819,3
62820,3
62821,3
62822,3
62823,3
62824,3
62825,3
62826,3
62827,3
62828,3
62829,3
62830,3
62831,3
62832,3
62833,3
62834,3
62835,3
62836,3
62837,3
62838,3
62839,3
62840,3
62841,3
62842,3
62843,3
62844,3
62845,3
62846,3
62847,3
62848,3
62849,3
62850,3
62851,3
62852,3
62853,3
62854,3
62855,3
62856,3
62857,3
62858,3
62859,3
62860,3
62861,3
62862,3
62863,3
62864,3
62865,3
62866,3
62867,3
62868,3
62869,3
62870,3
62871,3
62872,3
62873,3
62874,3
62875,3
62876,3
62877,3
62878,3
62879,3
62880,3
62881,3
62882,3
62883,3
62884,3
62885,3
62886,3
62887,3
62888,3
62889,3
62890,3
62891,3
62892,3
62893,3
62894,3
62895,3
62896,3
62897,3
62898,3
62899,3
62900,3
62901,3
62902,3
62903,3
62904,3
62905,3
62906,3
62907,3
62908,3
62909,3
62910,3
62911,3
62912,3
62913,3
62914,3
62915,3
62916,3
62917,3
62918,3
62919,3
62920,3
62921,3
62922,3
62923,3
62924,3
62925,3
62926,3
62927,3
62928,3
62929,3
62930,3
62931,3
62932,3
62933,3
62934,3
62935,3
62936,3
62937,3
62938,3
62939,3
62940,3
62941,3
62942,3
62943,3
62944,3
62945,3
62946,3
62947,3
62948,3
62949,3
62950,3
62951,3
62952,3
62953,3
62954,3
62955,3
62956,3
62957,3
62958,3
62959,3
62960,3
62961,3
62962,3
62963,3
62964,3
62965,3
62966,3
62967,3
62968,3
62969,3
62970,3
62971,3
62972,3
62973,3
62974,3
62975,3
62976,3
62977,3
62978,3
62979,3
62980,3
62981,3
62982,3
62983,3
62984,3
62985,3
62986,3
62987,3
62988,3
62989,3
62990,3
62991,3
62992,3
62993,3
62994,3
62995,3
62996,3
62997,3
62998,3
62999,3
63000,3
63001,3
63002,3
63003,3
63004,3
63005,3
63006,3
63007,3
63008,3
63009,3
63010,3
63011,3
63012,3
63013,3
63014,3
63015,3
63016,3
63017,3
63018,3
63019,3
63020,3
63021,3
63022,3
63023,3
63024,3
63025,3
63026,3
63027,3
63028,3
63029,3
63030,3
63031,3
63032,3
63033,3
63034,3
63035,3
63036,3
63037,3
63038,3
63039,3
63040,3
63041,3
63042,3
63043,3
63044,3
63045,3
63046,3
63047,3
63048,3
63049,3
63050,3
63051,3
63052,3
63053,3
63054,3
63055,3
63056,3
63057,3
63058,3
63059,3
63060,3
63061,3
63062,3
63063,3
63064,3
63065,3
63066,3
63067,3
63068,3
63069,3
63070,3
63071,3
63072,3
63073,3
63074,3
63075,3
63076,3
63077,3
63078,3
63079,3
63080,3
63081,3
63082,3
63083,3
63084,3
63085,3
63086,3
63087,3
63088,3
63089,3
63090,3
63091,3
63092,3
63093,3
63094,3
63095,3
63096,3
63097,3
63098,3
63099,3
63100,3
63101,3
63102,3
63103,3
63104,3
63105,3
63106,3
63107,3
63108,3
63109,3
63110,3
63111,3
63112,3
63113,3
63114,3
63115,3
63116,3
63117,3
63118,3
63119,3
63120,3
63121,3
63122,3
63123,3
63124,3
63125,3
63126,3
63127,3
63128,3
63129,3
63130,3
63131,3
63132,3
63133,3
63134,3
63135,3
63136,3
63137,3
63138,3
63139,3
63140,3
63141,3
63142,3
63143,3
63144,3
63145,3
63146,3
63147,3
63148,3
63149,3
63150,3
63151,3
63152,3
63153,3
63154,3
63155,3
63156,3
63157,3
63158,3
63159,3
63160,3
63161,3
63162,3
63163,3
63164,3
63165,3
63166,3
63167,3
63168,3
63169,3
63170,3
63171,3
63172,3
63173,3
63174,3
63175,3
63176,3
63177,3
63178,3
63179,3
63180,3
63181,3
63182,3
63183,3
63184,3
63185,3
63186,3
63187,3
63188,3
63189,3
63190,3
63191,3
63192,3
63193,3
63194,3
63195,3
63196,3
63197,3
63198,3
63199,3
63200,3
63201,3
63202,3
63203,3
63204,3
63205,3
63206,3
63207,3
63208,3
63209,3
63210,3
63211,3
63212,3
63213,3
63214,3
63215,3
63216,3
63217,3
63218,3
63219,3
63220,3
63221,3
63222,3
63223,3
63224,3
63225,3
63226,3
63227,3
63228,3
63229,3
63230,3
63231,3
63232,3
63233,3
63234,3
63235,3
63236,3
63237,3
63238,3
63239,3
63240,3
63241,3
63242,3
63243,3
63244,3
63245,3
63246,3
63247,3
63248,3
63249,3
63250,3
63251,3
63252,3
63253,3
63254,3
63255,3
63256,3
63257,3
63258,3
63259,3
63260,3
63261,3
63262,3
63263,3
63264,3
63265,3
63266,3
63267,3
63268,3
63269,3
63270,3
63271,3
63272,3
63273,3
63274,3
63275,3
63276,3
63277,3
63278,3
63279,3
63280,3
63281,3
63282,3
63283,3
63284,3
63285,3
63286,3
63287,3
63288,3
63289,3
63290,3
63291,3
63292,3
63293,3
63294,3
63295,3
63296,3
63297,3
63298,3
63299,3
63300,3
63301,3
63302,3
63303,3
63304,3
63305,3
63306,3
63307,3
63308,3
63309,3
63310,3
63311,3
63312,3
63313,3
63314,3
63315,3
63316,3
63317,3
63318,3
63319,3
63320,3
63321,3
63322,3
63323,3
63324,3
63325,3
63326,3
63327,3
63328,3
63329,3
63330,3
63331,3
63332,3
63333,3
63334,3
63335,3
63336,3
63337,3
63338,3
63339,3
63340,3
63341,3
63342,3
63343,3
63344,3
63345,3
63346,3
63347,3
63348,3
63349,3
63350,3
63351,3
63352,3
63353,3
63354,3
63355,3
63356,3
63357,3
63358,3
63359,3
63360,3
63361,3
63362,3
63363,3
63364,3
63365,3
63366,3
63367,3
63368,3
63369,3
63370,3
63371,3
63372,3
63373,3
63374,3
63375,3
63376,3
63377,3
63378,3
63379,3
63380,3
63381,3
63382,3
63383,3
63384,3
63385,3
63386,3
63387,3
63388,3
63389,3
63390,3
63391,3
63392,3
63393,3
63394,3
63395,3
63396,3
63397,3
63398,3
63399,3
63400,3
63401,3
63402,3
63403,3
63404,3
63405,3
63406,3
63407,3
63408,3
63409,3
63410,3
63411,3
63412,3
63413,3
63414,3
63415,3
63416,3
63417,3
63418,3
63419,3
63420,3
63421,3
63422,3
63423,3
63424,3
63425,3
63426,3
63427,3
63428,3
63429,3
63430,3
63431,3
63432,3
63433,3
63434,3
63435,3
63436,3
63437,3
63438,3
63439,3
63440,3
63441,3
63442,3
63443,3
63444,3
63445,3
63446,3
63447,3
63448,3
63449,3
63450,3
63451,3
63452,3
63453,3
63454,3
63455,3
63456,3
63457,3
63458,3
63459,3
63460,3
63461,3
63462,3
63463,3
63464,3
63465,3
63466,3
63467,3
63468,3
63469,3
63470,3
63471,3
63472,3
63473,3
63474,3
63475,3
63476,3
63477,3
63478,3
63479,3
63480,3
63481,3
63482,3
63483,3
63484,3
63485,3
63486,3
63487,3
63488,3
63489,3
63490,3
63491,3
63492,3
63493,3
63494,3
63495,3
63496,3
63497,3
63498,3
63499,3
63500,3
63501,3
63502,3
63503,3
63504,3
63505,3
63506,3
63507,3
63508,3
63509,3
63510,3
63511,3
63512,3
63513,3
63514,3
63515,3
63516,3
63517,3
63518,3
63519,3
63520,3
63521,3
63522,3
63523,3
63524,3
63525,3
63526,3
63527,3
63528,3
63529,3
63530,3
63531,3
63532,3
63533,3
63534,3
63535,3
63536,3
63537,3
63538,3
63539,3
63540,3
63541,3
63542,3
63543,3
63544,3
63545,3
63546,3
63547,3
63548,3
63549,3
63550,3
63551,3
63552,3
63553,3
63554,3
63555,3
63556,3
63557,3
63558,3
63559,3
63560,3
63561,3
63562,3
63563,3
63564,3
63565,3
63566,3
63567,3
63568,3
63569,3
63570,3
63571,3
63572,3
63573,3
63574,3
63575,3
63576,3
63577,3
63578,3
63579,3
63580,3
63581,3
63582,3
63583,3
63584,3
63585,3
63586,3
63587,3
63588,3
63589,3
63590,3
63591,3
63592,3
63593,3
63594,3
63595,3
63596,3
63597,3
63598,3
63599,3
63600,3
63601,3
63602,3
63603,3
63604,3
63605,3
63606,3
63607,3
63608,3
63609,3
63610,3
63611,3
63612,3
63613,3
63614,3
63615,3
63616,3
63617,3
63618,3
63619,3
63620,3
63621,3
63622,3
63623,3
63624,3
63625,3
63626,3
63627,3
63628,3
63629,3
63630,3
63631,3
63632,3
63633,3
63634,3
63635,3
63636,3
63637,3
63638,3
63639,3
63640,3
63641,3
63642,3
63643,3
63644,3
63645,3
63646,3
63647,3
63648,3
63649,3
63650,3
63651,3
63652,3
63653,3
63654,3
63655,3
63656,3
63657,3
63658,3
63659,3
63660,3
63661,3
63662,3
63663,3
63664,3
63665,3
63666,3
63667,3
63668,3
63669,3
63670,3
63671,3
63672,3
63673,3
63674,3
63675,3
63676,3
63677,3
63678,3
63679,3
63680,3
63681,3
63682,3
63683,3
63684,3
63685,3
63686,3
63687,3
63688,3
63689,3
63690,3
63691,3
63692,3
63693,3
63694,3
63695,3
63696,3
63697,3
63698,3
63699,3
63700,3
63701,3
63702,3
63703,3
63704,3
63705,3
63706,3
63707,3
63708,3
63709,3
63710,3
63711,3
63712,3
63713,3
63714,3
63715,3
63716,3
63717,3
63718,3
63719,3
63720,3
63721,3
63722,3
63723,3
63724,3
63725,3
63726,3
63727,3
63728,3
63729,3
63730,3
63731,3
63732,3
63733,3
63734,3
63735,3
63736,3
63737,3
63738,3
63739,3
63740,3
63741,3
63742,3
63743,3
63744,3
63745,3
63746,3
63747,3
63748,3
63749,3
63750,3
63751,3
63752,3
63753,3
63754,3
63755,3
63756,3
63757,3
63758,3
63759,3
63760,3
63761,3
63762,3
63763,3
63764,3
63765,3
63766,3
63767,3
63768,3
63769,3
63770,3
63771,3
63772,3
63773,3
63774,3
63775,3
63776,3
63777,3
63778,3
63779,3
63780,3
63781,3
63782,3
63783,3
63784,3
63785,3
63786,3
63787,3
63788,3
63789,3
63790,3
63791,3
63792,3
63793,3
63794,3
63795,3
63796,3
63797,3
63798,3
63799,3
63800,3
63801,3
63802,3
63803,3
63804,3
63805,3
63806,3
63807,3
63808,3
63809,3
63810,3
63811,3
63812,3
63813,3
63814,3
63815,3
63816,3
63817,3
63818,3
63819,3
63820,3
63821,3
63822,3
63823,3
63824,3
63825,3
63826,3
63827,3
63828,3
63829,3
63830,3
63831,3
63832,3
63833,3
63834,3
63835,3
63836,3
63837,3
63838,3
63839,3
63840,3
63841,3
63842,3
63843,3
63844,3
63845,3
63846,3
63847,3
63848,3
63849,3
63850,3
63851,3
63852,3
63853,3
63854,3
63855,3
63856,3
63857,3
63858,3
63859,3
63860,3
63861,3
63862,3
63863,3
63864,3
63865,3
63866,3
63867,3
63868,3
63869,3
63870,3
63871,3
63872,3
63873,3
63874,3
63875,3
63876,3
63877,3
63878,3
63879,3
63880,3
63881,3
63882,3
63883,3
63884,3
63885,3
63886,3
63887,3
63888,3
63889,3
63890,3
63891,3
63892,3
63893,3
63894,3
63895,3
63896,3
63897,3
63898,3
63899,3
63900,3
63901,3
63902,3
63903,3
63904,3
63905,3
63906,3
63907,3
63908,3
63909,3
63910,3
63911,3
63912,3
63913,3
63914,3
63915,3
63916,3
63917,3
63918,3
63919,3
63920,3
63921,3
63922,3
63923,3
63924,3
63925,3
63926,3
63927,3
63928,3
63929,3
63930,3
63931,3
63932,3
63933,3
63934,3
63935,3
63936,3
63937,3
63938,3
63939,3
63940,3
63941,3
63942,3
63943,3
63944,3
63945,3
63946,3
63947,3
63948,3
63949,3
63950,3
63951,3
63952,3
63953,3
63954,3
63955,3
63956,3
63957,3
63958,3
63959,3
63960,3
63961,3
63962,3
63963,3
63964,3
63965,3
63966,3
63967,3
63968,3
63969,3
63970,3
63971,3
63972,3
63973,3
63974,3
63975,3
63976,3
63977,3
63978,3
63979,3
63980,3
63981,3
63982,3
63983,3
63984,3
63985,3
63986,3
63987,3
63988,3
63989,3
63990,3
63991,3
63992,3
63993,3
63994,3
63995,3
63996,3
63997,3
63998,3
63999,3
64000,3
64001,3
64002,3
64003,3
64004,3
64005,3
64006,3
64007,3
64008,3
64009,3
64010,3
64011,3
64012,3
64013,3
64014,3
64015,3
64016,3
64017,3
64018,3
64019,3
64020,3
64021,3
64022,3
64023,3
64024,3
64025,3
64026,3
64027,3
64028,3
64029,3
64030,3
64031,3
64032,3
64033,3
64034,3
64035,3
64036,3
64037,3
64038,3
64039,3
64040,3
64041,3
64042,3
64043,3
64044,3
64045,3
64046,3
64047,3
64048,3
64049,3
64050,3
64051,3
64052,3
64053,3
64054,3
64055,3
64056,3
64057,3
64058,3
64059,3
64060,3
64061,3
64062,3
64063,3
64064,3
64065,3
64066,3
64067,3
64068,3
64069,3
64070,3
64071,3
64072,3
64073,3
64074,3
64075,3
64076,3
64077,3
64078,3
64079,3
64080,3
64081,3
64082,3
64083,3
64084,3
64085,3
64086,3
64087,3
64088,3
64089,3
64090,3
64091,3
64092,3
64093,3
64094,3
64095,3
64096,3
64097,3
64098,3
64099,3
64100,3
64101,3
64102,3
64103,3
64104,3
64105,3
64106,3
64107,3
64108,3
64109,3
64110,3
64111,3
64112,3
64113,3
64114,3
64115,3
64116,3
64117,3
64118,3
64119,3
64120,3
64121,3
64122,3
64123,3
64124,3
64125,3
64126,3
64127,3
64128,3
64129,3
64130,3
64131,3
64132,3
64133,3
64134,3
64135,3
64136,3
64137,3
64138,3
64139,3
64140,3
64141,3
64142,3
64143,3
64144,3
64145,3
64146,3
64147,3
64148,3
64149,3
64150,3
64151,3
64152,3
64153,3
64154,3
64155,3
64156,3
64157,3
64158,3
64159,3
64160,3
64161,3
64162,3
64163,3
64164,3
64165,3
64166,3
64167,3
64168,3
64169,3
64170,3
64171,3
64172,3
64173,3
64174,3
64175,3
64176,3
64177,3
64178,3
64179,3
64180,3
64181,3
64182,3
64183,3
64184,3
64185,3
64186,3
64187,3
64188,3
64189,3
64190,3
64191,3
64192,3
64193,3
64194,3
64195,3
64196,3
64197,3
64198,3
64199,3
64200,3
64201,3
64202,3
64203,3
64204,3
64205,3
64206,3
64207,3
64208,3
64209,3
64210,3
64211,3
64212,3
64213,3
64214,3
64215,3
64216,3
64217,3
64218,3
64219,3
64220,3
64221,3
64222,3
64223,3
64224,3
64225,3
64226,3
64227,3
64228,3
64229,3
64230,3
64231,3
64232,3
64233,3
64234,3
64235,3
64236,3
64237,3
64238,3
64239,3
64240,3
64241,3
64242,3
64243,3
64244,3
64245,3
64246,3
64247,3
64248,3
64249,3
64250,3
64251,3
64252,3
64253,3
64254,3
64255,3
64256,3
64257,3
64258,3
64259,3
64260,3
64261,3
64262,3
64263,3
64264,3
64265,3
64266,3
64267,3
64268,3
64269,3
64270,3
64271,3
64272,3
64273,3
64274,3
64275,3
64276,3
64277,3
64278,3
64279,3
64280,3
64281,3
64282,3
64283,3
64284,3
64285,3
64286,3
64287,3
64288,3
64289,3
64290,3
64291,3
64292,3
64293,3
64294,3
64295,3
64296,3
64297,3
64298,3
64299,3
64300,3
64301,3
64302,3
64303,3
64304,3
64305,3
64306,3
64307,3
64308,3
64309,3
64310,3
64311,3
64312,3
64313,3
64314,3
64315,3
64316,3
64317,3
64318,3
64319,3
64320,3
64321,3
64322,3
64323,3
64324,3
64325,3
64326,3
64327,3
64328,3
64329,3
64330,3
64331,3
64332,3
64333,3
64334,3
64335,3
64336,3
64337,3
64338,3
64339,3
64340,3
64341,3
64342,3
64343,3
64344,3
64345,3
64346,3
64347,3
64348,3
64349,3
64350,3
64351,3
64352,3
64353,3
64354,3
64355,3
64356,3
64357,3
64358,3
64359,3
64360,3
64361,3
64362,3
64363,3
64364,3
64365,3
64366,3
64367,3
64368,3
64369,3
64370,3
64371,3
64372,3
64373,3
64374,3
64375,3
64376,3
64377,3
64378,3
64379,3
64380,3
64381,3
64382,3
64383,3
64384,3
64385,3
64386,3
64387,3
64388,3
64389,3
64390,3
64391,3
64392,3
64393,3
64394,3
64395,3
64396,3
64397,3
64398,3
64399,3
64400,3
64401,3
64402,3
64403,3
64404,3
64405,3
64406,3
64407,3
64408,3
64409,3
64410,3
64411,3
64412,3
64413,3
64414,3
64415,3
64416,3
64417,3
64418,3
64419,3
64420,3
64421,3
64422,3
64423,3
64424,3
64425,3
64426,3
64427,3
64428,3
64429,3
64430,3
64431,3
64432,3
64433,3
64434,3
64435,3
64436,3
64437,3
64438,3
64439,3
64440,3
64441,3
64442,3
64443,3
64444,3
64445,3
64446,3
64447,3
64448,3
64449,3
64450,3
64451,3
64452,3
64453,3
64454,3
64455,3
64456,3
64457,3
64458,3
64459,3
64460,3
64461,3
64462,3
64463,3
64464,3
64465,3
64466,3
64467,3
64468,3
64469,3
64470,3
64471,3
64472,3
64473,3
64474,3
64475,3
64476,3
64477,3
64478,3
64479,3
64480,3
64481,3
64482,3
64483,3
64484,3
64485,3
64486,3
64487,3
64488,3
64489,3
64490,3
64491,3
64492,3
64493,3
64494,3
64495,3
64496,3
64497,3
64498,3
64499,3
64500,3
64501,3
64502,3
64503,3
64504,3
64505,3
64506,3
64507,3
64508,3
64509,3
64510,3
64511,3
64512,3
64513,3
64514,3
64515,3
64516,3
64517,3
64518,3
64519,3
64520,3
64521,3
64522,3
64523,3
64524,3
64525,3
64526,3
64527,3
64528,3
64529,3
64530,3
64531,3
64532,3
64533,3
64534,3
64535,3
64536,3
64537,3
64538,3
64539,3
64540,3
64541,3
64542,3
64543,3
64544,3
64545,3
64546,3
64547,3
64548,3
64549,3
64550,3
64551,3
64552,3
64553,3
64554,3
64555,3
64556,3
64557,3
64558,3
64559,3
64560,3
64561,3
64562,3
64563,3
64564,3
64565,3
64566,3
64567,3
64568,3
64569,3
64570,3
64571,3
64572,3
64573,3
64574,3
64575,3
64576,3
64577,3
64578,3
64579,3
64580,3
64581,3
64582,3
64583,3
64584,3
64585,3
64586,3
64587,3
64588,3
64589,3
64590,3
64591,3
64592,3
64593,3
64594,3
64595,3
64596,3
64597,3
64598,3
64599,3
64600,3
64601,3
64602,3
64603,3
64604,3
64605,3
64606,3
64607,3
64608,3
64609,3
64610,3
64611,3
64612,3
64613,3
64614,3
64615,3
64616,3
64617,3
64618,3
64619,3
64620,3
64621,3
64622,3
64623,3
64624,3
64625,3
64626,3
64627,3
64628,3
64629,3
64630,3
64631,3
64632,3
64633,3
64634,3
64635,3
64636,3
64637,3
64638,3
64639,3
64640,3
64641,3
64642,3
64643,3
64644,3
64645,3
64646,3
64647,3
64648,3
64649,3
64650,3
64651,3
64652,3
64653,3
64654,3
64655,3
64656,3
64657,3
64658,3
64659,3
64660,3
64661,3
64662,3
64663,3
64664,3
64665,3
64666,3
64667,3
64668,3
64669,3
64670,3
64671,3
64672,3
64673,3
64674,3
64675,3
64676,3
64677,3
64678,3
64679,3
64680,3
64681,3
64682,3
64683,3
64684,3
64685,3
64686,3
64687,3
64688,3
64689,3
64690,3
64691,3
64692,3
64693,3
64694,3
64695,3
64696,3
64697,3
64698,3
64699,3
64700,3
64701,3
64702,3
64703,3
64704,3
64705,3
64706,3
64707,3
64708,3
64709,3
64710,3
64711,3
64712,3
64713,3
64714,3
64715,3
64716,3
64717,3
64718,3
64719,3
64720,3
64721,3
64722,3
64723,3
64724,3
64725,3
64726,3
64727,3
64728,3
64729,3
64730,3
64731,3
64732,3
64733,3
64734,3
64735,3
64736,3
64737,3
64738,3
64739,3
64740,3
64741,3
64742,3
64743,3
64744,3
64745,3
64746,3
64747,3
64748,3
64749,3
64750,3
64751,3
64752,3
64753,3
64754,3
64755,3
64756,3
64757,3
64758,3
64759,3
64760,3
64761,3
64762,3
64763,3
64764,3
64765,3
64766,3
64767,3
64768,3
64769,3
64770,3
64771,3
64772,3
64773,3
64774,3
64775,3
64776,3
64777,3
64778,3
64779,3
64780,3
64781,3
64782,3
64783,3
64784,3
64785,3
64786,3
64787,3
64788,3
64789,3
64790,3
64791,3
64792,3
64793,3
64794,3
64795,3
64796,3
64797,3
64798,3
64799,3
64800,3
64801,3
64802,3
64803,3
64804,3
64805,3
64806,3
64807,3
64808,3
64809,3
64810,3
64811,3
64812,3
64813,3
64814,3
64815,3
64816,3
64817,3
64818,3
64819,3
64820,3
64821,3
64822,3
64823,3
64824,3
64825,3
64826,3
64827,3
64828,3
64829,3
64830,3
64831,3
64832,3
64833,3
64834,3
64835,3
64836,3
64837,3
64838,3
64839,3
64840,3
64841,3
64842,3
64843,3
64844,3
64845,3
64846,3
64847,3
64848,3
64849,3
64850,3
64851,3
64852,3
64853,3
64854,3
64855,3
64856,3
64857,3
64858,3
64859,3
64860,3
64861,3
64862,3
64863,3
64864,3
64865,3
64866,3
64867,3
64868,3
64869,3
64870,3
64871,3
64872,3
64873,3
64874,3
64875,3
64876,3
64877,3
64878,3
64879,3
64880,3
64881,3
64882,3
64883,3
64884,3
64885,3
64886,3
64887,3
64888,3
64889,3
64890,3
64891,3
64892,3
64893,3
64894,3
64895,3
64896,3
64897,3
64898,3
64899,3
64900,3
64901,3
64902,3
64903,3
64904,3
64905,3
64906,3
64907,3
64908,3
64909,3
64910,3
64911,3
64912,3
64913,3
64914,3
64915,3
64916,3
64917,3
64918,3
64919,3
64920,3
64921,3
64922,3
64923,3
64924,3
64925,3
64926,3
64927,3
64928,3
64929,3
64930,3
64931,3
64932,3
64933,3
64934,3
64935,3
64936,3
64937,3
64938,3
64939,3
64940,3
64941,3
64942,3
64943,3
64944,3
64945,3
64946,3
64947,3
64948,3
64949,3
64950,3
64951,3
64952,3
64953,3
64954,3
64955,3
64956,3
64957,3
64958,3
64959,3
64960,3
64961,3
64962,3
64963,3
64964,3
64965,3
64966,3
64967,3
64968,3
64969,3
64970,3
64971,3
64972,3
64973,3
64974,3
64975,3
64976,3
64977,3
64978,3
64979,3
64980,3
64981,3
64982,3
64983,3
64984,3
64985,3
64986,3
64987,3
64988,3
64989,3
64990,3
64991,3
64992,3
64993,3
64994,3
64995,3
64996,3
64997,3
64998,3
64999,3
65000,3
65001,3
65002,3
65003,3
65004,3
65005,3
65006,3
65007,3
65008,3
65009,3
65010,3
65011,3
65012,3
65013,3
65014,3
65015,3
65016,3
65017,3
65018,3
65019,3
65020,3
65021,3
65022,3
65023,3
65024,3
65025,3
65026,3
65027,3
65028,3
65029,3
65030,3
65031,3
65032,3
65033,3
65034,3
65035,3
65036,3
65037,3
65038,3
65039,3
65040,3
65041,3
65042,3
65043,3
65044,3
65045,3
65046,3
65047,3
65048,3
65049,3
65050,3
65051,3
65052,3
65053,3
65054,3
65055,3
65056,3
65057,3
65058,3
65059,3
65060,3
65061,3
65062,3
65063,3
65064,3
65065,3
65066,3
65067,3
65068,3
65069,3
65070,3
65071,3
65072,3
65073,3
65074,3
65075,3
65076,3
65077,3
65078,3
65079,3
65080,3
65081,3
65082,3
65083,3
65084,3
65085,3
65086,3
65087,3
65088,3
65089,3
65090,3
65091,3
65092,3
65093,3
65094,3
65095,3
65096,3
65097,3
65098,3
65099,3
65100,3
65101,3
65102,3
65103,3
65104,3
65105,3
65106,3
65107,3
65108,3
65109,3
65110,3
65111,3
65112,3
65113,3
65114,3
65115,3
65116,3
65117,3
65118,3
65119,3
65120,3
65121,3
65122,3
65123,3
65124,3
65125,3
65126,3
65127,3
65128,3
65129,3
65130,3
65131,3
65132,3
65133,3
65134,3
65135,3
65136,3
65137,3
65138,3
65139,3
65140,3
65141,3
65142,3
65143,3
65144,3
65145,3
65146,3
65147,3
65148,3
65149,3
65150,3
65151,3
65152,3
65153,3
65154,3
65155,3
65156,3
65157,3
65158,3
65159,3
65160,3
65161,3
65162,3
65163,3
65164,3
65165,3
65166,2
65167,2
65168,2
65169,2
65170,2
65171,2
65172,2
65173,2
65174,2
65175,2
65176,2
65177,2
65178,2
65179,2
65180,2
65181,2
65182,2
65183,2
65184,2
65185,2
65186,2
65187,2
65188,2
65189,2
65190,2
65191,2
65192,2
65193,2
65194,2
65195,2
65196,2
65197,2
65198,2
65199,2
65200,2
65201,2
65202,2
65203,2
65204,2
65205,2
65206,2
65207,2
65208,2
65209,2
65210,2
65211,2
65212,2
65213,2
65214,2
65215,2
65216,2
65217,2
65218,2
65219,2
65220,2
65221,2
65222,2
65223,2
65224,2
65225,2
65226,2
65227,2
65228,2
65229,2
65230,2
65231,2
65232,2
65233,2
65234,2
65235,2
65236,2
65237,2
65238,2
65239,2
65240,2
65241,2
65242,2
65243,2
65244,2
65245,2
65246,2
65247,2
65248,2
65249,2
65250,2
65251,2
65252,2
65253,2
65254,2
65255,2
65256,2
65257,2
65258,2
65259,2
65260,2
65261,2
65262,2
65263,2
65264,2
65265,2
65266,2
65267,2
65268,2
65269,2
65270,2
65271,2
65272,2
65273,2
65274,2
65275,2
65276,2
65277,2
65278,2
65279,2
65280,2
65281,2
65282,2
65283,2
65284,2
65285,2
65286,2
65287,2
65288,2
65289,2
65290,2
65291,2
65292,2
65293,2
65294,2
65295,2
65296,2
65297,2
65298,2
65299,2
65300,2
65301,2
65302,2
65303,2
65304,2
65305,2
65306,2
65307,2
65308,2
65309,2
65310,2
65311,2
65312,2
65313,2
65314,2
65315,2
65316,2
65317,2
65318,2
65319,2
65320,2
65321,2
65322,2
65323,2
65324,2
65325,2
65326,2
65327,2
65328,2
65329,2
65330,2
65331,2
65332,2
65333,2
65334,2
65335,2
65336,2
65337,2
65338,2
65339,2
65340,2
65341,2
65342,2
65343,2
65344,2
65345,2
65346,2
65347,2
65348,2
65349,2
65350,2
65351,2
65352,2
65353,2
65354,2
65355,2
65356,2
65357,2
65358,2
65359,2
65360,2
65361,2
65362,2
65363,2
65364,2
65365,2
65366,2
65367,2
65368,2
65369,2
65370,2
65371,2
65372,2
65373,2
65374,2
65375,2
65376,2
65377,2
65378,2
65379,2
65380,2
65381,2
65382,2
65383,2
65384,2
65385,2
65386,2
65387,2
65388,2
65389,2
65390,2
65391,2
65392,2
65393,2
65394,2
65395,2
65396,2
65397,2
65398,2
65399,2
65400,2
65401,2
65402,2
65403,2
65404,2
65405,2
65406,2
65407,2
65408,2
65409,2
65410,2
65411,2
65412,2
65413,2
65414,2
65415,2
65416,2
65417,2
65418,2
65419,2
65420,2
65421,2
65422,2
65423,2
65424,2
65425,2
65426,2
65427,2
65428,2
65429,2
65430,2
65431,2
65432,2
65433,2
65434,2
65435,2
65436,2
65437,2
65438,2
65439,2
65440,2
65441,2
65442,2
65443,2
65444,2
65445,2
65446,2
65447,2
65448,2
65449,2
65450,2
65451,2
65452,2
65453,2
65454,2
65455,2
65456,2
65457,2
65458,2
65459,2
65460,2
65461,2
65462,2
65463,2
65464,2
65465,2
65466,2
65467,2
65468,2
65469,2
65470,2
65471,2
65472,2
65473,2
65474,2
65475,2
65476,2
65477,2
65478,2
65479,2
65480,2
65481,2
65482,2
65483,2
65484,2
65485,2
65486,2
65487,2
65488,2
65489,2
65490,2
65491,2
65492,2
65493,2
65494,2
65495,2
65496,2
65497,2
65498,2
65499,2
65500,2
65501,2
65502,2
65503,2
65504,2
65505,2
65506,2
65507,2
65508,2
65509,2
65510,2
65511,2
65512,2
65513,2
65514,2
65515,2
65516,2
65517,2
65518,2
65519,2
65520,2
65521,2
65522,2
65523,2
65524,2
65525,2
65526,2
65527,2
65528,2
65529,2
65530,2
65531,2
65532,2
65533,2
65534,2
65535,2
65536,2
65537,2
65538,2
65539,2
65540,2
65541,2
65542,2
65543,2
65544,2
65545,2
65546,2
65547,2
65548,2
65549,2
65550,2
65551,2
65552,2
65553,2
65554,2
65555,2
65556,2
65557,2
65558,2
65559,2
65560,2
65561,2
65562,2
65563,2
65564,2
65565,2
65566,2
65567,2
65568,2
65569,2
65570,2
65571,2
65572,2
65573,2
65574,2
65575,2
65576,2
65577,2
65578,2
65579,2
65580,2
65581,2
65582,2
65583,2
65584,2
65585,2
65586,2
65587,2
65588,2
65589,2
65590,2
65591,2
65592,2
65593,2
65594,2
65595,2
65596,2
65597,2
65598,2
65599,2
65600,2
65601,2
65602,2
65603,2
65604,2
65605,2
65606,2
65607,2
65608,2
65609,2
65610,2
65611,2
65612,2
65613,2
65614,2
65615,2
65616,2
65617,2
65618,2
65619,2
65620,2
65621,2
65622,2
65623,2
65624,2
65625,2
65626,2
65627,2
65628,2
65629,2
65630,2
65631,2
65632,2
65633,2
65634,2
65635,2
65636,2
65637,2
65638,2
65639,2
65640,2
65641,2
65642,2
65643,2
65644,2
65645,2
65646,2
65647,2
65648,2
65649,2
65650,2
65651,2
65652,2
65653,2
65654,2
65655,2
65656,2
65657,2
65658,2
65659,2
65660,2
65661,2
65662,2
65663,2
65664,2
65665,2
65666,2
65667,2
65668,2
65669,2
65670,2
65671,2
65672,2
65673,2
65674,2
65675,2
65676,2
65677,2
65678,2
65679,2
65680,2
65681,2
65682,2
65683,2
65684,2
65685,2
65686,2
65687,2
65688,2
65689,2
65690,2
65691,2
65692,2
65693,2
65694,2
65695,2
65696,2
65697,2
65698,2
65699,2
65700,2
65701,2
65702,2
65703,2
65704,2
65705,2
65706,2
65707,2
65708,2
65709,2
65710,2
65711,2
65712,2
65713,2
65714,2
65715,2
65716,2
65717,2
65718,2
65719,2
65720,2
65721,2
65722,2
65723,2
65724,2
65725,2
65726,2
65727,2
65728,2
65729,2
65730,2
65731,2
65732,2
65733,2
65734,2
65735,2
65736,2
65737,2
65738,2
65739,2
65740,2
65741,2
65742,2
65743,2
65744,2
65745,2
65746,2
65747,2
65748,2
65749,2
65750,2
65751,2
65752,2
65753,2
65754,2
65755,2
65756,2
65757,2
65758,2
65759,2
65760,2
65761,2
65762,2
65763,2
65764,2
65765,2
65766,2
65767,2
65768,2
65769,2
65770,2
65771,2
65772,2
65773,2
65774,2
65775,2
65776,2
65777,2
65778,2
65779,2
65780,2
65781,2
65782,2
65783,2
65784,2
65785,2
65786,2
65787,2
65788,2
65789,2
65790,2
65791,2
65792,2
65793,2
65794,2
65795,2
65796,2
65797,2
65798,2
65799,2
65800,2
65801,2
65802,2
65803,2
65804,2
65805,2
65806,2
65807,2
65808,2
65809,2
65810,2
65811,2
65812,2
65813,2
65814,2
65815,2
65816,2
65817,2
65818,2
65819,2
65820,2
65821,2
65822,2
65823,2
65824,2
65825,2
65826,2
65827,2
65828,2
65829,2
65830,2
65831,2
65832,2
65833,2
65834,2
65835,2
65836,2
65837,2
65838,2
65839,2
65840,2
65841,2
65842,2
65843,2
65844,2
65845,2
65846,2
65847,2
65848,2
65849,2
65850,2
65851,2
65852,2
65853,2
65854,2
65855,2
65856,2
65857,2
65858,2
65859,2
65860,2
65861,2
65862,2
65863,2
65864,2
65865,2
65866,2
65867,2
65868,2
65869,2
65870,2
65871,2
65872,2
65873,2
65874,2
65875,2
65876,2
65877,2
65878,2
65879,2
65880,2
65881,2
65882,2
65883,2
65884,2
65885,2
65886,2
65887,2
65888,2
65889,2
65890,2
65891,2
65892,2
65893,2
65894,2
65895,2
65896,2
65897,2
65898,2
65899,2
65900,2
65901,2
65902,2
65903,2
65904,2
65905,2
65906,2
65907,2
65908,2
65909,2
65910,2
65911,2
65912,2
65913,2
65914,2
65915,2
65916,2
65917,2
65918,2
65919,2
65920,2
65921,2
65922,2
65923,2
65924,2
65925,2
65926,2
65927,2
65928,2
65929,2
65930,2
65931,2
65932,2
65933,2
65934,2
65935,2
65936,2
65937,2
65938,2
65939,2
65940,2
65941,2
65942,2
65943,2
65944,2
65945,2
65946,2
65947,2
65948,2
65949,2
65950,2
65951,2
65952,2
65953,2
65954,2
65955,2
65956,2
65957,2
65958,2
65959,2
65960,2
65961,2
65962,2
65963,2
65964,2
65965,2
65966,2
65967,2
65968,2
65969,2
65970,2
65971,2
65972,2
65973,2
65974,2
65975,2
65976,2
65977,2
65978,2
65979,2
65980,2
65981,2
65982,2
65983,2
65984,2
65985,2
65986,2
65987,2
65988,2
65989,2
65990,2
65991,2
65992,2
65993,2
65994,2
65995,2
65996,2
65997,2
65998,2
65999,2
66000,2
66001,2
66002,2
66003,2
66004,2
66005,2
66006,2
66007,2
66008,2
66009,2
66010,2
66011,2
66012,2
66013,2
66014,2
66015,2
66016,2
66017,2
66018,2
66019,2
66020,2
66021,2
66022,2
66023,2
66024,2
66025,2
66026,2
66027,2
66028,2
66029,2
66030,2
66031,2
66032,2
66033,2
66034,2
66035,2
66036,2
66037,2
66038,2
66039,2
66040,2
66041,2
66042,2
66043,2
66044,2
66045,2
66046,2
66047,2
66048,2
66049,2
66050,2
66051,2
66052,2
66053,2
66054,2
66055,2
66056,2
66057,2
66058,2
66059,2
66060,2
66061,2
66062,2
66063,2
66064,2
66065,2
66066,2
66067,2
66068,2
66069,2
66070,2
66071,2
66072,2
66073,2
66074,2
66075,2
66076,2
66077,2
66078,2
66079,2
66080,2
66081,2
66082,2
66083,2
66084,2
66085,2
66086,2
66087,2
66088,2
66089,2
66090,2
66091,2
66092,2
66093,2
66094,2
66095,2
66096,2
66097,2
66098,2
66099,2
66100,2
66101,2
66102,2
66103,2
66104,2
66105,2
66106,2
66107,2
66108,2
66109,2
66110,2
66111,2
66112,2
66113,2
66114,2
66115,2
66116,2
66117,2
66118,2
66119,2
66120,2
66121,2
66122,2
66123,2
66124,2
66125,2
66126,2
66127,2
66128,2
66129,2
66130,2
66131,2
66132,2
66133,2
66134,2
66135,2
66136,2
66137,2
66138,2
66139,2
66140,2
66141,2
66142,2
66143,2
66144,2
66145,2
66146,2
66147,2
66148,2
66149,2
66150,2
66151,2
66152,2
66153,2
66154,2
66155,2
66156,2
66157,2
66158,2
66159,2
66160,2
66161,2
66162,2
66163,2
66164,2
66165,2
66166,2
66167,2
66168,2
66169,2
66170,2
66171,2
66172,2
66173,2
66174,2
66175,2
66176,2
66177,2
66178,2
66179,2
66180,2
66181,2
66182,2
66183,2
66184,2
66185,2
66186,2
66187,2
66188,2
66189,2
66190,2
66191,2
66192,2
66193,2
66194,2
66195,2
66196,2
66197,2
66198,2
66199,2
66200,2
66201,2
66202,2
66203,2
66204,2
66205,2
66206,2
66207,2
66208,2
66209,2
66210,2
66211,2
66212,2
66213,2
66214,2
66215,2
66216,2
66217,2
66218,2
66219,2
66220,2
66221,2
66222,2
66223,2
66224,2
66225,2
66226,2
66227,2
66228,2
66229,2
66230,2
66231,2
66232,2
66233,2
66234,2
66235,2
66236,2
66237,2
66238,2
66239,2
66240,2
66241,2
66242,2
66243,2
66244,2
66245,2
66246,2
66247,2
66248,2
66249,2
66250,2
66251,2
66252,2
66253,2
66254,2
66255,2
66256,2
66257,2
66258,2
66259,2
66260,2
66261,2
66262,2
66263,2
66264,2
66265,2
66266,2
66267,2
66268,2
66269,2
66270,2
66271,2
66272,2
66273,2
66274,2
66275,2
66276,2
66277,2
66278,2
66279,2
66280,2
66281,2
66282,2
66283,2
66284,2
66285,2
66286,2
66287,2
66288,2
66289,2
66290,2
66291,2
66292,2
66293,2
66294,2
66295,2
66296,2
66297,2
66298,2
66299,2
66300,2
66301,2
66302,2
66303,2
66304,2
66305,2
66306,2
66307,2
66308,2
66309,2
66310,2
66311,2
66312,2
66313,2
66314,2
66315,2
66316,2
66317,2
66318,2
66319,2
66320,2
66321,2
66322,2
66323,2
66324,2
66325,2
66326,2
66327,2
66328,2
66329,2
66330,2
66331,2
66332,2
66333,2
66334,2
66335,2
66336,2
66337,2
66338,2
66339,2
66340,2
66341,2
66342,2
66343,2
66344,2
66345,2
66346,2
66347,2
66348,2
66349,2
66350,2
66351,2
66352,2
66353,2
66354,2
66355,2
66356,2
66357,2
66358,2
66359,2
66360,2
66361,2
66362,2
66363,2
66364,2
66365,2
66366,2
66367,2
66368,2
66369,2
66370,2
66371,2
66372,2
66373,2
66374,2
66375,2
66376,2
66377,2
66378,2
66379,2
66380,2
66381,2
66382,2
66383,2
66384,2
66385,2
66386,2
66387,2
66388,2
66389,2
66390,2
66391,2
66392,2
66393,2
66394,2
66395,2
66396,2
66397,2
66398,2
66399,2
66400,2
66401,2
66402,2
66403,2
66404,2
66405,2
66406,2
66407,2
66408,2
66409,2
66410,2
66411,2
66412,2
66413,2
66414,2
66415,2
66416,2
66417,2
66418,2
66419,2
66420,2
66421,2
66422,2
66423,2
66424,2
66425,2
66426,2
66427,2
66428,2
66429,2
66430,2
66431,2
66432,2
66433,2
66434,2
66435,2
66436,2
66437,2
66438,2
66439,2
66440,2
66441,2
66442,2
66443,2
66444,2
66445,2
66446,2
66447,2
66448,2
66449,2
66450,2
66451,2
66452,2
66453,2
66454,2
66455,2
66456,2
66457,2
66458,2
66459,2
66460,2
66461,2
66462,2
66463,2
66464,2
66465,2
66466,2
66467,2
66468,2
66469,2
66470,2
66471,2
66472,2
66473,2
66474,2
66475,2
66476,2
66477,2
66478,2
66479,2
66480,2
66481,2
66482,2
66483,2
66484,2
66485,2
66486,2
66487,2
66488,2
66489,2
66490,2
66491,2
66492,2
66493,2
66494,2
66495,2
66496,2
66497,2
66498,2
66499,2
66500,2
66501,2
66502,2
66503,2
66504,2
66505,2
66506,2
66507,2
66508,2
66509,2
66510,2
66511,2
66512,2
66513,2
66514,2
66515,2
66516,2
66517,2
66518,2
66519,2
66520,2
66521,2
66522,2
66523,2
66524,2
66525,2
66526,2
66527,2
66528,2
66529,2
66530,2
66531,2
66532,2
66533,2
66534,2
66535,2
66536,2
66537,2
66538,2
66539,2
66540,2
66541,2
66542,2
66543,2
66544,2
66545,2
66546,2
66547,2
66548,2
66549,2
66550,2
66551,2
66552,2
66553,2
66554,2
66555,2
66556,2
66557,2
66558,2
66559,2
66560,2
66561,2
66562,2
66563,2
66564,2
66565,2
66566,2
66567,2
66568,2
66569,2
66570,2
66571,2
66572,2
66573,2
66574,2
66575,2
66576,2
66577,2
66578,2
66579,2
66580,2
66581,2
66582,2
66583,2
66584,2
66585,2
66586,2
66587,2
66588,2
66589,2
66590,2
66591,2
66592,2
66593,2
66594,2
66595,2
66596,2
66597,2
66598,2
66599,2
66600,2
66601,2
66602,2
66603,2
66604,2
66605,2
66606,2
66607,2
66608,2
66609,2
66610,2
66611,2
66612,2
66613,2
66614,2
66615,2
66616,2
66617,2
66618,2
66619,2
66620,2
66621,2
66622,2
66623,2
66624,2
66625,2
66626,2
66627,2
66628,2
66629,2
66630,2
66631,2
66632,2
66633,2
66634,2
66635,2
66636,2
66637,2
66638,2
66639,2
66640,2
66641,2
66642,2
66643,2
66644,2
66645,2
66646,2
66647,2
66648,2
66649,2
66650,2
66651,2
66652,2
66653,2
66654,2
66655,2
66656,2
66657,2
66658,2
66659,2
66660,2
66661,2
66662,2
66663,2
66664,2
66665,2
66666,2
66667,2
66668,2
66669,2
66670,2
66671,2
66672,2
66673,2
66674,2
66675,2
66676,2
66677,2
66678,2
66679,2
66680,2
66681,2
66682,2
66683,2
66684,2
66685,2
66686,2
66687,2
66688,2
66689,2
66690,2
66691,2
66692,2
66693,2
66694,2
66695,2
66696,2
66697,2
66698,2
66699,2
66700,2
66701,2
66702,2
66703,2
66704,2
66705,2
66706,2
66707,2
66708,2
66709,2
66710,2
66711,2
66712,2
66713,2
66714,2
66715,2
66716,2
66717,2
66718,2
66719,2
66720,2
66721,2
66722,2
66723,2
66724,2
66725,2
66726,2
66727,2
66728,2
66729,2
66730,2
66731,2
66732,2
66733,2
66734,2
66735,2
66736,2
66737,2
66738,2
66739,2
66740,2
66741,2
66742,2
66743,2
66744,2
66745,2
66746,2
66747,2
66748,2
66749,2
66750,2
66751,2
66752,2
66753,2
66754,2
66755,2
66756,2
66757,2
66758,2
66759,2
66760,2
66761,2
66762,2
66763,2
66764,2
66765,2
66766,2
66767,2
66768,2
66769,2
66770,2
66771,2
66772,2
66773,2
66774,2
66775,2
66776,2
66777,2
66778,2
66779,2
66780,2
66781,2
66782,2
66783,2
66784,2
66785,2
66786,2
66787,2
66788,2
66789,2
66790,2
66791,2
66792,2
66793,2
66794,2
66795,2
66796,2
66797,2
66798,2
66799,2
66800,2
66801,2
66802,2
66803,2
66804,2
66805,2
66806,2
66807,2
66808,2
66809,2
66810,2
66811,2
66812,2
66813,2
66814,2
66815,2
66816,2
66817,2
66818,2
66819,2
66820,2
66821,2
66822,2
66823,2
66824,2
66825,2
66826,2
66827,2
66828,2
66829,2
66830,2
66831,2
66832,2
66833,2
66834,2
66835,2
66836,2
66837,2
66838,2
66839,2
66840,2
66841,2
66842,2
66843,2
66844,2
66845,2
66846,2
66847,2
66848,2
66849,2
66850,2
66851,2
66852,2
66853,2
66854,2
66855,2
66856,2
66857,2
66858,2
66859,2
66860,2
66861,2
66862,2
66863,2
66864,2
66865,2
66866,2
66867,2
66868,2
66869,2
66870,2
66871,2
66872,2
66873,2
66874,2
66875,2
66876,2
66877,2
66878,2
66879,2
66880,2
66881,2
66882,2
66883,2
66884,2
66885,2
66886,2
66887,2
66888,2
66889,2
66890,2
66891,2
66892,2
66893,2
66894,2
66895,2
66896,2
66897,2
66898,2
66899,2
66900,2
66901,2
66902,2
66903,2
66904,2
66905,2
66906,2
66907,2
66908,2
66909,2
66910,2
66911,2
66912,2
66913,2
66914,2
66915,2
66916,2
66917,2
66918,2
66919,2
66920,2
66921,2
66922,2
66923,2
66924,2
66925,2
66926,2
66927,2
66928,2
66929,2
66930,2
66931,2
66932,2
66933,2
66934,2
66935,2
66936,2
66937,2
66938,2
66939,2
66940,2
66941,2
66942,2
66943,2
66944,2
66945,2
66946,2
66947,2
66948,2
66949,2
66950,2
66951,2
66952,2
66953,2
66954,2
66955,2
66956,2
66957,2
66958,2
66959,2
66960,2
66961,2
66962,2
66963,2
66964,2
66965,2
66966,2
66967,2
66968,2
66969,2
66970,2
66971,2
66972,2
66973,2
66974,2
66975,2
66976,2
66977,2
66978,2
66979,2
66980,2
66981,2
66982,2
66983,2
66984,2
66985,2
66986,2
66987,2
66988,2
66989,2
66990,2
66991,2
66992,2
66993,2
66994,2
66995,2
66996,2
66997,2
66998,2
66999,2
67000,2
67001,2
67002,2
67003,2
67004,2
67005,2
67006,2
67007,2
67008,2
67009,2
67010,2
67011,2
67012,2
67013,2
67014,2
67015,2
67016,2
67017,2
67018,2
67019,2
67020,2
67021,2
67022,2
67023,2
67024,2
67025,2
67026,2
67027,2
67028,2
67029,2
67030,2
67031,2
67032,2
67033,2
67034,2
67035,2
67036,2
67037,2
67038,2
67039,2
67040,2
67041,2
67042,2
67043,2
67044,2
67045,2
67046,2
67047,2
67048,2
67049,2
67050,2
67051,2
67052,2
67053,2
67054,2
67055,2
67056,2
67057,2
67058,2
67059,2
67060,2
67061,2
67062,2
67063,2
67064,2
67065,2
67066,2
67067,2
67068,2
67069,2
67070,2
67071,2
67072,2
67073,2
67074,2
67075,2
67076,2
67077,2
67078,2
67079,2
67080,2
67081,2
67082,2
67083,2
67084,2
67085,2
67086,2
67087,2
67088,2
67089,2
67090,2
67091,2
67092,2
67093,2
67094,2
67095,2
67096,2
67097,2
67098,2
67099,2
67100,2
67101,2
67102,2
67103,2
67104,2
67105,2
67106,2
67107,2
67108,2
67109,2
67110,2
67111,2
67112,2
67113,2
67114,2
67115,2
67116,2
67117,2
67118,2
67119,2
67120,2
67121,2
67122,2
67123,2
67124,2
67125,2
67126,2
67127,2
67128,2
67129,2
67130,2
67131,2
67132,2
67133,2
67134,2
67135,2
67136,2
67137,2
67138,2
67139,2
67140,2
67141,2
67142,2
67143,2
67144,2
67145,2
67146,2
67147,2
67148,2
67149,2
67150,2
67151,2
67152,2
67153,2
67154,2
67155,2
67156,2
67157,2
67158,2
67159,2
67160,2
67161,2
67162,2
67163,2
67164,2
67165,2
67166,2
67167,2
67168,2
67169,2
67170,2
67171,2
67172,2
67173,2
67174,2
67175,2
67176,2
67177,2
67178,2
67179,2
67180,2
67181,2
67182,2
67183,2
67184,2
67185,2
67186,2
67187,2
67188,2
67189,2
67190,2
67191,2
67192,2
67193,2
67194,2
67195,2
67196,2
67197,2
67198,2
67199,2
67200,2
67201,2
67202,2
67203,2
67204,2
67205,2
67206,2
67207,2
67208,2
67209,2
67210,2
67211,2
67212,2
67213,2
67214,2
67215,2
67216,2
67217,2
67218,2
67219,2
67220,2
67221,2
67222,2
67223,2
67224,2
67225,2
67226,2
67227,2
67228,2
67229,2
67230,2
67231,2
67232,2
67233,2
67234,2
67235,2
67236,2
67237,2
67238,2
67239,2
67240,2
67241,2
67242,2
67243,2
67244,2
67245,2
67246,2
67247,2
67248,2
67249,2
67250,2
67251,2
67252,2
67253,2
67254,2
67255,2
67256,2
67257,2
67258,2
67259,2
67260,2
67261,2
67262,2
67263,2
67264,2
67265,2
67266,2
67267,2
67268,2
67269,2
67270,2
67271,2
67272,2
67273,2
67274,2
67275,2
67276,2
67277,2
67278,2
67279,2
67280,2
67281,2
67282,2
67283,2
67284,2
67285,2
67286,2
67287,2
67288,2
67289,2
67290,2
67291,2
67292,2
67293,2
67294,2
67295,2
67296,2
67297,2
67298,2
67299,2
67300,2
67301,2
67302,2
67303,2
67304,2
67305,2
67306,2
67307,2
67308,2
67309,2
67310,2
67311,2
67312,2
67313,2
67314,2
67315,2
67316,2
67317,2
67318,2
67319,2
67320,2
67321,2
67322,2
67323,2
67324,2
67325,2
67326,2
67327,2
67328,2
67329,2
67330,2
67331,2
67332,2
67333,2
67334,2
67335,2
67336,2
67337,2
67338,2
67339,2
67340,2
67341,2
67342,2
67343,2
67344,2
67345,2
67346,2
67347,2
67348,2
67349,2
67350,2
67351,2
67352,2
67353,2
67354,2
67355,2
67356,2
67357,2
67358,2
67359,2
67360,2
67361,2
67362,2
67363,2
67364,2
67365,2
67366,2
67367,2
67368,2
67369,2
67370,2
67371,2
67372,2
67373,2
67374,2
67375,2
67376,2
67377,2
67378,2
67379,2
67380,2
67381,2
67382,2
67383,2
67384,2
67385,2
67386,2
67387,2
67388,2
67389,2
67390,2
67391,2
67392,2
67393,2
67394,2
67395,2
67396,2
67397,2
67398,2
67399,2
67400,2
67401,2
67402,2
67403,2
67404,2
67405,2
67406,2
67407,2
67408,2
67409,2
67410,2
67411,2
67412,2
67413,2
67414,2
67415,2
67416,2
67417,2
67418,2
67419,2
67420,2
67421,2
67422,2
67423,2
67424,2
67425,2
67426,2
67427,2
67428,2
67429,2
67430,2
67431,2
67432,2
67433,2
67434,2
67435,2
67436,2
67437,2
67438,2
67439,2
67440,2
67441,2
67442,2
67443,2
67444,2
67445,2
67446,2
67447,2
67448,2
67449,2
67450,2
67451,2
67452,2
67453,2
67454,2
67455,2
67456,2
67457,2
67458,2
67459,2
67460,2
67461,2
67462,2
67463,2
67464,2
67465,2
67466,2
67467,2
67468,2
67469,2
67470,2
67471,2
67472,2
67473,2
67474,2
67475,2
67476,2
67477,2
67478,2
67479,2
67480,2
67481,2
67482,2
67483,2
67484,2
67485,2
67486,2
67487,2
67488,2
67489,2
67490,2
67491,2
67492,2
67493,2
67494,2
67495,2
67496,2
67497,2
67498,2
67499,2
67500,2
67501,2
67502,2
67503,2
67504,2
67505,2
67506,2
67507,2
67508,2
67509,2
67510,2
67511,2
67512,2
67513,2
67514,2
67515,2
67516,2
67517,2
67518,2
67519,2
67520,2
67521,2
67522,2
67523,2
67524,2
67525,2
67526,2
67527,2
67528,2
67529,2
67530,2
67531,2
67532,2
67533,2
67534,2
67535,2
67536,2
67537,2
67538,2
67539,2
67540,2
67541,2
67542,2
67543,2
67544,2
67545,2
67546,2
67547,2
67548,2
67549,2
67550,2
67551,2
67552,2
67553,2
67554,2
67555,2
67556,2
67557,2
67558,2
67559,2
67560,2
67561,2
67562,2
67563,2
67564,2
67565,2
67566,2
67567,2
67568,2
67569,2
67570,2
67571,2
67572,2
67573,2
67574,2
67575,2
67576,2
67577,2
67578,2
67579,2
67580,2
67581,2
67582,2
67583,2
67584,2
67585,2
67586,2
67587,2
67588,2
67589,2
67590,2
67591,2
67592,2
67593,2
67594,2
67595,2
67596,2
67597,2
67598,2
67599,2
67600,2
67601,2
67602,2
67603,2
67604,2
67605,2
67606,2
67607,2
67608,2
67609,2
67610,2
67611,2
67612,2
67613,2
67614,2
67615,2
67616,2
67617,2
67618,2
67619,2
67620,2
67621,2
67622,2
67623,2
67624,2
67625,2
67626,2
67627,2
67628,2
67629,2
67630,2
67631,2
67632,2
67633,2
67634,2
67635,2
67636,2
67637,2
67638,2
67639,2
67640,2
67641,2
67642,2
67643,2
67644,2
67645,2
67646,2
67647,2
67648,2
67649,2
67650,2
67651,2
67652,2
67653,2
67654,2
67655,2
67656,2
67657,2
67658,2
67659,2
67660,2
67661,2
67662,2
67663,2
67664,2
67665,2
67666,2
67667,2
67668,2
67669,2
67670,2
67671,2
67672,2
67673,2
67674,2
67675,2
67676,2
67677,2
67678,2
67679,2
67680,2
67681,2
67682,2
67683,2
67684,2
67685,2
67686,2
67687,2
67688,2
67689,2
67690,2
67691,2
67692,2
67693,2
67694,2
67695,2
67696,2
67697,2
67698,2
67699,2
67700,2
67701,2
67702,2
67703,2
67704,2
67705,2
67706,2
67707,2
67708,2
67709,2
67710,2
67711,2
67712,2
67713,2
67714,2
67715,2
67716,2
67717,2
67718,2
67719,2
67720,2
67721,2
67722,2
67723,2
67724,2
67725,2
67726,2
67727,2
67728,2
67729,2
67730,2
67731,2
67732,2
67733,2
67734,2
67735,2
67736,2
67737,2
67738,2
67739,2
67740,2
67741,2
67742,2
67743,2
67744,2
67745,2
67746,2
67747,2
67748,2
67749,2
67750,2
67751,2
67752,2
67753,2
67754,2
67755,2
67756,2
67757,2
67758,2
67759,2
67760,2
67761,2
67762,2
67763,2
67764,2
67765,2
67766,2
67767,2
67768,2
67769,2
67770,2
67771,2
67772,2
67773,2
67774,2
67775,2
67776,2
67777,2
67778,2
67779,2
67780,2
67781,2
67782,2
67783,2
67784,2
67785,2
67786,2
67787,2
67788,2
67789,2
67790,2
67791,2
67792,2
67793,2
67794,2
67795,2
67796,2
67797,2
67798,2
67799,2
67800,2
67801,2
67802,2
67803,2
67804,2
67805,2
67806,2
67807,2
67808,2
67809,2
67810,2
67811,2
67812,2
67813,2
67814,2
67815,2
67816,2
67817,2
67818,2
67819,2
67820,2
67821,2
67822,2
67823,2
67824,2
67825,2
67826,2
67827,2
67828,2
67829,2
67830,2
67831,2
67832,2
67833,2
67834,2
67835,2
67836,2
67837,2
67838,2
67839,2
67840,2
67841,2
67842,2
67843,2
67844,2
67845,2
67846,2
67847,2
67848,2
67849,2
67850,2
67851,2
67852,2
67853,2
67854,2
67855,2
67856,2
67857,2
67858,2
67859,2
67860,2
67861,2
67862,2
67863,2
67864,2
67865,2
67866,2
67867,2
67868,2
67869,2
67870,2
67871,2
67872,2
67873,2
67874,2
67875,2
67876,2
67877,2
67878,2
67879,2
67880,2
67881,2
67882,2
67883,2
67884,2
67885,2
67886,2
67887,2
67888,2
67889,2
67890,2
67891,2
67892,2
67893,2
67894,2
67895,2
67896,2
67897,2
67898,2
67899,2
67900,2
67901,2
67902,2
67903,2
67904,2
67905,2
67906,2
67907,2
67908,2
67909,2
67910,2
67911,2
67912,2
67913,2
67914,2
67915,2
67916,2
67917,2
67918,2
67919,2
67920,2
67921,2
67922,2
67923,2
67924,2
67925,2
67926,2
67927,2
67928,2
67929,2
67930,2
67931,2
67932,2
67933,2
67934,2
67935,2
67936,2
67937,2
67938,2
67939,2
67940,2
67941,2
67942,2
67943,2
67944,2
67945,2
67946,2
67947,2
67948,2
67949,2
67950,2
67951,2
67952,2
67953,2
67954,2
67955,2
67956,2
67957,2
67958,2
67959,2
67960,2
67961,2
67962,2
67963,2
67964,2
67965,2
67966,2
67967,2
67968,2
67969,2
67970,2
67971,2
67972,2
67973,2
67974,2
67975,2
67976,2
67977,2
67978,2
67979,2
67980,2
67981,2
67982,2
67983,2
67984,2
67985,2
67986,2
67987,2
67988,2
67989,2
67990,2
67991,2
67992,2
67993,2
67994,2
67995,2
67996,2
67997,2
67998,2
67999,2
68000,2
68001,2
68002,2
68003,2
68004,2
68005,2
68006,2
68007,2
68008,2
68009,2
68010,2
68011,2
68012,2
68013,2
68014,2
68015,2
68016,2
68017,2
68018,2
68019,2
68020,2
68021,2
68022,2
68023,2
68024,2
68025,2
68026,2
68027,2
68028,2
68029,2
68030,2
68031,2
68032,2
68033,2
68034,2
68035,2
68036,2
68037,2
68038,2
68039,2
68040,2
68041,2
68042,2
68043,2
68044,2
68045,2
68046,2
68047,2
68048,2
68049,2
68050,2
68051,2
68052,2
68053,2
68054,2
68055,2
68056,2
68057,2
68058,2
68059,2
68060,2
68061,2
68062,2
68063,2
68064,2
68065,2
68066,2
68067,2
68068,2
68069,2
68070,2
68071,2
68072,2
68073,2
68074,2
68075,2
68076,2
68077,2
68078,2
68079,2
68080,2
68081,2
68082,2
68083,2
68084,2
68085,2
68086,2
68087,2
68088,2
68089,2
68090,2
68091,2
68092,2
68093,2
68094,2
68095,2
68096,2
68097,2
68098,2
68099,2
68100,2
68101,2
68102,2
68103,2
68104,2
68105,2
68106,2
68107,2
68108,2
68109,2
68110,2
68111,2
68112,2
68113,2
68114,2
68115,2
68116,2
68117,2
68118,2
68119,2
68120,2
68121,2
68122,2
68123,2
68124,2
68125,2
68126,2
68127,2
68128,2
68129,2
68130,2
68131,2
68132,2
68133,2
68134,2
68135,2
68136,2
68137,2
68138,2
68139,2
68140,2
68141,2
68142,2
68143,2
68144,2
68145,2
68146,2
68147,2
68148,2
68149,2
68150,2
68151,2
68152,2
68153,2
68154,2
68155,2
68156,2
68157,2
68158,2
68159,2
68160,2
68161,2
68162,2
68163,2
68164,2
68165,2
68166,2
68167,2
68168,2
68169,2
68170,2
68171,2
68172,2
68173,2
68174,2
68175,2
68176,2
68177,2
68178,2
68179,2
68180,2
68181,2
68182,2
68183,2
68184,2
68185,2
68186,2
68187,2
68188,2
68189,2
68190,2
68191,2
68192,2
68193,2
68194,2
68195,2
68196,2
68197,2
68198,2
68199,2
68200,2
68201,2
68202,2
68203,2
68204,2
68205,2
68206,2
68207,2
68208,2
68209,2
68210,2
68211,2
68212,2
68213,2
68214,2
68215,2
68216,2
68217,2
68218,2
68219,2
68220,2
68221,2
68222,2
68223,2
68224,2
68225,2
68226,2
68227,2
68228,2
68229,2
68230,2
68231,2
68232,2
68233,2
68234,2
68235,2
68236,2
68237,2
68238,2
68239,2
68240,2
68241,2
68242,2
68243,2
68244,2
68245,2
68246,2
68247,2
68248,2
68249,2
68250,2
68251,2
68252,2
68253,2
68254,2
68255,2
68256,2
68257,2
68258,2
68259,2
68260,2
68261,2
68262,2
68263,2
68264,2
68265,2
68266,2
68267,2
68268,2
68269,2
68270,2
68271,2
68272,2
68273,2
68274,2
68275,2
68276,2
68277,2
68278,2
68279,2
68280,2
68281,2
68282,2
68283,2
68284,2
68285,2
68286,2
68287,2
68288,2
68289,2
68290,2
68291,2
68292,2
68293,2
68294,2
68295,2
68296,2
68297,2
68298,2
68299,2
68300,2
68301,2
68302,2
68303,2
68304,2
68305,2
68306,2
68307,2
68308,2
68309,2
68310,2
68311,2
68312,2
68313,2
68314,2
68315,2
68316,2
68317,2
68318,2
68319,2
68320,2
68321,2
68322,2
68323,2
68324,2
68325,2
68326,2
68327,2
68328,2
68329,2
68330,2
68331,2
68332,2
68333,2
68334,2
68335,2
68336,2
68337,2
68338,2
68339,2
68340,2
68341,2
68342,2
68343,2
68344,2
68345,2
68346,2
68347,2
68348,2
68349,2
68350,2
68351,2
68352,2
68353,2
68354,2
68355,2
68356,2
68357,2
68358,2
68359,2
68360,2
68361,2
68362,2
68363,2
68364,2
68365,2
68366,2
68367,2
68368,2
68369,2
68370,2
68371,2
68372,2
68373,2
68374,2
68375,2
68376,2
68377,2
68378,2
68379,2
68380,2
68381,2
68382,2
68383,2
68384,2
68385,2
68386,2
68387,2
68388,2
68389,2
68390,2
68391,2
68392,2
68393,2
68394,2
68395,2
68396,2
68397,2
68398,2
68399,2
68400,2
68401,2
68402,2
68403,2
68404,2
68405,2
68406,2
68407,2
68408,2
68409,2
68410,2
68411,2
68412,2
68413,2
68414,2
68415,2
68416,2
68417,2
68418,2
68419,2
68420,2
68421,2
68422,2
68423,2
68424,2
68425,2
68426,2
68427,2
68428,2
68429,2
68430,2
68431,2
68432,2
68433,2
68434,2
68435,2
68436,2
68437,2
68438,2
68439,2
68440,2
68441,2
68442,2
68443,2
68444,2
68445,2
68446,2
68447,2
68448,2
68449,2
68450,2
68451,2
68452,2
68453,2
68454,2
68455,2
68456,2
68457,2
68458,2
68459,2
68460,2
68461,2
68462,2
68463,2
68464,2
68465,2
68466,2
68467,2
68468,2
68469,2
68470,2
68471,2
68472,2
68473,2
68474,2
68475,2
68476,2
68477,2
68478,2
68479,2
68480,2
68481,2
68482,2
68483,2
68484,2
68485,2
68486,2
68487,2
68488,2
68489,2
68490,2
68491,2
68492,2
68493,2
68494,2
68495,2
68496,2
68497,2
68498,2
68499,2
68500,2
68501,2
68502,2
68503,2
68504,2
68505,2
68506,2
68507,2
68508,2
68509,2
68510,2
68511,2
68512,2
68513,2
68514,2
68515,2
68516,2
68517,2
68518,2
68519,2
68520,2
68521,2
68522,2
68523,2
68524,2
68525,2
68526,2
68527,2
68528,2
68529,2
68530,2
68531,2
68532,2
68533,2
68534,2
68535,2
68536,2
68537,2
68538,2
68539,2
68540,2
68541,2
68542,2
68543,2
68544,2
68545,2
68546,2
68547,2
68548,2
68549,2
68550,2
68551,2
68552,2
68553,2
68554,2
68555,2
68556,2
68557,2
68558,2
68559,2
68560,2
68561,2
68562,2
68563,2
68564,2
68565,2
68566,2
68567,2
68568,2
68569,2
68570,2
68571,2
68572,2
68573,2
68574,2
68575,2
68576,2
68577,2
68578,2
68579,2
68580,2
68581,2
68582,2
68583,2
68584,2
68585,2
68586,2
68587,2
68588,2
68589,2
68590,2
68591,2
68592,2
68593,2
68594,2
68595,2
68596,2
68597,2
68598,2
68599,2
68600,2
68601,2
68602,2
68603,2
68604,2
68605,2
68606,2
68607,2
68608,2
68609,2
68610,2
68611,2
68612,2
68613,2
68614,2
68615,2
68616,2
68617,2
68618,2
68619,2
68620,2
68621,2
68622,2
68623,2
68624,2
68625,2
68626,2
68627,2
68628,2
68629,2
68630,2
68631,2
68632,2
68633,2
68634,2
68635,2
68636,2
68637,2
68638,2
68639,2
68640,2
68641,2
68642,2
68643,2
68644,2
68645,2
68646,2
68647,2
68648,2
68649,2
68650,2
68651,2
68652,2
68653,2
68654,2
68655,2
68656,2
68657,2
68658,2
68659,2
68660,2
68661,2
68662,2
68663,2
68664,2
68665,2
68666,2
68667,2
68668,2
68669,2
68670,2
68671,2
68672,2
68673,2
68674,2
68675,2
68676,2
68677,2
68678,2
68679,2
68680,2
68681,2
68682,2
68683,2
68684,2
68685,2
68686,2
68687,2
68688,2
68689,2
68690,2
68691,2
68692,2
68693,2
68694,2
68695,2
68696,2
68697,2
68698,2
68699,2
68700,2
68701,2
68702,2
68703,2
68704,2
68705,2
68706,2
68707,2
68708,2
68709,2
68710,2
68711,2
68712,2
68713,2
68714,2
68715,2
68716,2
68717,2
68718,2
68719,2
68720,2
68721,2
68722,2
68723,2
68724,2
68725,2
68726,2
68727,2
68728,2
68729,2
68730,2
68731,2
68732,2
68733,2
68734,2
68735,2
68736,2
68737,2
68738,2
68739,2
68740,2
68741,2
68742,2
68743,2
68744,2
68745,2
68746,2
68747,2
68748,2
68749,2
68750,2
68751,2
68752,2
68753,2
68754,2
68755,2
68756,2
68757,2
68758,2
68759,2
68760,2
68761,2
68762,2
68763,2
68764,2
68765,2
68766,2
68767,2
68768,2
68769,2
68770,2
68771,2
68772,2
68773,2
68774,2
68775,2
68776,2
68777,2
68778,2
68779,2
68780,2
68781,2
68782,2
68783,2
68784,2
68785,2
68786,2
68787,2
68788,2
68789,2
68790,2
68791,2
68792,2
68793,2
68794,2
68795,2
68796,2
68797,2
68798,2
68799,2
68800,2
68801,2
68802,2
68803,2
68804,2
68805,2
68806,2
68807,2
68808,2
68809,2
68810,2
68811,2
68812,2
68813,2
68814,2
68815,2
68816,2
68817,2
68818,2
68819,2
68820,2
68821,2
68822,2
68823,2
68824,2
68825,2
68826,2
68827,2
68828,2
68829,2
68830,2
68831,2
68832,2
68833,2
68834,2
68835,2
68836,2
68837,2
68838,2
68839,2
68840,2
68841,2
68842,2
68843,2
68844,2
68845,2
68846,2
68847,2
68848,2
68849,2
68850,2
68851,2
68852,2
68853,2
68854,2
68855,2
68856,2
68857,2
68858,2
68859,2
68860,2
68861,2
68862,2
68863,2
68864,2
68865,2
68866,2
68867,2
68868,2
68869,2
68870,2
68871,2
68872,2
68873,2
68874,2
68875,2
68876,2
68877,2
68878,2
68879,2
68880,2
68881,2
68882,2
68883,2
68884,2
68885,2
68886,2
68887,2
68888,2
68889,2
68890,2
68891,2
68892,2
68893,2
68894,2
68895,2
68896,2
68897,2
68898,2
68899,2
68900,2
68901,2
68902,2
68903,2
68904,2
68905,2
68906,2
68907,2
68908,2
68909,2
68910,2
68911,2
68912,2
68913,2
68914,2
68915,2
68916,2
68917,2
68918,2
68919,2
68920,2
68921,2
68922,2
68923,2
68924,2
68925,2
68926,2
68927,2
68928,2
68929,2
68930,2
68931,2
68932,2
68933,2
68934,2
68935,2
68936,2
68937,2
68938,2
68939,2
68940,2
68941,2
68942,2
68943,2
68944,2
68945,2
68946,2
68947,2
68948,2
68949,2
68950,2
68951,2
68952,2
68953,2
68954,2
68955,2
68956,2
68957,2
68958,2
68959,2
68960,2
68961,2
68962,2
68963,2
68964,2
68965,2
68966,2
68967,2
68968,2
68969,2
68970,2
68971,2
68972,2
68973,2
68974,2
68975,2
68976,2
68977,2
68978,2
68979,2
68980,2
68981,2
68982,2
68983,2
68984,2
68985,2
68986,2
68987,2
68988,2
68989,2
68990,2
68991,2
68992,2
68993,2
68994,2
68995,2
68996,2
68997,2
68998,2
68999,2
69000,2
69001,2
69002,2
69003,2
69004,2
69005,2
69006,2
69007,2
69008,2
69009,2
69010,2
69011,2
69012,2
69013,2
69014,2
69015,2
69016,2
69017,2
69018,2
69019,2
69020,2
69021,2
69022,2
69023,2
69024,2
69025,2
69026,2
69027,2
69028,2
69029,2
69030,2
69031,2
69032,2
69033,2
69034,2
69035,2
69036,2
69037,2
69038,2
69039,2
69040,2
69041,2
69042,2
69043,2
69044,2
69045,2
69046,2
69047,2
69048,2
69049,2
69050,2
69051,2
69052,2
69053,2
69054,2
69055,2
69056,2
69057,2
69058,2
69059,2
69060,2
69061,2
69062,2
69063,2
69064,2
69065,2
69066,2
69067,2
69068,2
69069,2
69070,2
69071,2
69072,2
69073,2
69074,2
69075,2
69076,2
69077,2
69078,2
69079,2
69080,2
69081,2
69082,2
69083,2
69084,2
69085,2
69086,2
69087,2
69088,2
69089,2
69090,2
69091,2
69092,2
69093,2
69094,2
69095,2
69096,2
69097,2
69098,2
69099,2
69100,2
69101,2
69102,2
69103,2
69104,2
69105,2
69106,2
69107,2
69108,2
69109,2
69110,2
69111,2
69112,2
69113,2
69114,2
69115,2
69116,2
69117,2
69118,2
69119,2
69120,2
69121,2
69122,2
69123,2
69124,2
69125,2
69126,2
69127,2
69128,2
69129,2
69130,2
69131,2
69132,2
69133,2
69134,2
69135,2
69136,2
69137,2
69138,2
69139,2
69140,2
69141,2
69142,2
69143,2
69144,2
69145,2
69146,2
69147,2
69148,2
69149,2
69150,2
69151,2
69152,2
69153,2
69154,2
69155,2
69156,2
69157,2
69158,2
69159,2
69160,2
69161,2
69162,2
69163,2
69164,2
69165,2
69166,2
69167,2
69168,2
69169,2
69170,2
69171,2
69172,2
69173,2
69174,2
69175,2
69176,2
69177,2
69178,2
69179,2
69180,2
69181,2
69182,2
69183,2
69184,2
69185,2
69186,2
69187,2
69188,2
69189,2
69190,2
69191,2
69192,2
69193,2
69194,2
69195,2
69196,2
69197,2
69198,2
69199,2
69200,2
69201,2
69202,2
69203,2
69204,2
69205,2
69206,2
69207,2
69208,2
69209,2
69210,2
69211,2
69212,2
69213,2
69214,2
69215,2
69216,2
69217,2
69218,2
69219,2
69220,2
69221,2
69222,2
69223,2
69224,2
69225,2
69226,2
69227,2
69228,2
69229,2
69230,2
69231,2
69232,2
69233,2
69234,2
69235,2
69236,2
69237,2
69238,2
69239,2
69240,2
69241,2
69242,2
69243,2
69244,2
69245,2
69246,2
69247,2
69248,2
69249,2
69250,2
69251,2
69252,2
69253,2
69254,2
69255,2
69256,2
69257,2
69258,2
69259,2
69260,2
69261,2
69262,2
69263,2
69264,2
69265,2
69266,2
69267,2
69268,2
69269,2
69270,2
69271,2
69272,2
69273,2
69274,2
69275,2
69276,2
69277,2
69278,2
69279,2
69280,2
69281,2
69282,2
69283,2
69284,2
69285,2
69286,2
69287,2
69288,2
69289,2
69290,2
69291,2
69292,2
69293,2
69294,2
69295,2
69296,2
69297,2
69298,2
69299,2
69300,2
69301,2
69302,2
69303,2
69304,2
69305,2
69306,2
69307,2
69308,2
69309,2
69310,2
69311,2
69312,2
69313,2
69314,2
69315,2
69316,2
69317,2
69318,2
69319,2
69320,2
69321,2
69322,2
69323,2
69324,2
69325,2
69326,2
69327,2
69328,2
69329,2
69330,2
69331,2
69332,2
69333,2
69334,2
69335,2
69336,2
69337,2
69338,2
69339,2
69340,2
69341,2
69342,2
69343,2
69344,2
69345,2
69346,2
69347,2
69348,2
69349,2
69350,2
69351,2
69352,2
69353,2
69354,2
69355,2
69356,2
69357,2
69358,2
69359,2
69360,2
69361,2
69362,2
69363,2
69364,2
69365,2
69366,2
69367,2
69368,2
69369,2
69370,2
69371,2
69372,2
69373,2
69374,2
69375,2
69376,2
69377,2
69378,2
69379,2
69380,2
69381,2
69382,2
69383,2
69384,2
69385,2
69386,2
69387,2
69388,2
69389,2
69390,2
69391,2
69392,2
69393,2
69394,2
69395,2
69396,2
69397,2
69398,2
69399,2
69400,2
69401,2
69402,2
69403,2
69404,2
69405,2
69406,2
69407,2
69408,2
69409,2
69410,2
69411,2
69412,2
69413,2
69414,2
69415,2
69416,2
69417,2
69418,2
69419,2
69420,2
69421,2
69422,2
69423,2
69424,2
69425,2
69426,2
69427,2
69428,2
69429,2
69430,2
69431,2
69432,2
69433,2
69434,2
69435,2
69436,2
69437,2
69438,2
69439,2
69440,2
69441,2
69442,2
69443,2
69444,2
69445,2
69446,2
69447,2
69448,2
69449,2
69450,2
69451,2
69452,2
69453,2
69454,2
69455,2
69456,2
69457,2
69458,2
69459,2
69460,2
69461,2
69462,2
69463,2
69464,2
69465,2
69466,2
69467,2
69468,2
69469,2
69470,2
69471,2
69472,2
69473,2
69474,2
69475,2
69476,2
69477,2
69478,2
69479,2
69480,2
69481,2
69482,2
69483,2
69484,2
69485,2
69486,2
69487,2
69488,2
69489,2
69490,2
69491,2
69492,2
69493,2
69494,2
69495,2
69496,2
69497,2
69498,2
69499,2
69500,2
69501,2
69502,2
69503,2
69504,2
69505,2
69506,2
69507,2
69508,2
69509,2
69510,2
69511,2
69512,2
69513,2
69514,2
69515,2
69516,2
69517,2
69518,2
69519,2
69520,2
69521,2
69522,2
69523,2
69524,2
69525,2
69526,2
69527,2
69528,2
69529,2
69530,2
69531,2
69532,2
69533,2
69534,2
69535,2
69536,2
69537,2
69538,2
69539,2
69540,2
69541,2
69542,2
69543,2
69544,2
69545,2
69546,2
69547,2
69548,2
69549,2
69550,2
69551,2
69552,2
69553,2
69554,2
69555,2
69556,2
69557,2
69558,2
69559,2
69560,2
69561,2
69562,2
69563,2
69564,2
69565,2
69566,2
69567,2
69568,2
69569,2
69570,2
69571,2
69572,2
69573,2
69574,2
69575,2
69576,2
69577,2
69578,2
69579,2
69580,2
69581,2
69582,2
69583,2
69584,2
69585,2
69586,2
69587,2
69588,2
69589,2
69590,2
69591,2
69592,2
69593,2
69594,2
69595,2
69596,2
69597,2
69598,2
69599,2
69600,2
69601,2
69602,2
69603,2
69604,2
69605,2
69606,2
69607,2
69608,2
69609,2
69610,2
69611,2
69612,2
69613,2
69614,2
69615,2
69616,2
69617,2
69618,2
69619,2
69620,2
69621,2
69622,2
69623,2
69624,2
69625,2
69626,2
69627,2
69628,2
69629,2
69630,2
69631,2
69632,2
69633,2
69634,2
69635,2
69636,2
69637,2
69638,2
69639,2
69640,2
69641,2
69642,2
69643,2
69644,2
69645,2
69646,2
69647,2
69648,2
69649,2
69650,2
69651,2
69652,2
69653,2
69654,2
69655,2
69656,2
69657,2
69658,2
69659,2
69660,2
69661,2
69662,2
69663,2
69664,2
69665,2
69666,2
69667,2
69668,2
69669,2
69670,2
69671,2
69672,2
69673,2
69674,2
69675,2
69676,2
69677,2
69678,2
69679,2
69680,2
69681,2
69682,2
69683,2
69684,2
69685,2
69686,2
69687,2
69688,2
69689,2
69690,2
69691,2
69692,2
69693,2
69694,2
69695,2
69696,2
69697,2
69698,2
69699,2
69700,2
69701,2
69702,2
69703,2
69704,2
69705,2
69706,2
69707,2
69708,2
69709,2
69710,2
69711,2
69712,2
69713,2
69714,2
69715,2
69716,2
69717,2
69718,2
69719,2
69720,2
69721,2
69722,2
69723,2
69724,2
69725,2
69726,2
69727,2
69728,2
69729,2
69730,2
69731,2
69732,2
69733,2
69734,2
69735,2
69736,2
69737,2
69738,2
69739,2
69740,2
69741,2
69742,2
69743,2
69744,2
69745,2
69746,2
69747,2
69748,2
69749,2
69750,2
69751,2
69752,2
69753,2
69754,2
69755,2
69756,2
69757,2
69758,2
69759,2
69760,2
69761,2
69762,2
69763,2
69764,2
69765,2
69766,2
69767,2
69768,2
69769,2
69770,2
69771,2
69772,2
69773,2
69774,2
69775,2
69776,2
69777,2
69778,2
69779,2
69780,2
69781,2
69782,2
69783,2
69784,2
69785,2
69786,2
69787,2
69788,2
69789,2
69790,2
69791,2
69792,2
69793,2
69794,2
69795,2
69796,2
69797,2
69798,2
69799,2
69800,2
69801,2
69802,2
69803,2
69804,2
69805,2
69806,2
69807,2
69808,2
69809,2
69810,2
69811,2
69812,2
69813,2
69814,2
69815,2
69816,2
69817,2
69818,2
69819,2
69820,2
69821,2
69822,2
69823,2
69824,2
69825,2
69826,2
69827,2
69828,2
69829,2
69830,2
69831,2
69832,2
69833,2
69834,2
69835,2
69836,2
69837,2
69838,2
69839,2
69840,2
69841,2
69842,2
69843,2
69844,2
69845,2
69846,2
69847,2
69848,2
69849,2
69850,2
69851,2
69852,2
69853,2
69854,2
69855,2
69856,2
69857,2
69858,2
69859,2
69860,2
69861,2
69862,2
69863,2
69864,2
69865,2
69866,2
69867,2
69868,2
69869,2
69870,2
69871,2
69872,2
69873,2
69874,2
69875,2
69876,2
69877,2
69878,2
69879,2
69880,2
69881,2
69882,2
69883,2
69884,2
69885,2
69886,2
69887,2
69888,2
69889,2
69890,2
69891,2
69892,2
69893,2
69894,2
69895,2
69896,2
69897,2
69898,2
69899,2
69900,2
69901,2
69902,2
69903,2
69904,2
69905,2
69906,2
69907,2
69908,2
69909,2
69910,2
69911,2
69912,2
69913,2
69914,2
69915,2
69916,2
69917,2
69918,2
69919,2
69920,2
69921,2
69922,2
69923,2
69924,2
69925,2
69926,2
69927,2
69928,2
69929,2
69930,2
69931,2
69932,2
69933,2
69934,2
69935,2
69936,2
69937,2
69938,2
69939,2
69940,2
69941,2
69942,2
69943,2
69944,2
69945,2
69946,2
69947,2
69948,2
69949,2
69950,2
69951,2
69952,2
69953,2
69954,2
69955,2
69956,2
69957,2
69958,2
69959,2
69960,2
69961,2
69962,2
69963,2
69964,2
69965,2
69966,2
69967,2
69968,2
69969,2
69970,2
69971,2
69972,2
69973,2
69974,2
69975,2
69976,2
69977,2
69978,2
69979,2
69980,2
69981,2
69982,2
69983,2
69984,2
69985,2
69986,2
69987,2
69988,2
69989,2
69990,2
69991,2
69992,2
69993,2
69994,2
69995,2
69996,2
69997,2
69998,2
69999,2
70000,2
70001,2
70002,2
70003,2
70004,2
70005,2
70006,2
70007,2
70008,2
70009,2
70010,2
70011,2
70012,2
70013,2
70014,2
70015,2
70016,2
70017,2
70018,2
70019,2
70020,2
70021,2
70022,2
70023,2
70024,2
70025,2
70026,2
70027,2
70028,2
70029,2
70030,2
70031,2
70032,2
70033,2
70034,2
70035,2
70036,2
70037,2
70038,2
70039,2
70040,2
70041,2
70042,2
70043,2
70044,2
70045,2
70046,2
70047,2
70048,2
70049,2
70050,2
70051,2
70052,2
70053,2
70054,2
70055,2
70056,2
70057,2
70058,2
70059,2
70060,2
70061,2
70062,2
70063,2
70064,2
70065,2
70066,2
70067,2
70068,2
70069,2
70070,2
70071,2
70072,2
70073,2
70074,2
70075,2
70076,2
70077,2
70078,2
70079,2
70080,2
70081,2
70082,2
70083,2
70084,2
70085,2
70086,2
70087,2
70088,2
70089,2
70090,2
70091,2
70092,2
70093,2
70094,2
70095,2
70096,2
70097,2
70098,2
70099,2
70100,2
70101,2
70102,2
70103,2
70104,2
70105,2
70106,2
70107,2
70108,2
70109,2
70110,2
70111,2
70112,2
70113,2
70114,2
70115,2
70116,2
70117,2
70118,2
70119,2
70120,2
70121,2
70122,2
70123,2
70124,2
70125,2
70126,2
70127,2
70128,2
70129,2
70130,2
70131,2
70132,2
70133,2
70134,2
70135,2
70136,2
70137,2
70138,2
70139,2
70140,2
70141,2
70142,2
70143,2
70144,2
70145,2
70146,2
70147,2
70148,2
70149,2
70150,2
70151,2
70152,2
70153,2
70154,2
70155,2
70156,2
70157,2
70158,2
70159,2
70160,2
70161,2
70162,2
70163,2
70164,2
70165,2
70166,2
70167,2
70168,2
70169,2
70170,2
70171,2
70172,2
70173,2
70174,2
70175,2
70176,2
70177,2
70178,2
70179,2
70180,2
70181,2
70182,2
70183,2
70184,2
70185,2
70186,2
70187,2
70188,2
70189,2
70190,2
70191,2
70192,2
70193,2
70194,2
70195,2
70196,2
70197,2
70198,2
70199,2
70200,2
70201,2
70202,2
70203,2
70204,2
70205,2
70206,2
70207,2
70208,2
70209,2
70210,2
70211,2
70212,2
70213,2
70214,2
70215,2
70216,2
70217,2
70218,2
70219,2
70220,2
70221,2
70222,2
70223,2
70224,2
70225,2
70226,2
70227,2
70228,2
70229,2
70230,2
70231,2
70232,2
70233,2
70234,2
70235,2
70236,2
70237,2
70238,2
70239,2
70240,2
70241,2
70242,2
70243,2
70244,2
70245,2
70246,2
70247,2
70248,2
70249,2
70250,2
70251,2
70252,2
70253,2
70254,2
70255,2
70256,2
70257,2
70258,2
70259,2
70260,2
70261,2
70262,2
70263,2
70264,2
70265,2
70266,2
70267,2
70268,2
70269,2
70270,2
70271,2
70272,2
70273,2
70274,2
70275,2
70276,2
70277,2
70278,2
70279,2
70280,2
70281,2
70282,2
70283,2
70284,2
70285,2
70286,2
70287,2
70288,2
70289,2
70290,2
70291,2
70292,2
70293,2
70294,2
70295,2
70296,2
70297,2
70298,2
70299,2
70300,2
70301,2
70302,2
70303,2
70304,2
70305,2
70306,2
70307,2
70308,2
70309,2
70310,2
70311,2
70312,2
70313,2
70314,2
70315,2
70316,2
70317,2
70318,2
70319,2
70320,2
70321,2
70322,2
70323,2
70324,2
70325,2
70326,2
70327,2
70328,2
70329,2
70330,2
70331,2
70332,2
70333,2
70334,2
70335,2
70336,2
70337,2
70338,2
70339,2
70340,2
70341,2
70342,2
70343,2
70344,2
70345,2
70346,2
70347,2
70348,2
70349,2
70350,2
70351,2
70352,2
70353,2
70354,2
70355,2
70356,2
70357,2
70358,2
70359,2
70360,2
70361,2
70362,2
70363,2
70364,2
70365,2
70366,2
70367,2
70368,2
70369,2
70370,2
70371,2
70372,2
70373,2
70374,2
70375,2
70376,2
70377,2
70378,2
70379,2
70380,2
70381,2
70382,2
70383,2
70384,2
70385,2
70386,2
70387,2
70388,2
70389,2
70390,2
70391,2
70392,2
70393,2
70394,2
70395,2
70396,2
70397,2
70398,2
70399,2
70400,2
70401,2
70402,2
70403,2
70404,2
70405,2
70406,2
70407,2
70408,2
70409,2
70410,2
70411,2
70412,2
70413,2
70414,2
70415,2
70416,2
70417,2
70418,2
70419,2
70420,2
70421,2
70422,2
70423,2
70424,2
70425,2
70426,2
70427,2
70428,2
70429,2
70430,2
70431,2
70432,2
70433,2
70434,2
70435,2
70436,2
70437,2
70438,2
70439,2
70440,2
70441,2
70442,2
70443,2
70444,2
70445,2
70446,2
70447,2
70448,2
70449,2
70450,2
70451,2
70452,2
70453,2
70454,2
70455,2
70456,2
70457,2
70458,2
70459,2
70460,2
70461,2
70462,2
70463,2
70464,2
70465,2
70466,2
70467,2
70468,2
70469,2
70470,2
70471,2
70472,2
70473,2
70474,2
70475,2
70476,2
70477,2
70478,2
70479,2
70480,2
70481,2
70482,2
70483,2
70484,2
70485,2
70486,2
70487,2
70488,2
70489,2
70490,2
70491,2
70492,2
70493,2
70494,2
70495,2
70496,2
70497,2
70498,2
70499,2
70500,2
70501,2
70502,2
70503,2
70504,2
70505,2
70506,2
70507,2
70508,2
70509,2
70510,2
70511,2
70512,2
70513,2
70514,2
70515,2
70516,2
70517,2
70518,2
70519,2
70520,2
70521,2
70522,2
70523,2
70524,2
70525,2
70526,2
70527,2
70528,2
70529,2
70530,2
70531,2
70532,2
70533,2
70534,2
70535,2
70536,2
70537,2
70538,2
70539,2
70540,2
70541,2
70542,2
70543,2
70544,2
70545,2
70546,2
70547,2
70548,2
70549,2
70550,2
70551,2
70552,2
70553,2
70554,2
70555,2
70556,2
70557,2
70558,2
70559,2
70560,2
70561,2
70562,2
70563,2
70564,2
70565,2
70566,2
70567,2
70568,2
70569,2
70570,2
70571,2
70572,2
70573,2
70574,2
70575,2
70576,2
70577,2
70578,2
70579,2
70580,2
70581,2
70582,2
70583,2
70584,2
70585,2
70586,2
70587,2
70588,2
70589,2
70590,2
70591,2
70592,2
70593,2
70594,2
70595,2
70596,2
70597,2
70598,2
70599,2
70600,2
70601,2
70602,2
70603,2
70604,2
70605,2
70606,2
70607,2
70608,2
70609,2
70610,2
70611,2
70612,2
70613,2
70614,2
70615,2
70616,2
70617,2
70618,2
70619,2
70620,2
70621,2
70622,2
70623,2
70624,2
70625,2
70626,2
70627,2
70628,2
70629,2
70630,2
70631,2
70632,2
70633,2
70634,2
70635,2
70636,2
70637,2
70638,2
70639,2
70640,2
70641,2
70642,2
70643,2
70644,2
70645,2
70646,2
70647,2
70648,2
70649,2
70650,2
70651,2
70652,2
70653,2
70654,2
70655,2
70656,2
70657,2
70658,2
70659,2
70660,2
70661,2
70662,2
70663,2
70664,2
70665,2
70666,2
70667,2
70668,2
70669,2
70670,2
70671,2
70672,2
70673,2
70674,2
70675,2
70676,2
70677,2
70678,2
70679,2
70680,2
70681,2
70682,2
70683,2
70684,2
70685,2
70686,2
70687,2
70688,2
70689,2
70690,2
70691,2
70692,2
70693,2
70694,2
70695,2
70696,2
70697,2
70698,2
70699,2
70700,2
70701,2
70702,2
70703,2
70704,2
70705,2
70706,2
70707,2
70708,2
70709,2
70710,2
70711,2
70712,2
70713,2
70714,2
70715,2
70716,2
70717,2
70718,2
70719,2
70720,2
70721,2
70722,2
70723,2
70724,2
70725,2
70726,2
70727,2
70728,2
70729,2
70730,2
70731,2
70732,2
70733,2
70734,2
70735,2
70736,2
70737,2
70738,2
70739,2
70740,2
70741,2
70742,2
70743,2
70744,2
70745,2
70746,2
70747,2
70748,2
70749,2
70750,2
70751,2
70752,2
70753,2
70754,2
70755,2
70756,2
70757,2
70758,2
70759,2
70760,2
70761,2
70762,2
70763,2
70764,2
70765,2
70766,2
70767,2
70768,2
70769,2
70770,2
70771,2
70772,2
70773,2
70774,2
70775,2
70776,2
70777,2
70778,2
70779,2
70780,2
70781,2
70782,2
70783,2
70784,2
70785,2
70786,2
70787,2
70788,2
70789,2
70790,2
70791,2
70792,2
70793,2
70794,2
70795,2
70796,2
70797,2
70798,2
70799,2
70800,2
70801,2
70802,2
70803,2
70804,2
70805,2
70806,2
70807,2
70808,2
70809,2
70810,2
70811,2
70812,2
70813,2
70814,2
70815,2
70816,2
70817,2
70818,2
70819,2
70820,2
70821,2
70822,2
70823,2
70824,2
70825,2
70826,2
70827,2
70828,2
70829,2
70830,2
70831,2
70832,2
70833,2
70834,2
70835,2
70836,2
70837,2
70838,2
70839,2
70840,2
70841,2
70842,2
70843,2
70844,2
70845,2
70846,2
70847,2
70848,2
70849,2
70850,2
70851,2
70852,2
70853,2
70854,2
70855,2
70856,2
70857,2
70858,2
70859,2
70860,2
70861,2
70862,2
70863,2
70864,2
70865,2
70866,2
70867,2
70868,2
70869,2
70870,2
70871,2
70872,2
70873,2
70874,2
70875,2
70876,2
70877,2
70878,2
70879,2
70880,2
70881,2
70882,2
70883,2
70884,2
70885,2
70886,2
70887,2
70888,2
70889,2
70890,2
70891,2
70892,2
70893,2
70894,2
70895,2
70896,2
70897,2
70898,2
70899,2
70900,2
70901,2
70902,2
70903,2
70904,2
70905,2
70906,2
70907,2
70908,2
70909,2
70910,2
70911,2
70912,2
70913,2
70914,2
70915,2
70916,2
70917,2
70918,2
70919,2
70920,2
70921,2
70922,2
70923,2
70924,2
70925,2
70926,2
70927,2
70928,2
70929,2
70930,2
70931,2
70932,2
70933,2
70934,2
70935,2
70936,2
70937,2
70938,2
70939,2
70940,2
70941,2
70942,2
70943,2
70944,2
70945,2
70946,2
70947,2
70948,2
70949,2
70950,2
70951,2
70952,2
70953,2
70954,2
70955,2
70956,2
70957,2
70958,2
70959,2
70960,2
70961,2
70962,2
70963,2
70964,2
70965,2
70966,2
70967,2
70968,2
70969,2
70970,2
70971,2
70972,2
70973,2
70974,2
70975,2
70976,2
70977,2
70978,2
70979,2
70980,2
70981,2
70982,2
70983,2
70984,2
70985,2
70986,2
70987,2
70988,2
70989,2
70990,2
70991,2
70992,2
70993,2
70994,2
70995,2
70996,2
70997,2
70998,2
70999,2
71000,2
71001,2
71002,2
71003,2
71004,2
71005,2
71006,2
71007,2
71008,2
71009,2
71010,2
71011,2
71012,2
71013,2
71014,2
71015,2
71016,2
71017,2
71018,2
71019,2
71020,2
71021,2
71022,2
71023,2
71024,2
71025,2
71026,2
71027,2
71028,2
71029,2
71030,2
71031,2
71032,2
71033,2
71034,2
71035,2
71036,2
71037,2
71038,2
71039,2
71040,2
71041,2
71042,2
71043,2
71044,2
71045,2
71046,2
71047,2
71048,2
71049,2
71050,2
71051,2
71052,2
71053,2
71054,2
71055,2
71056,2
71057,2
71058,2
71059,2
71060,2
71061,2
71062,2
71063,2
71064,2
71065,2
71066,2
71067,2
71068,2
71069,2
71070,2
71071,2
71072,2
71073,2
71074,2
71075,2
71076,2
71077,2
71078,2
71079,2
71080,2
71081,2
71082,2
71083,2
71084,2
71085,2
71086,2
71087,2
71088,2
71089,2
71090,2
71091,2
71092,2
71093,2
71094,2
71095,2
71096,2
71097,2
71098,2
71099,2
71100,2
71101,2
71102,2
71103,2
71104,2
71105,2
71106,2
71107,2
71108,2
71109,2
71110,2
71111,2
71112,2
71113,2
71114,2
71115,2
71116,2
71117,2
71118,2
71119,2
71120,2
71121,2
71122,2
71123,2
71124,2
71125,2
71126,2
71127,2
71128,2
71129,2
71130,2
71131,2
71132,2
71133,2
71134,2
71135,2
71136,2
71137,2
71138,2
71139,2
71140,2
71141,2
71142,2
71143,2
71144,2
71145,2
71146,2
71147,2
71148,2
71149,2
71150,2
71151,2
71152,2
71153,2
71154,2
71155,2
71156,2
71157,2
71158,2
71159,2
71160,2
71161,2
71162,2
71163,2
71164,2
71165,2
71166,2
71167,2
71168,2
71169,2
71170,2
71171,2
71172,2
71173,2
71174,2
71175,2
71176,2
71177,2
71178,2
71179,2
71180,2
71181,2
71182,2
71183,2
71184,2
71185,2
71186,2
71187,2
71188,2
71189,2
71190,2
71191,2
71192,2
71193,2
71194,2
71195,2
71196,2
71197,2
71198,2
71199,2
71200,2
71201,2
71202,2
71203,2
71204,2
71205,2
71206,2
71207,2
71208,2
71209,2
71210,2
71211,2
71212,2
71213,2
71214,2
71215,2
71216,2
71217,2
71218,2
71219,2
71220,2
71221,2
71222,2
71223,2
71224,2
71225,2
71226,2
71227,2
71228,2
71229,2
71230,2
71231,2
71232,2
71233,2
71234,2
71235,2
71236,2
71237,2
71238,2
71239,2
71240,2
71241,2
71242,2
71243,2
71244,2
71245,2
71246,2
71247,2
71248,2
71249,2
71250,2
71251,2
71252,2
71253,2
71254,2
71255,2
71256,2
71257,2
71258,2
71259,2
71260,2
71261,2
71262,2
71263,2
71264,2
71265,2
71266,2
71267,2
71268,2
71269,2
71270,2
71271,2
71272,2
71273,2
71274,2
71275,2
71276,2
71277,2
71278,2
71279,2
71280,2
71281,2
71282,2
71283,2
71284,2
71285,2
71286,2
71287,2
71288,2
71289,2
71290,2
71291,2
71292,2
71293,2
71294,2
71295,2
71296,2
71297,2
71298,2
71299,2
71300,2
71301,2
71302,2
71303,2
71304,2
71305,2
71306,2
71307,2
71308,2
71309,2
71310,2
71311,2
71312,2
71313,2
71314,2
71315,2
71316,2
71317,2
71318,2
71319,2
71320,2
71321,2
71322,2
71323,2
71324,2
71325,2
71326,2
71327,2
71328,2
71329,2
71330,2
71331,2
71332,2
71333,2
71334,2
71335,2
71336,2
71337,2
71338,2
71339,2
71340,2
71341,2
71342,2
71343,2
71344,2
71345,2
71346,2
71347,2
71348,2
71349,2
71350,2
71351,2
71352,2
71353,2
71354,2
71355,2
71356,2
71357,2
71358,2
71359,2
71360,2
71361,2
71362,2
71363,2
71364,2
71365,2
71366,2
71367,2
71368,2
71369,2
71370,2
71371,2
71372,2
71373,2
71374,2
71375,2
71376,2
71377,2
71378,2
71379,2
71380,2
71381,2
71382,2
71383,2
71384,2
71385,2
71386,2
71387,2
71388,2
71389,2
71390,2
71391,2
71392,2
71393,2
71394,2
71395,2
71396,2
71397,2
71398,2
71399,2
71400,2
71401,2
71402,2
71403,2
71404,2
71405,2
71406,2
71407,2
71408,2
71409,2
71410,2
71411,2
71412,2
71413,2
71414,2
71415,2
71416,2
71417,2
71418,2
71419,2
71420,2
71421,2
71422,2
71423,2
71424,2
71425,2
71426,2
71427,2
71428,2
71429,2
71430,2
71431,2
71432,2
71433,2
71434,2
71435,2
71436,2
71437,2
71438,2
71439,2
71440,2
71441,2
71442,2
71443,2
71444,2
71445,2
71446,2
71447,2
71448,2
71449,2
71450,2
71451,2
71452,2
71453,2
71454,2
71455,2
71456,2
71457,2
71458,2
71459,2
71460,2
71461,2
71462,2
71463,2
71464,2
71465,2
71466,2
71467,2
71468,2
71469,2
71470,2
71471,2
71472,2
71473,2
71474,2
71475,2
71476,2
71477,2
71478,2
71479,2
71480,2
71481,2
71482,2
71483,2
71484,2
71485,2
71486,2
71487,2
71488,2
71489,2
71490,2
71491,2
71492,2
71493,2
71494,2
71495,2
71496,2
71497,2
71498,2
71499,2
71500,2
71501,2
71502,2
71503,2
71504,2
71505,2
71506,2
71507,2
71508,2
71509,2
71510,2
71511,2
71512,2
71513,2
71514,2
71515,2
71516,2
71517,2
71518,2
71519,2
71520,2
71521,2
71522,2
71523,2
71524,2
71525,2
71526,2
71527,2
71528,2
71529,2
71530,2
71531,2
71532,2
71533,2
71534,2
71535,2
71536,2
71537,2
71538,2
71539,2
71540,2
71541,2
71542,2
71543,2
71544,2
71545,2
71546,2
71547,2
71548,2
71549,2
71550,2
71551,2
71552,2
71553,2
71554,2
71555,2
71556,2
71557,2
71558,2
71559,2
71560,2
71561,2
71562,2
71563,2
71564,2
71565,2
71566,2
71567,2
71568,2
71569,2
71570,2
71571,2
71572,2
71573,2
71574,2
71575,2
71576,2
71577,2
71578,2
71579,2
71580,2
71581,2
71582,2
71583,2
71584,2
71585,2
71586,2
71587,2
71588,2
71589,2
71590,2
71591,2
71592,2
71593,2
71594,2
71595,2
71596,2
71597,2
71598,2
71599,2
71600,2
71601,2
71602,2
71603,2
71604,2
71605,2
71606,2
71607,2
71608,2
71609,2
71610,2
71611,2
71612,2
71613,2
71614,2
71615,2
71616,2
71617,2
71618,2
71619,2
71620,2
71621,2
71622,2
71623,2
71624,2
71625,2
71626,2
71627,2
71628,2
71629,2
71630,2
71631,2
71632,2
71633,2
71634,2
71635,2
71636,2
71637,2
71638,2
71639,2
71640,2
71641,2
71642,2
71643,2
71644,2
71645,2
71646,2
71647,2
71648,2
71649,2
71650,2
71651,2
71652,2
71653,2
71654,2
71655,2
71656,2
71657,2
71658,2
71659,2
71660,2
71661,2
71662,2
71663,2
71664,2
71665,2
71666,2
71667,2
71668,2
71669,2
71670,2
71671,2
71672,2
71673,2
71674,2
71675,2
71676,2
71677,2
71678,2
71679,2
71680,2
71681,2
71682,2
71683,2
71684,2
71685,2
71686,2
71687,2
71688,2
71689,2
71690,2
71691,2
71692,2
71693,2
71694,2
71695,2
71696,2
71697,2
71698,2
71699,2
71700,2
71701,2
71702,2
71703,2
71704,2
71705,2
71706,2
71707,2
71708,2
71709,2
71710,2
71711,2
71712,2
71713,2
71714,2
71715,2
71716,2
71717,2
71718,2
71719,2
71720,2
71721,2
71722,2
71723,2
71724,2
71725,2
71726,2
71727,2
71728,2
71729,2
71730,2
71731,2
71732,2
71733,2
71734,2
71735,2
71736,2
71737,2
71738,2
71739,2
71740,2
71741,2
71742,2
71743,2
71744,2
71745,2
71746,2
71747,2
71748,2
71749,2
71750,2
71751,2
71752,2
71753,2
71754,2
71755,2
71756,2
71757,2
71758,2
71759,2
71760,2
71761,2
71762,2
71763,2
71764,2
71765,2
71766,2
71767,2
71768,2
71769,2
71770,2
71771,2
71772,2
71773,2
71774,2
71775,2
71776,2
71777,2
71778,2
71779,2
71780,2
71781,2
71782,2
71783,2
71784,2
71785,2
71786,2
71787,2
71788,2
71789,2
71790,2
71791,2
71792,2
71793,2
71794,2
71795,2
71796,2
71797,2
71798,2
71799,2
71800,2
71801,2
71802,2
71803,2
71804,2
71805,2
71806,2
71807,2
71808,2
71809,2
71810,2
71811,2
71812,2
71813,2
71814,2
71815,2
71816,2
71817,2
71818,2
71819,2
71820,2
71821,2
71822,2
71823,2
71824,2
71825,2
71826,2
71827,2
71828,2
71829,2
71830,2
71831,2
71832,2
71833,2
71834,2
71835,2
71836,2
71837,2
71838,2
71839,2
71840,2
71841,2
71842,2
71843,2
71844,2
71845,2
71846,2
71847,2
71848,2
71849,2
71850,2
71851,2
71852,2
71853,2
71854,2
71855,2
71856,2
71857,2
71858,2
71859,2
71860,2
71861,2
71862,2
71863,2
71864,2
71865,2
71866,2
71867,2
71868,2
71869,2
71870,2
71871,2
71872,2
71873,2
71874,2
71875,2
71876,2
71877,2
71878,2
71879,2
71880,2
71881,2
71882,2
71883,2
71884,2
71885,2
71886,2
71887,2
71888,2
71889,2
71890,2
71891,2
71892,2
71893,2
71894,2
71895,2
71896,2
71897,2
71898,2
71899,2
71900,2
71901,2
71902,2
71903,2
71904,2
71905,2
71906,2
71907,2
71908,2
71909,2
71910,2
71911,2
71912,2
71913,2
71914,2
71915,2
71916,2
71917,2
71918,2
71919,2
71920,2
71921,2
71922,2
71923,2
71924,2
71925,2
71926,2
71927,2
71928,2
71929,2
71930,2
71931,2
71932,2
71933,2
71934,2
71935,2
71936,2
71937,2
71938,2
71939,2
71940,2
71941,2
71942,2
71943,2
71944,2
71945,2
71946,2
71947,2
71948,2
71949,2
71950,2
71951,2
71952,2
71953,2
71954,2
71955,2
71956,2
71957,2
71958,2
71959,2
71960,2
71961,2
71962,2
71963,2
71964,2
71965,2
71966,2
71967,2
71968,2
71969,2
71970,2
71971,2
71972,2
71973,2
71974,2
71975,2
71976,2
71977,2
71978,2
71979,2
71980,2
71981,2
71982,2
71983,2
71984,2
71985,2
71986,2
71987,2
71988,2
71989,2
71990,2
71991,2
71992,2
71993,2
71994,2
71995,2
71996,2
71997,2
71998,2
71999,2
72000,2
72001,2
72002,2
72003,2
72004,2
72005,2
72006,2
72007,2
72008,2
72009,2
72010,2
72011,2
72012,2
72013,2
72014,2
72015,2
72016,2
72017,2
72018,2
72019,2
72020,2
72021,2
72022,2
72023,2
72024,2
72025,2
72026,2
72027,2
72028,2
72029,2
72030,2
72031,2
72032,2
72033,2
72034,2
72035,2
72036,2
72037,2
72038,2
72039,2
72040,2
72041,2
72042,2
72043,2
72044,2
72045,2
72046,2
72047,2
72048,2
72049,2
72050,2
72051,2
72052,2
72053,2
72054,2
72055,2
72056,2
72057,2
72058,2
72059,2
72060,2
72061,2
72062,2
72063,2
72064,2
72065,2
72066,2
72067,2
72068,2
72069,2
72070,2
72071,2
72072,2
72073,2
72074,2
72075,2
72076,2
72077,2
72078,2
72079,2
72080,2
72081,2
72082,2
72083,2
72084,2
72085,2
72086,2
72087,2
72088,2
72089,2
72090,2
72091,2
72092,2
72093,2
72094,2
72095,2
72096,2
72097,2
72098,2
72099,2
72100,2
72101,2
72102,2
72103,2
72104,2
72105,2
72106,2
72107,2
72108,2
72109,2
72110,2
72111,2
72112,2
72113,2
72114,2
72115,2
72116,2
72117,2
72118,2
72119,2
72120,2
72121,2
72122,2
72123,2
72124,2
72125,2
72126,2
72127,2
72128,2
72129,2
72130,2
72131,2
72132,2
72133,2
72134,2
72135,2
72136,2
72137,2
72138,2
72139,2
72140,2
72141,2
72142,2
72143,2
72144,2
72145,2
72146,2
72147,2
72148,2
72149,2
72150,2
72151,2
72152,2
72153,2
72154,2
72155,2
72156,2
72157,2
72158,2
72159,2
72160,2
72161,2
72162,2
72163,2
72164,2
72165,2
72166,2
72167,2
72168,2
72169,2
72170,2
72171,2
72172,2
72173,2
72174,2
72175,2
72176,2
72177,2
72178,2
72179,2
72180,2
72181,2
72182,2
72183,2
72184,2
72185,2
72186,2
72187,2
72188,2
72189,2
72190,2
72191,2
72192,2
72193,2
72194,2
72195,2
72196,2
72197,2
72198,2
72199,2
72200,2
72201,2
72202,2
72203,2
72204,2
72205,2
72206,2
72207,2
72208,2
72209,2
72210,2
72211,2
72212,2
72213,2
72214,2
72215,2
72216,2
72217,2
72218,2
72219,2
72220,2
72221,2
72222,2
72223,2
72224,2
72225,2
72226,2
72227,2
72228,2
72229,2
72230,2
72231,2
72232,2
72233,2
72234,2
72235,2
72236,2
72237,2
72238,2
72239,2
72240,2
72241,2
72242,2
72243,2
72244,2
72245,2
72246,2
72247,2
72248,2
72249,2
72250,2
72251,2
72252,2
72253,2
72254,2
72255,2
72256,2
72257,2
72258,2
72259,2
72260,2
72261,2
72262,2
72263,2
72264,2
72265,2
72266,2
72267,2
72268,2
72269,2
72270,2
72271,2
72272,2
72273,2
72274,2
72275,2
72276,2
72277,2
72278,2
72279,2
72280,2
72281,2
72282,2
72283,2
72284,2
72285,2
72286,2
72287,2
72288,2
72289,2
72290,2
72291,2
72292,2
72293,2
72294,2
72295,2
72296,2
72297,2
72298,2
72299,2
72300,2
72301,2
72302,2
72303,2
72304,2
72305,2
72306,2
72307,2
72308,2
72309,2
72310,2
72311,2
72312,2
72313,2
72314,2
72315,2
72316,2
72317,2
72318,2
72319,2
72320,2
72321,2
72322,2
72323,2
72324,2
72325,2
72326,2
72327,2
72328,2
72329,2
72330,2
72331,2
72332,2
72333,2
72334,2
72335,2
72336,2
72337,2
72338,2
72339,2
72340,2
72341,2
72342,2
72343,2
72344,2
72345,2
72346,2
72347,2
72348,2
72349,2
72350,2
72351,2
72352,2
72353,2
72354,2
72355,2
72356,2
72357,2
72358,2
72359,2
72360,2
72361,2
72362,2
72363,2
72364,2
72365,2
72366,2
72367,2
72368,2
72369,2
72370,2
72371,2
72372,2
72373,2
72374,2
72375,2
72376,2
72377,2
72378,2
72379,2
72380,2
72381,2
72382,2
72383,2
72384,2
72385,2
72386,2
72387,2
72388,2
72389,2
72390,2
72391,2
72392,2
72393,2
72394,2
72395,2
72396,2
72397,2
72398,2
72399,2
72400,2
72401,2
72402,2
72403,2
72404,2
72405,2
72406,2
72407,2
72408,2
72409,2
72410,2
72411,2
72412,2
72413,2
72414,2
72415,2
72416,2
72417,2
72418,2
72419,2
72420,2
72421,2
72422,2
72423,2
72424,2
72425,2
72426,2
72427,2
72428,2
72429,2
72430,2
72431,2
72432,2
72433,2
72434,2
72435,2
72436,2
72437,2
72438,2
72439,2
72440,2
72441,2
72442,2
72443,2
72444,2
72445,2
72446,2
72447,2
72448,2
72449,2
72450,2
72451,2
72452,2
72453,2
72454,2
72455,2
72456,2
72457,2
72458,2
72459,2
72460,2
72461,2
72462,2
72463,2
72464,2
72465,2
72466,2
72467,2
72468,2
72469,2
72470,2
72471,2
72472,2
72473,2
72474,2
72475,2
72476,2
72477,2
72478,2
72479,2
72480,2
72481,2
72482,2
72483,2
72484,2
72485,2
72486,2
72487,2
72488,2
72489,2
72490,2
72491,2
72492,2
72493,2
72494,2
72495,2
72496,2
72497,2
72498,2
72499,2
72500,2
72501,2
72502,2
72503,2
72504,2
72505,2
72506,2
72507,2
72508,2
72509,2
72510,2
72511,2
72512,2
72513,2
72514,2
72515,2
72516,2
72517,2
72518,2
72519,2
72520,2
72521,2
72522,2
72523,2
72524,2
72525,2
72526,2
72527,2
72528,2
72529,2
72530,2
72531,2
72532,2
72533,2
72534,2
72535,2
72536,2
72537,2
72538,2
72539,2
72540,2
72541,2
72542,2
72543,2
72544,2
72545,2
72546,2
72547,2
72548,2
72549,2
72550,2
72551,2
72552,2
72553,2
72554,2
72555,2
72556,2
72557,2
72558,2
72559,2
72560,2
72561,2
72562,2
72563,2
72564,2
72565,2
72566,2
72567,2
72568,2
72569,2
72570,2
72571,2
72572,2
72573,2
72574,2
72575,2
72576,2
72577,2
72578,2
72579,2
72580,2
72581,2
72582,2
72583,2
72584,2
72585,2
72586,2
72587,2
72588,2
72589,2
72590,2
72591,2
72592,2
72593,2
72594,2
72595,2
72596,2
72597,2
72598,2
72599,2
72600,2
72601,2
72602,2
72603,2
72604,2
72605,2
72606,2
72607,2
72608,2
72609,2
72610,2
72611,2
72612,2
72613,2
72614,2
72615,2
72616,2
72617,2
72618,2
72619,2
72620,2
72621,2
72622,2
72623,2
72624,2
72625,2
72626,2
72627,2
72628,2
72629,2
72630,2
72631,2
72632,2
72633,2
72634,2
72635,2
72636,2
72637,2
72638,2
72639,2
72640,2
72641,2
72642,2
72643,2
72644,2
72645,2
72646,2
72647,2
72648,2
72649,2
72650,2
72651,2
72652,2
72653,2
72654,2
72655,2
72656,2
72657,2
72658,2
72659,2
72660,2
72661,2
72662,2
72663,2
72664,2
72665,2
72666,2
72667,2
72668,2
72669,2
72670,2
72671,2
72672,2
72673,2
72674,2
72675,2
72676,2
72677,2
72678,2
72679,2
72680,2
72681,2
72682,2
72683,2
72684,2
72685,2
72686,2
72687,2
72688,2
72689,2
72690,2
72691,2
72692,2
72693,2
72694,2
72695,2
72696,2
72697,2
72698,2
72699,2
72700,2
72701,2
72702,2
72703,2
72704,2
72705,2
72706,2
72707,2
72708,2
72709,2
72710,2
72711,2
72712,2
72713,2
72714,2
72715,2
72716,2
72717,2
72718,2
72719,2
72720,2
72721,2
72722,2
72723,2
72724,2
72725,2
72726,2
72727,2
72728,2
72729,2
72730,2
72731,2
72732,2
72733,2
72734,2
72735,2
72736,2
72737,2
72738,2
72739,2
72740,2
72741,2
72742,2
72743,2
72744,2
72745,2
72746,2
72747,2
72748,2
72749,2
72750,2
72751,2
72752,2
72753,2
72754,2
72755,2
72756,2
72757,2
72758,2
72759,2
72760,2
72761,2
72762,2
72763,2
72764,2
72765,2
72766,2
72767,2
72768,2
72769,2
72770,2
72771,2
72772,2
72773,2
72774,2
72775,2
72776,2
72777,2
72778,2
72779,2
72780,2
72781,2
72782,2
72783,2
72784,2
72785,2
72786,2
72787,2
72788,2
72789,2
72790,2
72791,2
72792,2
72793,2
72794,2
72795,2
72796,2
72797,2
72798,2
72799,2
72800,2
72801,2
72802,2
72803,2
72804,2
72805,2
72806,2
72807,2
72808,2
72809,2
72810,2
72811,2
72812,2
72813,2
72814,2
72815,2
72816,2
72817,2
72818,2
72819,2
72820,2
72821,2
72822,2
72823,2
72824,2
72825,2
72826,2
72827,2
72828,2
72829,2
72830,2
72831,2
72832,2
72833,2
72834,2
72835,2
72836,2
72837,2
72838,2
72839,2
72840,2
72841,2
72842,2
72843,2
72844,2
72845,2
72846,2
72847,2
72848,2
72849,2
72850,2
72851,2
72852,2
72853,2
72854,2
72855,2
72856,2
72857,2
72858,2
72859,2
72860,2
72861,2
72862,2
72863,2
72864,2
72865,2
72866,2
72867,2
72868,2
72869,2
72870,2
72871,2
72872,2
72873,2
72874,2
72875,2
72876,2
72877,2
72878,2
72879,2
72880,2
72881,2
72882,2
72883,2
72884,2
72885,2
72886,2
72887,2
72888,2
72889,2
72890,2
72891,2
72892,2
72893,2
72894,2
72895,2
72896,2
72897,2
72898,2
72899,2
72900,2
72901,2
72902,2
72903,2
72904,2
72905,2
72906,2
72907,2
72908,2
72909,2
72910,2
72911,2
72912,2
72913,2
72914,2
72915,2
72916,2
72917,2
72918,2
72919,2
72920,2
72921,2
72922,2
72923,2
72924,2
72925,2
72926,2
72927,2
72928,2
72929,2
72930,2
72931,2
72932,2
72933,2
72934,2
72935,2
72936,2
72937,2
72938,2
72939,2
72940,2
72941,2
72942,2
72943,2
72944,2
72945,2
72946,2
72947,2
72948,2
72949,2
72950,2
72951,2
72952,2
72953,2
72954,2
72955,2
72956,2
72957,2
72958,2
72959,2
72960,2
72961,2
72962,2
72963,2
72964,2
72965,2
72966,2
72967,2
72968,2
72969,2
72970,2
72971,2
72972,2
72973,2
72974,2
72975,2
72976,2
72977,2
72978,2
72979,2
72980,2
72981,2
72982,2
72983,2
72984,2
72985,2
72986,2
72987,2
72988,2
72989,2
72990,2
72991,2
72992,2
72993,2
72994,2
72995,2
72996,2
72997,2
72998,2
72999,2
73000,2
73001,2
73002,2
73003,2
73004,2
73005,2
73006,2
73007,2
73008,2
73009,2
73010,2
73011,2
73012,2
73013,2
73014,2
73015,2
73016,2
73017,2
73018,2
73019,2
73020,2
73021,2
73022,2
73023,2
73024,2
73025,2
73026,2
73027,2
73028,2
73029,2
73030,2
73031,2
73032,2
73033,2
73034,2
73035,2
73036,2
73037,2
73038,2
73039,2
73040,2
73041,2
73042,2
73043,2
73044,2
73045,2
73046,2
73047,2
73048,2
73049,2
73050,2
73051,2
73052,2
73053,2
73054,2
73055,2
73056,2
73057,2
73058,2
73059,2
73060,2
73061,2
73062,2
73063,2
73064,2
73065,2
73066,2
73067,2
73068,2
73069,2
73070,2
73071,2
73072,2
73073,2
73074,2
73075,2
73076,2
73077,2
73078,2
73079,2
73080,2
73081,2
73082,2
73083,2
73084,2
73085,2
73086,2
73087,2
73088,2
73089,2
73090,2
73091,2
73092,2
73093,2
73094,2
73095,2
73096,2
73097,2
73098,2
73099,2
73100,2
73101,2
73102,2
73103,2
73104,2
73105,2
73106,2
73107,2
73108,2
73109,2
73110,2
73111,2
73112,2
73113,2
73114,2
73115,2
73116,2
73117,2
73118,2
73119,2
73120,2
73121,2
73122,2
73123,2
73124,2
73125,2
73126,2
73127,2
73128,2
73129,2
73130,2
73131,2
73132,2
73133,2
73134,2
73135,2
73136,2
73137,2
73138,2
73139,2
73140,2
73141,2
73142,2
73143,2
73144,2
73145,2
73146,2
73147,2
73148,2
73149,2
73150,2
73151,2
73152,2
73153,2
73154,2
73155,2
73156,2
73157,2
73158,2
73159,2
73160,2
73161,2
73162,2
73163,2
73164,2
73165,2
73166,2
73167,2
73168,2
73169,2
73170,2
73171,2
73172,2
73173,2
73174,2
73175,2
73176,2
73177,2
73178,2
73179,2
73180,2
73181,2
73182,2
73183,2
73184,2
73185,2
73186,2
73187,2
73188,2
73189,2
73190,2
73191,2
73192,2
73193,2
73194,2
73195,2
73196,2
73197,2
73198,2
73199,2
73200,2
73201,2
73202,2
73203,2
73204,2
73205,2
73206,2
73207,2
73208,2
73209,2
73210,2
73211,2
73212,2
73213,2
73214,2
73215,2
73216,2
73217,2
73218,2
73219,2
73220,2
73221,2
73222,2
73223,2
73224,2
73225,2
73226,2
73227,2
73228,2
73229,2
73230,2
73231,2
73232,2
73233,2
73234,2
73235,2
73236,2
73237,2
73238,2
73239,2
73240,2
73241,2
73242,2
73243,2
73244,2
73245,2
73246,2
73247,2
73248,2
73249,2
73250,2
73251,2
73252,2
73253,2
73254,2
73255,2
73256,2
73257,2
73258,2
73259,2
73260,2
73261,2
73262,2
73263,2
73264,2
73265,2
73266,2
73267,2
73268,2
73269,2
73270,2
73271,2
73272,2
73273,2
73274,2
73275,2
73276,2
73277,2
73278,2
73279,2
73280,2
73281,2
73282,2
73283,2
73284,2
73285,2
73286,2
73287,2
73288,2
73289,2
73290,2
73291,2
73292,2
73293,2
73294,2
73295,2
73296,2
73297,2
73298,2
73299,2
73300,2
73301,2
73302,2
73303,2
73304,2
73305,2
73306,2
73307,2
73308,2
73309,2
73310,2
73311,2
73312,2
73313,2
73314,2
73315,2
73316,2
73317,2
73318,2
73319,2
73320,2
73321,2
73322,2
73323,2
73324,2
73325,2
73326,2
73327,2
73328,2
73329,2
73330,2
73331,2
73332,2
73333,2
73334,2
73335,2
73336,2
73337,2
73338,2
73339,2
73340,2
73341,2
73342,2
73343,2
73344,2
73345,2
73346,2
73347,2
73348,2
73349,2
73350,2
73351,2
73352,2
73353,2
73354,2
73355,2
73356,2
73357,2
73358,2
73359,2
73360,2
73361,2
73362,2
73363,2
73364,2
73365,2
73366,2
73367,2
73368,2
73369,2
73370,2
73371,2
73372,2
73373,2
73374,2
73375,2
73376,2
73377,2
73378,2
73379,2
73380,2
73381,2
73382,2
73383,2
73384,2
73385,2
73386,2
73387,2
73388,2
73389,2
73390,2
73391,2
73392,2
73393,2
73394,2
73395,2
73396,2
73397,2
73398,2
73399,2
73400,2
73401,2
73402,2
73403,2
73404,2
73405,2
73406,2
73407,2
73408,2
73409,2
73410,2
73411,2
73412,2
73413,2
73414,2
73415,2
73416,2
73417,2
73418,2
73419,2
73420,2
73421,2
73422,2
73423,2
73424,2
73425,2
73426,2
73427,2
73428,2
73429,2
73430,2
73431,2
73432,2
73433,2
73434,2
73435,2
73436,2
73437,2
73438,2
73439,2
73440,2
73441,2
73442,2
73443,2
73444,2
73445,2
73446,2
73447,2
73448,2
73449,2
73450,2
73451,2
73452,2
73453,2
73454,2
73455,2
73456,2
73457,2
73458,2
73459,2
73460,2
73461,2
73462,2
73463,2
73464,2
73465,2
73466,2
73467,2
73468,2
73469,2
73470,2
73471,2
73472,2
73473,2
73474,2
73475,2
73476,2
73477,2
73478,2
73479,2
73480,2
73481,2
73482,2
73483,2
73484,2
73485,2
73486,2
73487,2
73488,2
73489,2
73490,2
73491,2
73492,2
73493,2
73494,2
73495,2
73496,2
73497,2
73498,2
73499,2
73500,2
73501,2
73502,2
73503,2
73504,2
73505,2
73506,2
73507,2
73508,2
73509,2
73510,2
73511,2
73512,2
73513,2
73514,2
73515,2
73516,2
73517,2
73518,2
73519,2
73520,2
73521,2
73522,2
73523,2
73524,2
73525,2
73526,2
73527,2
73528,2
73529,2
73530,2
73531,2
73532,2
73533,2
73534,2
73535,2
73536,2
73537,2
73538,2
73539,2
73540,2
73541,2
73542,2
73543,2
73544,2
73545,2
73546,2
73547,2
73548,2
73549,2
73550,2
73551,2
73552,2
73553,2
73554,2
73555,2
73556,2
73557,2
73558,2
73559,2
73560,2
73561,2
73562,2
73563,2
73564,2
73565,2
73566,2
73567,2
73568,2
73569,2
73570,2
73571,2
73572,2
73573,2
73574,2
73575,2
73576,2
73577,2
73578,2
73579,2
73580,2
73581,2
73582,2
73583,2
73584,2
73585,2
73586,2
73587,2
73588,2
73589,2
73590,2
73591,2
73592,2
73593,2
73594,2
73595,2
73596,2
73597,2
73598,2
73599,2
73600,2
73601,2
73602,2
73603,2
73604,2
73605,2
73606,2
73607,2
73608,2
73609,2
73610,2
73611,2
73612,2
73613,2
73614,2
73615,2
73616,2
73617,2
73618,2
73619,2
73620,2
73621,2
73622,2
73623,2
73624,2
73625,2
73626,2
73627,2
73628,2
73629,2
73630,2
73631,2
73632,2
73633,2
73634,2
73635,2
73636,2
73637,2
73638,2
73639,2
73640,2
73641,2
73642,2
73643,2
73644,2
73645,2
73646,2
73647,2
73648,2
73649,2
73650,2
73651,2
73652,2
73653,2
73654,2
73655,2
73656,2
73657,2
73658,2
73659,2
73660,2
73661,2
73662,2
73663,2
73664,2
73665,2
73666,2
73667,2
73668,2
73669,2
73670,2
73671,2
73672,2
73673,2
73674,2
73675,2
73676,2
73677,2
73678,2
73679,2
73680,2
73681,2
73682,2
73683,2
73684,2
73685,2
73686,2
73687,2
73688,2
73689,2
73690,2
73691,2
73692,2
73693,2
73694,2
73695,2
73696,2
73697,2
73698,2
73699,2
73700,2
73701,2
73702,2
73703,2
73704,2
73705,2
73706,2
73707,2
73708,2
73709,2
73710,2
73711,2
73712,2
73713,2
73714,2
73715,2
73716,2
73717,2
73718,2
73719,2
73720,2
73721,2
73722,2
73723,2
73724,2
73725,2
73726,2
73727,2
73728,2
73729,2
73730,2
73731,2
73732,2
73733,2
73734,2
73735,2
73736,2
73737,2
73738,2
73739,2
73740,2
73741,2
73742,2
73743,2
73744,2
73745,2
73746,2
73747,2
73748,2
73749,2
73750,2
73751,2
73752,2
73753,2
73754,2
73755,2
73756,2
73757,2
73758,2
73759,2
73760,2
73761,2
73762,2
73763,2
73764,2
73765,2
73766,2
73767,2
73768,2
73769,2
73770,2
73771,2
73772,2
73773,2
73774,2
73775,2
73776,2
73777,2
73778,2
73779,2
73780,2
73781,2
73782,2
73783,2
73784,2
73785,2
73786,2
73787,2
73788,2
73789,2
73790,2
73791,2
73792,2
73793,2
73794,2
73795,2
73796,2
73797,2
73798,2
73799,2
73800,2
73801,2
73802,2
73803,2
73804,2
73805,2
73806,2
73807,2
73808,2
73809,2
73810,2
73811,2
73812,2
73813,2
73814,2
73815,2
73816,2
73817,2
73818,2
73819,2
73820,2
73821,2
73822,2
73823,2
73824,2
73825,2
73826,2
73827,2
73828,2
73829,2
73830,2
73831,2
73832,2
73833,2
73834,2
73835,2
73836,2
73837,2
73838,2
73839,2
73840,2
73841,2
73842,2
73843,2
73844,2
73845,2
73846,2
73847,2
73848,2
73849,2
73850,2
73851,2
73852,2
73853,2
73854,2
73855,2
73856,2
73857,2
73858,2
73859,2
73860,2
73861,2
73862,2
73863,2
73864,2
73865,2
73866,2
73867,2
73868,2
73869,2
73870,2
73871,2
73872,2
73873,2
73874,2
73875,2
73876,2
73877,2
73878,2
73879,2
73880,2
73881,2
73882,2
73883,2
73884,2
73885,2
73886,2
73887,2
73888,2
73889,2
73890,2
73891,2
73892,2
73893,2
73894,2
73895,2
73896,2
73897,2
73898,2
73899,2
73900,2
73901,2
73902,2
73903,2
73904,2
73905,2
73906,2
73907,2
73908,2
73909,2
73910,2
73911,2
73912,2
73913,2
73914,2
73915,2
73916,2
73917,2
73918,2
73919,2
73920,2
73921,2
73922,2
73923,2
73924,2
73925,2
73926,2
73927,2
73928,2
73929,2
73930,2
73931,2
73932,2
73933,2
73934,2
73935,2
73936,2
73937,2
73938,2
73939,2
73940,2
73941,2
73942,2
73943,2
73944,2
73945,2
73946,2
73947,2
73948,2
73949,2
73950,2
73951,2
73952,2
73953,2
73954,2
73955,2
73956,2
73957,2
73958,2
73959,2
73960,2
73961,2
73962,2
73963,2
73964,2
73965,2
73966,2
73967,2
73968,2
73969,2
73970,2
73971,2
73972,2
73973,2
73974,2
73975,2
73976,2
73977,2
73978,2
73979,2
73980,2
73981,2
73982,2
73983,2
73984,2
73985,2
73986,2
73987,2
73988,2
73989,2
73990,2
73991,2
73992,2
73993,2
73994,2
73995,2
73996,2
73997,2
73998,2
73999,2
74000,2
74001,2
74002,2
74003,2
74004,2
74005,2
74006,2
74007,2
74008,2
74009,2
74010,2
74011,2
74012,2
74013,2
74014,2
74015,2
74016,2
74017,2
74018,2
74019,2
74020,2
74021,2
74022,2
74023,2
74024,2
74025,2
74026,2
74027,2
74028,2
74029,2
74030,2
74031,2
74032,2
74033,2
74034,2
74035,2
74036,2
74037,2
74038,2
74039,2
74040,2
74041,2
74042,2
74043,2
74044,2
74045,2
74046,2
74047,2
74048,2
74049,2
74050,2
74051,2
74052,2
74053,2
74054,2
74055,2
74056,2
74057,2
74058,2
74059,2
74060,2
74061,2
74062,2
74063,2
74064,2
74065,2
74066,2
74067,2
74068,2
74069,2
74070,2
74071,2
74072,2
74073,2
74074,2
74075,2
74076,2
74077,2
74078,2
74079,2
74080,2
74081,2
74082,2
74083,2
74084,2
74085,2
74086,2
74087,2
74088,2
74089,2
74090,2
74091,2
74092,2
74093,2
74094,2
74095,2
74096,2
74097,2
74098,2
74099,2
74100,2
74101,2
74102,2
74103,2
74104,2
74105,2
74106,2
74107,2
74108,2
74109,2
74110,2
74111,2
74112,2
74113,2
74114,2
74115,2
74116,2
74117,2
74118,2
74119,2
74120,2
74121,2
74122,2
74123,2
74124,2
74125,2
74126,2
74127,2
74128,2
74129,2
74130,2
74131,2
74132,2
74133,2
74134,2
74135,2
74136,2
74137,2
74138,2
74139,2
74140,2
74141,2
74142,2
74143,2
74144,2
74145,2
74146,2
74147,2
74148,2
74149,2
74150,2
74151,2
74152,2
74153,2
74154,2
74155,2
74156,2
74157,2
74158,2
74159,2
74160,2
74161,2
74162,2
74163,2
74164,2
74165,2
74166,2
74167,2
74168,2
74169,2
74170,2
74171,2
74172,2
74173,2
74174,2
74175,2
74176,2
74177,2
74178,2
74179,2
74180,2
74181,2
74182,2
74183,2
74184,2
74185,2
74186,2
74187,2
74188,2
74189,2
74190,2
74191,2
74192,2
74193,2
74194,2
74195,2
74196,2
74197,2
74198,2
74199,2
74200,2
74201,2
74202,2
74203,2
74204,2
74205,2
74206,2
74207,2
74208,2
74209,2
74210,2
74211,2
74212,2
74213,2
74214,2
74215,2
74216,2
74217,2
74218,2
74219,2
74220,2
74221,2
74222,2
74223,2
74224,2
74225,2
74226,2
74227,2
74228,2
74229,2
74230,2
74231,2
74232,2
74233,2
74234,2
74235,2
74236,2
74237,2
74238,2
74239,2
74240,2
74241,2
74242,2
74243,2
74244,2
74245,2
74246,2
74247,2
74248,2
74249,2
74250,2
74251,2
74252,2
74253,2
74254,2
74255,2
74256,2
74257,2
74258,2
74259,2
74260,2
74261,2
74262,2
74263,2
74264,2
74265,2
74266,2
74267,2
74268,2
74269,2
74270,2
74271,2
74272,2
74273,2
74274,2
74275,2
74276,2
74277,2
74278,2
74279,2
74280,2
74281,2
74282,2
74283,2
74284,2
74285,2
74286,2
74287,2
74288,2
74289,2
74290,2
74291,2
74292,2
74293,2
74294,2
74295,2
74296,2
74297,2
74298,2
74299,2
74300,2
74301,2
74302,2
74303,2
74304,2
74305,2
74306,2
74307,2
74308,2
74309,2
74310,2
74311,2
74312,2
74313,2
74314,2
74315,2
74316,2
74317,2
74318,2
74319,2
74320,2
74321,2
74322,2
74323,2
74324,2
74325,2
74326,2
74327,2
74328,2
74329,2
74330,2
74331,2
74332,2
74333,2
74334,2
74335,2
74336,2
74337,2
74338,2
74339,2
74340,2
74341,2
74342,2
74343,2
74344,2
74345,2
74346,2
74347,2
74348,2
74349,2
74350,2
74351,2
74352,2
74353,2
74354,2
74355,2
74356,2
74357,2
74358,2
74359,2
74360,2
74361,2
74362,2
74363,2
74364,2
74365,2
74366,2
74367,2
74368,2
74369,2
74370,2
74371,2
74372,2
74373,2
74374,2
74375,2
74376,2
74377,2
74378,2
74379,2
74380,2
74381,2
74382,2
74383,2
74384,2
74385,2
74386,2
74387,2
74388,2
74389,2
74390,2
74391,2
74392,2
74393,2
74394,2
74395,2
74396,2
74397,2
74398,2
74399,2
74400,2
74401,2
74402,2
74403,2
74404,2
74405,2
74406,2
74407,2
74408,2
74409,2
74410,2
74411,2
74412,2
74413,2
74414,2
74415,2
74416,2
74417,2
74418,2
74419,2
74420,2
74421,2
74422,2
74423,2
74424,2
74425,2
74426,2
74427,2
74428,2
74429,2
74430,2
74431,2
74432,2
74433,2
74434,2
74435,2
74436,2
74437,2
74438,2
74439,2
74440,2
74441,2
74442,2
74443,2
74444,2
74445,2
74446,2
74447,2
74448,2
74449,2
74450,2
74451,2
74452,2
74453,2
74454,2
74455,2
74456,2
74457,2
74458,2
74459,2
74460,2
74461,2
74462,2
74463,2
74464,2
74465,2
74466,2
74467,2
74468,2
74469,2
74470,2
74471,2
74472,2
74473,2
74474,2
74475,2
74476,2
74477,2
74478,2
74479,2
74480,2
74481,2
74482,2
74483,2
74484,2
74485,2
74486,2
74487,2
74488,2
74489,2
74490,2
74491,2
74492,2
74493,2
74494,2
74495,2
74496,2
74497,2
74498,2
74499,2
74500,2
74501,2
74502,2
74503,2
74504,2
74505,2
74506,2
74507,2
74508,2
74509,2
74510,2
74511,2
74512,2
74513,2
74514,2
74515,2
74516,2
74517,2
74518,2
74519,2
74520,2
74521,2
74522,2
74523,2
74524,2
74525,2
74526,2
74527,2
74528,2
74529,2
74530,2
74531,2
74532,2
74533,2
74534,2
74535,2
74536,2
74537,2
74538,2
74539,2
74540,2
74541,2
74542,2
74543,2
74544,2
74545,2
74546,2
74547,2
74548,2
74549,2
74550,2
74551,2
74552,2
74553,2
74554,2
74555,2
74556,2
74557,2
74558,2
74559,2
74560,2
74561,2
74562,2
74563,2
74564,2
74565,2
74566,2
74567,2
74568,2
74569,2
74570,2
74571,2
74572,2
74573,2
74574,2
74575,2
74576,2
74577,2
74578,2
74579,2
74580,2
74581,2
74582,2
74583,2
74584,2
74585,2
74586,2
74587,2
74588,2
74589,2
74590,2
74591,2
74592,2
74593,2
74594,2
74595,2
74596,2
74597,2
74598,2
74599,2
74600,2
74601,2
74602,2
74603,2
74604,2
74605,2
74606,2
74607,2
74608,2
74609,2
74610,2
74611,2
74612,2
74613,2
74614,2
74615,2
74616,2
74617,2
74618,2
74619,2
74620,2
74621,2
74622,2
74623,2
74624,2
74625,2
74626,2
74627,2
74628,2
74629,2
74630,2
74631,2
74632,2
74633,2
74634,2
74635,2
74636,2
74637,2
74638,2
74639,2
74640,2
74641,2
74642,2
74643,2
74644,2
74645,2
74646,2
74647,2
74648,2
74649,2
74650,2
74651,2
74652,2
74653,2
74654,2
74655,2
74656,2
74657,2
74658,2
74659,2
74660,2
74661,2
74662,2
74663,2
74664,2
74665,2
74666,2
74667,2
74668,2
74669,2
74670,2
74671,2
74672,2
74673,2
74674,2
74675,2
74676,2
74677,2
74678,2
74679,2
74680,2
74681,2
74682,2
74683,2
74684,2
74685,2
74686,2
74687,2
74688,2
74689,2
74690,2
74691,2
74692,2
74693,2
74694,2
74695,2
74696,2
74697,2
74698,2
74699,2
74700,2
74701,2
74702,2
74703,2
74704,2
74705,2
74706,2
74707,2
74708,2
74709,2
74710,2
74711,2
74712,2
74713,2
74714,2
74715,2
74716,2
74717,2
74718,2
74719,2
74720,2
74721,2
74722,2
74723,2
74724,2
74725,2
74726,2
74727,2
74728,2
74729,2
74730,2
74731,2
74732,2
74733,2
74734,2
74735,2
74736,2
74737,2
74738,2
74739,2
74740,2
74741,2
74742,2
74743,2
74744,2
74745,2
74746,2
74747,2
74748,2
74749,2
74750,2
74751,2
74752,2
74753,2
74754,2
74755,2
74756,2
74757,2
74758,2
74759,2
74760,2
74761,2
74762,2
74763,2
74764,2
74765,2
74766,2
74767,2
74768,2
74769,2
74770,2
74771,2
74772,2
74773,2
74774,2
74775,2
74776,2
74777,2
74778,2
74779,2
74780,2
74781,2
74782,2
74783,2
74784,2
74785,2
74786,2
74787,2
74788,2
74789,2
74790,2
74791,2
74792,2
74793,2
74794,2
74795,2
74796,2
74797,2
74798,2
74799,2
74800,2
74801,2
74802,2
74803,2
74804,2
74805,2
74806,2
74807,2
74808,2
74809,2
74810,2
74811,2
74812,2
74813,2
74814,2
74815,2
74816,2
74817,2
74818,2
74819,2
74820,2
74821,2
74822,2
74823,2
74824,2
74825,2
74826,2
74827,2
74828,2
74829,2
74830,2
74831,2
74832,2
74833,2
74834,2
74835,2
74836,2
74837,2
74838,2
74839,2
74840,2
74841,2
74842,2
74843,2
74844,2
74845,2
74846,2
74847,2
74848,2
74849,2
74850,2
74851,2
74852,2
74853,2
74854,2
74855,2
74856,2
74857,2
74858,2
74859,2
74860,2
74861,2
74862,2
74863,2
74864,2
74865,2
74866,2
74867,2
74868,2
74869,2
74870,2
74871,2
74872,2
74873,2
74874,2
74875,2
74876,2
74877,2
74878,2
74879,2
74880,2
74881,2
74882,2
74883,2
74884,2
74885,2
74886,2
74887,2
74888,2
74889,2
74890,2
74891,2
74892,2
74893,2
74894,2
74895,2
74896,2
74897,2
74898,2
74899,2
74900,2
74901,2
74902,2
74903,2
74904,2
74905,2
74906,2
74907,2
74908,2
74909,2
74910,2
74911,2
74912,2
74913,2
74914,2
74915,2
74916,2
74917,2
74918,2
74919,2
74920,2
74921,2
74922,2
74923,2
74924,2
74925,2
74926,2
74927,2
74928,2
74929,2
74930,2
74931,2
74932,2
74933,2
74934,2
74935,2
74936,2
74937,2
74938,2
74939,2
74940,2
74941,2
74942,2
74943,2
74944,2
74945,2
74946,2
74947,2
74948,2
74949,2
74950,2
74951,2
74952,2
74953,2
74954,2
74955,2
74956,2
74957,2
74958,2
74959,2
74960,2
74961,2
74962,2
74963,2
74964,2
74965,2
74966,2
74967,2
74968,2
74969,2
74970,2
74971,2
74972,2
74973,2
74974,2
74975,2
74976,2
74977,2
74978,2
74979,2
74980,2
74981,2
74982,2
74983,2
74984,2
74985,2
74986,2
74987,2
74988,2
74989,2
74990,2
74991,2
74992,2
74993,2
74994,2
74995,2
74996,2
74997,2
74998,2
74999,2
75000,2
75001,2
75002,2
75003,2
75004,2
75005,2
75006,2
75007,2
75008,2
75009,2
75010,2
75011,2
75012,2
75013,2
75014,2
75015,2
75016,2
75017,2
75018,2
75019,2
75020,2
75021,2
75022,2
75023,2
75024,2
75025,2
75026,2
75027,2
75028,2
75029,2
75030,2
75031,2
75032,2
75033,2
75034,2
75035,2
75036,2
75037,2
75038,2
75039,2
75040,2
75041,2
75042,2
75043,2
75044,2
75045,2
75046,2
75047,2
75048,2
75049,2
75050,2
75051,2
75052,2
75053,2
75054,2
75055,2
75056,2
75057,2
75058,2
75059,2
75060,2
75061,2
75062,2
75063,2
75064,2
75065,2
75066,2
75067,2
75068,2
75069,2
75070,2
75071,2
75072,2
75073,2
75074,2
75075,2
75076,2
75077,2
75078,2
75079,2
75080,2
75081,2
75082,2
75083,2
75084,2
75085,2
75086,2
75087,2
75088,2
75089,2
75090,2
75091,2
75092,2
75093,2
75094,2
75095,2
75096,2
75097,2
75098,2
75099,2
75100,2
75101,2
75102,2
75103,2
75104,2
75105,2
75106,2
75107,2
75108,2
75109,2
75110,2
75111,2
75112,2
75113,2
75114,2
75115,2
75116,2
75117,2
75118,2
75119,2
75120,2
75121,2
75122,2
75123,2
75124,2
75125,2
75126,2
75127,2
75128,2
75129,2
75130,2
75131,2
75132,2
75133,2
75134,2
75135,2
75136,2
75137,2
75138,2
75139,2
75140,2
75141,2
75142,2
75143,2
75144,2
75145,2
75146,2
75147,2
75148,2
75149,2
75150,2
75151,2
75152,2
75153,2
75154,2
75155,2
75156,2
75157,2
75158,2
75159,2
75160,2
75161,2
75162,2
75163,2
75164,2
75165,2
75166,2
75167,2
75168,2
75169,2
75170,2
75171,2
75172,2
75173,2
75174,2
75175,2
75176,2
75177,2
75178,2
75179,2
75180,2
75181,2
75182,2
75183,2
75184,2
75185,2
75186,2
75187,2
75188,2
75189,2
75190,2
75191,2
75192,2
75193,2
75194,2
75195,2
75196,2
75197,2
75198,2
75199,2
75200,2
75201,2
75202,2
75203,2
75204,2
75205,2
75206,2
75207,2
75208,2
75209,2
75210,2
75211,2
75212,2
75213,2
75214,2
75215,2
75216,2
75217,2
75218,2
75219,2
75220,2
75221,2
75222,2
75223,2
75224,2
75225,2
75226,2
75227,2
75228,2
75229,2
75230,2
75231,2
75232,2
75233,2
75234,2
75235,2
75236,2
75237,2
75238,2
75239,2
75240,2
75241,2
75242,2
75243,2
75244,2
75245,2
75246,2
75247,2
75248,2
75249,2
75250,2
75251,2
75252,2
75253,2
75254,2
75255,2
75256,2
75257,2
75258,2
75259,2
75260,2
75261,2
75262,2
75263,2
75264,2
75265,2
75266,2
75267,2
75268,2
75269,2
75270,2
75271,2
75272,2
75273,2
75274,2
75275,2
75276,2
75277,2
75278,2
75279,2
75280,2
75281,2
75282,2
75283,2
75284,2
75285,2
75286,2
75287,2
75288,2
75289,2
75290,2
75291,2
75292,2
75293,2
75294,2
75295,2
75296,2
75297,2
75298,2
75299,2
75300,2
75301,2
75302,2
75303,2
75304,2
75305,2
75306,2
75307,2
75308,2
75309,2
75310,2
75311,2
75312,2
75313,2
75314,2
75315,2
75316,2
75317,2
75318,2
75319,2
75320,2
75321,2
75322,2
75323,2
75324,2
75325,2
75326,2
75327,2
75328,2
75329,2
75330,2
75331,2
75332,2
75333,2
75334,2
75335,2
75336,2
75337,2
75338,2
75339,2
75340,2
75341,2
75342,2
75343,2
75344,2
75345,2
75346,2
75347,2
75348,2
75349,2
75350,2
75351,2
75352,2
75353,2
75354,2
75355,2
75356,2
75357,2
75358,2
75359,2
75360,2
75361,2
75362,2
75363,2
75364,2
75365,2
75366,2
75367,2
75368,2
75369,2
75370,2
75371,2
75372,2
75373,2
75374,2
75375,2
75376,2
75377,2
75378,2
75379,2
75380,2
75381,2
75382,2
75383,2
75384,2
75385,2
75386,2
75387,2
75388,2
75389,2
75390,2
75391,2
75392,2
75393,2
75394,2
75395,2
75396,2
75397,2
75398,2
75399,2
75400,2
75401,2
75402,2
75403,2
75404,2
75405,2
75406,2
75407,2
75408,2
75409,2
75410,2
75411,2
75412,2
75413,2
75414,2
75415,2
75416,2
75417,2
75418,2
75419,2
75420,2
75421,2
75422,2
75423,2
75424,2
75425,2
75426,2
75427,2
75428,2
75429,2
75430,2
75431,2
75432,2
75433,2
75434,2
75435,2
75436,2
75437,2
75438,2
75439,2
75440,2
75441,2
75442,2
75443,2
75444,2
75445,2
75446,2
75447,2
75448,2
75449,2
75450,2
75451,2
75452,2
75453,2
75454,2
75455,1
75456,1
75457,1
75458,1
75459,1
75460,1
75461,1
75462,1
75463,1
75464,1
75465,1
75466,1
75467,1
75468,1
75469,1
75470,1
75471,1
75472,1
75473,1
75474,1
75475,1
75476,1
75477,1
75478,1
75479,1
75480,1
75481,1
75482,1
75483,1
75484,1
75485,1
75486,1
75487,1
75488,1
75489,1
75490,1
75491,1
75492,1
75493,1
75494,1
75495,1
75496,1
75497,1
75498,1
75499,1
75500,1
75501,1
75502,1
75503,1
75504,1
75505,1
75506,1
75507,1
75508,1
75509,1
75510,1
75511,1
75512,1
75513,1
75514,1
75515,1
75516,1
75517,1
75518,1
75519,1
75520,1
75521,1
75522,1
75523,1
75524,1
75525,1
75526,1
75527,1
75528,1
75529,1
75530,1
75531,1
75532,1
75533,1
75534,1
75535,1
75536,1
75537,1
75538,1
75539,1
75540,1
75541,1
75542,1
75543,1
75544,1
75545,1
75546,1
75547,1
75548,1
75549,1
75550,1
75551,1
75552,1
75553,1
75554,1
75555,1
75556,1
75557,1
75558,1
75559,1
75560,1
75561,1
75562,1
75563,1
75564,1
75565,1
75566,1
75567,1
75568,1
75569,1
75570,1
75571,1
75572,1
75573,1
75574,1
75575,1
75576,1
75577,1
75578,1
75579,1
75580,1
75581,1
75582,1
75583,1
75584,1
75585,1
75586,1
75587,1
75588,1
75589,1
75590,1
75591,1
75592,1
75593,1
75594,1
75595,1
75596,1
75597,1
75598,1
75599,1
75600,1
75601,1
75602,1
75603,1
75604,1
75605,1
75606,1
75607,1
75608,1
75609,1
75610,1
75611,1
75612,1
75613,1
75614,1
75615,1
75616,1
75617,1
75618,1
75619,1
75620,1
75621,1
75622,1
75623,1
75624,1
75625,1
75626,1
75627,1
75628,1
75629,1
75630,1
75631,1
75632,1
75633,1
75634,1
75635,1
75636,1
75637,1
75638,1
75639,1
75640,1
75641,1
75642,1
75643,1
75644,1
75645,1
75646,1
75647,1
75648,1
75649,1
75650,1
75651,1
75652,1
75653,1
75654,1
75655,1
75656,1
75657,1
75658,1
75659,1
75660,1
75661,1
75662,1
75663,1
75664,1
75665,1
75666,1
75667,1
75668,1
75669,1
75670,1
75671,1
75672,1
75673,1
75674,1
75675,1
75676,1
75677,1
75678,1
75679,1
75680,1
75681,1
75682,1
75683,1
75684,1
75685,1
75686,1
75687,1
75688,1
75689,1
75690,1
75691,1
75692,1
75693,1
75694,1
75695,1
75696,1
75697,1
75698,1
75699,1
75700,1
75701,1
75702,1
75703,1
75704,1
75705,1
75706,1
75707,1
75708,1
75709,1
75710,1
75711,1
75712,1
75713,1
75714,1
75715,1
75716,1
75717,1
75718,1
75719,1
75720,1
75721,1
75722,1
75723,1
75724,1
75725,1
75726,1
75727,1
75728,1
75729,1
75730,1
75731,1
75732,1
75733,1
75734,1
75735,1
75736,1
75737,1
75738,1
75739,1
75740,1
75741,1
75742,1
75743,1
75744,1
75745,1
75746,1
75747,1
75748,1
75749,1
75750,1
75751,1
75752,1
75753,1
75754,1
75755,1
75756,1
75757,1
75758,1
75759,1
75760,1
75761,1
75762,1
75763,1
75764,1
75765,1
75766,1
75767,1
75768,1
75769,1
75770,1
75771,1
75772,1
75773,1
75774,1
75775,1
75776,1
75777,1
75778,1
75779,1
75780,1
75781,1
75782,1
75783,1
75784,1
75785,1
75786,1
75787,1
75788,1
75789,1
75790,1
75791,1
75792,1
75793,1
75794,1
75795,1
75796,1
75797,1
75798,1
75799,1
75800,1
75801,1
75802,1
75803,1
75804,1
75805,1
75806,1
75807,1
75808,1
75809,1
75810,1
75811,1
75812,1
75813,1
75814,1
75815,1
75816,1
75817,1
75818,1
75819,1
75820,1
75821,1
75822,1
75823,1
75824,1
75825,1
75826,1
75827,1
75828,1
75829,1
75830,1
75831,1
75832,1
75833,1
75834,1
75835,1
75836,1
75837,1
75838,1
75839,1
75840,1
75841,1
75842,1
75843,1
75844,1
75845,1
75846,1
75847,1
75848,1
75849,1
75850,1
75851,1
75852,1
75853,1
75854,1
75855,1
75856,1
75857,1
75858,1
75859,1
75860,1
75861,1
75862,1
75863,1
75864,1
75865,1
75866,1
75867,1
75868,1
75869,1
75870,1
75871,1
75872,1
75873,1
75874,1
75875,1
75876,1
75877,1
75878,1
75879,1
75880,1
75881,1
75882,1
75883,1
75884,1
75885,1
75886,1
75887,1
75888,1
75889,1
75890,1
75891,1
75892,1
75893,1
75894,1
75895,1
75896,1
75897,1
75898,1
75899,1
75900,1
75901,1
75902,1
75903,1
75904,1
75905,1
75906,1
75907,1
75908,1
75909,1
75910,1
75911,1
75912,1
75913,1
75914,1
75915,1
75916,1
75917,1
75918,1
75919,1
75920,1
75921,1
75922,1
75923,1
75924,1
75925,1
75926,1
75927,1
75928,1
75929,1
75930,1
75931,1
75932,1
75933,1
75934,1
75935,1
75936,1
75937,1
75938,1
75939,1
75940,1
75941,1
75942,1
75943,1
75944,1
75945,1
75946,1
75947,1
75948,1
75949,1
75950,1
75951,1
75952,1
75953,1
75954,1
75955,1
75956,1
75957,1
75958,1
75959,1
75960,1
75961,1
75962,1
75963,1
75964,1
75965,1
75966,1
75967,1
75968,1
75969,1
75970,1
75971,1
75972,1
75973,1
75974,1
75975,1
75976,1
75977,1
75978,1
75979,1
75980,1
75981,1
75982,1
75983,1
75984,1
75985,1
75986,1
75987,1
75988,1
75989,1
75990,1
75991,1
75992,1
75993,1
75994,1
75995,1
75996,1
75997,1
75998,1
75999,1
76000,1
76001,1
76002,1
76003,1
76004,1
76005,1
76006,1
76007,1
76008,1
76009,1
76010,1
76011,1
76012,1
76013,1
76014,1
76015,1
76016,1
76017,1
76018,1
76019,1
76020,1
76021,1
76022,1
76023,1
76024,1
76025,1
76026,1
76027,1
76028,1
76029,1
76030,1
76031,1
76032,1
76033,1
76034,1
76035,1
76036,1
76037,1
76038,1
76039,1
76040,1
76041,1
76042,1
76043,1
76044,1
76045,1
76046,1
76047,1
76048,1
76049,1
76050,1
76051,1
76052,1
76053,1
76054,1
76055,1
76056,1
76057,1
76058,1
76059,1
76060,1
76061,1
76062,1
76063,1
76064,1
76065,1
76066,1
76067,1
76068,1
76069,1
76070,1
76071,1
76072,1
76073,1
76074,1
76075,1
76076,1
76077,1
76078,1
76079,1
76080,1
76081,1
76082,1
76083,1
76084,1
76085,1
76086,1
76087,1
76088,1
76089,1
76090,1
76091,1
76092,1
76093,1
76094,1
76095,1
76096,1
76097,1
76098,1
76099,1
76100,1
76101,1
76102,1
76103,1
76104,1
76105,1
76106,1
76107,1
76108,1
76109,1
76110,1
76111,1
76112,1
76113,1
76114,1
76115,1
76116,1
76117,1
76118,1
76119,1
76120,1
76121,1
76122,1
76123,1
76124,1
76125,1
76126,1
76127,1
76128,1
76129,1
76130,1
76131,1
76132,1
76133,1
76134,1
76135,1
76136,1
76137,1
76138,1
76139,1
76140,1
76141,1
76142,1
76143,1
76144,1
76145,1
76146,1
76147,1
76148,1
76149,1
76150,1
76151,1
76152,1
76153,1
76154,1
76155,1
76156,1
76157,1
76158,1
76159,1
76160,1
76161,1
76162,1
76163,1
76164,1
76165,1
76166,1
76167,1
76168,1
76169,1
76170,1
76171,1
76172,1
76173,1
76174,1
76175,1
76176,1
76177,1
76178,1
76179,1
76180,1
76181,1
76182,1
76183,1
76184,1
76185,1
76186,1
76187,1
76188,1
76189,1
76190,1
76191,1
76192,1
76193,1
76194,1
76195,1
76196,1
76197,1
76198,1
76199,1
76200,1
76201,1
76202,1
76203,1
76204,1
76205,1
76206,1
76207,1
76208,1
76209,1
76210,1
76211,1
76212,1
76213,1
76214,1
76215,1
76216,1
76217,1
76218,1
76219,1
76220,1
76221,1
76222,1
76223,1
76224,1
76225,1
76226,1
76227,1
76228,1
76229,1
76230,1
76231,1
76232,1
76233,1
76234,1
76235,1
76236,1
76237,1
76238,1
76239,1
76240,1
76241,1
76242,1
76243,1
76244,1
76245,1
76246,1
76247,1
76248,1
76249,1
76250,1
76251,1
76252,1
76253,1
76254,1
76255,1
76256,1
76257,1
76258,1
76259,1
76260,1
76261,1
76262,1
76263,1
76264,1
76265,1
76266,1
76267,1
76268,1
76269,1
76270,1
76271,1
76272,1
76273,1
76274,1
76275,1
76276,1
76277,1
76278,1
76279,1
76280,1
76281,1
76282,1
76283,1
76284,1
76285,1
76286,1
76287,1
76288,1
76289,1
76290,1
76291,1
76292,1
76293,1
76294,1
76295,1
76296,1
76297,1
76298,1
76299,1
76300,1
76301,1
76302,1
76303,1
76304,1
76305,1
76306,1
76307,1
76308,1
76309,1
76310,1
76311,1
76312,1
76313,1
76314,1
76315,1
76316,1
76317,1
76318,1
76319,1
76320,1
76321,1
76322,1
76323,1
76324,1
76325,1
76326,1
76327,1
76328,1
76329,1
76330,1
76331,1
76332,1
76333,1
76334,1
76335,1
76336,1
76337,1
76338,1
76339,1
76340,1
76341,1
76342,1
76343,1
76344,1
76345,1
76346,1
76347,1
76348,1
76349,1
76350,1
76351,1
76352,1
76353,1
76354,1
76355,1
76356,1
76357,1
76358,1
76359,1
76360,1
76361,1
76362,1
76363,1
76364,1
76365,1
76366,1
76367,1
76368,1
76369,1
76370,1
76371,1
76372,1
76373,1
76374,1
76375,1
76376,1
76377,1
76378,1
76379,1
76380,1
76381,1
76382,1
76383,1
76384,1
76385,1
76386,1
76387,1
76388,1
76389,1
76390,1
76391,1
76392,1
76393,1
76394,1
76395,1
76396,1
76397,1
76398,1
76399,1
76400,1
76401,1
76402,1
76403,1
76404,1
76405,1
76406,1
76407,1
76408,1
76409,1
76410,1
76411,1
76412,1
76413,1
76414,1
76415,1
76416,1
76417,1
76418,1
76419,1
76420,1
76421,1
76422,1
76423,1
76424,1
76425,1
76426,1
76427,1
76428,1
76429,1
76430,1
76431,1
76432,1
76433,1
76434,1
76435,1
76436,1
76437,1
76438,1
76439,1
76440,1
76441,1
76442,1
76443,1
76444,1
76445,1
76446,1
76447,1
76448,1
76449,1
76450,1
76451,1
76452,1
76453,1
76454,1
76455,1
76456,1
76457,1
76458,1
76459,1
76460,1
76461,1
76462,1
76463,1
76464,1
76465,1
76466,1
76467,1
76468,1
76469,1
76470,1
76471,1
76472,1
76473,1
76474,1
76475,1
76476,1
76477,1
76478,1
76479,1
76480,1
76481,1
76482,1
76483,1
76484,1
76485,1
76486,1
76487,1
76488,1
76489,1
76490,1
76491,1
76492,1
76493,1
76494,1
76495,1
76496,1
76497,1
76498,1
76499,1
76500,1
76501,1
76502,1
76503,1
76504,1
76505,1
76506,1
76507,1
76508,1
76509,1
76510,1
76511,1
76512,1
76513,1
76514,1
76515,1
76516,1
76517,1
76518,1
76519,1
76520,1
76521,1
76522,1
76523,1
76524,1
76525,1
76526,1
76527,1
76528,1
76529,1
76530,1
76531,1
76532,1
76533,1
76534,1
76535,1
76536,1
76537,1
76538,1
76539,1
76540,1
76541,1
76542,1
76543,1
76544,1
76545,1
76546,1
76547,1
76548,1
76549,1
76550,1
76551,1
76552,1
76553,1
76554,1
76555,1
76556,1
76557,1
76558,1
76559,1
76560,1
76561,1
76562,1
76563,1
76564,1
76565,1
76566,1
76567,1
76568,1
76569,1
76570,1
76571,1
76572,1
76573,1
76574,1
76575,1
76576,1
76577,1
76578,1
76579,1
76580,1
76581,1
76582,1
76583,1
76584,1
76585,1
76586,1
76587,1
76588,1
76589,1
76590,1
76591,1
76592,1
76593,1
76594,1
76595,1
76596,1
76597,1
76598,1
76599,1
76600,1
76601,1
76602,1
76603,1
76604,1
76605,1
76606,1
76607,1
76608,1
76609,1
76610,1
76611,1
76612,1
76613,1
76614,1
76615,1
76616,1
76617,1
76618,1
76619,1
76620,1
76621,1
76622,1
76623,1
76624,1
76625,1
76626,1
76627,1
76628,1
76629,1
76630,1
76631,1
76632,1
76633,1
76634,1
76635,1
76636,1
76637,1
76638,1
76639,1
76640,1
76641,1
76642,1
76643,1
76644,1
76645,1
76646,1
76647,1
76648,1
76649,1
76650,1
76651,1
76652,1
76653,1
76654,1
76655,1
76656,1
76657,1
76658,1
76659,1
76660,1
76661,1
76662,1
76663,1
76664,1
76665,1
76666,1
76667,1
76668,1
76669,1
76670,1
76671,1
76672,1
76673,1
76674,1
76675,1
76676,1
76677,1
76678,1
76679,1
76680,1
76681,1
76682,1
76683,1
76684,1
76685,1
76686,1
76687,1
76688,1
76689,1
76690,1
76691,1
76692,1
76693,1
76694,1
76695,1
76696,1
76697,1
76698,1
76699,1
76700,1
76701,1
76702,1
76703,1
76704,1
76705,1
76706,1
76707,1
76708,1
76709,1
76710,1
76711,1
76712,1
76713,1
76714,1
76715,1
76716,1
76717,1
76718,1
76719,1
76720,1
76721,1
76722,1
76723,1
76724,1
76725,1
76726,1
76727,1
76728,1
76729,1
76730,1
76731,1
76732,1
76733,1
76734,1
76735,1
76736,1
76737,1
76738,1
76739,1
76740,1
76741,1
76742,1
76743,1
76744,1
76745,1
76746,1
76747,1
76748,1
76749,1
76750,1
76751,1
76752,1
76753,1
76754,1
76755,1
76756,1
76757,1
76758,1
76759,1
76760,1
76761,1
76762,1
76763,1
76764,1
76765,1
76766,1
76767,1
76768,1
76769,1
76770,1
76771,1
76772,1
76773,1
76774,1
76775,1
76776,1
76777,1
76778,1
76779,1
76780,1
76781,1
76782,1
76783,1
76784,1
76785,1
76786,1
76787,1
76788,1
76789,1
76790,1
76791,1
76792,1
76793,1
76794,1
76795,1
76796,1
76797,1
76798,1
76799,1
76800,1
76801,1
76802,1
76803,1
76804,1
76805,1
76806,1
76807,1
76808,1
76809,1
76810,1
76811,1
76812,1
76813,1
76814,1
76815,1
76816,1
76817,1
76818,1
76819,1
76820,1
76821,1
76822,1
76823,1
76824,1
76825,1
76826,1
76827,1
76828,1
76829,1
76830,1
76831,1
76832,1
76833,1
76834,1
76835,1
76836,1
76837,1
76838,1
76839,1
76840,1
76841,1
76842,1
76843,1
76844,1
76845,1
76846,1
76847,1
76848,1
76849,1
76850,1
76851,1
76852,1
76853,1
76854,1
76855,1
76856,1
76857,1
76858,1
76859,1
76860,1
76861,1
76862,1
76863,1
76864,1
76865,1
76866,1
76867,1
76868,1
76869,1
76870,1
76871,1
76872,1
76873,1
76874,1
76875,1
76876,1
76877,1
76878,1
76879,1
76880,1
76881,1
76882,1
76883,1
76884,1
76885,1
76886,1
76887,1
76888,1
76889,1
76890,1
76891,1
76892,1
76893,1
76894,1
76895,1
76896,1
76897,1
76898,1
76899,1
76900,1
76901,1
76902,1
76903,1
76904,1
76905,1
76906,1
76907,1
76908,1
76909,1
76910,1
76911,1
76912,1
76913,1
76914,1
76915,1
76916,1
76917,1
76918,1
76919,1
76920,1
76921,1
76922,1
76923,1
76924,1
76925,1
76926,1
76927,1
76928,1
76929,1
76930,1
76931,1
76932,1
76933,1
76934,1
76935,1
76936,1
76937,1
76938,1
76939,1
76940,1
76941,1
76942,1
76943,1
76944,1
76945,1
76946,1
76947,1
76948,1
76949,1
76950,1
76951,1
76952,1
76953,1
76954,1
76955,1
76956,1
76957,1
76958,1
76959,1
76960,1
76961,1
76962,1
76963,1
76964,1
76965,1
76966,1
76967,1
76968,1
76969,1
76970,1
76971,1
76972,1
76973,1
76974,1
76975,1
76976,1
76977,1
76978,1
76979,1
76980,1
76981,1
76982,1
76983,1
76984,1
76985,1
76986,1
76987,1
76988,1
76989,1
76990,1
76991,1
76992,1
76993,1
76994,1
76995,1
76996,1
76997,1
76998,1
76999,1
77000,1
77001,1
77002,1
77003,1
77004,1
77005,1
77006,1
77007,1
77008,1
77009,1
77010,1
77011,1
77012,1
77013,1
77014,1
77015,1
77016,1
77017,1
77018,1
77019,1
77020,1
77021,1
77022,1
77023,1
77024,1
77025,1
77026,1
77027,1
77028,1
77029,1
77030,1
77031,1
77032,1
77033,1
77034,1
77035,1
77036,1
77037,1
77038,1
77039,1
77040,1
77041,1
77042,1
77043,1
77044,1
77045,1
77046,1
77047,1
77048,1
77049,1
77050,1
77051,1
77052,1
77053,1
77054,1
77055,1
77056,1
77057,1
77058,1
77059,1
77060,1
77061,1
77062,1
77063,1
77064,1
77065,1
77066,1
77067,1
77068,1
77069,1
77070,1
77071,1
77072,1
77073,1
77074,1
77075,1
77076,1
77077,1
77078,1
77079,1
77080,1
77081,1
77082,1
77083,1
77084,1
77085,1
77086,1
77087,1
77088,1
77089,1
77090,1
77091,1
77092,1
77093,1
77094,1
77095,1
77096,1
77097,1
77098,1
77099,1
77100,1
77101,1
77102,1
77103,1
77104,1
77105,1
77106,1
77107,1
77108,1
77109,1
77110,1
77111,1
77112,1
77113,1
77114,1
77115,1
77116,1
77117,1
77118,1
77119,1
77120,1
77121,1
77122,1
77123,1
77124,1
77125,1
77126,1
77127,1
77128,1
77129,1
77130,1
77131,1
77132,1
77133,1
77134,1
77135,1
77136,1
77137,1
77138,1
77139,1
77140,1
77141,1
77142,1
77143,1
77144,1
77145,1
77146,1
77147,1
77148,1
77149,1
77150,1
77151,1
77152,1
77153,1
77154,1
77155,1
77156,1
77157,1
77158,1
77159,1
77160,1
77161,1
77162,1
77163,1
77164,1
77165,1
77166,1
77167,1
77168,1
77169,1
77170,1
77171,1
77172,1
77173,1
77174,1
77175,1
77176,1
77177,1
77178,1
77179,1
77180,1
77181,1
77182,1
77183,1
77184,1
77185,1
77186,1
77187,1
77188,1
77189,1
77190,1
77191,1
77192,1
77193,1
77194,1
77195,1
77196,1
77197,1
77198,1
77199,1
77200,1
77201,1
77202,1
77203,1
77204,1
77205,1
77206,1
77207,1
77208,1
77209,1
77210,1
77211,1
77212,1
77213,1
77214,1
77215,1
77216,1
77217,1
77218,1
77219,1
77220,1
77221,1
77222,1
77223,1
77224,1
77225,1
77226,1
77227,1
77228,1
77229,1
77230,1
77231,1
77232,1
77233,1
77234,1
77235,1
77236,1
77237,1
77238,1
77239,1
77240,1
77241,1
77242,1
77243,1
77244,1
77245,1
77246,1
77247,1
77248,1
77249,1
77250,1
77251,1
77252,1
77253,1
77254,1
77255,1
77256,1
77257,1
77258,1
77259,1
77260,1
77261,1
77262,1
77263,1
77264,1
77265,1
77266,1
77267,1
77268,1
77269,1
77270,1
77271,1
77272,1
77273,1
77274,1
77275,1
77276,1
77277,1
77278,1
77279,1
77280,1
77281,1
77282,1
77283,1
77284,1
77285,1
77286,1
77287,1
77288,1
77289,1
77290,1
77291,1
77292,1
77293,1
77294,1
77295,1
77296,1
77297,1
77298,1
77299,1
77300,1
77301,1
77302,1
77303,1
77304,1
77305,1
77306,1
77307,1
77308,1
77309,1
77310,1
77311,1
77312,1
77313,1
77314,1
77315,1
77316,1
77317,1
77318,1
77319,1
77320,1
77321,1
77322,1
77323,1
77324,1
77325,1
77326,1
77327,1
77328,1
77329,1
77330,1
77331,1
77332,1
77333,1
77334,1
77335,1
77336,1
77337,1
77338,1
77339,1
77340,1
77341,1
77342,1
77343,1
77344,1
77345,1
77346,1
77347,1
77348,1
77349,1
77350,1
77351,1
77352,1
77353,1
77354,1
77355,1
77356,1
77357,1
77358,1
77359,1
77360,1
77361,1
77362,1
77363,1
77364,1
77365,1
77366,1
77367,1
77368,1
77369,1
77370,1
77371,1
77372,1
77373,1
77374,1
77375,1
77376,1
77377,1
77378,1
77379,1
77380,1
77381,1
77382,1
77383,1
77384,1
77385,1
77386,1
77387,1
77388,1
77389,1
77390,1
77391,1
77392,1
77393,1
77394,1
77395,1
77396,1
77397,1
77398,1
77399,1
77400,1
77401,1
77402,1
77403,1
77404,1
77405,1
77406,1
77407,1
77408,1
77409,1
77410,1
77411,1
77412,1
77413,1
77414,1
77415,1
77416,1
77417,1
77418,1
77419,1
77420,1
77421,1
77422,1
77423,1
77424,1
77425,1
77426,1
77427,1
77428,1
77429,1
77430,1
77431,1
77432,1
77433,1
77434,1
77435,1
77436,1
77437,1
77438,1
77439,1
77440,1
77441,1
77442,1
77443,1
77444,1
77445,1
77446,1
77447,1
77448,1
77449,1
77450,1
77451,1
77452,1
77453,1
77454,1
77455,1
77456,1
77457,1
77458,1
77459,1
77460,1
77461,1
77462,1
77463,1
77464,1
77465,1
77466,1
77467,1
77468,1
77469,1
77470,1
77471,1
77472,1
77473,1
77474,1
77475,1
77476,1
77477,1
77478,1
77479,1
77480,1
77481,1
77482,1
77483,1
77484,1
77485,1
77486,1
77487,1
77488,1
77489,1
77490,1
77491,1
77492,1
77493,1
77494,1
77495,1
77496,1
77497,1
77498,1
77499,1
77500,1
77501,1
77502,1
77503,1
77504,1
77505,1
77506,1
77507,1
77508,1
77509,1
77510,1
77511,1
77512,1
77513,1
77514,1
77515,1
77516,1
77517,1
77518,1
77519,1
77520,1
77521,1
77522,1
77523,1
77524,1
77525,1
77526,1
77527,1
77528,1
77529,1
77530,1
77531,1
77532,1
77533,1
77534,1
77535,1
77536,1
77537,1
77538,1
77539,1
77540,1
77541,1
77542,1
77543,1
77544,1
77545,1
77546,1
77547,1
77548,1
77549,1
77550,1
77551,1
77552,1
77553,1
77554,1
77555,1
77556,1
77557,1
77558,1
77559,1
77560,1
77561,1
77562,1
77563,1
77564,1
77565,1
77566,1
77567,1
77568,1
77569,1
77570,1
77571,1
77572,1
77573,1
77574,1
77575,1
77576,1
77577,1
77578,1
77579,1
77580,1
77581,1
77582,1
77583,1
77584,1
77585,1
77586,1
77587,1
77588,1
77589,1
77590,1
77591,1
77592,1
77593,1
77594,1
77595,1
77596,1
77597,1
77598,1
77599,1
77600,1
77601,1
77602,1
77603,1
77604,1
77605,1
77606,1
77607,1
77608,1
77609,1
77610,1
77611,1
77612,1
77613,1
77614,1
77615,1
77616,1
77617,1
77618,1
77619,1
77620,1
77621,1
77622,1
77623,1
77624,1
77625,1
77626,1
77627,1
77628,1
77629,1
77630,1
77631,1
77632,1
77633,1
77634,1
77635,1
77636,1
77637,1
77638,1
77639,1
77640,1
77641,1
77642,1
77643,1
77644,1
77645,1
77646,1
77647,1
77648,1
77649,1
77650,1
77651,1
77652,1
77653,1
77654,1
77655,1
77656,1
77657,1
77658,1
77659,1
77660,1
77661,1
77662,1
77663,1
77664,1
77665,1
77666,1
77667,1
77668,1
77669,1
77670,1
77671,1
77672,1
77673,1
77674,1
77675,1
77676,1
77677,1
77678,1
77679,1
77680,1
77681,1
77682,1
77683,1
77684,1
77685,1
77686,1
77687,1
77688,1
77689,1
77690,1
77691,1
77692,1
77693,1
77694,1
77695,1
77696,1
77697,1
77698,1
77699,1
77700,1
77701,1
77702,1
77703,1
77704,1
77705,1
77706,1
77707,1
77708,1
77709,1
77710,1
77711,1
77712,1
77713,1
77714,1
77715,1
77716,1
77717,1
77718,1
77719,1
77720,1
77721,1
77722,1
77723,1
77724,1
77725,1
77726,1
77727,1
77728,1
77729,1
77730,1
77731,1
77732,1
77733,1
77734,1
77735,1
77736,1
77737,1
77738,1
77739,1
77740,1
77741,1
77742,1
77743,1
77744,1
77745,1
77746,1
77747,1
77748,1
77749,1
77750,1
77751,1
77752,1
77753,1
77754,1
77755,1
77756,1
77757,1
77758,1
77759,1
77760,1
77761,1
77762,1
77763,1
77764,1
77765,1
77766,1
77767,1
77768,1
77769,1
77770,1
77771,1
77772,1
77773,1
77774,1
77775,1
77776,1
77777,1
77778,1
77779,1
77780,1
77781,1
77782,1
77783,1
77784,1
77785,1
77786,1
77787,1
77788,1
77789,1
77790,1
77791,1
77792,1
77793,1
77794,1
77795,1
77796,1
77797,1
77798,1
77799,1
77800,1
77801,1
77802,1
77803,1
77804,1
77805,1
77806,1
77807,1
77808,1
77809,1
77810,1
77811,1
77812,1
77813,1
77814,1
77815,1
77816,1
77817,1
77818,1
77819,1
77820,1
77821,1
77822,1
77823,1
77824,1
77825,1
77826,1
77827,1
77828,1
77829,1
77830,1
77831,1
77832,1
77833,1
77834,1
77835,1
77836,1
77837,1
77838,1
77839,1
77840,1
77841,1
77842,1
77843,1
77844,1
77845,1
77846,1
77847,1
77848,1
77849,1
77850,1
77851,1
77852,1
77853,1
77854,1
77855,1
77856,1
77857,1
77858,1
77859,1
77860,1
77861,1
77862,1
77863,1
77864,1
77865,1
77866,1
77867,1
77868,1
77869,1
77870,1
77871,1
77872,1
77873,1
77874,1
77875,1
77876,1
77877,1
77878,1
77879,1
77880,1
77881,1
77882,1
77883,1
77884,1
77885,1
77886,1
77887,1
77888,1
77889,1
77890,1
77891,1
77892,1
77893,1
77894,1
77895,1
77896,1
77897,1
77898,1
77899,1
77900,1
77901,1
77902,1
77903,1
77904,1
77905,1
77906,1
77907,1
77908,1
77909,1
77910,1
77911,1
77912,1
77913,1
77914,1
77915,1
77916,1
77917,1
77918,1
77919,1
77920,1
77921,1
77922,1
77923,1
77924,1
77925,1
77926,1
77927,1
77928,1
77929,1
77930,1
77931,1
77932,1
77933,1
77934,1
77935,1
77936,1
77937,1
77938,1
77939,1
77940,1
77941,1
77942,1
77943,1
77944,1
77945,1
77946,1
77947,1
77948,1
77949,1
77950,1
77951,1
77952,1
77953,1
77954,1
77955,1
77956,1
77957,1
77958,1
77959,1
77960,1
77961,1
77962,1
77963,1
77964,1
77965,1
77966,1
77967,1
77968,1
77969,1
77970,1
77971,1
77972,1
77973,1
77974,1
77975,1
77976,1
77977,1
77978,1
77979,1
77980,1
77981,1
77982,1
77983,1
77984,1
77985,1
77986,1
77987,1
77988,1
77989,1
77990,1
77991,1
77992,1
77993,1
77994,1
77995,1
77996,1
77997,1
77998,1
77999,1
78000,1
78001,1
78002,1
78003,1
78004,1
78005,1
78006,1
78007,1
78008,1
78009,1
78010,1
78011,1
78012,1
78013,1
78014,1
78015,1
78016,1
78017,1
78018,1
78019,1
78020,1
78021,1
78022,1
78023,1
78024,1
78025,1
78026,1
78027,1
78028,1
78029,1
78030,1
78031,1
78032,1
78033,1
78034,1
78035,1
78036,1
78037,1
78038,1
78039,1
78040,1
78041,1
78042,1
78043,1
78044,1
78045,1
78046,1
78047,1
78048,1
78049,1
78050,1
78051,1
78052,1
78053,1
78054,1
78055,1
78056,1
78057,1
78058,1
78059,1
78060,1
78061,1
78062,1
78063,1
78064,1
78065,1
78066,1
78067,1
78068,1
78069,1
78070,1
78071,1
78072,1
78073,1
78074,1
78075,1
78076,1
78077,1
78078,1
78079,1
78080,1
78081,1
78082,1
78083,1
78084,1
78085,1
78086,1
78087,1
78088,1
78089,1
78090,1
78091,1
78092,1
78093,1
78094,1
78095,1
78096,1
78097,1
78098,1
78099,1
78100,1
78101,1
78102,1
78103,1
78104,1
78105,1
78106,1
78107,1
78108,1
78109,1
78110,1
78111,1
78112,1
78113,1
78114,1
78115,1
78116,1
78117,1
78118,1
78119,1
78120,1
78121,1
78122,1
78123,1
78124,1
78125,1
78126,1
78127,1
78128,1
78129,1
78130,1
78131,1
78132,1
78133,1
78134,1
78135,1
78136,1
78137,1
78138,1
78139,1
78140,1
78141,1
78142,1
78143,1
78144,1
78145,1
78146,1
78147,1
78148,1
78149,1
78150,1
78151,1
78152,1
78153,1
78154,1
78155,1
78156,1
78157,1
78158,1
78159,1
78160,1
78161,1
78162,1
78163,1
78164,1
78165,1
78166,1
78167,1
78168,1
78169,1
78170,1
78171,1
78172,1
78173,1
78174,1
78175,1
78176,1
78177,1
78178,1
78179,1
78180,1
78181,1
78182,1
78183,1
78184,1
78185,1
78186,1
78187,1
78188,1
78189,1
78190,1
78191,1
78192,1
78193,1
78194,1
78195,1
78196,1
78197,1
78198,1
78199,1
78200,1
78201,1
78202,1
78203,1
78204,1
78205,1
78206,1
78207,1
78208,1
78209,1
78210,1
78211,1
78212,1
78213,1
78214,1
78215,1
78216,1
78217,1
78218,1
78219,1
78220,1
78221,1
78222,1
78223,1
78224,1
78225,1
78226,1
78227,1
78228,1
78229,1
78230,1
78231,1
78232,1
78233,1
78234,1
78235,1
78236,1
78237,1
78238,1
78239,1
78240,1
78241,1
78242,1
78243,1
78244,1
78245,1
78246,1
78247,1
78248,1
78249,1
78250,1
78251,1
78252,1
78253,1
78254,1
78255,1
78256,1
78257,1
78258,1
78259,1
78260,1
78261,1
78262,1
78263,1
78264,1
78265,1
78266,1
78267,1
78268,1
78269,1
78270,1
78271,1
78272,1
78273,1
78274,1
78275,1
78276,1
78277,1
78278,1
78279,1
78280,1
78281,1
78282,1
78283,1
78284,1
78285,1
78286,1
78287,1
78288,1
78289,1
78290,1
78291,1
78292,1
78293,1
78294,1
78295,1
78296,1
78297,1
78298,1
78299,1
78300,1
78301,1
78302,1
78303,1
78304,1
78305,1
78306,1
78307,1
78308,1
78309,1
78310,1
78311,1
78312,1
78313,1
78314,1
78315,1
78316,1
78317,1
78318,1
78319,1
78320,1
78321,1
78322,1
78323,1
78324,1
78325,1
78326,1
78327,1
78328,1
78329,1
78330,1
78331,1
78332,1
78333,1
78334,1
78335,1
78336,1
78337,1
78338,1
78339,1
78340,1
78341,1
78342,1
78343,1
78344,1
78345,1
78346,1
78347,1
78348,1
78349,1
78350,1
78351,1
78352,1
78353,1
78354,1
78355,1
78356,1
78357,1
78358,1
78359,1
78360,1
78361,1
78362,1
78363,1
78364,1
78365,1
78366,1
78367,1
78368,1
78369,1
78370,1
78371,1
78372,1
78373,1
78374,1
78375,1
78376,1
78377,1
78378,1
78379,1
78380,1
78381,1
78382,1
78383,1
78384,1
78385,1
78386,1
78387,1
78388,1
78389,1
78390,1
78391,1
78392,1
78393,1
78394,1
78395,1
78396,1
78397,1
78398,1
78399,1
78400,1
78401,1
78402,1
78403,1
78404,1
78405,1
78406,1
78407,1
78408,1
78409,1
78410,1
78411,1
78412,1
78413,1
78414,1
78415,1
78416,1
78417,1
78418,1
78419,1
78420,1
78421,1
78422,1
78423,1
78424,1
78425,1
78426,1
78427,1
78428,1
78429,1
78430,1
78431,1
78432,1
78433,1
78434,1
78435,1
78436,1
78437,1
78438,1
78439,1
78440,1
78441,1
78442,1
78443,1
78444,1
78445,1
78446,1
78447,1
78448,1
78449,1
78450,1
78451,1
78452,1
78453,1
78454,1
78455,1
78456,1
78457,1
78458,1
78459,1
78460,1
78461,1
78462,1
78463,1
78464,1
78465,1
78466,1
78467,1
78468,1
78469,1
78470,1
78471,1
78472,1
78473,1
78474,1
78475,1
78476,1
78477,1
78478,1
78479,1
78480,1
78481,1
78482,1
78483,1
78484,1
78485,1
78486,1
78487,1
78488,1
78489,1
78490,1
78491,1
78492,1
78493,1
78494,1
78495,1
78496,1
78497,1
78498,1
78499,1
78500,1
78501,1
78502,1
78503,1
78504,1
78505,1
78506,1
78507,1
78508,1
78509,1
78510,1
78511,1
78512,1
78513,1
78514,1
78515,1
78516,1
78517,1
78518,1
78519,1
78520,1
78521,1
78522,1
78523,1
78524,1
78525,1
78526,1
78527,1
78528,1
78529,1
78530,1
78531,1
78532,1
78533,1
78534,1
78535,1
78536,1
78537,1
78538,1
78539,1
78540,1
78541,1
78542,1
78543,1
78544,1
78545,1
78546,1
78547,1
78548,1
78549,1
78550,1
78551,1
78552,1
78553,1
78554,1
78555,1
78556,1
78557,1
78558,1
78559,1
78560,1
78561,1
78562,1
78563,1
78564,1
78565,1
78566,1
78567,1
78568,1
78569,1
78570,1
78571,1
78572,1
78573,1
78574,1
78575,1
78576,1
78577,1
78578,1
78579,1
78580,1
78581,1
78582,1
78583,1
78584,1
78585,1
78586,1
78587,1
78588,1
78589,1
78590,1
78591,1
78592,1
78593,1
78594,1
78595,1
78596,1
78597,1
78598,1
78599,1
78600,1
78601,1
78602,1
78603,1
78604,1
78605,1
78606,1
78607,1
78608,1
78609,1
78610,1
78611,1
78612,1
78613,1
78614,1
78615,1
78616,1
78617,1
78618,1
78619,1
78620,1
78621,1
78622,1
78623,1
78624,1
78625,1
78626,1
78627,1
78628,1
78629,1
78630,1
78631,1
78632,1
78633,1
78634,1
78635,1
78636,1
78637,1
78638,1
78639,1
78640,1
78641,1
78642,1
78643,1
78644,1
78645,1
78646,1
78647,1
78648,1
78649,1
78650,1
78651,1
78652,1
78653,1
78654,1
78655,1
78656,1
78657,1
78658,1
78659,1
78660,1
78661,1
78662,1
78663,1
78664,1
78665,1
78666,1
78667,1
78668,1
78669,1
78670,1
78671,1
78672,1
78673,1
78674,1
78675,1
78676,1
78677,1
78678,1
78679,1
78680,1
78681,1
78682,1
78683,1
78684,1
78685,1
78686,1
78687,1
78688,1
78689,1
78690,1
78691,1
78692,1
78693,1
78694,1
78695,1
78696,1
78697,1
78698,1
78699,1
78700,1
78701,1
78702,1
78703,1
78704,1
78705,1
78706,1
78707,1
78708,1
78709,1
78710,1
78711,1
78712,1
78713,1
78714,1
78715,1
78716,1
78717,1
78718,1
78719,1
78720,1
78721,1
78722,1
78723,1
78724,1
78725,1
78726,1
78727,1
78728,1
78729,1
78730,1
78731,1
78732,1
78733,1
78734,1
78735,1
78736,1
78737,1
78738,1
78739,1
78740,1
78741,1
78742,1
78743,1
78744,1
78745,1
78746,1
78747,1
78748,1
78749,1
78750,1
78751,1
78752,1
78753,1
78754,1
78755,1
78756,1
78757,1
78758,1
78759,1
78760,1
78761,1
78762,1
78763,1
78764,1
78765,1
78766,1
78767,1
78768,1
78769,1
78770,1
78771,1
78772,1
78773,1
78774,1
78775,1
78776,1
78777,1
78778,1
78779,1
78780,1
78781,1
78782,1
78783,1
78784,1
78785,1
78786,1
78787,1
78788,1
78789,1
78790,1
78791,1
78792,1
78793,1
78794,1
78795,1
78796,1
78797,1
78798,1
78799,1
78800,1
78801,1
78802,1
78803,1
78804,1
78805,1
78806,1
78807,1
78808,1
78809,1
78810,1
78811,1
78812,1
78813,1
78814,1
78815,1
78816,1
78817,1
78818,1
78819,1
78820,1
78821,1
78822,1
78823,1
78824,1
78825,1
78826,1
78827,1
78828,1
78829,1
78830,1
78831,1
78832,1
78833,1
78834,1
78835,1
78836,1
78837,1
78838,1
78839,1
78840,1
78841,1
78842,1
78843,1
78844,1
78845,1
78846,1
78847,1
78848,1
78849,1
78850,1
78851,1
78852,1
78853,1
78854,1
78855,1
78856,1
78857,1
78858,1
78859,1
78860,1
78861,1
78862,1
78863,1
78864,1
78865,1
78866,1
78867,1
78868,1
78869,1
78870,1
78871,1
78872,1
78873,1
78874,1
78875,1
78876,1
78877,1
78878,1
78879,1
78880,1
78881,1
78882,1
78883,1
78884,1
78885,1
78886,1
78887,1
78888,1
78889,1
78890,1
78891,1
78892,1
78893,1
78894,1
78895,1
78896,1
78897,1
78898,1
78899,1
78900,1
78901,1
78902,1
78903,1
78904,1
78905,1
78906,1
78907,1
78908,1
78909,1
78910,1
78911,1
78912,1
78913,1
78914,1
78915,1
78916,1
78917,1
78918,1
78919,1
78920,1
78921,1
78922,1
78923,1
78924,1
78925,1
78926,1
78927,1
78928,1
78929,1
78930,1
78931,1
78932,1
78933,1
78934,1
78935,1
78936,1
78937,1
78938,1
78939,1
78940,1
78941,1
78942,1
78943,1
78944,1
78945,1
78946,1
78947,1
78948,1
78949,1
78950,1
78951,1
78952,1
78953,1
78954,1
78955,1
78956,1
78957,1
78958,1
78959,1
78960,1
78961,1
78962,1
78963,1
78964,1
78965,1
78966,1
78967,1
78968,1
78969,1
78970,1
78971,1
78972,1
78973,1
78974,1
78975,1
78976,1
78977,1
78978,1
78979,1
78980,1
78981,1
78982,1
78983,1
78984,1
78985,1
78986,1
78987,1
78988,1
78989,1
78990,1
78991,1
78992,1
78993,1
78994,1
78995,1
78996,1
78997,1
78998,1
78999,1
79000,1
79001,1
79002,1
79003,1
79004,1
79005,1
79006,1
79007,1
79008,1
79009,1
79010,1
79011,1
79012,1
79013,1
79014,1
79015,1
79016,1
79017,1
79018,1
79019,1
79020,1
79021,1
79022,1
79023,1
79024,1
79025,1
79026,1
79027,1
79028,1
79029,1
79030,1
79031,1
79032,1
79033,1
79034,1
79035,1
79036,1
79037,1
79038,1
79039,1
79040,1
79041,1
79042,1
79043,1
79044,1
79045,1
79046,1
79047,1
79048,1
79049,1
79050,1
79051,1
79052,1
79053,1
79054,1
79055,1
79056,1
79057,1
79058,1
79059,1
79060,1
79061,1
79062,1
79063,1
79064,1
79065,1
79066,1
79067,1
79068,1
79069,1
79070,1
79071,1
79072,1
79073,1
79074,1
79075,1
79076,1
79077,1
79078,1
79079,1
79080,1
79081,1
79082,1
79083,1
79084,1
79085,1
79086,1
79087,1
79088,1
79089,1
79090,1
79091,1
79092,1
79093,1
79094,1
79095,1
79096,1
79097,1
79098,1
79099,1
79100,1
79101,1
79102,1
79103,1
79104,1
79105,1
79106,1
79107,1
79108,1
79109,1
79110,1
79111,1
79112,1
79113,1
79114,1
79115,1
79116,1
79117,1
79118,1
79119,1
79120,1
79121,1
79122,1
79123,1
79124,1
79125,1
79126,1
79127,1
79128,1
79129,1
79130,1
79131,1
79132,1
79133,1
79134,1
79135,1
79136,1
79137,1
79138,1
79139,1
79140,1
79141,1
79142,1
79143,1
79144,1
79145,1
79146,1
79147,1
79148,1
79149,1
79150,1
79151,1
79152,1
79153,1
79154,1
79155,1
79156,1
79157,1
79158,1
79159,1
79160,1
79161,1
79162,1
79163,1
79164,1
79165,1
79166,1
79167,1
79168,1
79169,1
79170,1
79171,1
79172,1
79173,1
79174,1
79175,1
79176,1
79177,1
79178,1
79179,1
79180,1
79181,1
79182,1
79183,1
79184,1
79185,1
79186,1
79187,1
79188,1
79189,1
79190,1
79191,1
79192,1
79193,1
79194,1
79195,1
79196,1
79197,1
79198,1
79199,1
79200,1
79201,1
79202,1
79203,1
79204,1
79205,1
79206,1
79207,1
79208,1
79209,1
79210,1
79211,1
79212,1
79213,1
79214,1
79215,1
79216,1
79217,1
79218,1
79219,1
79220,1
79221,1
79222,1
79223,1
79224,1
79225,1
79226,1
79227,1
79228,1
79229,1
79230,1
79231,1
79232,1
79233,1
79234,1
79235,1
79236,1
79237,1
79238,1
79239,1
79240,1
79241,1
79242,1
79243,1
79244,1
79245,1
79246,1
79247,1
79248,1
79249,1
79250,1
79251,1
79252,1
79253,1
79254,1
79255,1
79256,1
79257,1
79258,1
79259,1
79260,1
79261,1
79262,1
79263,1
79264,1
79265,1
79266,1
79267,1
79268,1
79269,1
79270,1
79271,1
79272,1
79273,1
79274,1
79275,1
79276,1
79277,1
79278,1
79279,1
79280,1
79281,1
79282,1
79283,1
79284,1
79285,1
79286,1
79287,1
79288,1
79289,1
79290,1
79291,1
79292,1
79293,1
79294,1
79295,1
79296,1
79297,1
79298,1
79299,1
79300,1
79301,1
79302,1
79303,1
79304,1
79305,1
79306,1
79307,1
79308,1
79309,1
79310,1
79311,1
79312,1
79313,1
79314,1
79315,1
79316,1
79317,1
79318,1
79319,1
79320,1
79321,1
79322,1
79323,1
79324,1
79325,1
79326,1
79327,1
79328,1
79329,1
79330,1
79331,1
79332,1
79333,1
79334,1
79335,1
79336,1
79337,1
79338,1
79339,1
79340,1
79341,1
79342,1
79343,1
79344,1
79345,1
79346,1
79347,1
79348,1
79349,1
79350,1
79351,1
79352,1
79353,1
79354,1
79355,1
79356,1
79357,1
79358,1
79359,1
79360,1
79361,1
79362,1
79363,1
79364,1
79365,1
79366,1
79367,1
79368,1
79369,1
79370,1
79371,1
79372,1
79373,1
79374,1
79375,1
79376,1
79377,1
79378,1
79379,1
79380,1
79381,1
79382,1
79383,1
79384,1
79385,1
79386,1
79387,1
79388,1
79389,1
79390,1
79391,1
79392,1
79393,1
79394,1
79395,1
79396,1
79397,1
79398,1
79399,1
79400,1
79401,1
79402,1
79403,1
79404,1
79405,1
79406,1
79407,1
79408,1
79409,1
79410,1
79411,1
79412,1
79413,1
79414,1
79415,1
79416,1
79417,1
79418,1
79419,1
79420,1
79421,1
79422,1
79423,1
79424,1
79425,1
79426,1
79427,1
79428,1
79429,1
79430,1
79431,1
79432,1
79433,1
79434,1
79435,1
79436,1
79437,1
79438,1
79439,1
79440,1
79441,1
79442,1
79443,1
79444,1
79445,1
79446,1
79447,1
79448,1
79449,1
79450,1
79451,1
79452,1
79453,1
79454,1
79455,1
79456,1
79457,1
79458,1
79459,1
79460,1
79461,1
79462,1
79463,1
79464,1
79465,1
79466,1
79467,1
79468,1
79469,1
79470,1
79471,1
79472,1
79473,1
79474,1
79475,1
79476,1
79477,1
79478,1
79479,1
79480,1
79481,1
79482,1
79483,1
79484,1
79485,1
79486,1
79487,1
79488,1
79489,1
79490,1
79491,1
79492,1
79493,1
79494,1
79495,1
79496,1
79497,1
79498,1
79499,1
79500,1
79501,1
79502,1
79503,1
79504,1
79505,1
79506,1
79507,1
79508,1
79509,1
79510,1
79511,1
79512,1
79513,1
79514,1
79515,1
79516,1
79517,1
79518,1
79519,1
79520,1
79521,1
79522,1
79523,1
79524,1
79525,1
79526,1
79527,1
79528,1
79529,1
79530,1
79531,1
79532,1
79533,1
79534,1
79535,1
79536,1
79537,1
79538,1
79539,1
79540,1
79541,1
79542,1
79543,1
79544,1
79545,1
79546,1
79547,1
79548,1
79549,1
79550,1
79551,1
79552,1
79553,1
79554,1
79555,1
79556,1
79557,1
79558,1
79559,1
79560,1
79561,1
79562,1
79563,1
79564,1
79565,1
79566,1
79567,1
79568,1
79569,1
79570,1
79571,1
79572,1
79573,1
79574,1
79575,1
79576,1
79577,1
79578,1
79579,1
79580,1
79581,1
79582,1
79583,1
79584,1
79585,1
79586,1
79587,1
79588,1
79589,1
79590,1
79591,1
79592,1
79593,1
79594,1
79595,1
79596,1
79597,1
79598,1
79599,1
79600,1
79601,1
79602,1
79603,1
79604,1
79605,1
79606,1
79607,1
79608,1
79609,1
79610,1
79611,1
79612,1
79613,1
79614,1
79615,1
79616,1
79617,1
79618,1
79619,1
79620,1
79621,1
79622,1
79623,1
79624,1
79625,1
79626,1
79627,1
79628,1
79629,1
79630,1
79631,1
79632,1
79633,1
79634,1
79635,1
79636,1
79637,1
79638,1
79639,1
79640,1
79641,1
79642,1
79643,1
79644,1
79645,1
79646,1
79647,1
79648,1
79649,1
79650,1
79651,1
79652,1
79653,1
79654,1
79655,1
79656,1
79657,1
79658,1
79659,1
79660,1
79661,1
79662,1
79663,1
79664,1
79665,1
79666,1
79667,1
79668,1
79669,1
79670,1
79671,1
79672,1
79673,1
79674,1
79675,1
79676,1
79677,1
79678,1
79679,1
79680,1
79681,1
79682,1
79683,1
79684,1
79685,1
79686,1
79687,1
79688,1
79689,1
79690,1
79691,1
79692,1
79693,1
79694,1
79695,1
79696,1
79697,1
79698,1
79699,1
79700,1
79701,1
79702,1
79703,1
79704,1
79705,1
79706,1
79707,1
79708,1
79709,1
79710,1
79711,1
79712,1
79713,1
79714,1
79715,1
79716,1
79717,1
79718,1
79719,1
79720,1
79721,1
79722,1
79723,1
79724,1
79725,1
79726,1
79727,1
79728,1
79729,1
79730,1
79731,1
79732,1
79733,1
79734,1
79735,1
79736,1
79737,1
79738,1
79739,1
79740,1
79741,1
79742,1
79743,1
79744,1
79745,1
79746,1
79747,1
79748,1
79749,1
79750,1
79751,1
79752,1
79753,1
79754,1
79755,1
79756,1
79757,1
79758,1
79759,1
79760,1
79761,1
79762,1
79763,1
79764,1
79765,1
79766,1
79767,1
79768,1
79769,1
79770,1
79771,1
79772,1
79773,1
79774,1
79775,1
79776,1
79777,1
79778,1
79779,1
79780,1
79781,1
79782,1
79783,1
79784,1
79785,1
79786,1
79787,1
79788,1
79789,1
79790,1
79791,1
79792,1
79793,1
79794,1
79795,1
79796,1
79797,1
79798,1
79799,1
79800,1
79801,1
79802,1
79803,1
79804,1
79805,1
79806,1
79807,1
79808,1
79809,1
79810,1
79811,1
79812,1
79813,1
79814,1
79815,1
79816,1
79817,1
79818,1
79819,1
79820,1
79821,1
79822,1
79823,1
79824,1
79825,1
79826,1
79827,1
79828,1
79829,1
79830,1
79831,1
79832,1
79833,1
79834,1
79835,1
79836,1
79837,1
79838,1
79839,1
79840,1
79841,1
79842,1
79843,1
79844,1
79845,1
79846,1
79847,1
79848,1
79849,1
79850,1
79851,1
79852,1
79853,1
79854,1
79855,1
79856,1
79857,1
79858,1
79859,1
79860,1
79861,1
79862,1
79863,1
79864,1
79865,1
79866,1
79867,1
79868,1
79869,1
79870,1
79871,1
79872,1
79873,1
79874,1
79875,1
79876,1
79877,1
79878,1
79879,1
79880,1
79881,1
79882,1
79883,1
79884,1
79885,1
79886,1
79887,1
79888,1
79889,1
79890,1
79891,1
79892,1
79893,1
79894,1
79895,1
79896,1
79897,1
79898,1
79899,1
79900,1
79901,1
79902,1
79903,1
79904,1
79905,1
79906,1
79907,1
79908,1
79909,1
79910,1
79911,1
79912,1
79913,1
79914,1
79915,1
79916,1
79917,1
79918,1
79919,1
79920,1
79921,1
79922,1
79923,1
79924,1
79925,1
79926,1
79927,1
79928,1
79929,1
79930,1
79931,1
79932,1
79933,1
79934,1
79935,1
79936,1
79937,1
79938,1
79939,1
79940,1
79941,1
79942,1
79943,1
79944,1
79945,1
79946,1
79947,1
79948,1
79949,1
79950,1
79951,1
79952,1
79953,1
79954,1
79955,1
79956,1
79957,1
79958,1
79959,1
79960,1
79961,1
79962,1
79963,1
79964,1
79965,1
79966,1
79967,1
79968,1
79969,1
79970,1
79971,1
79972,1
79973,1
79974,1
79975,1
79976,1
79977,1
79978,1
79979,1
79980,1
79981,1
79982,1
79983,1
79984,1
79985,1
79986,1
79987,1
79988,1
79989,1
79990,1
79991,1
79992,1
79993,1
79994,1
79995,1
79996,1
79997,1
79998,1
79999,1
80000,1
80001,1
80002,1
80003,1
80004,1
80005,1
80006,1
80007,1
80008,1
80009,1
80010,1
80011,1
80012,1
80013,1
80014,1
80015,1
80016,1
80017,1
80018,1
80019,1
80020,1
80021,1
80022,1
80023,1
80024,1
80025,1
80026,1
80027,1
80028,1
80029,1
80030,1
80031,1
80032,1
80033,1
80034,1
80035,1
80036,1
80037,1
80038,1
80039,1
80040,1
80041,1
80042,1
80043,1
80044,1
80045,1
80046,1
80047,1
80048,1
80049,1
80050,1
80051,1
80052,1
80053,1
80054,1
80055,1
80056,1
80057,1
80058,1
80059,1
80060,1
80061,1
80062,1
80063,1
80064,1
80065,1
80066,1
80067,1
80068,1
80069,1
80070,1
80071,1
80072,1
80073,1
80074,1
80075,1
80076,1
80077,1
80078,1
80079,1
80080,1
80081,1
80082,1
80083,1
80084,1
80085,1
80086,1
80087,1
80088,1
80089,1
80090,1
80091,1
80092,1
80093,1
80094,1
80095,1
80096,1
80097,1
80098,1
80099,1
80100,1
80101,1
80102,1
80103,1
80104,1
80105,1
80106,1
80107,1
80108,1
80109,1
80110,1
80111,1
80112,1
80113,1
80114,1
80115,1
80116,1
80117,1
80118,1
80119,1
80120,1
80121,1
80122,1
80123,1
80124,1
80125,1
80126,1
80127,1
80128,1
80129,1
80130,1
80131,1
80132,1
80133,1
80134,1
80135,1
80136,1
80137,1
80138,1
80139,1
80140,1
80141,1
80142,1
80143,1
80144,1
80145,1
80146,1
80147,1
80148,1
80149,1
80150,1
80151,1
80152,1
80153,1
80154,1
80155,1
80156,1
80157,1
80158,1
80159,1
80160,1
80161,1
80162,1
80163,1
80164,1
80165,1
80166,1
80167,1
80168,1
80169,1
80170,1
80171,1
80172,1
80173,1
80174,1
80175,1
80176,1
80177,1
80178,1
80179,1
80180,1
80181,1
80182,1
80183,1
80184,1
80185,1
80186,1
80187,1
80188,1
80189,1
80190,1
80191,1
80192,1
80193,1
80194,1
80195,1
80196,1
80197,1
80198,1
80199,1
80200,1
80201,1
80202,1
80203,1
80204,1
80205,1
80206,1
80207,1
80208,1
80209,1
80210,1
80211,1
80212,1
80213,1
80214,1
80215,1
80216,1
80217,1
80218,1
80219,1
80220,1
80221,1
80222,1
80223,1
80224,1
80225,1
80226,1
80227,1
80228,1
80229,1
80230,1
80231,1
80232,1
80233,1
80234,1
80235,1
80236,1
80237,1
80238,1
80239,1
80240,1
80241,1
80242,1
80243,1
80244,1
80245,1
80246,1
80247,1
80248,1
80249,1
80250,1
80251,1
80252,1
80253,1
80254,1
80255,1
80256,1
80257,1
80258,1
80259,1
80260,1
80261,1
80262,1
80263,1
80264,1
80265,1
80266,1
80267,1
80268,1
80269,1
80270,1
80271,1
80272,1
80273,1
80274,1
80275,1
80276,1
80277,1
80278,1
80279,1
80280,1
80281,1
80282,1
80283,1
80284,1
80285,1
80286,1
80287,1
80288,1
80289,1
80290,1
80291,1
80292,1
80293,1
80294,1
80295,1
80296,1
80297,1
80298,1
80299,1
80300,1
80301,1
80302,1
80303,1
80304,1
80305,1
80306,1
80307,1
80308,1
80309,1
80310,1
80311,1
80312,1
80313,1
80314,1
80315,1
80316,1
80317,1
80318,1
80319,1
80320,1
80321,1
80322,1
80323,1
80324,1
80325,1
80326,1
80327,1
80328,1
80329,1
80330,1
80331,1
80332,1
80333,1
80334,1
80335,1
80336,1
80337,1
80338,1
80339,1
80340,1
80341,1
80342,1
80343,1
80344,1
80345,1
80346,1
80347,1
80348,1
80349,1
80350,1
80351,1
80352,1
80353,1
80354,1
80355,1
80356,1
80357,1
80358,1
80359,1
80360,1
80361,1
80362,1
80363,1
80364,1
80365,1
80366,1
80367,1
80368,1
80369,1
80370,1
80371,1
80372,1
80373,1
80374,1
80375,1
80376,1
80377,1
80378,1
80379,1
80380,1
80381,1
80382,1
80383,1
80384,1
80385,1
80386,1
80387,1
80388,1
80389,1
80390,1
80391,1
80392,1
80393,1
80394,1
80395,1
80396,1
80397,1
80398,1
80399,1
80400,1
80401,1
80402,1
80403,1
80404,1
80405,1
80406,1
80407,1
80408,1
80409,1
80410,1
80411,1
80412,1
80413,1
80414,1
80415,1
80416,1
80417,1
80418,1
80419,1
80420,1
80421,1
80422,1
80423,1
80424,1
80425,1
80426,1
80427,1
80428,1
80429,1
80430,1
80431,1
80432,1
80433,1
80434,1
80435,1
80436,1
80437,1
80438,1
80439,1
80440,1
80441,1
80442,1
80443,1
80444,1
80445,1
80446,1
80447,1
80448,1
80449,1
80450,1
80451,1
80452,1
80453,1
80454,1
80455,1
80456,1
80457,1
80458,1
80459,1
80460,1
80461,1
80462,1
80463,1
80464,1
80465,1
80466,1
80467,1
80468,1
80469,1
80470,1
80471,1
80472,1
80473,1
80474,1
80475,1
80476,1
80477,1
80478,1
80479,1
80480,1
80481,1
80482,1
80483,1
80484,1
80485,1
80486,1
80487,1
80488,1
80489,1
80490,1
80491,1
80492,1
80493,1
80494,1
80495,1
80496,1
80497,1
80498,1
80499,1
80500,1
80501,1
80502,1
80503,1
80504,1
80505,1
80506,1
80507,1
80508,1
80509,1
80510,1
80511,1
80512,1
80513,1
80514,1
80515,1
80516,1
80517,1
80518,1
80519,1
80520,1
80521,1
80522,1
80523,1
80524,1
80525,1
80526,1
80527,1
80528,1
80529,1
80530,1
80531,1
80532,1
80533,1
80534,1
80535,1
80536,1
80537,1
80538,1
80539,1
80540,1
80541,1
80542,1
80543,1
80544,1
80545,1
80546,1
80547,1
80548,1
80549,1
80550,1
80551,1
80552,1
80553,1
80554,1
80555,1
80556,1
80557,1
80558,1
80559,1
80560,1
80561,1
80562,1
80563,1
80564,1
80565,1
80566,1
80567,1
80568,1
80569,1
80570,1
80571,1
80572,1
80573,1
80574,1
80575,1
80576,1
80577,1
80578,1
80579,1
80580,1
80581,1
80582,1
80583,1
80584,1
80585,1
80586,1
80587,1
80588,1
80589,1
80590,1
80591,1
80592,1
80593,1
80594,1
80595,1
80596,1
80597,1
80598,1
80599,1
80600,1
80601,1
80602,1
80603,1
80604,1
80605,1
80606,1
80607,1
80608,1
80609,1
80610,1
80611,1
80612,1
80613,1
80614,1
80615,1
80616,1
80617,1
80618,1
80619,1
80620,1
80621,1
80622,1
80623,1
80624,1
80625,1
80626,1
80627,1
80628,1
80629,1
80630,1
80631,1
80632,1
80633,1
80634,1
80635,1
80636,1
80637,1
80638,1
80639,1
80640,1
80641,1
80642,1
80643,1
80644,1
80645,1
80646,1
80647,1
80648,1
80649,1
80650,1
80651,1
80652,1
80653,1
80654,1
80655,1
80656,1
80657,1
80658,1
80659,1
80660,1
80661,1
80662,1
80663,1
80664,1
80665,1
80666,1
80667,1
80668,1
80669,1
80670,1
80671,1
80672,1
80673,1
80674,1
80675,1
80676,1
80677,1
80678,1
80679,1
80680,1
80681,1
80682,1
80683,1
80684,1
80685,1
80686,1
80687,1
80688,1
80689,1
80690,1
80691,1
80692,1
80693,1
80694,1
80695,1
80696,1
80697,1
80698,1
80699,1
80700,1
80701,1
80702,1
80703,1
80704,1
80705,1
80706,1
80707,1
80708,1
80709,1
80710,1
80711,1
80712,1
80713,1
80714,1
80715,1
80716,1
80717,1
80718,1
80719,1
80720,1
80721,1
80722,1
80723,1
80724,1
80725,1
80726,1
80727,1
80728,1
80729,1
80730,1
80731,1
80732,1
80733,1
80734,1
80735,1
80736,1
80737,1
80738,1
80739,1
80740,1
80741,1
80742,1
80743,1
80744,1
80745,1
80746,1
80747,1
80748,1
80749,1
80750,1
80751,1
80752,1
80753,1
80754,1
80755,1
80756,1
80757,1
80758,1
80759,1
80760,1
80761,1
80762,1
80763,1
80764,1
80765,1
80766,1
80767,1
80768,1
80769,1
80770,1
80771,1
80772,1
80773,1
80774,1
80775,1
80776,1
80777,1
80778,1
80779,1
80780,1
80781,1
80782,1
80783,1
80784,1
80785,1
80786,1
80787,1
80788,1
80789,1
80790,1
80791,1
80792,1
80793,1
80794,1
80795,1
80796,1
80797,1
80798,1
80799,1
80800,1
80801,1
80802,1
80803,1
80804,1
80805,1
80806,1
80807,1
80808,1
80809,1
80810,1
80811,1
80812,1
80813,1
80814,1
80815,1
80816,1
80817,1
80818,1
80819,1
80820,1
80821,1
80822,1
80823,1
80824,1
80825,1
80826,1
80827,1
80828,1
80829,1
80830,1
80831,1
80832,1
80833,1
80834,1
80835,1
80836,1
80837,1
80838,1
80839,1
80840,1
80841,1
80842,1
80843,1
80844,1
80845,1
80846,1
80847,1
80848,1
80849,1
80850,1
80851,1
80852,1
80853,1
80854,1
80855,1
80856,1
80857,1
80858,1
80859,1
80860,1
80861,1
80862,1
80863,1
80864,1
80865,1
80866,1
80867,1
80868,1
80869,1
80870,1
80871,1
80872,1
80873,1
80874,1
80875,1
80876,1
80877,1
80878,1
80879,1
80880,1
80881,1
80882,1
80883,1
80884,1
80885,1
80886,1
80887,1
80888,1
80889,1
80890,1
80891,1
80892,1
80893,1
80894,1
80895,1
80896,1
80897,1
80898,1
80899,1
80900,1
80901,1
80902,1
80903,1
80904,1
80905,1
80906,1
80907,1
80908,1
80909,1
80910,1
80911,1
80912,1
80913,1
80914,1
80915,1
80916,1
80917,1
80918,1
80919,1
80920,1
80921,1
80922,1
80923,1
80924,1
80925,1
80926,1
80927,1
80928,1
80929,1
80930,1
80931,1
80932,1
80933,1
80934,1
80935,1
80936,1
80937,1
80938,1
80939,1
80940,1
80941,1
80942,1
80943,1
80944,1
80945,1
80946,1
80947,1
80948,1
80949,1
80950,1
80951,1
80952,1
80953,1
80954,1
80955,1
80956,1
80957,1
80958,1
80959,1
80960,1
80961,1
80962,1
80963,1
80964,1
80965,1
80966,1
80967,1
80968,1
80969,1
80970,1
80971,1
80972,1
80973,1
80974,1
80975,1
80976,1
80977,1
80978,1
80979,1
80980,1
80981,1
80982,1
80983,1
80984,1
80985,1
80986,1
80987,1
80988,1
80989,1
80990,1
80991,1
80992,1
80993,1
80994,1
80995,1
80996,1
80997,1
80998,1
80999,1
81000,1
81001,1
81002,1
81003,1
81004,1
81005,1
81006,1
81007,1
81008,1
81009,1
81010,1
81011,1
81012,1
81013,1
81014,1
81015,1
81016,1
81017,1
81018,1
81019,1
81020,1
81021,1
81022,1
81023,1
81024,1
81025,1
81026,1
81027,1
81028,1
81029,1
81030,1
81031,1
81032,1
81033,1
81034,1
81035,1
81036,1
81037,1
81038,1
81039,1
81040,1
81041,1
81042,1
81043,1
81044,1
81045,1
81046,1
81047,1
81048,1
81049,1
81050,1
81051,1
81052,1
81053,1
81054,1
81055,1
81056,1
81057,1
81058,1
81059,1
81060,1
81061,1
81062,1
81063,1
81064,1
81065,1
81066,1
81067,1
81068,1
81069,1
81070,1
81071,1
81072,1
81073,1
81074,1
81075,1
81076,1
81077,1
81078,1
81079,1
81080,1
81081,1
81082,1
81083,1
81084,1
81085,1
81086,1
81087,1
81088,1
81089,1
81090,1
81091,1
81092,1
81093,1
81094,1
81095,1
81096,1
81097,1
81098,1
81099,1
81100,1
81101,1
81102,1
81103,1
81104,1
81105,1
81106,1
81107,1
81108,1
81109,1
81110,1
81111,1
81112,1
81113,1
81114,1
81115,1
81116,1
81117,1
81118,1
81119,1
81120,1
81121,1
81122,1
81123,1
81124,1
81125,1
81126,1
81127,1
81128,1
81129,1
81130,1
81131,1
81132,1
81133,1
81134,1
81135,1
81136,1
81137,1
81138,1
81139,1
81140,1
81141,1
81142,1
81143,1
81144,1
81145,1
81146,1
81147,1
81148,1
81149,1
81150,1
81151,1
81152,1
81153,1
81154,1
81155,1
81156,1
81157,1
81158,1
81159,1
81160,1
81161,1
81162,1
81163,1
81164,1
81165,1
81166,1
81167,1
81168,1
81169,1
81170,1
81171,1
81172,1
81173,1
81174,1
81175,1
81176,1
81177,1
81178,1
81179,1
81180,1
81181,1
81182,1
81183,1
81184,1
81185,1
81186,1
81187,1
81188,1
81189,1
81190,1
81191,1
81192,1
81193,1
81194,1
81195,1
81196,1
81197,1
81198,1
81199,1
81200,1
81201,1
81202,1
81203,1
81204,1
81205,1
81206,1
81207,1
81208,1
81209,1
81210,1
81211,1
81212,1
81213,1
81214,1
81215,1
81216,1
81217,1
81218,1
81219,1
81220,1
81221,1
81222,1
81223,1
81224,1
81225,1
81226,1
81227,1
81228,1
81229,1
81230,1
81231,1
81232,1
81233,1
81234,1
81235,1
81236,1
81237,1
81238,1
81239,1
81240,1
81241,1
81242,1
81243,1
81244,1
81245,1
81246,1
81247,1
81248,1
81249,1
81250,1
81251,1
81252,1
81253,1
81254,1
81255,1
81256,1
81257,1
81258,1
81259,1
81260,1
81261,1
81262,1
81263,1
81264,1
81265,1
81266,1
81267,1
81268,1
81269,1
81270,1
81271,1
81272,1
81273,1
81274,1
81275,1
81276,1
81277,1
81278,1
81279,1
81280,1
81281,1
81282,1
81283,1
81284,1
81285,1
81286,1
81287,1
81288,1
81289,1
81290,1
81291,1
81292,1
81293,1
81294,1
81295,1
81296,1
81297,1
81298,1
81299,1
81300,1
81301,1
81302,1
81303,1
81304,1
81305,1
81306,1
81307,1
81308,1
81309,1
81310,1
81311,1
81312,1
81313,1
81314,1
81315,1
81316,1
81317,1
81318,1
81319,1
81320,1
81321,1
81322,1
81323,1
81324,1
81325,1
81326,1
81327,1
81328,1
81329,1
81330,1
81331,1
81332,1
81333,1
81334,1
81335,1
81336,1
81337,1
81338,1
81339,1
81340,1
81341,1
81342,1
81343,1
81344,1
81345,1
81346,1
81347,1
81348,1
81349,1
81350,1
81351,1
81352,1
81353,1
81354,1
81355,1
81356,1
81357,1
81358,1
81359,1
81360,1
81361,1
81362,1
81363,1
81364,1
81365,1
81366,1
81367,1
81368,1
81369,1
81370,1
81371,1
81372,1
81373,1
81374,1
81375,1
81376,1
81377,1
81378,1
81379,1
81380,1
81381,1
81382,1
81383,1
81384,1
81385,1
81386,1
81387,1
81388,1
81389,1
81390,1
81391,1
81392,1
81393,1
81394,1
81395,1
81396,1
81397,1
81398,1
81399,1
81400,1
81401,1
81402,1
81403,1
81404,1
81405,1
81406,1
81407,1
81408,1
81409,1
81410,1
81411,1
81412,1
81413,1
81414,1
81415,1
81416,1
81417,1
81418,1
81419,1
81420,1
81421,1
81422,1
81423,1
81424,1
81425,1
81426,1
81427,1
81428,1
81429,1
81430,1
81431,1
81432,1
81433,1
81434,1
81435,1
81436,1
81437,1
81438,1
81439,1
81440,1
81441,1
81442,1
81443,1
81444,1
81445,1
81446,1
81447,1
81448,1
81449,1
81450,1
81451,1
81452,1
81453,1
81454,1
81455,1
81456,1
81457,1
81458,1
81459,1
81460,1
81461,1
81462,1
81463,1
81464,1
81465,1
81466,1
81467,1
81468,1
81469,1
81470,1
81471,1
81472,1
81473,1
81474,1
81475,1
81476,1
81477,1
81478,1
81479,1
81480,1
81481,1
81482,1
81483,1
81484,1
81485,1
81486,1
81487,1
81488,1
81489,1
81490,1
81491,1
81492,1
81493,1
81494,1
81495,1
81496,1
81497,1
81498,1
81499,1
81500,1
81501,1
81502,1
81503,1
81504,1
81505,1
81506,1
81507,1
81508,1
81509,1
81510,1
81511,1
81512,1
81513,1
81514,1
81515,1
81516,1
81517,1
81518,1
81519,1
81520,1
81521,1
81522,1
81523,1
81524,1
81525,1
81526,1
81527,1
81528,1
81529,1
81530,1
81531,1
81532,1
81533,1
81534,1
81535,1
81536,1
81537,1
81538,1
81539,1
81540,1
81541,1
81542,1
81543,1
81544,1
81545,1
81546,1
81547,1
81548,1
81549,1
81550,1
81551,1
81552,1
81553,1
81554,1
81555,1
81556,1
81557,1
81558,1
81559,1
81560,1
81561,1
81562,1
81563,1
81564,1
81565,1
81566,1
81567,1
81568,1
81569,1
81570,1
81571,1
81572,1
81573,1
81574,1
81575,1
81576,1
81577,1
81578,1
81579,1
81580,1
81581,1
81582,1
81583,1
81584,1
81585,1
81586,1
81587,1
81588,1
81589,1
81590,1
81591,1
81592,1
81593,1
81594,1
81595,1
81596,1
81597,1
81598,1
81599,1
81600,1
81601,1
81602,1
81603,1
81604,1
81605,1
81606,1
81607,1
81608,1
81609,1
81610,1
81611,1
81612,1
81613,1
81614,1
81615,1
81616,1
81617,1
81618,1
81619,1
81620,1
81621,1
81622,1
81623,1
81624,1
81625,1
81626,1
81627,1
81628,1
81629,1
81630,1
81631,1
81632,1
81633,1
81634,1
81635,1
81636,1
81637,1
81638,1
81639,1
81640,1
81641,1
81642,1
81643,1
81644,1
81645,1
81646,1
81647,1
81648,1
81649,1
81650,1
81651,1
81652,1
81653,1
81654,1
81655,1
81656,1
81657,1
81658,1
81659,1
81660,1
81661,1
81662,1
81663,1
81664,1
81665,1
81666,1
81667,1
81668,1
81669,1
81670,1
81671,1
81672,1
81673,1
81674,1
81675,1
81676,1
81677,1
81678,1
81679,1
81680,1
81681,1
81682,1
81683,1
81684,1
81685,1
81686,1
81687,1
81688,1
81689,1
81690,1
81691,1
81692,1
81693,1
81694,1
81695,1
81696,1
81697,1
81698,1
81699,1
81700,1
81701,1
81702,1
81703,1
81704,1
81705,1
81706,1
81707,1
81708,1
81709,1
81710,1
81711,1
81712,1
81713,1
81714,1
81715,1
81716,1
81717,1
81718,1
81719,1
81720,1
81721,1
81722,1
81723,1
81724,1
81725,1
81726,1
81727,1
81728,1
81729,1
81730,1
81731,1
81732,1
81733,1
81734,1
81735,1
81736,1
81737,1
81738,1
81739,1
81740,1
81741,1
81742,1
81743,1
81744,1
81745,1
81746,1
81747,1
81748,1
81749,1
81750,1
81751,1
81752,1
81753,1
81754,1
81755,1
81756,1
81757,1
81758,1
81759,1
81760,1
81761,1
81762,1
81763,1
81764,1
81765,1
81766,1
81767,1
81768,1
81769,1
81770,1
81771,1
81772,1
81773,1
81774,1
81775,1
81776,1
81777,1
81778,1
81779,1
81780,1
81781,1
81782,1
81783,1
81784,1
81785,1
81786,1
81787,1
81788,1
81789,1
81790,1
81791,1
81792,1
81793,1
81794,1
81795,1
81796,1
81797,1
81798,1
81799,1
81800,1
81801,1
81802,1
81803,1
81804,1
81805,1
81806,1
81807,1
81808,1
81809,1
81810,1
81811,1
81812,1
81813,1
81814,1
81815,1
81816,1
81817,1
81818,1
81819,1
81820,1
81821,1
81822,1
81823,1
81824,1
81825,1
81826,1
81827,1
81828,1
81829,1
81830,1
81831,1
81832,1
81833,1
81834,1
81835,1
81836,1
81837,1
81838,1
81839,1
81840,1
81841,1
81842,1
81843,1
81844,1
81845,1
81846,1
81847,1
81848,1
81849,1
81850,1
81851,1
81852,1
81853,1
81854,1
81855,1
81856,1
81857,1
81858,1
81859,1
81860,1
81861,1
81862,1
81863,1
81864,1
81865,1
81866,1
81867,1
81868,1
81869,1
81870,1
81871,1
81872,1
81873,1
81874,1
81875,1
81876,1
81877,1
81878,1
81879,1
81880,1
81881,1
81882,1
81883,1
81884,1
81885,1
81886,1
81887,1
81888,1
81889,1
81890,1
81891,1
81892,1
81893,1
81894,1
81895,1
81896,1
81897,1
81898,1
81899,1
81900,1
81901,1
81902,1
81903,1
81904,1
81905,1
81906,1
81907,1
81908,1
81909,1
81910,1
81911,1
81912,1
81913,1
81914,1
81915,1
81916,1
81917,1
81918,1
81919,1
81920,1
81921,1
81922,1
81923,1
81924,1
81925,1
81926,1
81927,1
81928,1
81929,1
81930,1
81931,1
81932,1
81933,1
81934,1
81935,1
81936,1
81937,1
81938,1
81939,1
81940,1
81941,1
81942,1
81943,1
81944,1
81945,1
81946,1
81947,1
81948,1
81949,1
81950,1
81951,1
81952,1
81953,1
81954,1
81955,1
81956,1
81957,1
81958,1
81959,1
81960,1
81961,1
81962,1
81963,1
81964,1
81965,1
81966,1
81967,1
81968,1
81969,1
81970,1
81971,1
81972,1
81973,1
81974,1
81975,1
81976,1
81977,1
81978,1
81979,1
81980,1
81981,1
81982,1
81983,1
81984,1
81985,1
81986,1
81987,1
81988,1
81989,1
81990,1
81991,1
81992,1
81993,1
81994,1
81995,1
81996,1
81997,1
81998,1
81999,1
82000,1
82001,1
82002,1
82003,1
82004,1
82005,1
82006,1
82007,1
82008,1
82009,1
82010,1
82011,1
82012,1
82013,1
82014,1
82015,1
82016,1
82017,1
82018,1
82019,1
82020,1
82021,1
82022,1
82023,1
82024,1
82025,1
82026,1
82027,1
82028,1
82029,1
82030,1
82031,1
82032,1
82033,1
82034,1
82035,1
82036,1
82037,1
82038,1
82039,1
82040,1
82041,1
82042,1
82043,1
82044,1
82045,1
82046,1
82047,1
82048,1
82049,1
82050,1
82051,1
82052,1
82053,1
82054,1
82055,1
82056,1
82057,1
82058,1
82059,1
82060,1
82061,1
82062,1
82063,1
82064,1
82065,1
82066,1
82067,1
82068,1
82069,1
82070,1
82071,1
82072,1
82073,1
82074,1
82075,1
82076,1
82077,1
82078,1
82079,1
82080,1
82081,1
82082,1
82083,1
82084,1
82085,1
82086,1
82087,1
82088,1
82089,1
82090,1
82091,1
82092,1
82093,1
82094,1
82095,1
82096,1
82097,1
82098,1
82099,1
82100,1
82101,1
82102,1
82103,1
82104,1
82105,1
82106,1
82107,1
82108,1
82109,1
82110,1
82111,1
82112,1
82113,1
82114,1
82115,1
82116,1
82117,1
82118,1
82119,1
82120,1
82121,1
82122,1
82123,1
82124,1
82125,1
82126,1
82127,1
82128,1
82129,1
82130,1
82131,1
82132,1
82133,1
82134,1
82135,1
82136,1
82137,1
82138,1
82139,1
82140,1
82141,1
82142,1
82143,1
82144,1
82145,1
82146,1
82147,1
82148,1
82149,1
82150,1
82151,1
82152,1
82153,1
82154,1
82155,1
82156,1
82157,1
82158,1
82159,1
82160,1
82161,1
82162,1
82163,1
82164,1
82165,1
82166,1
82167,1
82168,1
82169,1
82170,1
82171,1
82172,1
82173,1
82174,1
82175,1
82176,1
82177,1
82178,1
82179,1
82180,1
82181,1
82182,1
82183,1
82184,1
82185,1
82186,1
82187,1
82188,1
82189,1
82190,1
82191,1
82192,1
82193,1
82194,1
82195,1
82196,1
82197,1
82198,1
82199,1
82200,1
82201,1
82202,1
82203,1
82204,1
82205,1
82206,1
82207,1
82208,1
82209,1
82210,1
82211,1
82212,1
82213,1
82214,1
82215,1
82216,1
82217,1
82218,1
82219,1
82220,1
82221,1
82222,1
82223,1
82224,1
82225,1
82226,1
82227,1
82228,1
82229,1
82230,1
82231,1
82232,1
82233,1
82234,1
82235,1
82236,1
82237,1
82238,1
82239,1
82240,1
82241,1
82242,1
82243,1
82244,1
82245,1
82246,1
82247,1
82248,1
82249,1
82250,1
82251,1
82252,1
82253,1
82254,1
82255,1
82256,1
82257,1
82258,1
82259,1
82260,1
82261,1
82262,1
82263,1
82264,1
82265,1
82266,1
82267,1
82268,1
82269,1
82270,1
82271,1
82272,1
82273,1
82274,1
82275,1
82276,1
82277,1
82278,1
82279,1
82280,1
82281,1
82282,1
82283,1
82284,1
82285,1
82286,1
82287,1
82288,1
82289,1
82290,1
82291,1
82292,1
82293,1
82294,1
82295,1
82296,1
82297,1
82298,1
82299,1
82300,1
82301,1
82302,1
82303,1
82304,1
82305,1
82306,1
82307,1
82308,1
82309,1
82310,1
82311,1
82312,1
82313,1
82314,1
82315,1
82316,1
82317,1
82318,1
82319,1
82320,1
82321,1
82322,1
82323,1
82324,1
82325,1
82326,1
82327,1
82328,1
82329,1
82330,1
82331,1
82332,1
82333,1
82334,1
82335,1
82336,1
82337,1
82338,1
82339,1
82340,1
82341,1
82342,1
82343,1
82344,1
82345,1
82346,1
82347,1
82348,1
82349,1
82350,1
82351,1
82352,1
82353,1
82354,1
82355,1
82356,1
82357,1
82358,1
82359,1
82360,1
82361,1
82362,1
82363,1
82364,1
82365,1
82366,1
82367,1
82368,1
82369,1
82370,1
82371,1
82372,1
82373,1
82374,1
82375,1
82376,1
82377,1
82378,1
82379,1
82380,1
82381,1
82382,1
82383,1
82384,1
82385,1
82386,1
82387,1
82388,1
82389,1
82390,1
82391,1
82392,1
82393,1
82394,1
82395,1
82396,1
82397,1
82398,1
82399,1
82400,1
82401,1
82402,1
82403,1
82404,1
82405,1
82406,1
82407,1
82408,1
82409,1
82410,1
82411,1
82412,1
82413,1
82414,1
82415,1
82416,1
82417,1
82418,1
82419,1
82420,1
82421,1
82422,1
82423,1
82424,1
82425,1
82426,1
82427,1
82428,1
82429,1
82430,1
82431,1
82432,1
82433,1
82434,1
82435,1
82436,1
82437,1
82438,1
82439,1
82440,1
82441,1
82442,1
82443,1
82444,1
82445,1
82446,1
82447,1
82448,1
82449,1
82450,1
82451,1
82452,1
82453,1
82454,1
82455,1
82456,1
82457,1
82458,1
82459,1
82460,1
82461,1
82462,1
82463,1
82464,1
82465,1
82466,1
82467,1
82468,1
82469,1
82470,1
82471,1
82472,1
82473,1
82474,1
82475,1
82476,1
82477,1
82478,1
82479,1
82480,1
82481,1
82482,1
82483,1
82484,1
82485,1
82486,1
82487,1
82488,1
82489,1
82490,1
82491,1
82492,1
82493,1
82494,1
82495,1
82496,1
82497,1
82498,1
82499,1
82500,1
82501,1
82502,1
82503,1
82504,1
82505,1
82506,1
82507,1
82508,1
82509,1
82510,1
82511,1
82512,1
82513,1
82514,1
82515,1
82516,1
82517,1
82518,1
82519,1
82520,1
82521,1
82522,1
82523,1
82524,1
82525,1
82526,1
82527,1
82528,1
82529,1
82530,1
82531,1
82532,1
82533,1
82534,1
82535,1
82536,1
82537,1
82538,1
82539,1
82540,1
82541,1
82542,1
82543,1
82544,1
82545,1
82546,1
82547,1
82548,1
82549,1
82550,1
82551,1
82552,1
82553,1
82554,1
82555,1
82556,1
82557,1
82558,1
82559,1
82560,1
82561,1
82562,1
82563,1
82564,1
82565,1
82566,1
82567,1
82568,1
82569,1
82570,1
82571,1
82572,1
82573,1
82574,1
82575,1
82576,1
82577,1
82578,1
82579,1
82580,1
82581,1
82582,1
82583,1
82584,1
82585,1
82586,1
82587,1
82588,1
82589,1
82590,1
82591,1
82592,1
82593,1
82594,1
82595,1
82596,1
82597,1
82598,1
82599,1
82600,1
82601,1
82602,1
82603,1
82604,1
82605,1
82606,1
82607,1
82608,1
82609,1
82610,1
82611,1
82612,1
82613,1
82614,1
82615,1
82616,1
82617,1
82618,1
82619,1
82620,1
82621,1
82622,1
82623,1
82624,1
82625,1
82626,1
82627,1
82628,1
82629,1
82630,1
82631,1
82632,1
82633,1
82634,1
82635,1
82636,1
82637,1
82638,1
82639,1
82640,1
82641,1
82642,1
82643,1
82644,1
82645,1
82646,1
82647,1
82648,1
82649,1
82650,1
82651,1
82652,1
82653,1
82654,1
82655,1
82656,1
82657,1
82658,1
82659,1
82660,1
82661,1
82662,1
82663,1
82664,1
82665,1
82666,1
82667,1
82668,1
82669,1
82670,1
82671,1
82672,1
82673,1
82674,1
82675,1
82676,1
82677,1
82678,1
82679,1
82680,1
82681,1
82682,1
82683,1
82684,1
82685,1
82686,1
82687,1
82688,1
82689,1
82690,1
82691,1
82692,1
82693,1
82694,1
82695,1
82696,1
82697,1
82698,1
82699,1
82700,1
82701,1
82702,1
82703,1
82704,1
82705,1
82706,1
82707,1
82708,1
82709,1
82710,1
82711,1
82712,1
82713,1
82714,1
82715,1
82716,1
82717,1
82718,1
82719,1
82720,1
82721,1
82722,1
82723,1
82724,1
82725,1
82726,1
82727,1
82728,1
82729,1
82730,1
82731,1
82732,1
82733,1
82734,1
82735,1
82736,1
82737,1
82738,1
82739,1
82740,1
82741,1
82742,1
82743,1
82744,1
82745,1
82746,1
82747,1
82748,1
82749,1
82750,1
82751,1
82752,1
82753,1
82754,1
82755,1
82756,1
82757,1
82758,1
82759,1
82760,1
82761,1
82762,1
82763,1
82764,1
82765,1
82766,1
82767,1
82768,1
82769,1
82770,1
82771,1
82772,1
82773,1
82774,1
82775,1
82776,1
82777,1
82778,1
82779,1
82780,1
82781,1
82782,1
82783,1
82784,1
82785,1
82786,1
82787,1
82788,1
82789,1
82790,1
82791,1
82792,1
82793,1
82794,1
82795,1
82796,1
82797,1
82798,1
82799,1
82800,1
82801,1
82802,1
82803,1
82804,1
82805,1
82806,1
82807,1
82808,1
82809,1
82810,1
82811,1
82812,1
82813,1
82814,1
82815,1
82816,1
82817,1
82818,1
82819,1
82820,1
82821,1
82822,1
82823,1
82824,1
82825,1
82826,1
82827,1
82828,1
82829,1
82830,1
82831,1
82832,1
82833,1
82834,1
82835,1
82836,1
82837,1
82838,1
82839,1
82840,1
82841,1
82842,1
82843,1
82844,1
82845,1
82846,1
82847,1
82848,1
82849,1
82850,1
82851,1
82852,1
82853,1
82854,1
82855,1
82856,1
82857,1
82858,1
82859,1
82860,1
82861,1
82862,1
82863,1
82864,1
82865,1
82866,1
82867,1
82868,1
82869,1
82870,1
82871,1
82872,1
82873,1
82874,1
82875,1
82876,1
82877,1
82878,1
82879,1
82880,1
82881,1
82882,1
82883,1
82884,1
82885,1
82886,1
82887,1
82888,1
82889,1
82890,1
82891,1
82892,1
82893,1
82894,1
82895,1
82896,1
82897,1
82898,1
82899,1
82900,1
82901,1
82902,1
82903,1
82904,1
82905,1
82906,1
82907,1
82908,1
82909,1
82910,1
82911,1
82912,1
82913,1
82914,1
82915,1
82916,1
82917,1
82918,1
82919,1
82920,1
82921,1
82922,1
82923,1
82924,1
82925,1
82926,1
82927,1
82928,1
82929,1
82930,1
82931,1
82932,1
82933,1
82934,1
82935,1
82936,1
82937,1
82938,1
82939,1
82940,1
82941,1
82942,1
82943,1
82944,1
82945,1
82946,1
82947,1
82948,1
82949,1
82950,1
82951,1
82952,1
82953,1
82954,1
82955,1
82956,1
82957,1
82958,1
82959,1
82960,1
82961,1
82962,1
82963,1
82964,1
82965,1
82966,1
82967,1
82968,1
82969,1
82970,1
82971,1
82972,1
82973,1
82974,1
82975,1
82976,1
82977,1
82978,1
82979,1
82980,1
82981,1
82982,1
82983,1
82984,1
82985,1
82986,1
82987,1
82988,1
82989,1
82990,1
82991,1
82992,1
82993,1
82994,1
82995,1
82996,1
82997,1
82998,1
82999,1
83000,1
83001,1
83002,1
83003,1
83004,1
83005,1
83006,1
83007,1
83008,1
83009,1
83010,1
83011,1
83012,1
83013,1
83014,1
83015,1
83016,1
83017,1
83018,1
83019,1
83020,1
83021,1
83022,1
83023,1
83024,1
83025,1
83026,1
83027,1
83028,1
83029,1
83030,1
83031,1
83032,1
83033,1
83034,1
83035,1
83036,1
83037,1
83038,1
83039,1
83040,1
83041,1
83042,1
83043,1
83044,1
83045,1
83046,1
83047,1
83048,1
83049,1
83050,1
83051,1
83052,1
83053,1
83054,1
83055,1
83056,1
83057,1
83058,1
83059,1
83060,1
83061,1
83062,1
83063,1
83064,1
83065,1
83066,1
83067,1
83068,1
83069,1
83070,1
83071,1
83072,1
83073,1
83074,1
83075,1
83076,1
83077,1
83078,1
83079,1
83080,1
83081,1
83082,1
83083,1
83084,1
83085,1
83086,1
83087,1
83088,1
83089,1
83090,1
83091,1
83092,1
83093,1
83094,1
83095,1
83096,1
83097,1
83098,1
83099,1
83100,1
83101,1
83102,1
83103,1
83104,1
83105,1
83106,1
83107,1
83108,1
83109,1
83110,1
83111,1
83112,1
83113,1
83114,1
83115,1
83116,1
83117,1
83118,1
83119,1
83120,1
83121,1
83122,1
83123,1
83124,1
83125,1
83126,1
83127,1
83128,1
83129,1
83130,1
83131,1
83132,1
83133,1
83134,1
83135,1
83136,1
83137,1
83138,1
83139,1
83140,1
83141,1
83142,1
83143,1
83144,1
83145,1
83146,1
83147,1
83148,1
83149,1
83150,1
83151,1
83152,1
83153,1
83154,1
83155,1
83156,1
83157,1
83158,1
83159,1
83160,1
83161,1
83162,1
83163,1
83164,1
83165,1
83166,1
83167,1
83168,1
83169,1
83170,1
83171,1
83172,1
83173,1
83174,1
83175,1
83176,1
83177,1
83178,1
83179,1
83180,1
83181,1
83182,1
83183,1
83184,1
83185,1
83186,1
83187,1
83188,1
83189,1
83190,1
83191,1
83192,1
83193,1
83194,1
83195,1
83196,1
83197,1
83198,1
83199,1
83200,1
83201,1
83202,1
83203,1
83204,1
83205,1
83206,1
83207,1
83208,1
83209,1
83210,1
83211,1
83212,1
83213,1
83214,1
83215,1
83216,1
83217,1
83218,1
83219,1
83220,1
83221,1
83222,1
83223,1
83224,1
83225,1
83226,1
83227,1
83228,1
83229,1
83230,1
83231,1
83232,1
83233,1
83234,1
83235,1
83236,1
83237,1
83238,1
83239,1
83240,1
83241,1
83242,1
83243,1
83244,1
83245,1
83246,1
83247,1
83248,1
83249,1
83250,1
83251,1
83252,1
83253,1
83254,1
83255,1
83256,1
83257,1
83258,1
83259,1
83260,1
83261,1
83262,1
83263,1
83264,1
83265,1
83266,1
83267,1
83268,1
83269,1
83270,1
83271,1
83272,1
83273,1
83274,1
83275,1
83276,1
83277,1
83278,1
83279,1
83280,1
83281,1
83282,1
83283,1
83284,1
83285,1
83286,1
83287,1
83288,1
83289,1
83290,1
83291,1
83292,1
83293,1
83294,1
83295,1
83296,1
83297,1
83298,1
83299,1
83300,1
83301,1
83302,1
83303,1
83304,1
83305,1
83306,1
83307,1
83308,1
83309,1
83310,1
83311,1
83312,1
83313,1
83314,1
83315,1
83316,1
83317,1
83318,1
83319,1
83320,1
83321,1
83322,1
83323,1
83324,1
83325,1
83326,1
83327,1
83328,1
83329,1
83330,1
83331,1
83332,1
83333,1
83334,1
83335,1
83336,1
83337,1
83338,1
83339,1
83340,1
83341,1
83342,1
83343,1
83344,1
83345,1
83346,1
83347,1
83348,1
83349,1
83350,1
83351,1
83352,1
83353,1
83354,1
83355,1
83356,1
83357,1
83358,1
83359,1
83360,1
83361,1
83362,1
83363,1
83364,1
83365,1
83366,1
83367,1
83368,1
83369,1
83370,1
83371,1
83372,1
83373,1
83374,1
83375,1
83376,1
83377,1
83378,1
83379,1
83380,1
83381,1
83382,1
83383,1
83384,1
83385,1
83386,1
83387,1
83388,1
83389,1
83390,1
83391,1
83392,1
83393,1
83394,1
83395,1
83396,1
83397,1
83398,1
83399,1
83400,1
83401,1
83402,1
83403,1
83404,1
83405,1
83406,1
83407,1
83408,1
83409,1
83410,1
83411,1
83412,1
83413,1
83414,1
83415,1
83416,1
83417,1
83418,1
83419,1
83420,1
83421,1
83422,1
83423,1
83424,1
83425,1
83426,1
83427,1
83428,1
83429,1
83430,1
83431,1
83432,1
83433,1
83434,1
83435,1
83436,1
83437,1
83438,1
83439,1
83440,1
83441,1
83442,1
83443,1
83444,1
83445,1
83446,1
83447,1
83448,1
83449,1
83450,1
83451,1
83452,1
83453,1
83454,1
83455,1
83456,1
83457,1
83458,1
83459,1
83460,1
83461,1
83462,1
83463,1
83464,1
83465,1
83466,1
83467,1
83468,1
83469,1
83470,1
83471,1
83472,1
83473,1
83474,1
83475,1
83476,1
83477,1
83478,1
83479,1
83480,1
83481,1
83482,1
83483,1
83484,1
83485,1
83486,1
83487,1
83488,1
83489,1
83490,1
83491,1
83492,1
83493,1
83494,1
83495,1
83496,1
83497,1
83498,1
83499,1
83500,1
83501,1
83502,1
83503,1
83504,1
83505,1
83506,1
83507,1
83508,1
83509,1
83510,1
83511,1
83512,1
83513,1
83514,1
83515,1
83516,1
83517,1
83518,1
83519,1
83520,1
83521,1
83522,1
83523,1
83524,1
83525,1
83526,1
83527,1
83528,1
83529,1
83530,1
83531,1
83532,1
83533,1
83534,1
83535,1
83536,1
83537,1
83538,1
83539,1
83540,1
83541,1
83542,1
83543,1
83544,1
83545,1
83546,1
83547,1
83548,1
83549,1
83550,1
83551,1
83552,1
83553,1
83554,1
83555,1
83556,1
83557,1
83558,1
83559,1
83560,1
83561,1
83562,1
83563,1
83564,1
83565,1
83566,1
83567,1
83568,1
83569,1
83570,1
83571,1
83572,1
83573,1
83574,1
83575,1
83576,1
83577,1
83578,1
83579,1
83580,1
83581,1
83582,1
83583,1
83584,1
83585,1
83586,1
83587,1
83588,1
83589,1
83590,1
83591,1
83592,1
83593,1
83594,1
83595,1
83596,1
83597,1
83598,1
83599,1
83600,1
83601,1
83602,1
83603,1
83604,1
83605,1
83606,1
83607,1
83608,1
83609,1
83610,1
83611,1
83612,1
83613,1
83614,1
83615,1
83616,1
83617,1
83618,1
83619,1
83620,1
83621,1
83622,1
83623,1
83624,1
83625,1
83626,1
83627,1
83628,1
83629,1
83630,1
83631,1
83632,1
83633,1
83634,1
83635,1
83636,1
83637,1
83638,1
83639,1
83640,1
83641,1
83642,1
83643,1
83644,1
83645,1
83646,1
83647,1
83648,1
83649,1
83650,1
83651,1
83652,1
83653,1
83654,1
83655,1
83656,1
83657,1
83658,1
83659,1
83660,1
83661,1
83662,1
83663,1
83664,1
83665,1
83666,1
83667,1
83668,1
83669,1
83670,1
83671,1
83672,1
83673,1
83674,1
83675,1
83676,1
83677,1
83678,1
83679,1
83680,1
83681,1
83682,1
83683,1
83684,1
83685,1
83686,1
83687,1
83688,1
83689,1
83690,1
83691,1
83692,1
83693,1
83694,1
83695,1
83696,1
83697,1
83698,1
83699,1
83700,1
83701,1
83702,1
83703,1
83704,1
83705,1
83706,1
83707,1
83708,1
83709,1
83710,1
83711,1
83712,1
83713,1
83714,1
83715,1
83716,1
83717,1
83718,1
83719,1
83720,1
83721,1
83722,1
83723,1
83724,1
83725,1
83726,1
83727,1
83728,1
83729,1
83730,1
83731,1
83732,1
83733,1
83734,1
83735,1
83736,1
83737,1
83738,1
83739,1
83740,1
83741,1
83742,1
83743,1
83744,1
83745,1
83746,1
83747,1
83748,1
83749,1
83750,1
83751,1
83752,1
83753,1
83754,1
83755,1
83756,1
83757,1
83758,1
83759,1
83760,1
83761,1
83762,1
83763,1
83764,1
83765,1
83766,1
83767,1
83768,1
83769,1
83770,1
83771,1
83772,1
83773,1
83774,1
83775,1
83776,1
83777,1
83778,1
83779,1
83780,1
83781,1
83782,1
83783,1
83784,1
83785,1
83786,1
83787,1
83788,1
83789,1
83790,1
83791,1
83792,1
83793,1
83794,1
83795,1
83796,1
83797,1
83798,1
83799,1
83800,1
83801,1
83802,1
83803,1
83804,1
83805,1
83806,1
83807,1
83808,1
83809,1
83810,1
83811,1
83812,1
83813,1
83814,1
83815,1
83816,1
83817,1
83818,1
83819,1
83820,1
83821,1
83822,1
83823,1
83824,1
83825,1
83826,1
83827,1
83828,1
83829,1
83830,1
83831,1
83832,1
83833,1
83834,1
83835,1
83836,1
83837,1
83838,1
83839,1
83840,1
83841,1
83842,1
83843,1
83844,1
83845,1
83846,1
83847,1
83848,1
83849,1
83850,1
83851,1
83852,1
83853,1
83854,1
83855,1
83856,1
83857,1
83858,1
83859,1
83860,1
83861,1
83862,1
83863,1
83864,1
83865,1
83866,1
83867,1
83868,1
83869,1
83870,1
83871,1
83872,1
83873,1
83874,1
83875,1
83876,1
83877,1
83878,1
83879,1
83880,1
83881,1
83882,1
83883,1
83884,1
83885,1
83886,1
83887,1
83888,1
83889,1
83890,1
83891,1
83892,1
83893,1
83894,1
83895,1
83896,1
83897,1
83898,1
83899,1
83900,1
83901,1
83902,1
83903,1
83904,1
83905,1
83906,1
83907,1
83908,1
83909,1
83910,1
83911,1
83912,1
83913,1
83914,1
83915,1
83916,1
83917,1
83918,1
83919,1
83920,1
83921,1
83922,1
83923,1
83924,1
83925,1
83926,1
83927,1
83928,1
83929,1
83930,1
83931,1
83932,1
83933,1
83934,1
83935,1
83936,1
83937,1
83938,1
83939,1
83940,1
83941,1
83942,1
83943,1
83944,1
83945,1
83946,1
83947,1
83948,1
83949,1
83950,1
83951,1
83952,1
83953,1
83954,1
83955,1
83956,1
83957,1
83958,1
83959,1
83960,1
83961,1
83962,1
83963,1
83964,1
83965,1
83966,1
83967,1
83968,1
83969,1
83970,1
83971,1
83972,1
83973,1
83974,1
83975,1
83976,1
83977,1
83978,1
83979,1
83980,1
83981,1
83982,1
83983,1
83984,1
83985,1
83986,1
83987,1
83988,1
83989,1
83990,1
83991,1
83992,1
83993,1
83994,1
83995,1
83996,1
83997,1
83998,1
83999,1
84000,1
84001,1
84002,1
84003,1
84004,1
84005,1
84006,1
84007,1
84008,1
84009,1
84010,1
84011,1
84012,1
84013,1
84014,1
84015,1
84016,1
84017,1
84018,1
84019,1
84020,1
84021,1
84022,1
84023,1
84024,1
84025,1
84026,1
84027,1
84028,1
84029,1
84030,1
84031,1
84032,1
84033,1
84034,1
84035,1
84036,1
84037,1
84038,1
84039,1
84040,1
84041,1
84042,1
84043,1
84044,1
84045,1
84046,1
84047,1
84048,1
84049,1
84050,1
84051,1
84052,1
84053,1
84054,1
84055,1
84056,1
84057,1
84058,1
84059,1
84060,1
84061,1
84062,1
84063,1
84064,1
84065,1
84066,1
84067,1
84068,1
84069,1
84070,1
84071,1
84072,1
84073,1
84074,1
84075,1
84076,1
84077,1
84078,1
84079,1
84080,1
84081,1
84082,1
84083,1
84084,1
84085,1
84086,1
84087,1
84088,1
84089,1
84090,1
84091,1
84092,1
84093,1
84094,1
84095,1
84096,1
84097,1
84098,1
84099,1
84100,1
84101,1
84102,1
84103,1
84104,1
84105,1
84106,1
84107,1
84108,1
84109,1
84110,1
84111,1
84112,1
84113,1
84114,1
84115,1
84116,1
84117,1
84118,1
84119,1
84120,1
84121,1
84122,1
84123,1
84124,1
84125,1
84126,1
84127,1
84128,1
84129,1
84130,1
84131,1
84132,1
84133,1
84134,1
84135,1
84136,1
84137,1
84138,1
84139,1
84140,1
84141,1
84142,1
84143,1
84144,1
84145,1
84146,1
84147,1
84148,1
84149,1
84150,1
84151,1
84152,1
84153,1
84154,1
84155,1
84156,1
84157,1
84158,1
84159,1
84160,1
84161,1
84162,1
84163,1
84164,1
84165,1
84166,1
84167,1
84168,1
84169,1
84170,1
84171,1
84172,1
84173,1
84174,1
84175,1
84176,1
84177,1
84178,1
84179,1
84180,1
84181,1
84182,1
84183,1
84184,1
84185,1
84186,1
84187,1
84188,1
84189,1
84190,1
84191,1
84192,1
84193,1
84194,1
84195,1
84196,1
84197,1
84198,1
84199,1
84200,1
84201,1
84202,1
84203,1
84204,1
84205,1
84206,1
84207,1
84208,1
84209,1
84210,1
84211,1
84212,1
84213,1
84214,1
84215,1
84216,1
84217,1
84218,1
84219,1
84220,1
84221,1
84222,1
84223,1
84224,1
84225,1
84226,1
84227,1
84228,1
84229,1
84230,1
84231,1
84232,1
84233,1
84234,1
84235,1
84236,1
84237,1
84238,1
84239,1
84240,1
84241,1
84242,1
84243,1
84244,1
84245,1
84246,1
84247,1
84248,1
84249,1
84250,1
84251,1
84252,1
84253,1
84254,1
84255,1
84256,1
84257,1
84258,1
84259,1
84260,1
84261,1
84262,1
84263,1
84264,1
84265,1
84266,1
84267,1
84268,1
84269,1
84270,1
84271,1
84272,1
84273,1
84274,1
84275,1
84276,1
84277,1
84278,1
84279,1
84280,1
84281,1
84282,1
84283,1
84284,1
84285,1
84286,1
84287,1
84288,1
84289,1
84290,1
84291,1
84292,1
84293,1
84294,1
84295,1
84296,1
84297,1
84298,1
84299,1
84300,1
84301,1
84302,1
84303,1
84304,1
84305,1
84306,1
84307,1
84308,1
84309,1
84310,1
84311,1
84312,1
84313,1
84314,1
84315,1
84316,1
84317,1
84318,1
84319,1
84320,1
84321,1
84322,1
84323,1
84324,1
84325,1
84326,1
84327,1
84328,1
84329,1
84330,1
84331,1
84332,1
84333,1
84334,1
84335,1
84336,1
84337,1
84338,1
84339,1
84340,1
84341,1
84342,1
84343,1
84344,1
84345,1
84346,1
84347,1
84348,1
84349,1
84350,1
84351,1
84352,1
84353,1
84354,1
84355,1
84356,1
84357,1
84358,1
84359,1
84360,1
84361,1
84362,1
84363,1
84364,1
84365,1
84366,1
84367,1
84368,1
84369,1
84370,1
84371,1
84372,1
84373,1
84374,1
84375,1
84376,1
84377,1
84378,1
84379,1
84380,1
84381,1
84382,1
84383,1
84384,1
84385,1
84386,1
84387,1
84388,1
84389,1
84390,1
84391,1
84392,1
84393,1
84394,1
84395,1
84396,1
84397,1
84398,1
84399,1
84400,1
84401,1
84402,1
84403,1
84404,1
84405,1
84406,1
84407,1
84408,1
84409,1
84410,1
84411,1
84412,1
84413,1
84414,1
84415,1
84416,1
84417,1
84418,1
84419,1
84420,1
84421,1
84422,1
84423,1
84424,1
84425,1
84426,1
84427,1
84428,1
84429,1
84430,1
84431,1
84432,1
84433,1
84434,1
84435,1
84436,1
84437,1
84438,1
84439,1
84440,1
84441,1
84442,1
84443,1
84444,1
84445,1
84446,1
84447,1
84448,1
84449,1
84450,1
84451,1
84452,1
84453,1
84454,1
84455,1
84456,1
84457,1
84458,1
84459,1
84460,1
84461,1
84462,1
84463,1
84464,1
84465,1
84466,1
84467,1
84468,1
84469,1
84470,1
84471,1
84472,1
84473,1
84474,1
84475,1
84476,1
84477,1
84478,1
84479,1
84480,1
84481,1
84482,1
84483,1
84484,1
84485,1
84486,1
84487,1
84488,1
84489,1
84490,1
84491,1
84492,1
84493,1
84494,1
84495,1
84496,1
84497,1
84498,1
84499,1
84500,1
84501,1
84502,1
84503,1
84504,1
84505,1
84506,1
84507,1
84508,1
84509,1
84510,1
84511,1
84512,1
84513,1
84514,1
84515,1
84516,1
84517,1
84518,1
84519,1
84520,1
84521,1
84522,1
84523,1
84524,1
84525,1
84526,1
84527,1
84528,1
84529,1
84530,1
84531,1
84532,1
84533,1
84534,1
84535,1
84536,1
84537,1
84538,1
84539,1
84540,1
84541,1
84542,1
84543,1
84544,1
84545,1
84546,1
84547,1
84548,1
84549,1
84550,1
84551,1
84552,1
84553,1
84554,1
84555,1
84556,1
84557,1
84558,1
84559,1
84560,1
84561,1
84562,1
84563,1
84564,1
84565,1
84566,1
84567,1
84568,1
84569,1
84570,1
84571,1
84572,1
84573,1
84574,1
84575,1
84576,1
84577,1
84578,1
84579,1
84580,1
84581,1
84582,1
84583,1
84584,1
84585,1
84586,1
84587,1
84588,1
84589,1
84590,1
84591,1
84592,1
84593,1
84594,1
84595,1
84596,1
84597,1
84598,1
84599,1
84600,1
84601,1
84602,1
84603,1
84604,1
84605,1
84606,1
84607,1
84608,1
84609,1
84610,1
84611,1
84612,1
84613,1
84614,1
84615,1
84616,1
84617,1
84618,1
84619,1
84620,1
84621,1
84622,1
84623,1
84624,1
84625,1
84626,1
84627,1
84628,1
84629,1
84630,1
84631,1
84632,1
84633,1
84634,1
84635,1
84636,1
84637,1
84638,1
84639,1
84640,1
84641,1
84642,1
84643,1
84644,1
84645,1
84646,1
84647,1
84648,1
84649,1
84650,1
84651,1
84652,1
84653,1
84654,1
84655,1
84656,1
84657,1
84658,1
84659,1
84660,1
84661,1
84662,1
84663,1
84664,1
84665,1
84666,1
84667,1
84668,1
84669,1
84670,1
84671,1
84672,1
84673,1
84674,1
84675,1
84676,1
84677,1
84678,1
84679,1
84680,1
84681,1
84682,1
84683,1
84684,1
84685,1
84686,1
84687,1
84688,1
84689,1
84690,1
84691,1
84692,1
84693,1
84694,1
84695,1
84696,1
84697,1
84698,1
84699,1
84700,1
84701,1
84702,1
84703,1
84704,1
84705,1
84706,1
84707,1
84708,1
84709,1
84710,1
84711,1
84712,1
84713,1
84714,1
84715,1
84716,1
84717,1
84718,1
84719,1
84720,1
84721,1
84722,1
84723,1
84724,1
84725,1
84726,1
84727,1
84728,1
84729,1
84730,1
84731,1
84732,1
84733,1
84734,1
84735,1
84736,1
84737,1
84738,1
84739,1
84740,1
84741,1
84742,1
84743,1
84744,1
84745,1
84746,1
84747,1
84748,1
84749,1
84750,1
84751,1
84752,1
84753,1
84754,1
84755,1
84756,1
84757,1
84758,1
84759,1
84760,1
84761,1
84762,1
84763,1
84764,1
84765,1
84766,1
84767,1
84768,1
84769,1
84770,1
84771,1
84772,1
84773,1
84774,1
84775,1
84776,1
84777,1
84778,1
84779,1
84780,1
84781,1
84782,1
84783,1
84784,1
84785,1
84786,1
84787,1
84788,1
84789,1
84790,1
84791,1
84792,1
84793,1
84794,1
84795,1
84796,1
84797,1
84798,1
84799,1
84800,1
84801,1
84802,1
84803,1
84804,1
84805,1
84806,1
84807,1
84808,1
84809,1
84810,1
84811,1
84812,1
84813,1
84814,1
84815,1
84816,1
84817,1
84818,1
84819,1
84820,1
84821,1
84822,1
84823,1
84824,1
84825,1
84826,1
84827,1
84828,1
84829,1
84830,1
84831,1
84832,1
84833,1
84834,1
84835,1
84836,1
84837,1
84838,1
84839,1
84840,1
84841,1
84842,1
84843,1
84844,1
84845,1
84846,1
84847,1
84848,1
84849,1
84850,1
84851,1
84852,1
84853,1
84854,1
84855,1
84856,1
84857,1
84858,1
84859,1
84860,1
84861,1
84862,1
84863,1
84864,1
84865,1
84866,1
84867,1
84868,1
84869,1
84870,1
84871,1
84872,1
84873,1
84874,1
84875,1
84876,1
84877,1
84878,1
84879,1
84880,1
84881,1
84882,1
84883,1
84884,1
84885,1
84886,1
84887,1
84888,1
84889,1
84890,1
84891,1
84892,1
84893,1
84894,1
84895,1
84896,1
84897,1
84898,1
84899,1
84900,1
84901,1
84902,1
84903,1
84904,1
84905,1
84906,1
84907,1
84908,1
84909,1
84910,1
84911,1
84912,1
84913,1
84914,1
84915,1
84916,1
84917,1
84918,1
84919,1
84920,1
84921,1
84922,1
84923,1
84924,1
84925,1
84926,1
84927,1
84928,1
84929,1
84930,1
84931,1
84932,1
84933,1
84934,1
84935,1
84936,1
84937,1
84938,1
84939,1
84940,1
84941,1
84942,1
84943,1
84944,1
84945,1
84946,1
84947,1
84948,1
84949,1
84950,1
84951,1
84952,1
84953,1
84954,1
84955,1
84956,1
84957,1
84958,1
84959,1
84960,1
84961,1
84962,1
84963,1
84964,1
84965,1
84966,1
84967,1
84968,1
84969,1
84970,1
84971,1
84972,1
84973,1
84974,1
84975,1
84976,1
84977,1
84978,1
84979,1
84980,1
84981,1
84982,1
84983,1
84984,1
84985,1
84986,1
84987,1
84988,1
84989,1
84990,1
84991,1
84992,1
84993,1
84994,1
84995,1
84996,1
84997,1
84998,1
84999,1
85000,1
85001,1
85002,1
85003,1
85004,1
85005,1
85006,1
85007,1
85008,1
85009,1
85010,1
85011,1
85012,1
85013,1
85014,1
85015,1
85016,1
85017,1
85018,1
85019,1
85020,1
85021,1
85022,1
85023,1
85024,1
85025,1
85026,1
85027,1
85028,1
85029,1
85030,1
85031,1
85032,1
85033,1
85034,1
85035,1
85036,1
85037,1
85038,1
85039,1
85040,1
85041,1
85042,1
85043,1
85044,1
85045,1
85046,1
85047,1
85048,1
85049,1
85050,1
85051,1
85052,1
85053,1
85054,1
85055,1
85056,1
85057,1
85058,1
85059,1
85060,1
85061,1
85062,1
85063,1
85064,1
85065,1
85066,1
85067,1
85068,1
85069,1
85070,1
85071,1
85072,1
85073,1
85074,1
85075,1
85076,1
85077,1
85078,1
85079,1
85080,1
85081,1
85082,1
85083,1
85084,1
85085,1
85086,1
85087,1
85088,1
85089,1
85090,1
85091,1
85092,1
85093,1
85094,1
85095,1
85096,1
85097,1
85098,1
85099,1
85100,1
85101,1
85102,1
85103,1
85104,1
85105,1
85106,1
85107,1
85108,1
85109,1
85110,1
85111,1
85112,1
85113,1
85114,1
85115,1
85116,1
85117,1
85118,1
85119,1
85120,1
85121,1
85122,1
85123,1
85124,1
85125,1
85126,1
85127,1
85128,1
85129,1
85130,1
85131,1
85132,1
85133,1
85134,1
85135,1
85136,1
85137,1
85138,1
85139,1
85140,1
85141,1
85142,1
85143,1
85144,1
85145,1
85146,1
85147,1
85148,1
85149,1
85150,1
85151,1
85152,1
85153,1
85154,1
85155,1
85156,1
85157,1
85158,1
85159,1
85160,1
85161,1
85162,1
85163,1
85164,1
85165,1
85166,1
85167,1
85168,1
85169,1
85170,1
85171,1
85172,1
85173,1
85174,1
85175,1
85176,1
85177,1
85178,1
85179,1
85180,1
85181,1
85182,1
85183,1
85184,1
85185,1
85186,1
85187,1
85188,1
85189,1
85190,1
85191,1
85192,1
85193,1
85194,1
85195,1
85196,1
85197,1
85198,1
85199,1
85200,1
85201,1
85202,1
85203,1
85204,1
85205,1
85206,1
85207,1
85208,1
85209,1
85210,1
85211,1
85212,1
85213,1
85214,1
85215,1
85216,1
85217,1
85218,1
85219,1
85220,1
85221,1
85222,1
85223,1
85224,1
85225,1
85226,1
85227,1
85228,1
85229,1
85230,1
85231,1
85232,1
85233,1
85234,1
85235,1
85236,1
85237,1
85238,1
85239,1
85240,1
85241,1
85242,1
85243,1
85244,1
85245,1
85246,1
85247,1
85248,1
85249,1
85250,1
85251,1
85252,1
85253,1
85254,1
85255,1
85256,1
85257,1
85258,1
85259,1
85260,1
85261,1
85262,1
85263,1
85264,1
85265,1
85266,1
85267,1
85268,1
85269,1
85270,1
85271,1
85272,1
85273,1
85274,1
85275,1
85276,1
85277,1
85278,1
85279,1
85280,1
85281,1
85282,1
85283,1
85284,1
85285,1
85286,1
85287,1
85288,1
85289,1
85290,1
85291,1
85292,1
85293,1
85294,1
85295,1
85296,1
85297,1
85298,1
85299,1
85300,1
85301,1
85302,1
85303,1
85304,1
85305,1
85306,1
85307,1
85308,1
85309,1
85310,1
85311,1
85312,1
85313,1
85314,1
85315,1
85316,1
85317,1
85318,1
85319,1
85320,1
85321,1
85322,1
85323,1
85324,1
85325,1
85326,1
85327,1
85328,1
85329,1
85330,1
85331,1
85332,1
85333,1
85334,1
85335,1
85336,1
85337,1
85338,1
85339,1
85340,1
85341,1
85342,1
85343,1
85344,1
85345,1
85346,1
85347,1
85348,1
85349,1
85350,1
85351,1
85352,1
85353,1
85354,1
85355,1
85356,1
85357,1
85358,1
85359,1
85360,1
85361,1
85362,1
85363,1
85364,1
85365,1
85366,1
85367,1
85368,1
85369,1
85370,1
85371,1
85372,1
85373,1
85374,1
85375,1
85376,1
85377,1
85378,1
85379,1
85380,1
85381,1
85382,1
85383,1
85384,1
85385,1
85386,1
85387,1
85388,1
85389,1
85390,1
85391,1
85392,1
85393,1
85394,1
85395,1
85396,1
85397,1
85398,1
85399,1
85400,1
85401,1
85402,1
85403,1
85404,1
85405,1
85406,1
85407,1
85408,1
85409,1
85410,1
85411,1
85412,1
85413,1
85414,1
85415,1
85416,1
85417,1
85418,1
85419,1
85420,1
85421,1
85422,1
85423,1
85424,1
85425,1
85426,1
85427,1
85428,1
85429,1
85430,1
85431,1
85432,1
85433,1
85434,1
85435,1
85436,1
85437,1
85438,1
85439,1
85440,1
85441,1
85442,1
85443,1
85444,1
85445,1
85446,1
85447,1
85448,1
85449,1
85450,1
85451,1
85452,1
85453,1
85454,1
85455,1
85456,1
85457,1
85458,1
85459,1
85460,1
85461,1
85462,1
85463,1
85464,1
85465,1
85466,1
85467,1
85468,1
85469,1
85470,1
85471,1
85472,1
85473,1
85474,1
85475,1
85476,1
85477,1
85478,1
85479,1
85480,1
85481,1
85482,1
85483,1
85484,1
85485,1
85486,1
85487,1
85488,1
85489,1
85490,1
85491,1
85492,1
85493,1
85494,1
85495,1
85496,1
85497,1
85498,1
85499,1
85500,1
85501,1
85502,1
85503,1
85504,1
85505,1
85506,1
85507,1
85508,1
85509,1
85510,1
85511,1
85512,1
85513,1
85514,1
85515,1
85516,1
85517,1
85518,1
85519,1
85520,1
85521,1
85522,1
85523,1
85524,1
85525,1
85526,1
85527,1
85528,1
85529,1
85530,1
85531,1
85532,1
85533,1
85534,1
85535,1
85536,1
85537,1
85538,1
85539,1
85540,1
85541,1
85542,1
85543,1
85544,1
85545,1
85546,1
85547,1
85548,1
85549,1
85550,1
85551,1
85552,1
85553,1
85554,1
85555,1
85556,1
85557,1
85558,1
85559,1
85560,1
85561,1
85562,1
85563,1
85564,1
85565,1
85566,1
85567,1
85568,1
85569,1
85570,1
85571,1
85572,1
85573,1
85574,1
85575,1
85576,1
85577,1
85578,1
85579,1
85580,1
85581,1
85582,1
85583,1
85584,1
85585,1
85586,1
85587,1
85588,1
85589,1
85590,1
85591,1
85592,1
85593,1
85594,1
85595,1
85596,1
85597,1
85598,1
85599,1
85600,1
85601,1
85602,1
85603,1
85604,1
85605,1
85606,1
85607,1
85608,1
85609,1
85610,1
85611,1
85612,1
85613,1
85614,1
85615,1
85616,1
85617,1
85618,1
85619,1
85620,1
85621,1
85622,1
85623,1
85624,1
85625,1
85626,1
85627,1
85628,1
85629,1
85630,1
85631,1
85632,1
85633,1
85634,1
85635,1
85636,1
85637,1
85638,1
85639,1
85640,1
85641,1
85642,1
85643,1
85644,1
85645,1
85646,1
85647,1
85648,1
85649,1
85650,1
85651,1
85652,1
85653,1
85654,1
85655,1
85656,1
85657,1
85658,1
85659,1
85660,1
85661,1
85662,1
85663,1
85664,1
85665,1
85666,1
85667,1
85668,1
85669,1
85670,1
85671,1
85672,1
85673,1
85674,1
85675,1
85676,1
85677,1
85678,1
85679,1
85680,1
85681,1
85682,1
85683,1
85684,1
85685,1
85686,1
85687,1
85688,1
85689,1
85690,1
85691,1
85692,1
85693,1
85694,1
85695,1
85696,1
85697,1
85698,1
85699,1
85700,1
85701,1
85702,1
85703,1
85704,1
85705,1
85706,1
85707,1
85708,1
85709,1
85710,1
85711,1
85712,1
85713,1
85714,1
85715,1
85716,1
85717,1
85718,1
85719,1
85720,1
85721,1
85722,1
85723,1
85724,1
85725,1
85726,1
85727,1
85728,1
85729,1
85730,1
85731,1
85732,1
85733,1
85734,1
85735,1
85736,1
85737,1
85738,1
85739,1
85740,1
85741,1
85742,1
85743,1
85744,1
85745,1
85746,1
85747,1
85748,1
85749,1
85750,1
85751,1
85752,1
85753,1
85754,1
85755,1
85756,1
85757,1
85758,1
85759,1
85760,1
85761,1
85762,1
85763,1
85764,1
85765,1
85766,1
85767,1
85768,1
85769,1
85770,1
85771,1
85772,1
85773,1
85774,1
85775,1
85776,1
85777,1
85778,1
85779,1
85780,1
85781,1
85782,1
85783,1
85784,1
85785,1
85786,1
85787,1
85788,1
85789,1
85790,1
85791,1
85792,1
85793,1
85794,1
85795,1
85796,1
85797,1
85798,1
85799,1
85800,1
85801,1
85802,1
85803,1
85804,1
85805,1
85806,1
85807,1
85808,1
85809,1
85810,1
85811,1
85812,1
85813,1
85814,1
85815,1
85816,1
85817,1
85818,1
85819,1
85820,1
85821,1
85822,1
85823,1
85824,1
85825,1
85826,1
85827,1
85828,1
85829,1
85830,1
85831,1
85832,1
85833,1
85834,1
85835,1
85836,1
85837,1
85838,1
85839,1
85840,1
85841,1
85842,1
85843,1
85844,1
85845,1
85846,1
85847,1
85848,1
85849,1
85850,1
85851,1
85852,1
85853,1
85854,1
85855,1
85856,1
85857,1
85858,1
85859,1
85860,1
85861,1
85862,1
85863,1
85864,1
85865,1
85866,1
85867,1
85868,1
85869,1
85870,1
85871,1
85872,1
85873,1
85874,1
85875,1
85876,1
85877,1
85878,1
85879,1
85880,1
85881,1
85882,1
85883,1
85884,1
85885,1
85886,1
85887,1
85888,1
85889,1
85890,1
85891,1
85892,1
85893,1
85894,1
85895,1
85896,1
85897,1
85898,1
85899,1
85900,1
85901,1
85902,1
85903,1
85904,1
85905,1
85906,1
85907,1
85908,1
85909,1
85910,1
85911,1
85912,1
85913,1
85914,1
85915,1
85916,1
85917,1
85918,1
85919,1
85920,1
85921,1
85922,1
85923,1
85924,1
85925,1
85926,1
85927,1
85928,1
85929,1
85930,1
85931,1
85932,1
85933,1
85934,1
85935,1
85936,1
85937,1
85938,1
85939,1
85940,1
85941,1
85942,1
85943,1
85944,1
85945,1
85946,1
85947,1
85948,1
85949,1
85950,1
85951,1
85952,1
85953,1
85954,1
85955,1
85956,1
85957,1
85958,1
85959,1
85960,1
85961,1
85962,1
85963,1
85964,1
85965,1
85966,1
85967,1
85968,1
85969,1
85970,1
85971,1
85972,1
85973,1
85974,1
85975,1
85976,1
85977,1
85978,1
85979,1
85980,1
85981,1
85982,1
85983,1
85984,1
85985,1
85986,1
85987,1
85988,1
85989,1
85990,1
85991,1
85992,1
85993,1
85994,1
85995,1
85996,1
85997,1
85998,1
85999,1
86000,1
86001,1
86002,1
86003,1
86004,1
86005,1
86006,1
86007,1
86008,1
86009,1
86010,1
86011,1
86012,1
86013,1
86014,1
86015,1
86016,1
86017,1
86018,1
86019,1
86020,1
86021,1
86022,1
86023,1
86024,1
86025,1
86026,1
86027,1
86028,1
86029,1
86030,1
86031,1
86032,1
86033,1
86034,1
86035,1
86036,1
86037,1
86038,1
86039,1
86040,1
86041,1
86042,1
86043,1
86044,1
86045,1
86046,1
86047,1
86048,1
86049,1
86050,1
86051,1
86052,1
86053,1
86054,1
86055,1
86056,1
86057,1
86058,1
86059,1
86060,1
86061,1
86062,1
86063,1
86064,1
86065,1
86066,1
86067,1
86068,1
86069,1
86070,1
86071,1
86072,1
86073,1
86074,1
86075,1
86076,1
86077,1
86078,1
86079,1
86080,1
86081,1
86082,1
86083,1
86084,1
86085,1
86086,1
86087,1
86088,1
86089,1
86090,1
86091,1
86092,1
86093,1
86094,1
86095,1
86096,1
86097,1
86098,1
86099,1
86100,1
86101,1
86102,1
86103,1
86104,1
86105,1
86106,1
86107,1
86108,1
86109,1
86110,1
86111,1
86112,1
86113,1
86114,1
86115,1
86116,1
86117,1
86118,1
86119,1
86120,1
86121,1
86122,1
86123,1
86124,1
86125,1
86126,1
86127,1
86128,1
86129,1
86130,1
86131,1
86132,1
86133,1
86134,1
86135,1
86136,1
86137,1
86138,1
86139,1
86140,1
86141,1
86142,1
86143,1
86144,1
86145,1
86146,1
86147,1
86148,1
86149,1
86150,1
86151,1
86152,1
86153,1
86154,1
86155,1
86156,1
86157,1
86158,1
86159,1
86160,1
86161,1
86162,1
86163,1
86164,1
86165,1
86166,1
86167,1
86168,1
86169,1
86170,1
86171,1
86172,1
86173,1
86174,1
86175,1
86176,1
86177,1
86178,1
86179,1
86180,1
86181,1
86182,1
86183,1
86184,1
86185,1
86186,1
86187,1
86188,1
86189,1
86190,1
86191,1
86192,1
86193,1
86194,1
86195,1
86196,1
86197,1
86198,1
86199,1
86200,1
86201,1
86202,1
86203,1
86204,1
86205,1
86206,1
86207,1
86208,1
86209,1
86210,1
86211,1
86212,1
86213,1
86214,1
86215,1
86216,1
86217,1
86218,1
86219,1
86220,1
86221,1
86222,1
86223,1
86224,1
86225,1
86226,1
86227,1
86228,1
86229,1
86230,1
86231,1
86232,1
86233,1
86234,1
86235,1
86236,1
86237,1
86238,1
86239,1
86240,1
86241,1
86242,1
86243,1
86244,1
86245,1
86246,1
86247,1
86248,1
86249,1
86250,1
86251,1
86252,1
86253,1
86254,1
86255,1
86256,1
86257,1
86258,1
86259,1
86260,1
86261,1
86262,1
86263,1
86264,1
86265,1
86266,1
86267,1
86268,1
86269,1
86270,1
86271,1
86272,1
86273,1
86274,1
86275,1
86276,1
86277,1
86278,1
86279,1
86280,1
86281,1
86282,1
86283,1
86284,1
86285,1
86286,1
86287,1
86288,1
86289,1
86290,1
86291,1
86292,1
86293,1
86294,1
86295,1
86296,1
86297,1
86298,1
86299,1
86300,1
86301,1
86302,1
86303,1
86304,1
86305,1
86306,1
86307,1
86308,1
86309,1
86310,1
86311,1
86312,1
86313,1
86314,1
86315,1
86316,1
86317,1
86318,1
86319,1
86320,1
86321,1
86322,1
86323,1
86324,1
86325,1
86326,1
86327,1
86328,1
86329,1
86330,1
86331,1
86332,1
86333,1
86334,1
86335,1
86336,1
86337,1
86338,1
86339,1
86340,1
86341,1
86342,1
86343,1
86344,1
86345,1
86346,1
86347,1
86348,1
86349,1
86350,1
86351,1
86352,1
86353,1
86354,1
86355,1
86356,1
86357,1
86358,1
86359,1
86360,1
86361,1
86362,1
86363,1
86364,1
86365,1
86366,1
86367,1
86368,1
86369,1
86370,1
86371,1
86372,1
86373,1
86374,1
86375,1
86376,1
86377,1
86378,1
86379,1
86380,1
86381,1
86382,1
86383,1
86384,1
86385,1
86386,1
86387,1
86388,1
86389,1
86390,1
86391,1
86392,1
86393,1
86394,1
86395,1
86396,1
86397,1
86398,1
86399,1
86400,1
86401,1
86402,1
86403,1
86404,1
86405,1
86406,1
86407,1
86408,1
86409,1
86410,1
86411,1
86412,1
86413,1
86414,1
86415,1
86416,1
86417,1
86418,1
86419,1
86420,1
86421,1
86422,1
86423,1
86424,1
86425,1
86426,1
86427,1
86428,1
86429,1
86430,1
86431,1
86432,1
86433,1
86434,1
86435,1
86436,1
86437,1
86438,1
86439,1
86440,1
86441,1
86442,1
86443,1
86444,1
86445,1
86446,1
86447,1
86448,1
86449,1
86450,1
86451,1
86452,1
86453,1
86454,1
86455,1
86456,1
86457,1
86458,1
86459,1
86460,1
86461,1
86462,1
86463,1
86464,1
86465,1
86466,1
86467,1
86468,1
86469,1
86470,1
86471,1
86472,1
86473,1
86474,1
86475,1
86476,1
86477,1
86478,1
86479,1
86480,1
86481,1
86482,1
86483,1
86484,1
86485,1
86486,1
86487,1
86488,1
86489,1
86490,1
86491,1
86492,1
86493,1
86494,1
86495,1
86496,1
86497,1
86498,1
86499,1
86500,1
86501,1
86502,1
86503,1
86504,1
86505,1
86506,1
86507,1
86508,1
86509,1
86510,1
86511,1
86512,1
86513,1
86514,1
86515,1
86516,1
86517,1
86518,1
86519,1
86520,1
86521,1
86522,1
86523,1
86524,1
86525,1
86526,1
86527,1
86528,1
86529,1
86530,1
86531,1
86532,1
86533,1
86534,1
86535,1
86536,1
86537,1
86538,1
86539,1
86540,1
86541,1
86542,1
86543,1
86544,1
86545,1
86546,1
86547,1
86548,1
86549,1
86550,1
86551,1
86552,1
86553,1
86554,1
86555,1
86556,1
86557,1
86558,1
86559,1
86560,1
86561,1
86562,1
86563,1
86564,1
86565,1
86566,1
86567,1
86568,1
86569,1
86570,1
86571,1
86572,1
86573,1
86574,1
86575,1
86576,1
86577,1
86578,1
86579,1
86580,1
86581,1
86582,1
86583,1
86584,1
86585,1
86586,1
86587,1
86588,1
86589,1
86590,1
86591,1
86592,1
86593,1
86594,1
86595,1
86596,1
86597,1
86598,1
86599,1
86600,1
86601,1
86602,1
86603,1
86604,1
86605,1
86606,1
86607,1
86608,1
86609,1
86610,1
86611,1
86612,1
86613,1
86614,1
86615,1
86616,1
86617,1
86618,1
86619,1
86620,1
86621,1
86622,1
86623,1
86624,1
86625,1
86626,1
86627,1
86628,1
86629,1
86630,1
86631,1
86632,1
86633,1
86634,1
86635,1
86636,1
86637,1
86638,1
86639,1
86640,1
86641,1
86642,1
86643,1
86644,1
86645,1
86646,1
86647,1
86648,1
86649,1
86650,1
86651,1
86652,1
86653,1
86654,1
86655,1
86656,1
86657,1
86658,1
86659,1
86660,1
86661,1
86662,1
86663,1
86664,1
86665,1
86666,1
86667,1
86668,1
86669,1
86670,1
86671,1
86672,1
86673,1
86674,1
86675,1
86676,1
86677,1
86678,1
86679,1
86680,1
86681,1
86682,1
86683,1
86684,1
86685,1
86686,1
86687,1
86688,1
86689,1
86690,1
86691,1
86692,1
86693,1
86694,1
86695,1
86696,1
86697,1
86698,1
86699,1
86700,1
86701,1
86702,1
86703,1
86704,1
86705,1
86706,1
86707,1
86708,1
86709,1
86710,1
86711,1
86712,1
86713,1
86714,1
86715,1
86716,1
86717,1
86718,1
86719,1
86720,1
86721,1
86722,1
86723,1
86724,1
86725,1
86726,1
86727,1
86728,1
86729,1
86730,1
86731,1
86732,1
86733,1
86734,1
86735,1
86736,1
86737,1
86738,1
86739,1
86740,1
86741,1
86742,1
86743,1
86744,1
86745,1
86746,1
86747,1
86748,1
86749,1
86750,1
86751,1
86752,1
86753,1
86754,1
86755,1
86756,1
86757,1
86758,1
86759,1
86760,1
86761,1
86762,1
86763,1
86764,1
86765,1
86766,1
86767,1
86768,1
86769,1
86770,1
86771,1
86772,1
86773,1
86774,1
86775,1
86776,1
86777,1
86778,1
86779,1
86780,1
86781,1
86782,1
86783,1
86784,1
86785,1
86786,1
86787,1
86788,1
86789,1
86790,1
86791,1
86792,1
86793,1
86794,1
86795,1
86796,1
86797,1
86798,1
86799,1
86800,1
86801,1
86802,1
86803,1
86804,1
86805,1
86806,1
86807,1
86808,1
86809,1
86810,1
86811,1
86812,1
86813,1
86814,1
86815,1
86816,1
86817,1
86818,1
86819,1
86820,1
86821,1
86822,1
86823,1
86824,1
86825,1
86826,1
86827,1
86828,1
86829,1
86830,1
86831,1
86832,1
86833,1
86834,1
86835,1
86836,1
86837,1
86838,1
86839,1
86840,1
86841,1
86842,1
86843,1
86844,1
86845,1
86846,1
86847,1
86848,1
86849,1
86850,1
86851,1
86852,1
86853,1
86854,1
86855,1
86856,1
86857,1
86858,1
86859,1
86860,1
86861,1
86862,1
86863,1
86864,1
86865,1
86866,1
86867,1
86868,1
86869,1
86870,1
86871,1
86872,1
86873,1
86874,1
86875,1
86876,1
86877,1
86878,1
86879,1
86880,1
86881,1
86882,1
86883,1
86884,1
86885,1
86886,1
86887,1
86888,1
86889,1
86890,1
86891,1
86892,1
86893,1
86894,1
86895,1
86896,1
86897,1
86898,1
86899,1
86900,1
86901,1
86902,1
86903,1
86904,1
86905,1
86906,1
86907,1
86908,1
86909,1
86910,1
86911,1
86912,1
86913,1
86914,1
86915,1
86916,1
86917,1
86918,1
86919,1
86920,1
86921,1
86922,1
86923,1
86924,1
86925,1
86926,1
86927,1
86928,1
86929,1
86930,1
86931,1
86932,1
86933,1
86934,1
86935,1
86936,1
86937,1
86938,1
86939,1
86940,1
86941,1
86942,1
86943,1
86944,1
86945,1
86946,1
86947,1
86948,1
86949,1
86950,1
86951,1
86952,1
86953,1
86954,1
86955,1
86956,1
86957,1
86958,1
86959,1
86960,1
86961,1
86962,1
86963,1
86964,1
86965,1
86966,1
86967,1
86968,1
86969,1
86970,1
86971,1
86972,1
86973,1
86974,1
86975,1
86976,1
86977,1
86978,1
86979,1
86980,1
86981,1
86982,1
86983,1
86984,1
86985,1
86986,1
86987,1
86988,1
86989,1
86990,1
86991,1
86992,1
86993,1
86994,1
86995,1
86996,1
86997,1
86998,1
86999,1
87000,1
87001,1
87002,1
87003,1
87004,1
87005,1
87006,1
87007,1
87008,1
87009,1
87010,1
87011,1
87012,1
87013,1
87014,1
87015,1
87016,1
87017,1
87018,1
87019,1
87020,1
87021,1
87022,1
87023,1
87024,1
87025,1
87026,1
87027,1
87028,1
87029,1
87030,1
87031,1
87032,1
87033,1
87034,1
87035,1
87036,1
87037,1
87038,1
87039,1
87040,1
87041,1
87042,1
87043,1
87044,1
87045,1
87046,1
87047,1
87048,1
87049,1
87050,1
87051,1
87052,1
87053,1
87054,1
87055,1
87056,1
87057,1
87058,1
87059,1
87060,1
87061,1
87062,1
87063,1
87064,1
87065,1
87066,1
87067,1
87068,1
87069,1
87070,1
87071,1
87072,1
87073,1
87074,1
87075,1
87076,1
87077,1
87078,1
87079,1
87080,1
87081,1
87082,1
87083,1
87084,1
87085,1
87086,1
87087,1
87088,1
87089,1
87090,1
87091,1
87092,1
87093,1
87094,1
87095,1
87096,1
87097,1
87098,1
87099,1
87100,1
87101,1
87102,1
87103,1
87104,1
87105,1
87106,1
87107,1
87108,1
87109,1
87110,1
87111,1
87112,1
87113,1
87114,1
87115,1
87116,1
87117,1
87118,1
87119,1
87120,1
87121,1
87122,1
87123,1
87124,1
87125,1
87126,1
87127,1
87128,1
87129,1
87130,1
87131,1
87132,1
87133,1
87134,1
87135,1
87136,1
87137,1
87138,1
87139,1
87140,1
87141,1
87142,1
87143,1
87144,1
87145,1
87146,1
87147,1
87148,1
87149,1
87150,1
87151,1
87152,1
87153,1
87154,1
87155,1
87156,1
87157,1
87158,1
87159,1
87160,1
87161,1
87162,1
87163,1
87164,1
87165,1
87166,1
87167,1
87168,1
87169,1
87170,1
87171,1
87172,1
87173,1
87174,1
87175,1
87176,1
87177,1
87178,1
87179,1
87180,1
87181,1
87182,1
87183,1
87184,1
87185,1
87186,1
87187,1
87188,1
87189,1
87190,1
87191,1
87192,1
87193,1
87194,1
87195,1
87196,1
87197,1
87198,1
87199,1
87200,1
87201,1
87202,1
87203,1
87204,1
87205,1
87206,1
87207,1
87208,1
87209,1
87210,1
87211,1
87212,1
87213,1
87214,1
87215,1
87216,1
87217,1
87218,1
87219,1
87220,1
87221,1
87222,1
87223,1
87224,1
87225,1
87226,1
87227,1
87228,1
87229,1
87230,1
87231,1
87232,1
87233,1
87234,1
87235,1
87236,1
87237,1
87238,1
87239,1
87240,1
87241,1
87242,1
87243,1
87244,1
87245,1
87246,1
87247,1
87248,1
87249,1
87250,1
87251,1
87252,1
87253,1
87254,1
87255,1
87256,1
87257,1
87258,1
87259,1
87260,1
87261,1
87262,1
87263,1
87264,1
87265,1
87266,1
87267,1
87268,1
87269,1
87270,1
87271,1
87272,1
87273,1
87274,1
87275,1
87276,1
87277,1
87278,1
87279,1
87280,1
87281,1
87282,1
87283,1
87284,1
87285,1
87286,1
87287,1
87288,1
87289,1
87290,1
87291,1
87292,1
87293,1
87294,1
87295,1
87296,1
87297,1
87298,1
87299,1
87300,1
87301,1
87302,1
87303,1
87304,1
87305,1
87306,1
87307,1
87308,1
87309,1
87310,1
87311,1
87312,1
87313,1
87314,1
87315,1
87316,1
87317,1
87318,1
87319,1
87320,1
87321,1
87322,1
87323,1
87324,1
87325,1
87326,1
87327,1
87328,1
87329,1
87330,1
87331,1
87332,1
87333,1
87334,1
87335,1
87336,1
87337,1
87338,1
87339,1
87340,1
87341,1
87342,1
87343,1
87344,1
87345,1
87346,1
87347,1
87348,1
87349,1
87350,1
87351,1
87352,1
87353,1
87354,1
87355,1
87356,1
87357,1
87358,1
87359,1
87360,1
87361,1
87362,1
87363,1
87364,1
87365,1
87366,1
87367,1
87368,1
87369,1
87370,1
87371,1
87372,1
87373,1
87374,1
87375,1
87376,1
87377,1
87378,1
87379,1
87380,1
87381,1
87382,1
87383,1
87384,1
87385,1
87386,1
87387,1
87388,1
87389,1
87390,1
87391,1
87392,1
87393,1
87394,1
87395,1
87396,1
87397,1
87398,1
87399,1
87400,1
87401,1
87402,1
87403,1
87404,1
87405,1
87406,1
87407,1
87408,1
87409,1
87410,1
87411,1
87412,1
87413,1
87414,1
87415,1
87416,1
87417,1
87418,1
87419,1
87420,1
87421,1
87422,1
87423,1
87424,1
87425,1
87426,1
87427,1
87428,1
87429,1
87430,1
87431,1
87432,1
87433,1
87434,1
87435,1
87436,1
87437,1
87438,1
87439,1
87440,1
87441,1
87442,1
87443,1
87444,1
87445,1
87446,1
87447,1
87448,1
87449,1
87450,1
87451,1
87452,1
87453,1
87454,1
87455,1
87456,1
87457,1
87458,1
87459,1
87460,1
87461,1
87462,1
87463,1
87464,1
87465,1
87466,1
87467,1
87468,1
87469,1
87470,1
87471,1
87472,1
87473,1
87474,1
87475,1
87476,1
87477,1
87478,1
87479,1
87480,1
87481,1
87482,1
87483,1
87484,1
87485,1
87486,1
87487,1
87488,1
87489,1
87490,1
87491,1
87492,1
87493,1
87494,1
87495,1
87496,1
87497,1
87498,1
87499,1
87500,1
87501,1
87502,1
87503,1
87504,1
87505,1
87506,1
87507,1
87508,1
87509,1
87510,1
87511,1
87512,1
87513,1
87514,1
87515,1
87516,1
87517,1
87518,1
87519,1
87520,1
87521,1
87522,1
87523,1
87524,1
87525,1
87526,1
87527,1
87528,1
87529,1
87530,1
87531,1
87532,1
87533,1
87534,1
87535,1
87536,1
87537,1
87538,1
87539,1
87540,1
87541,1
87542,1
87543,1
87544,1
87545,1
87546,1
87547,1
87548,1
87549,1
87550,1
87551,1
87552,1
87553,1
87554,1
87555,1
87556,1
87557,1
87558,1
87559,1
87560,1
87561,1
87562,1
87563,1
87564,1
87565,1
87566,1
87567,1
87568,1
87569,1
87570,1
87571,1
87572,1
87573,1
87574,1
87575,1
87576,1
87577,1
87578,1
87579,1
87580,1
87581,1
87582,1
87583,1
87584,1
87585,1
87586,1
87587,1
87588,1
87589,1
87590,1
87591,1
87592,1
87593,1
87594,1
87595,1
87596,1
87597,1
87598,1
87599,1
87600,1
87601,1
87602,1
87603,1
87604,1
87605,1
87606,1
87607,1
87608,1
87609,1
87610,1
87611,1
87612,1
87613,1
87614,1
87615,1
87616,1
87617,1
87618,1
87619,1
87620,1
87621,1
87622,1
87623,1
87624,1
87625,1
87626,1
87627,1
87628,1
87629,1
87630,1
87631,1
87632,1
87633,1
87634,1
87635,1
87636,1
87637,1
87638,1
87639,1
87640,1
87641,1
87642,1
87643,1
87644,1
87645,1
87646,1
87647,1
87648,1
87649,1
87650,1
87651,1
87652,1
87653,1
87654,1
87655,1
87656,1
87657,1
87658,1
87659,1
87660,1
87661,1
87662,1
87663,1
87664,1
87665,1
87666,1
87667,1
87668,1
87669,1
87670,1
87671,1
87672,1
87673,1
87674,1
87675,1
87676,1
87677,1
87678,1
87679,1
87680,1
87681,1
87682,1
87683,1
87684,1
87685,1
87686,1
87687,1
87688,1
87689,1
87690,1
87691,1
87692,1
87693,1
87694,1
87695,1
87696,1
87697,1
87698,1
87699,1
87700,1
87701,1
87702,1
87703,1
87704,1
87705,1
87706,1
87707,1
87708,1
87709,1
87710,1
87711,1
87712,1
87713,1
87714,1
87715,1
87716,1
87717,1
87718,1
87719,1
87720,1
87721,1
87722,1
87723,1
87724,1
87725,1
87726,1
87727,1
87728,1
87729,1
87730,1
87731,1
87732,1
87733,1
87734,1
87735,1
87736,1
87737,1
87738,1
87739,1
87740,1
87741,1
87742,1
87743,1
87744,1
87745,1
87746,1
87747,1
87748,1
87749,1
87750,1
87751,1
87752,1
87753,1
87754,1
87755,1
87756,1
87757,1
87758,1
87759,1
87760,1
87761,1
87762,1
87763,1
87764,1
87765,1
87766,1
87767,1
87768,1
87769,1
87770,1
87771,1
87772,1
87773,1
87774,1
87775,1
87776,1
87777,1
87778,1
87779,1
87780,1
87781,1
87782,1
87783,1
87784,1
87785,1
87786,1
87787,1
87788,1
87789,1
87790,1
87791,1
87792,1
87793,1
87794,1
87795,1
87796,1
87797,1
87798,1
87799,1
87800,1
87801,1
87802,1
87803,1
87804,1
87805,1
87806,1
87807,1
87808,1
87809,1
87810,1
87811,1
87812,1
87813,1
87814,1
87815,1
87816,1
87817,1
87818,1
87819,1
87820,1
87821,1
87822,1
87823,1
87824,1
87825,1
87826,1
87827,1
87828,1
87829,1
87830,1
87831,1
87832,1
87833,1
87834,1
87835,1
87836,1
87837,1
87838,1
87839,1
87840,1
87841,1
87842,1
87843,1
87844,1
87845,1
87846,1
87847,1
87848,1
87849,1
87850,1
87851,1
87852,1
87853,1
87854,1
87855,1
87856,1
87857,1
87858,1
87859,1
87860,1
87861,1
87862,1
87863,1
87864,1
87865,1
87866,1
87867,1
87868,1
87869,1
87870,1
87871,1
87872,1
87873,1
87874,1
87875,1
87876,1
87877,1
87878,1
87879,1
87880,1
87881,1
87882,1
87883,1
87884,1
87885,1
87886,1
87887,1
87888,1
87889,1
87890,1
87891,1
87892,1
87893,1
87894,1
87895,1
87896,1
87897,1
87898,1
87899,1
87900,1
87901,1
87902,1
87903,1
87904,1
87905,1
87906,1
87907,1
87908,1
87909,1
87910,1
87911,1
87912,1
87913,1
87914,1
87915,1
87916,1
87917,1
87918,1
87919,1
87920,1
87921,1
87922,1
87923,1
87924,1
87925,1
87926,1
87927,1
87928,1
87929,1
87930,1
87931,1
87932,1
87933,1
87934,1
87935,1
87936,1
87937,1
87938,1
87939,1
87940,1
87941,1
87942,1
87943,1
87944,1
87945,1
87946,1
87947,1
87948,1
87949,1
87950,1
87951,1
87952,1
87953,1
87954,1
87955,1
87956,1
87957,1
87958,1
87959,1
87960,1
87961,1
87962,1
87963,1
87964,1
87965,1
87966,1
87967,1
87968,1
87969,1
87970,1
87971,1
87972,1
87973,1
87974,1
87975,1
87976,1
87977,1
87978,1
87979,1
87980,1
87981,1
87982,1
87983,1
87984,1
87985,1
87986,1
87987,1
87988,1
87989,1
87990,1
87991,1
87992,1
87993,1
87994,1
87995,1
87996,1
87997,1
87998,1
87999,1
88000,1
88001,1
88002,1
88003,1
88004,1
88005,1
88006,1
88007,1
88008,1
88009,1
88010,1
88011,1
88012,1
88013,1
88014,1
88015,1
88016,1
88017,1
88018,1
88019,1
88020,1
88021,1
88022,1
88023,1
88024,1
88025,1
88026,1
88027,1
88028,1
88029,1
88030,1
88031,1
88032,1
88033,1
88034,1
88035,1
88036,1
88037,1
88038,1
88039,1
88040,1
88041,1
88042,1
88043,1
88044,1
88045,1
88046,1
88047,1
88048,1
88049,1
88050,1
88051,1
88052,1
88053,1
88054,1
88055,1
88056,1
88057,1
88058,1
88059,1
88060,1
88061,1
88062,1
88063,1
88064,1
88065,1
88066,1
88067,1
88068,1
88069,1
88070,1
88071,1
88072,1
88073,1
88074,1
88075,1
88076,1
88077,1
88078,1
88079,1
88080,1
88081,1
88082,1
88083,1
88084,1
88085,1
88086,1
88087,1
88088,1
88089,1
88090,1
88091,1
88092,1
88093,1
88094,1
88095,1
88096,1
88097,1
88098,1
88099,1
88100,1
88101,1
88102,1
88103,1
88104,1
88105,1
88106,1
88107,1
88108,1
88109,1
88110,1
88111,1
88112,1
88113,1
88114,1
88115,1
88116,1
88117,1
88118,1
88119,1
88120,1
88121,1
88122,1
88123,1
88124,1
88125,1
88126,1
88127,1
88128,1
88129,1
88130,1
88131,1
88132,1
88133,1
88134,1
88135,1
88136,1
88137,1
88138,1
88139,1
88140,1
88141,1
88142,1
88143,1
88144,1
88145,1
88146,1
88147,1
88148,1
88149,1
88150,1
88151,1
88152,1
88153,1
88154,1
88155,1
88156,1
88157,1
88158,1
88159,1
88160,1
88161,1
88162,1
88163,1
88164,1
88165,1
88166,1
88167,1
88168,1
88169,1
88170,1
88171,1
88172,1
88173,1
88174,1
88175,1
88176,1
88177,1
88178,1
88179,1
88180,1
88181,1
88182,1
88183,1
88184,1
88185,1
88186,1
88187,1
88188,1
88189,1
88190,1
88191,1
88192,1
88193,1
88194,1
88195,1
88196,1
88197,1
88198,1
88199,1
88200,1
88201,1
88202,1
88203,1
88204,1
88205,1
88206,1
88207,1
88208,1
88209,1
88210,1
88211,1
88212,1
88213,1
88214,1
88215,1
88216,1
88217,1
88218,1
88219,1
88220,1
88221,1
88222,1
88223,1
88224,1
88225,1
88226,1
88227,1
88228,1
88229,1
88230,1
88231,1
88232,1
88233,1
88234,1
88235,1
88236,1
88237,1
88238,1
88239,1
88240,1
88241,1
88242,1
88243,1
88244,1
88245,1
88246,1
88247,1
88248,1
88249,1
88250,1
88251,1
88252,1
88253,1
88254,1
88255,1
88256,1
88257,1
88258,1
88259,1
88260,1
88261,1
88262,1
88263,1
88264,1
88265,1
88266,1
88267,1
88268,1
88269,1
88270,1
88271,1
88272,1
88273,1
88274,1
88275,1
88276,1
88277,1
88278,1
88279,1
88280,1
88281,1
88282,1
88283,1
88284,1
88285,1
88286,1
88287,1
88288,1
88289,1
88290,1
88291,1
88292,1
88293,1
88294,1
88295,1
88296,1
88297,1
88298,1
88299,1
88300,1
88301,1
88302,1
88303,1
88304,1
88305,1
88306,1
88307,1
88308,1
88309,1
88310,1
88311,1
88312,1
88313,1
88314,1
88315,1
88316,1
88317,1
88318,1
88319,1
88320,1
88321,1
88322,1
88323,1
88324,1
88325,1
88326,1
88327,1
88328,1
88329,1
88330,1
88331,1
88332,1
88333,1
88334,1
88335,1
88336,1
88337,1
88338,1
88339,1
88340,1
88341,1
88342,1
88343,1
88344,1
88345,1
88346,1
88347,1
88348,1
88349,1
88350,1
88351,1
88352,1
88353,1
88354,1
88355,1
88356,1
88357,1
88358,1
88359,1
88360,1
88361,1
88362,1
88363,1
88364,1
88365,1
88366,1
88367,1
88368,1
88369,1
88370,1
88371,1
88372,1
88373,1
88374,1
88375,1
88376,1
88377,1
88378,1
88379,1
88380,1
88381,1
88382,1
88383,1
88384,1
88385,1
88386,1
88387,1
88388,1
88389,1
88390,1
88391,1
88392,1
88393,1
88394,1
88395,1
88396,1
88397,1
88398,1
88399,1
88400,1
88401,1
88402,1
88403,1
88404,1
88405,1
88406,1
88407,1
88408,1
88409,1
88410,1
88411,1
88412,1
88413,1
88414,1
88415,1
88416,1
88417,1
88418,1
88419,1
88420,1
88421,1
88422,1
88423,1
88424,1
88425,1
88426,1
88427,1
88428,1
88429,1
88430,1
88431,1
88432,1
88433,1
88434,1
88435,1
88436,1
88437,1
88438,1
88439,1
88440,1
88441,1
88442,1
88443,1
88444,1
88445,1
88446,1
88447,1
88448,1
88449,1
88450,1
88451,1
88452,1
88453,1
88454,1
88455,1
88456,1
88457,1
88458,1
88459,1
88460,1
88461,1
88462,1
88463,1
88464,1
88465,1
88466,1
88467,1
88468,1
88469,1
88470,1
88471,1
88472,1
88473,1
88474,1
88475,1
88476,1
88477,1
88478,1
88479,1
88480,1
88481,1
88482,1
88483,1
88484,1
88485,1
88486,1
88487,1
88488,1
88489,1
88490,1
88491,1
88492,1
88493,1
88494,1
88495,1
88496,1
88497,1
88498,1
88499,1
88500,1
88501,1
88502,1
88503,1
88504,1
88505,1
88506,1
88507,1
88508,1
88509,1
88510,1
88511,1
88512,1
88513,1
88514,1
88515,1
88516,1
88517,1
88518,1
88519,1
88520,1
88521,1
88522,1
88523,1
88524,1
88525,1
88526,1
88527,1
88528,1
88529,1
88530,1
88531,1
88532,1
88533,1
88534,1
88535,1
88536,1
88537,1
88538,1
88539,1
88540,1
88541,1
88542,1
88543,1
88544,1
88545,1
88546,1
88547,1
88548,1
88549,1
88550,1
88551,1
88552,1
88553,1
88554,1
88555,1
88556,1
88557,1
88558,1
88559,1
88560,1
88561,1
88562,1
88563,1
88564,1
88565,1
88566,1
88567,1
88568,1
88569,1
88570,1
88571,1
88572,1
88573,1
88574,1
88575,1
88576,1
88577,1
88578,1
88579,1
88580,1
88581,1
88582,1
88583,1
88584,1
88585,1
88586,1
88587,1
88588,1
88589,1
88590,1
88591,1
88592,1
88593,1
88594,1
88595,1
88596,1
88597,1
88598,1
88599,1
88600,1
88601,1
88602,1
88603,1
88604,1
88605,1
88606,1
88607,1
88608,1
88609,1
88610,1
88611,1
88612,1
88613,1
88614,1
88615,1
88616,1
88617,1
88618,1
88619,1
88620,1
88621,1
88622,1
88623,1
88624,1
88625,1
88626,1
88627,1
88628,1
88629,1
88630,1
88631,1
88632,1
88633,1
88634,1
88635,1
88636,1
88637,1
88638,1
88639,1
88640,1
88641,1
88642,1
88643,1
88644,1
88645,1
88646,1
88647,1
88648,1
88649,1
88650,1
88651,1
88652,1
88653,1
88654,1
88655,1
88656,1
88657,1
88658,1
88659,1
88660,1
88661,1
88662,1
88663,1
88664,1
88665,1
88666,1
88667,1
88668,1
88669,1
88670,1
88671,1
88672,1
88673,1
88674,1
88675,1
88676,1
88677,1
88678,1
88679,1
88680,1
88681,1
88682,1
88683,1
88684,1
88685,1
88686,1
88687,1
88688,1
88689,1
88690,1
88691,1
88692,1
88693,1
88694,1
88695,1
88696,1
88697,1
88698,1
88699,1
88700,1
88701,1
88702,1
88703,1
88704,1
88705,1
88706,1
88707,1
88708,1
88709,1
88710,1
88711,1
88712,1
88713,1
88714,1
88715,1
88716,1
88717,1
88718,1
88719,1
88720,1
88721,1
88722,1
88723,1
88724,1
88725,1
88726,1
88727,1
88728,1
88729,1
88730,1
88731,1
88732,1
88733,1
88734,1
88735,1
88736,1
88737,1
88738,1
88739,1
88740,1
88741,1
88742,1
88743,1
88744,1
88745,1
88746,1
88747,1
88748,1
88749,1
88750,1
88751,1
88752,1
88753,1
88754,1
88755,1
88756,1
88757,1
88758,1
88759,1
88760,1
88761,1
88762,1
88763,1
88764,1
88765,1
88766,1
88767,1
88768,1
88769,1
88770,1
88771,1
88772,1
88773,1
88774,1
88775,1
88776,1
88777,1
88778,1
88779,1
88780,1
88781,1
88782,1
88783,1
88784,1
88785,1
88786,1
88787,1
88788,1
88789,1
88790,1
88791,1
88792,1
88793,1
88794,1
88795,1
88796,1
88797,1
88798,1
88799,1
88800,1
88801,1
88802,1
88803,1
88804,1
88805,1
88806,1
88807,1
88808,1
88809,1
88810,1
88811,1
88812,1
88813,1
88814,1
88815,1
88816,1
88817,1
88818,1
88819,1
88820,1
88821,1
88822,1
88823,1
88824,1
88825,1
88826,1
88827,1
88828,1
88829,1
88830,1
88831,1
88832,1
88833,1
88834,1
88835,1
88836,1
88837,1
88838,1
88839,1
88840,1
88841,1
88842,1
88843,1
88844,1
88845,1
88846,1
88847,1
88848,1
88849,1
88850,1
88851,1
88852,1
88853,1
88854,1
88855,1
88856,1
88857,1
88858,1
88859,1
88860,1
88861,1
88862,1
88863,1
88864,1
88865,1
88866,1
88867,1
88868,1
88869,1
88870,1
88871,1
88872,1
88873,1
88874,1
88875,1
88876,1
88877,1
88878,1
88879,1
88880,1
88881,1
88882,1
88883,1
88884,1
88885,1
88886,1
88887,1
88888,1
88889,1
88890,1
88891,1
88892,1
88893,1
88894,1
88895,1
88896,1
88897,1
88898,1
88899,1
88900,1
88901,1
88902,1
88903,1
88904,1
88905,1
88906,1
88907,1
88908,1
88909,1
88910,1
88911,1
88912,1
88913,1
88914,1
88915,1
88916,1
88917,1
88918,1
88919,1
88920,1
88921,1
88922,1
88923,1
88924,1
88925,1
88926,1
88927,1
88928,1
88929,1
88930,1
88931,1
88932,1
88933,1
88934,1
88935,1
88936,1
88937,1
88938,1
88939,1
88940,1
88941,1
88942,1
88943,1
88944,1
88945,1
88946,1
88947,1
88948,1
88949,1
88950,1
88951,1
88952,1
88953,1
88954,1
88955,1
88956,1
88957,1
88958,1
88959,1
88960,1
88961,1
88962,1
88963,1
88964,1
88965,1
88966,1
88967,1
88968,1
88969,1
88970,1
88971,1
88972,1
88973,1
88974,1
88975,1
88976,1
88977,1
88978,1
88979,1
88980,1
88981,1
88982,1
88983,1
88984,1
88985,1
88986,1
88987,1
88988,1
88989,1
88990,1
88991,1
88992,1
88993,1
88994,1
88995,1
88996,1
88997,1
88998,1
88999,1
89000,1
89001,1
89002,1
89003,1
89004,1
89005,1
89006,1
89007,1
89008,1
89009,1
89010,1
89011,1
89012,1
89013,1
89014,1
89015,1
89016,1
89017,1
89018,1
89019,1
89020,1
89021,1
89022,1
89023,1
89024,1
89025,1
89026,1
89027,1
89028,1
89029,1
89030,1
89031,1
89032,1
89033,1
89034,1
89035,1
89036,1
89037,1
89038,1
89039,1
89040,1
89041,1
89042,1
89043,1
89044,1
89045,1
89046,1
89047,1
89048,1
89049,1
89050,1
89051,1
89052,1
89053,1
89054,1
89055,1
89056,1
89057,1
89058,1
89059,1
89060,1
89061,1
89062,1
89063,1
89064,1
89065,1
89066,1
89067,1
89068,1
89069,1
89070,1
89071,1
89072,1
89073,1
89074,1
89075,1
89076,1
89077,1
89078,1
89079,1
89080,1
89081,1
89082,1
89083,1
89084,1
89085,1
89086,1
89087,1
89088,1
89089,1
89090,1
89091,1
89092,1
89093,1
89094,1
89095,1
89096,1
89097,1
89098,1
89099,1
89100,1
89101,1
89102,1
89103,1
89104,1
89105,1
89106,1
89107,1
89108,1
89109,1
89110,1
89111,1
89112,1
89113,1
89114,1
89115,1
89116,1
89117,1
89118,1
89119,1
89120,1
89121,1
89122,1
89123,1
89124,1
89125,1
89126,1
89127,1
89128,1
89129,1
89130,1
89131,1
89132,1
89133,1
89134,1
89135,1
89136,1
89137,1
89138,1
89139,1
89140,1
89141,1
89142,1
89143,1
89144,1
89145,1
89146,1
89147,1
89148,1
89149,1
89150,1
89151,1
89152,1
89153,1
89154,1
89155,1
89156,1
89157,1
89158,1
89159,1
89160,1
89161,1
89162,1
89163,1
89164,1
89165,1
89166,1
89167,1
89168,1
89169,1
89170,1
89171,1
89172,1
89173,1
89174,1
89175,1
89176,1
89177,1
89178,1
89179,1
89180,1
89181,1
89182,1
89183,1
89184,1
89185,1
89186,1
89187,1
89188,1
89189,1
89190,1
89191,1
89192,1
89193,1
89194,1
89195,1
89196,1
89197,1
89198,1
89199,1
89200,1
89201,1
89202,1
89203,1
89204,1
89205,1
89206,1
89207,1
89208,1
89209,1
89210,1
89211,1
89212,1
89213,1
89214,1
89215,1
89216,1
89217,1
89218,1
89219,1
89220,1
89221,1
89222,1
89223,1
89224,1
89225,1
89226,1
89227,1
89228,1
89229,1
89230,1
89231,1
89232,1
89233,1
89234,1
89235,1
89236,1
89237,1
89238,1
89239,1
89240,1
89241,1
89242,1
89243,1
89244,1
89245,1
89246,1
89247,1
89248,1
89249,1
89250,1
89251,1
89252,1
89253,1
89254,1
89255,1
89256,1
89257,1
89258,1
89259,1
89260,1
89261,1
89262,1
89263,1
89264,1
89265,1
89266,1
89267,1
89268,1
89269,1
89270,1
89271,1
89272,1
89273,1
89274,1
89275,1
89276,1
89277,1
89278,1
89279,1
89280,1
89281,1
89282,1
89283,1
89284,1
89285,1
89286,1
89287,1
89288,1
89289,1
89290,1
89291,1
89292,1
89293,1
89294,1
89295,1
89296,1
89297,1
89298,1
89299,1
89300,1
89301,1
89302,1
89303,1
89304,1
89305,1
89306,1
89307,1
89308,1
89309,1
89310,1
89311,1
89312,1
89313,1
89314,1
89315,1
89316,1
89317,1
89318,1
89319,1
89320,1
89321,1
89322,1
89323,1
89324,1
89325,1
89326,1
89327,1
89328,1
89329,1
89330,1
89331,1
89332,1
89333,1
89334,1
89335,1
89336,1
89337,1
89338,1
89339,1
89340,1
89341,1
89342,1
89343,1
89344,1
89345,1
89346,1
89347,1
89348,1
89349,1
89350,1
89351,1
89352,1
89353,1
89354,1
89355,1
89356,1
89357,1
89358,1
89359,1
89360,1
89361,1
89362,1
89363,1
89364,1
89365,1
89366,1
89367,1
89368,1
89369,1
89370,1
89371,1
89372,1
89373,1
89374,1
89375,1
89376,1
89377,1
89378,1
89379,1
89380,1
89381,1
89382,1
89383,1
89384,1
89385,1
89386,1
89387,1
89388,1
89389,1
89390,1
89391,1
89392,1
89393,1
89394,1
89395,1
89396,1
89397,1
89398,1
89399,1
89400,1
89401,1
89402,1
89403,1
89404,1
89405,1
89406,1
89407,1
89408,1
89409,1
89410,1
89411,1
89412,1
89413,1
89414,1
89415,1
89416,1
89417,1
89418,1
89419,1
89420,1
89421,1
89422,1
89423,1
89424,1
89425,1
89426,1
89427,1
89428,1
89429,1
89430,1
89431,1
89432,1
89433,1
89434,1
89435,1
89436,1
89437,1
89438,1
89439,1
89440,1
89441,1
89442,1
89443,1
89444,1
89445,1
89446,1
89447,1
89448,1
89449,1
89450,1
89451,1
89452,1
89453,1
89454,1
89455,1
89456,1
89457,1
89458,1
89459,1
89460,1
89461,1
89462,1
89463,1
89464,1
89465,1
89466,1
89467,1
89468,1
89469,1
89470,1
89471,1
89472,1
89473,1
89474,1
89475,1
89476,1
89477,1
89478,1
89479,1
89480,1
89481,1
89482,1
89483,1
89484,1
89485,1
89486,1
89487,1
89488,1
89489,1
89490,1
89491,1
89492,1
89493,1
89494,1
89495,1
89496,1
89497,1
89498,1
89499,1
89500,1
89501,1
89502,1
89503,1
89504,1
89505,1
89506,1
89507,1
89508,1
89509,1
89510,1
89511,1
89512,1
89513,1
89514,1
89515,1
89516,1
89517,1
89518,1
89519,1
89520,1
89521,1
89522,1
89523,1
89524,1
89525,1
89526,1
89527,1
89528,1
89529,1
89530,1
89531,1
89532,1
89533,1
89534,1
89535,1
89536,1
89537,1
89538,1
89539,1
89540,1
89541,1
89542,1
89543,1
89544,1
89545,1
89546,1
89547,1
89548,1
89549,1
89550,1
89551,1
89552,1
89553,1
89554,1
89555,1
89556,1
89557,1
89558,1
89559,1
89560,1
89561,1
89562,1
89563,1
89564,1
89565,1
89566,1
89567,1
89568,1
89569,1
89570,1
89571,1
89572,1
89573,1
89574,1
89575,1
89576,1
89577,1
89578,1
89579,1
89580,1
89581,1
89582,1
89583,1
89584,1
89585,1
89586,1
89587,1
89588,1
89589,1
89590,1
89591,1
89592,1
89593,1
89594,1
89595,1
89596,1
89597,1
89598,1
89599,1
89600,1
89601,1
89602,1
89603,1
89604,1
89605,1
89606,1
89607,1
89608,1
89609,1
89610,1
89611,1
89612,1
89613,1
89614,1
89615,1
89616,1
89617,1
89618,1
89619,1
89620,1
89621,1
89622,1
89623,1
89624,1
89625,1
89626,1
89627,1
89628,1
89629,1
89630,1
89631,1
89632,1
89633,1
89634,1
89635,1
89636,1
89637,1
89638,1
89639,1
89640,1
89641,1
89642,1
89643,1
89644,1
89645,1
89646,1
89647,1
89648,1
89649,1
89650,1
89651,1
89652,1
89653,1
89654,1
89655,1
89656,1
89657,1
89658,1
89659,1
89660,1
89661,1
89662,1
89663,1
89664,1
89665,1
89666,1
89667,1
89668,1
89669,1
89670,1
89671,1
89672,1
89673,1
89674,1
89675,1
89676,1
89677,1
89678,1
89679,1
89680,1
89681,1
89682,1
89683,1
89684,1
89685,1
89686,1
89687,1
89688,1
89689,1
89690,1
89691,1
89692,1
89693,1
89694,1
89695,1
89696,1
89697,1
89698,1
89699,1
89700,1
89701,1
89702,1
89703,1
89704,1
89705,1
89706,1
89707,1
89708,1
89709,1
89710,1
89711,1
89712,1
89713,1
89714,1
89715,1
89716,1
89717,1
89718,1
89719,1
89720,1
89721,1
89722,1
89723,1
89724,1
89725,1
89726,1
89727,1
89728,1
89729,1
89730,1
89731,1
89732,1
89733,1
89734,1
89735,1
89736,1
89737,1
89738,1
89739,1
89740,1
89741,1
89742,1
89743,1
89744,1
89745,1
89746,1
89747,1
89748,1
89749,1
89750,1
89751,1
89752,1
89753,1
89754,1
89755,1
89756,1
89757,1
89758,1
89759,1
89760,1
89761,1
89762,1
89763,1
89764,1
89765,1
89766,1
89767,1
89768,1
89769,1
89770,1
89771,1
89772,1
89773,1
89774,1
89775,1
89776,1
89777,1
89778,1
89779,1
89780,1
89781,1
89782,1
89783,1
89784,1
89785,1
89786,1
89787,1
89788,1
89789,1
89790,1
89791,1
89792,1
89793,1
89794,1
89795,1
89796,1
89797,1
89798,1
89799,1
89800,1
89801,1
89802,1
89803,1
89804,1
89805,1
89806,1
89807,1
89808,1
89809,1
89810,1
89811,1
89812,1
89813,1
89814,1
89815,1
89816,1
89817,1
89818,1
89819,1
89820,1
89821,1
89822,1
89823,1
89824,1
89825,1
89826,1
89827,1
89828,1
89829,1
89830,1
89831,1
89832,1
89833,1
89834,1
89835,1
89836,1
89837,1
89838,1
89839,1
89840,1
89841,1
89842,1
89843,1
89844,1
89845,1
89846,1
89847,1
89848,1
89849,1
89850,1
89851,1
89852,1
89853,1
89854,1
89855,1
89856,1
89857,1
89858,1
89859,1
89860,1
89861,1
89862,1
89863,1
89864,1
89865,1
89866,1
89867,1
89868,1
89869,1
89870,1
89871,1
89872,1
89873,1
89874,1
89875,1
89876,1
89877,1
89878,1
89879,1
89880,1
89881,1
89882,1
89883,1
89884,1
89885,1
89886,1
89887,1
89888,1
89889,1
89890,1
89891,1
89892,1
89893,1
89894,1
89895,1
89896,1
89897,1
89898,1
89899,1
89900,1
89901,1
89902,1
89903,1
89904,1
89905,1
89906,1
89907,1
89908,1
89909,1
89910,1
89911,1
89912,1
89913,1
89914,1
89915,1
89916,1
89917,1
89918,1
89919,1
89920,1
89921,1
89922,1
89923,1
89924,1
89925,1
89926,1
89927,1
89928,1
89929,1
89930,1
89931,1
89932,1
89933,1
89934,1
89935,1
89936,1
89937,1
89938,1
89939,1
89940,1
89941,1
89942,1
89943,1
89944,1
89945,1
89946,1
89947,1
89948,1
89949,1
89950,1
89951,1
89952,1
89953,1
89954,1
89955,1
89956,1
89957,1
89958,1
89959,1
89960,1
89961,1
89962,1
89963,1
89964,1
89965,1
89966,1
89967,1
89968,1
89969,1
89970,1
89971,1
89972,1
89973,1
89974,1
89975,1
89976,1
89977,1
89978,1
89979,1
89980,1
89981,1
89982,1
89983,1
89984,1
89985,1
89986,1
89987,1
89988,1
89989,1
89990,1
89991,1
89992,1
89993,1
89994,1
89995,1
89996,1
89997,1
89998,1
89999,1
90000,1
90001,1
90002,1
90003,1
90004,1
90005,1
90006,1
90007,1
90008,1
90009,1
90010,1
90011,1
90012,1
90013,1
90014,1
90015,1
90016,1
90017,1
90018,1
90019,1
90020,1
90021,1
90022,1
90023,1
90024,1
90025,1
90026,1
90027,1
90028,1
90029,1
90030,1
90031,1
90032,1
90033,1
90034,1
90035,1
90036,1
90037,1
90038,1
90039,1
90040,1
90041,1
90042,1
90043,1
90044,1
90045,1
90046,1
90047,1
90048,1
90049,1
90050,1
90051,1
90052,1
90053,1
90054,1
90055,1
90056,1
90057,1
90058,1
90059,1
90060,1
90061,1
90062,1
90063,1
90064,1
90065,1
90066,1
90067,1
90068,1
90069,1
90070,1
90071,1
90072,1
90073,1
90074,1
90075,1
90076,1
90077,1
90078,1
90079,1
90080,1
90081,1
90082,1
90083,1
90084,1
90085,1
90086,1
90087,1
90088,1
90089,1
90090,1
90091,1
90092,1
90093,1
90094,1
90095,1
90096,1
90097,1
90098,1
90099,1
90100,1
90101,1
90102,1
90103,1
90104,1
90105,1
90106,1
90107,1
90108,1
90109,1
90110,1
90111,1
90112,1
90113,1
90114,1
90115,1
90116,1
90117,1
90118,1
90119,1
90120,1
90121,1
90122,1
90123,1
90124,1
90125,1
90126,1
90127,1
90128,1
90129,1
90130,1
90131,1
90132,1
90133,1
90134,1
90135,1
90136,1
90137,1
90138,1
90139,1
90140,1
90141,1
90142,1
90143,1
90144,1
90145,1
90146,1
90147,1
90148,1
90149,1
90150,1
90151,1
90152,1
90153,1
90154,1
90155,1
90156,1
90157,1
90158,1
90159,1
90160,1
90161,1
90162,1
90163,1
90164,1
90165,1
90166,1
90167,1
90168,1
90169,1
90170,1
90171,1
90172,1
90173,1
90174,1
90175,1
90176,1
90177,1
90178,1
90179,1
90180,1
90181,1
90182,1
90183,1
90184,1
90185,1
90186,1
90187,1
90188,1
90189,1
90190,1
90191,1
90192,1
90193,1
90194,1
90195,1
90196,1
90197,1
90198,1
90199,1
90200,1
90201,1
90202,1
90203,1
90204,1
90205,1
90206,1
90207,1
90208,1
90209,1
90210,1
90211,1
90212,1
90213,1
90214,1
90215,1
90216,1
90217,1
90218,1
90219,1
90220,1
90221,1
90222,1
90223,1
90224,1
90225,1
90226,1
90227,1
90228,1
90229,1
90230,1
90231,1
90232,1
90233,1
90234,1
90235,1
90236,1
90237,1
90238,1
90239,1
90240,1
90241,1
90242,1
90243,1
90244,1
90245,1
90246,1
90247,1
90248,1
90249,1
90250,1
90251,1
90252,1
90253,1
90254,1
90255,1
90256,1
90257,1
90258,1
90259,1
90260,1
90261,1
90262,1
90263,1
90264,1
90265,1
90266,1
90267,1
90268,1
90269,1
90270,1
90271,1
90272,1
90273,1
90274,1
90275,1
90276,1
90277,1
90278,1
90279,1
90280,1
90281,1
90282,1
90283,1
90284,1
90285,1
90286,1
90287,1
90288,1
90289,1
90290,1
90291,1
90292,1
90293,1
90294,1
90295,1
90296,1
90297,1
90298,1
90299,1
90300,1
90301,1
90302,1
90303,1
90304,1
90305,1
90306,1
90307,1
90308,1
90309,1
90310,1
90311,1
90312,1
90313,1
90314,1
90315,1
90316,1
90317,1
90318,1
90319,1
90320,1
90321,1
90322,1
90323,1
90324,1
90325,1
90326,1
90327,1
90328,1
90329,1
90330,1
90331,1
90332,1
90333,1
90334,1
90335,1
90336,1
90337,1
90338,1
90339,1
90340,1
90341,1
90342,1
90343,1
90344,1
90345,1
90346,1
90347,1
90348,1
90349,1
90350,1
90351,1
90352,1
90353,1
90354,1
90355,1
90356,1
90357,1
90358,1
90359,1
90360,1
90361,1
90362,1
90363,1
90364,1
90365,1
90366,1
90367,1
90368,1
90369,1
90370,1
90371,1
90372,1
90373,1
90374,1
90375,1
90376,1
90377,1
90378,1
90379,1
90380,1
90381,1
90382,1
90383,1
90384,1
90385,1
90386,1
90387,1
90388,1
90389,1
90390,1
90391,1
90392,1
90393,1
90394,1
90395,1
90396,1
90397,1
90398,1
90399,1
90400,1
90401,1
90402,1
90403,1
90404,1
90405,1
90406,1
90407,1
90408,1
90409,1
90410,1
90411,1
90412,1
90413,1
90414,1
90415,1
90416,1
90417,1
90418,1
90419,1
90420,1
90421,1
90422,1
90423,1
90424,1
90425,1
90426,1
90427,1
90428,1
90429,1
90430,1
90431,1
90432,1
90433,1
90434,1
90435,1
90436,1
90437,1
90438,1
90439,1
90440,1
90441,1
90442,1
90443,1
90444,1
90445,1
90446,1
90447,1
90448,1
90449,1
90450,1
90451,1
90452,1
90453,1
90454,1
90455,1
90456,1
90457,1
90458,1
90459,1
90460,1
90461,1
90462,1
90463,1
90464,1
90465,1
90466,1
90467,1
90468,1
90469,1
90470,1
90471,1
90472,1
90473,1
90474,1
90475,1
90476,1
90477,1
90478,1
90479,1
90480,1
90481,1
90482,1
90483,1
90484,1
90485,1
90486,1
90487,1
90488,1
90489,1
90490,1
90491,1
90492,1
90493,1
90494,1
90495,1
90496,1
90497,1
90498,1
90499,1
90500,1
90501,1
90502,1
90503,1
90504,1
90505,1
90506,1
90507,1
90508,1
90509,1
90510,1
90511,1
90512,1
90513,1
90514,1
90515,1
90516,1
90517,1
90518,1
90519,1
90520,1
90521,1
90522,1
90523,1
90524,1
90525,1
90526,1
90527,1
90528,1
90529,1
90530,1
90531,1
90532,1
90533,1
90534,1
90535,1
90536,1
90537,1
90538,1
90539,1
90540,1
90541,1
90542,1
90543,1
90544,1
90545,1
90546,1
90547,1
90548,1
90549,1
90550,1
90551,1
90552,1
90553,1
90554,1
90555,1
90556,1
90557,1
90558,1
90559,1
90560,1
90561,1
90562,1
90563,1
90564,1
90565,1
90566,1
90567,1
90568,1
90569,1
90570,1
90571,1
90572,1
90573,1
90574,1
90575,1
90576,1
90577,1
90578,1
90579,1
90580,1
90581,1
90582,1
90583,1
90584,1
90585,1
90586,1
90587,1
90588,1
90589,1
90590,1
90591,1
90592,1
90593,1
90594,1
90595,1
90596,1
90597,1
90598,1
90599,1
90600,1
90601,1
90602,1
90603,1
90604,1
90605,1
90606,1
90607,1
90608,1
90609,1
90610,1
90611,1
90612,1
90613,1
90614,1
90615,1
90616,1
90617,1
90618,1
90619,1
90620,1
90621,1
90622,1
90623,1
90624,1
90625,1
90626,1
90627,1
90628,1
90629,1
90630,1
90631,1
90632,1
90633,1
90634,1
90635,1
90636,1
90637,1
90638,1
90639,1
90640,1
90641,1
90642,1
90643,1
90644,1
90645,1
90646,1
90647,1
90648,1
90649,1
90650,1
90651,1
90652,1
90653,1
90654,1
90655,1
90656,1
90657,1
90658,1
90659,1
90660,1
90661,1
90662,1
90663,1
90664,1
90665,1
90666,1
90667,1
90668,1
90669,1
90670,1
90671,1
90672,1
90673,1
90674,1
90675,1
90676,1
90677,1
90678,1
90679,1
90680,1
90681,1
90682,1
90683,1
90684,1
90685,1
90686,1
90687,1
90688,1
90689,1
90690,1
90691,1
90692,1
90693,1
90694,1
90695,1
90696,1
90697,1
90698,1
90699,1
90700,1
90701,1
90702,1
90703,1
90704,1
90705,1
90706,1
90707,1
90708,1
90709,1
90710,1
90711,1
90712,1
90713,1
90714,1
90715,1
90716,1
90717,1
90718,1
90719,1
90720,1
90721,1
90722,1
90723,1
90724,1
90725,1
90726,1
90727,1
90728,1
90729,1
90730,1
90731,1
90732,1
90733,1
90734,1
90735,1
90736,1
90737,1
90738,1
90739,1
90740,1
90741,1
90742,1
90743,1
90744,1
90745,1
90746,1
90747,1
90748,1
90749,1
90750,1
90751,1
90752,1
90753,1
90754,1
90755,1
90756,1
90757,1
90758,1
90759,1
90760,1
90761,1
90762,1
90763,1
90764,1
90765,1
90766,1
90767,1
90768,1
90769,1
90770,1
90771,1
90772,1
90773,1
90774,1
90775,1
90776,1
90777,1
90778,1
90779,1
90780,1
90781,1
90782,1
90783,1
90784,1
90785,1
90786,1
90787,1
90788,1
90789,1
90790,1
90791,1
90792,1
90793,1
90794,1
90795,1
90796,1
90797,1
90798,1
90799,1
90800,1
90801,1
90802,1
90803,1
90804,1
90805,1
90806,1
90807,1
90808,1
90809,1
90810,1
90811,1
90812,1
90813,1
90814,1
90815,1
90816,1
90817,1
90818,1
90819,1
90820,1
90821,1
90822,1
90823,1
90824,1
90825,1
90826,1
90827,1
90828,1
90829,1
90830,1
90831,1
90832,1
90833,1
90834,1
90835,1
90836,1
90837,1
90838,1
90839,1
90840,1
90841,1
90842,1
90843,1
90844,1
90845,1
90846,1
90847,1
90848,1
90849,1
90850,1
90851,1
90852,1
90853,1
90854,1
90855,1
90856,1
90857,1
90858,1
90859,1
90860,1
90861,1
90862,1
90863,1
90864,1
90865,1
90866,1
90867,1
90868,1
90869,1
90870,1
90871,1
90872,1
90873,1
90874,1
90875,1
90876,1
90877,1
90878,1
90879,1
90880,1
90881,1
90882,1
90883,1
90884,1
90885,1
90886,1
90887,1
90888,1
90889,1
90890,1
90891,1
90892,1
90893,1
90894,1
90895,1
90896,1
90897,1
90898,1
90899,1
90900,1
90901,1
90902,1
90903,1
90904,1
90905,1
90906,1
90907,1
90908,1
90909,1
90910,1
90911,1
90912,1
90913,1
90914,1
90915,1
90916,1
90917,1
90918,1
90919,1
90920,1
90921,1
90922,1
90923,1
90924,1
90925,1
90926,1
90927,1
90928,1
90929,1
90930,1
90931,1
90932,1
90933,1
90934,1
90935,1
90936,1
90937,1
90938,1
90939,1
90940,1
90941,1
90942,1
90943,1
90944,1
90945,1
90946,1
90947,1
90948,1
90949,1
90950,1
90951,1
90952,1
90953,1
90954,1
90955,1
90956,1
90957,1
90958,1
90959,1
90960,1
90961,1
90962,1
90963,1
90964,1
90965,1
90966,1
90967,1
90968,1
90969,1
90970,1
90971,1
90972,1
90973,1
90974,1
90975,1
90976,1
90977,1
90978,1
90979,1
90980,1
90981,1
90982,1
90983,1
90984,1
90985,1
90986,1
90987,1
90988,1
90989,1
90990,1
90991,1
90992,1
90993,1
90994,1
90995,1
90996,1
90997,1
90998,1
90999,1
91000,1
91001,1
91002,1
91003,1
91004,1
91005,1
91006,1
91007,1
91008,1
91009,1
91010,1
91011,1
91012,1
91013,1
91014,1
91015,1
91016,1
91017,1
91018,1
91019,1
91020,1
91021,1
91022,1
91023,1
91024,1
91025,1
91026,1
91027,1
91028,1
91029,1
91030,1
91031,1
91032,1
91033,1
91034,1
91035,1
91036,1
91037,1
91038,1
91039,1
91040,1
91041,1
91042,1
91043,1
91044,1
91045,1
91046,1
91047,1
91048,1
91049,1
91050,1
91051,1
91052,1
91053,1
91054,1
91055,1
91056,1
91057,1
91058,1
91059,1
91060,1
91061,1
91062,1
91063,1
91064,1
91065,1
91066,1
91067,1
91068,1
91069,1
91070,1
91071,1
91072,1
91073,1
91074,1
91075,1
91076,1
91077,1
91078,1
91079,1
91080,1
91081,1
91082,1
91083,1
91084,1
91085,1
91086,1
91087,1
91088,1
91089,1
91090,1
91091,1
91092,1
91093,1
91094,1
91095,1
91096,1
91097,1
91098,1
91099,1
91100,1
91101,1
91102,1
91103,1
91104,1
91105,1
91106,1
91107,1
91108,1
91109,1
91110,1
91111,1
91112,1
91113,1
91114,1
91115,1
91116,1
91117,1
91118,1
91119,1
91120,1
91121,1
91122,1
91123,1
91124,1
91125,1
91126,1
91127,1
91128,1
91129,1
91130,1
91131,1
91132,1
91133,1
91134,1
91135,1
91136,1
91137,1
91138,1
91139,1
91140,1
91141,1
91142,1
91143,1
91144,1
91145,1
91146,1
91147,1
91148,1
91149,1
91150,1
91151,1
91152,1
91153,1
91154,1
91155,1
91156,1
91157,1
91158,1
91159,1
91160,1
91161,1
91162,1
91163,1
91164,1
91165,1
91166,1
91167,1
91168,1
91169,1
91170,1
91171,1
91172,1
91173,1
91174,1
91175,1
91176,1
91177,1
91178,1
91179,1
91180,1
91181,1
91182,1
91183,1
91184,1
91185,1
91186,1
91187,1
91188,1
91189,1
91190,1
91191,1
91192,1
91193,1
91194,1
91195,1
91196,1
91197,1
91198,1
91199,1
91200,1
91201,1
91202,1
91203,1
91204,1
91205,1
91206,1
91207,1
91208,1
91209,1
91210,1
91211,1
91212,1
91213,1
91214,1
91215,1
91216,1
91217,1
91218,1
91219,1
91220,1
91221,1
91222,1
91223,1
91224,1
91225,1
91226,1
91227,1
91228,1
91229,1
91230,1
91231,1
91232,1
91233,1
91234,1
91235,1
91236,1
91237,1
91238,1
91239,1
91240,1
91241,1
91242,1
91243,1
91244,1
91245,1
91246,1
91247,1
91248,1
91249,1
91250,1
91251,1
91252,1
91253,1
91254,1
91255,1
91256,1
91257,1
91258,1
91259,1
91260,1
91261,1
91262,1
91263,1
91264,1
91265,1
91266,1
91267,1
91268,1
91269,1
91270,1
91271,1
91272,1
91273,1
91274,1
91275,1
91276,1
91277,1
91278,1
91279,1
91280,1
91281,1
91282,1
91283,1
91284,1
91285,1
91286,1
91287,1
91288,1
91289,1
91290,1
91291,1
91292,1
91293,1
91294,1
91295,1
91296,1
91297,1
91298,1
91299,1
91300,1
91301,1
91302,1
91303,1
91304,1
91305,1
91306,1
91307,1
91308,1
91309,1
91310,1
91311,1
91312,1
91313,1
91314,1
91315,1
91316,1
91317,1
91318,1
91319,1
91320,1
91321,1
91322,1
91323,1
91324,1
91325,1
91326,1
91327,1
91328,1
91329,1
91330,1
91331,1
91332,1
91333,1
91334,1
91335,1
91336,1
91337,1
91338,1
91339,1
91340,1
91341,1
91342,1
91343,1
91344,1
91345,1
91346,1
91347,1
91348,1
91349,1
91350,1
91351,1
91352,1
91353,1
91354,1
91355,1
91356,1
91357,1
91358,1
91359,1
91360,1
91361,1
91362,1
91363,1
91364,1
91365,1
91366,1
91367,1
91368,1
91369,1
91370,1
91371,1
91372,1
91373,1
91374,1
91375,1
91376,1
91377,1
91378,1
91379,1
91380,1
91381,1
91382,1
91383,1
91384,1
91385,1
91386,1
91387,1
91388,1
91389,1
91390,1
91391,1
91392,1
91393,1
91394,1
91395,1
91396,1
91397,1
91398,1
91399,1
91400,1
91401,1
91402,1
91403,1
91404,1
91405,1
91406,1
91407,1
91408,1
91409,1
91410,1
91411,1
91412,1
91413,1
91414,1
91415,1
91416,1
91417,1
91418,1
91419,1
91420,1
91421,1
91422,1
91423,1
91424,1
91425,1
91426,1
91427,1
91428,1
91429,1
91430,1
91431,1
91432,1
91433,1
91434,1
91435,1
91436,1
91437,1
91438,1
91439,1
91440,1
91441,1
91442,1
91443,1
91444,1
91445,1
91446,1
91447,1
91448,1
91449,1
91450,1
91451,1
91452,1
91453,1
91454,1
91455,1
91456,1
91457,1
91458,1
91459,1
91460,1
91461,1
91462,1
91463,1
91464,1
91465,1
91466,1
91467,1
91468,1
91469,1
91470,1
91471,1
91472,1
91473,1
91474,1
91475,1
91476,1
91477,1
91478,1
91479,1
91480,1
91481,1
91482,1
91483,1
91484,1
91485,1
91486,1
91487,1
91488,1
91489,1
91490,1
91491,1
91492,1
91493,1
91494,1
91495,1
91496,1
91497,1
91498,1
91499,1
91500,1
91501,1
91502,1
91503,1
91504,1
91505,1
91506,1
91507,1
91508,1
91509,1
91510,1
91511,1
91512,1
91513,1
91514,1
91515,1
91516,1
91517,1
91518,1
91519,1
91520,1
91521,1
91522,1
91523,1
91524,1
91525,1
91526,1
91527,1
91528,1
91529,1
91530,1
91531,1
91532,1
91533,1
91534,1
91535,1
91536,1
91537,1
91538,1
91539,1
91540,1
91541,1
91542,1
91543,1
91544,1
91545,1
91546,1
91547,1
91548,1
91549,1
91550,1
91551,1
91552,1
91553,1
91554,1
91555,1
91556,1
91557,1
91558,1
91559,1
91560,1
91561,1
91562,1
91563,1
91564,1
91565,1
91566,1
91567,1
91568,1
91569,1
91570,1
91571,1
91572,1
91573,1
91574,1
91575,1
91576,1
91577,1
91578,1
91579,1
91580,1
91581,1
91582,1
91583,1
91584,1
91585,1
91586,1
91587,1
91588,1
91589,1
91590,1
91591,1
91592,1
91593,1
91594,1
91595,1
91596,1
91597,1
91598,1
91599,1
91600,1
91601,1
91602,1
91603,1
91604,1
91605,1
91606,1
91607,1
91608,1
91609,1
91610,1
91611,1
91612,1
91613,1
91614,1
91615,1
91616,1
91617,1
91618,1
91619,1
91620,1
91621,1
91622,1
91623,1
91624,1
91625,1
91626,1
91627,1
91628,1
91629,1
91630,1
91631,1
91632,1
91633,1
91634,1
91635,1
91636,1
91637,1
91638,1
91639,1
91640,1
91641,1
91642,1
91643,1
91644,1
91645,1
91646,1
91647,1
91648,1
91649,1
91650,1
91651,1
91652,1
91653,1
91654,1
91655,1
91656,1
91657,1
91658,1
91659,1
91660,1
91661,1
91662,1
91663,1
91664,1
91665,1
91666,1
91667,1
91668,1
91669,1
91670,1
91671,1
91672,1
91673,1
91674,1
91675,1
91676,1
91677,1
91678,1
91679,1
91680,1
91681,1
91682,1
91683,1
91684,1
91685,1
91686,1
91687,1
91688,1
91689,1
91690,1
91691,1
91692,1
91693,1
91694,1
91695,1
91696,1
91697,1
91698,1
91699,1
91700,1
91701,1
91702,1
91703,1
91704,1
91705,1
91706,1
91707,1
91708,1
91709,1
91710,1
91711,1
91712,1
91713,1
91714,1
91715,1
91716,1
91717,1
91718,1
91719,1
91720,1
91721,1
91722,1
91723,1
91724,1
91725,1
91726,1
91727,1
91728,1
91729,1
91730,1
91731,1
91732,1
91733,1
91734,1
91735,1
91736,1
91737,1
91738,1
91739,1
91740,1
91741,1
91742,1
91743,1
91744,1
91745,1
91746,1
91747,1
91748,1
91749,1
91750,1
91751,1
91752,1
91753,1
91754,1
91755,1
91756,1
91757,1
91758,1
91759,1
91760,1
91761,1
91762,1
91763,1
91764,1
91765,1
91766,1
91767,1
91768,1
91769,1
91770,1
91771,1
91772,1
91773,1
91774,1
91775,1
91776,1
91777,1
91778,1
91779,1
91780,1
91781,1
91782,1
91783,1
91784,1
91785,1
91786,1
91787,1
91788,1
91789,1
91790,1
91791,1
91792,1
91793,1
91794,1
91795,1
91796,1
91797,1
91798,1
91799,1
91800,1
91801,1
91802,1
91803,1
91804,1
91805,1
91806,1
91807,1
91808,1
91809,1
91810,1
91811,1
91812,1
91813,1
91814,1
91815,1
91816,1
91817,1
91818,1
91819,1
91820,1
91821,1
91822,1
91823,1
91824,1
91825,1
91826,1
91827,1
91828,1
91829,1
91830,1
91831,1
91832,1
91833,1
91834,1
91835,1
91836,1
91837,1
91838,1
91839,1
91840,1
91841,1
91842,1
91843,1
91844,1
91845,1
91846,1
91847,1
91848,1
91849,1
91850,1
91851,1
91852,1
91853,1
91854,1
91855,1
91856,1
91857,1
91858,1
91859,1
91860,1
91861,1
91862,1
91863,1
91864,1
91865,1
91866,1
91867,1
91868,1
91869,1
91870,1
91871,1
91872,1
91873,1
91874,1
91875,1
91876,1
91877,1
91878,1
91879,1
91880,1
91881,1
91882,1
91883,1
91884,1
91885,1
91886,1
91887,1
91888,1
91889,1
91890,1
91891,1
91892,1
91893,1
91894,1
91895,1
91896,1
91897,1
91898,1
91899,1
91900,1
91901,1
91902,1
91903,1
91904,1
91905,1
91906,1
91907,1
91908,1
91909,1
91910,1
91911,1
91912,1
91913,1
91914,1
91915,1
91916,1
91917,1
91918,1
91919,1
91920,1
91921,1
91922,1
91923,1
91924,1
91925,1
91926,1
91927,1
91928,1
91929,1
91930,1
91931,1
91932,1
91933,1
91934,1
91935,1
91936,1
91937,1
91938,1
91939,1
91940,1
91941,1
91942,1
91943,1
91944,1
91945,1
91946,1
91947,1
91948,1
91949,1
91950,1
91951,1
91952,1
91953,1
91954,1
91955,1
91956,1
91957,1
91958,1
91959,1
91960,1
91961,1
91962,1
91963,1
91964,1
91965,1
91966,1
91967,1
91968,1
91969,1
91970,1
91971,1
91972,1
91973,1
91974,1
91975,1
91976,1
91977,1
91978,1
91979,1
91980,1
91981,1
91982,1
91983,1
91984,1
91985,1
91986,1
91987,1
91988,1
91989,1
91990,1
91991,1
91992,1
91993,1
91994,1
91995,1
91996,1
91997,1
91998,1
91999,1
92000,1
92001,1
92002,1
92003,1
92004,1
92005,1
92006,1
92007,1
92008,1
92009,1
92010,1
92011,1
92012,1
92013,1
92014,1
92015,1
92016,1
92017,1
92018,1
92019,1
92020,1
92021,1
92022,1
92023,1
92024,1
92025,1
92026,1
92027,1
92028,1
92029,1
92030,1
92031,1
92032,1
92033,1
92034,1
92035,1
92036,1
92037,1
92038,1
92039,1
92040,1
92041,1
92042,1
92043,1
92044,1
92045,1
92046,1
92047,1
92048,1
92049,1
92050,1
92051,1
92052,1
92053,1
92054,1
92055,1
92056,1
92057,1
92058,1
92059,1
92060,1
92061,1
92062,1
92063,1
92064,1
92065,1
92066,1
92067,1
92068,1
92069,1
92070,1
92071,1
92072,1
92073,1
92074,1
92075,1
92076,1
92077,1
92078,1
92079,1
92080,1
92081,1
92082,1
92083,1
92084,1
92085,1
92086,1
92087,1
92088,1
92089,1
92090,1
92091,1
92092,1
92093,1
92094,1
92095,1
92096,1
92097,1
92098,1
92099,1
92100,1
92101,1
92102,1
92103,1
92104,1
92105,1
92106,1
92107,1
92108,1
92109,1
92110,1
92111,1
92112,1
92113,1
92114,1
92115,1
92116,1
92117,1
92118,1
92119,1
92120,1
92121,1
92122,1
92123,1
92124,1
92125,1
92126,1
92127,1
92128,1
92129,1
92130,1
92131,1
92132,1
92133,1
92134,1
92135,1
92136,1
92137,1
92138,1
92139,1
92140,1
92141,1
92142,1
92143,1
92144,1
92145,1
92146,1
92147,1
92148,1
92149,1
92150,1
92151,1
92152,1
92153,1
92154,1
92155,1
92156,1
92157,1
92158,1
92159,1
92160,1
92161,1
92162,1
92163,1
92164,1
92165,1
92166,1
92167,1
92168,1
92169,1
92170,1
92171,1
92172,1
92173,1
92174,1
92175,1
92176,1
92177,1
92178,1
92179,1
92180,1
92181,1
92182,1
92183,1
92184,1
92185,1
92186,1
92187,1
92188,1
92189,1
92190,1
92191,1
92192,1
92193,1
92194,1
92195,1
92196,1
92197,1
92198,1
92199,1
92200,1
92201,1
92202,1
92203,1
92204,1
92205,1
92206,1
92207,1
92208,1
92209,1
92210,1
92211,1
92212,1
92213,1
92214,1
92215,1
92216,1
92217,1
92218,1
92219,1
92220,1
92221,1
92222,1
92223,1
92224,1
92225,1
92226,1
92227,1
92228,1
92229,1
92230,1
92231,1
92232,1
92233,1
92234,1
92235,1
92236,1
92237,1
92238,1
92239,1
92240,1
92241,1
92242,1
92243,1
92244,1
92245,1
92246,1
92247,1
92248,1
92249,1
92250,1
92251,1
92252,1
92253,1
92254,1
92255,1
92256,1
92257,1
92258,1
92259,1
92260,1
92261,1
92262,1
92263,1
92264,1
92265,1
92266,1
92267,1
92268,1
92269,1
92270,1
92271,1
92272,1
92273,1
92274,1
92275,1
92276,1
92277,1
92278,1
92279,1
92280,1
92281,1
92282,1
92283,1
92284,1
92285,1
92286,1
92287,1
92288,1
92289,1
92290,1
92291,1
92292,1
92293,1
92294,1
92295,1
92296,1
92297,1
92298,1
92299,1
92300,1
92301,1
92302,1
92303,1
92304,1
92305,1
92306,1
92307,1
92308,1
92309,1
92310,1
92311,1
92312,1
92313,1
92314,1
92315,1
92316,1
92317,1
92318,1
92319,1
92320,1
92321,1
92322,1
92323,1
92324,1
92325,1
92326,1
92327,1
92328,1
92329,1
92330,1
92331,1
92332,1
92333,1
92334,1
92335,1
92336,1
92337,1
92338,1
92339,1
92340,1
92341,1
92342,1
92343,1
92344,1
92345,1
92346,1
92347,1
92348,1
92349,1
92350,1
92351,1
92352,1
92353,1
92354,1
92355,1
92356,1
92357,1
92358,1
92359,1
92360,1
92361,1
92362,1
92363,1
92364,1
92365,1
92366,1
92367,1
92368,1
92369,1
92370,1
92371,1
92372,1
92373,1
92374,1
92375,1
92376,1
92377,1
92378,1
92379,1
92380,1
92381,1
92382,1
92383,1
92384,1
92385,1
92386,1
92387,1
92388,1
92389,1
92390,1
92391,1
92392,1
92393,1
92394,1
92395,1
92396,1
92397,1
92398,1
92399,1
92400,1
92401,1
92402,1
92403,1
92404,1
92405,1
92406,1
92407,1
92408,1
92409,1
92410,1
92411,1
92412,1
92413,1
92414,1
92415,1
92416,1
92417,1
92418,1
92419,1
92420,1
92421,1
92422,1
92423,1
92424,1
92425,1
92426,1
92427,1
92428,1
92429,1
92430,1
92431,1
92432,1
92433,1
92434,1
92435,1
92436,1
92437,1
92438,1
92439,1
92440,1
92441,1
92442,1
92443,1
92444,1
92445,1
92446,1
92447,1
92448,1
92449,1
92450,1
92451,1
92452,1
92453,1
92454,1
92455,1
92456,1
92457,1
92458,1
92459,1
92460,1
92461,1
92462,1
92463,1
92464,1
92465,1
92466,1
92467,1
92468,1
92469,1
92470,1
92471,1
92472,1
92473,1
92474,1
92475,1
92476,1
92477,1
92478,1
92479,1
92480,1
92481,1
92482,1
92483,1
92484,1
92485,1
92486,1
92487,1
92488,1
92489,1
92490,1
92491,1
92492,1
92493,1
92494,1
92495,1
92496,1
92497,1
92498,1
92499,1
92500,1
92501,1
92502,1
92503,1
92504,1
92505,1
92506,1
92507,1
92508,1
92509,1
92510,1
92511,1
92512,1
92513,1
92514,1
92515,1
92516,1
92517,1
92518,1
92519,1
92520,1
92521,1
92522,1
92523,1
92524,1
92525,1
92526,1
92527,1
92528,1
92529,1
92530,1
92531,1
92532,1
92533,1
92534,1
92535,1
92536,1
92537,1
92538,1
92539,1
92540,1
92541,1
92542,1
92543,1
92544,1
92545,1
92546,1
92547,1
92548,1
92549,1
92550,1
92551,1
92552,1
92553,1
92554,1
92555,1
92556,1
92557,1
92558,1
92559,1
92560,1
92561,1
92562,1
92563,1
92564,1
92565,1
92566,1
92567,1
92568,1
92569,1
92570,1
92571,1
92572,1
92573,1
92574,1
92575,1
92576,1
92577,1
92578,1
92579,1
92580,1
92581,1
92582,1
92583,1
92584,1
92585,1
92586,1
92587,1
92588,1
92589,1
92590,1
92591,1
92592,1
92593,1
92594,1
92595,1
92596,1
92597,1
92598,1
92599,1
92600,1
92601,1
92602,1
92603,1
92604,1
92605,1
92606,1
92607,1
92608,1
92609,1
92610,1
92611,1
92612,1
92613,1
92614,1
92615,1
92616,1
92617,1
92618,1
92619,1
92620,1
92621,1
92622,1
92623,1
92624,1
92625,1
92626,1
92627,1
92628,1
92629,1
92630,1
92631,1
92632,1
92633,1
92634,1
92635,1
92636,1
92637,1
92638,1
92639,1
92640,1
92641,1
92642,1
92643,1
92644,1
92645,1
92646,1
92647,1
92648,1
92649,1
92650,1
92651,1
92652,1
92653,1
92654,1
92655,1
92656,1
92657,1
92658,1
92659,1
92660,1
92661,1
92662,1
92663,1
92664,1
92665,1
92666,1
92667,1
92668,1
92669,1
92670,1
92671,1
92672,1
92673,1
92674,1
92675,1
92676,1
92677,1
92678,1
92679,1
92680,1
92681,1
92682,1
92683,1
92684,1
92685,1
92686,1
92687,1
92688,1
92689,1
92690,1
92691,1
92692,1
92693,1
92694,1
92695,1
92696,1
92697,1
92698,1
92699,1
92700,1
92701,1
92702,1
92703,1
92704,1
92705,1
92706,1
92707,1
92708,1
92709,1
92710,1
92711,1
92712,1
92713,1
92714,1
92715,1
92716,1
92717,1
92718,1
92719,1
92720,1
92721,1
92722,1
92723,1
92724,1
92725,1
92726,1
92727,1
92728,1
92729,1
92730,1
92731,1
92732,1
92733,1
92734,1
92735,1
92736,1
92737,1
92738,1
92739,1
92740,1
92741,1
92742,1
92743,1
92744,1
92745,1
92746,1
92747,1
92748,1
92749,1
92750,1
92751,1
92752,1
92753,1
92754,1
92755,1
92756,1
92757,1
92758,1
92759,1
92760,1
92761,1
92762,1
92763,1
92764,1
92765,1
92766,1
92767,1
92768,1
92769,1
92770,1
92771,1
92772,1
92773,1
92774,1
92775,1
92776,1
92777,1
92778,1
92779,1
92780,1
92781,1
92782,1
92783,1
92784,1
92785,1
92786,1
92787,1
92788,1
92789,1
92790,1
92791,1
92792,1
92793,1
92794,1
92795,1
92796,1
92797,1
92798,1
92799,1
92800,1
92801,1
92802,1
92803,1
92804,1
92805,1
92806,1
92807,1
92808,1
92809,1
92810,1
92811,1
92812,1
92813,1
92814,1
92815,1
92816,1
92817,1
92818,1
92819,1
92820,1
92821,1
92822,1
92823,1
92824,1
92825,1
92826,1
92827,1
92828,1
92829,1
92830,1
92831,1
92832,1
92833,1
92834,1
92835,1
92836,1
92837,1
92838,1
92839,1
92840,1
92841,1
92842,1
92843,1
92844,1
92845,1
92846,1
92847,1
92848,1
92849,1
92850,1
92851,1
92852,1
92853,1
92854,1
92855,1
92856,1
92857,1
92858,1
92859,1
92860,1
92861,1
92862,1
92863,1
92864,1
92865,1
92866,1
92867,1
92868,1
92869,1
92870,1
92871,1
92872,1
92873,1
92874,1
92875,1
92876,1
92877,1
92878,1
92879,1
92880,1
92881,1
92882,1
92883,1
92884,1
92885,1
92886,1
92887,1
92888,1
92889,1
92890,1
92891,1
92892,1
92893,1
92894,1
92895,1
92896,1
92897,1
92898,1
92899,1
92900,1
92901,1
92902,1
92903,1
92904,1
92905,1
92906,1
92907,1
92908,1
92909,1
92910,1
92911,1
92912,1
92913,1
92914,1
92915,1
92916,1
92917,1
92918,1
92919,1
92920,1
92921,1
92922,1
92923,1
92924,1
92925,1
92926,1
92927,1
92928,1
92929,1
92930,1
92931,1
92932,1
92933,1
92934,1
92935,1
92936,1
92937,1
92938,1
92939,1
92940,1
92941,1
92942,1
92943,1
92944,1
92945,1
92946,1
92947,1
92948,1
92949,1
92950,1
92951,1
92952,1
92953,1
92954,1
92955,1
92956,1
92957,1
92958,1
92959,1
92960,1
92961,1
92962,1
92963,1
92964,1
92965,1
92966,1
92967,1
92968,1
92969,1
92970,1
92971,1
92972,1
92973,1
92974,1
92975,1
92976,1
92977,1
92978,1
92979,1
92980,1
92981,1
92982,1
92983,1
92984,1
92985,1
92986,1
92987,1
92988,1
92989,1
92990,1
92991,1
92992,1
92993,1
92994,1
92995,1
92996,1
92997,1
92998,1
92999,1
93000,1
93001,1
93002,1
93003,1
93004,1
93005,1
93006,1
93007,1
93008,1
93009,1
93010,1
93011,1
93012,1
93013,1
93014,1
93015,1
93016,1
93017,1
93018,1
93019,1
93020,1
93021,1
93022,1
93023,1
93024,1
93025,1
93026,1
93027,1
93028,1
93029,1
93030,1
93031,1
93032,1
93033,1
93034,1
93035,1
93036,1
93037,1
93038,1
93039,1
93040,1
93041,1
93042,1
93043,1
93044,1
93045,1
93046,1
93047,1
93048,1
93049,1
93050,1
93051,1
93052,1
93053,1
93054,1
93055,1
93056,1
93057,1
93058,1
93059,1
93060,1
93061,1
93062,1
93063,1
93064,1
93065,1
93066,1
93067,1
93068,1
93069,1
93070,1
93071,1
93072,1
93073,1
93074,1
93075,1
93076,1
93077,1
93078,1
93079,1
93080,1
93081,1
93082,1
93083,1
93084,1
93085,1
93086,1
93087,1
93088,1
93089,1
93090,1
93091,1
93092,1
93093,1
93094,1
93095,1
93096,1
93097,1
93098,1
93099,1
93100,1
93101,1
93102,1
93103,1
93104,1
93105,1
93106,1
93107,1
93108,1
93109,1
93110,1
93111,1
93112,1
93113,1
93114,1
93115,1
93116,1
93117,1
93118,1
93119,1
93120,1
93121,1
93122,1
93123,1
93124,1
93125,1
93126,1
93127,1
93128,1
93129,1
93130,1
93131,1
93132,1
93133,1
93134,1
93135,1
93136,1
93137,1
93138,1
93139,1
93140,1
93141,1
93142,1
93143,1
93144,1
93145,1
93146,1
93147,1
93148,1
93149,1
93150,1
93151,1
93152,1
93153,1
93154,1
93155,1
93156,1
93157,1
93158,1
93159,1
93160,1
93161,1
93162,1
93163,1
93164,1
93165,1
93166,1
93167,1
93168,1
93169,1
93170,1
93171,1
93172,1
93173,1
93174,1
93175,1
93176,1
93177,1
93178,1
93179,1
93180,1
93181,1
93182,1
93183,1
93184,1
93185,1
93186,1
93187,1
93188,1
93189,1
93190,1
93191,1
93192,1
93193,1
93194,1
93195,1
93196,1
93197,1
93198,1
93199,1
93200,1
93201,1
93202,1
93203,1
93204,1
93205,1
93206,1
93207,1
93208,1
93209,1
93210,1
93211,1
93212,1
93213,1
93214,1
93215,1
93216,1
93217,1
93218,1
93219,1
93220,1
93221,1
93222,1
93223,1
93224,1
93225,1
93226,1
93227,1
93228,1
93229,1
93230,1
93231,1
93232,1
93233,1
93234,1
93235,1
93236,1
93237,1
93238,1
93239,1
93240,1
93241,1
93242,1
93243,1
93244,1
93245,1
93246,1
93247,1
93248,1
93249,1
93250,1
93251,1
93252,1
93253,1
93254,1
93255,1
93256,1
93257,1
93258,1
93259,1
93260,1
93261,1
93262,1
93263,1
93264,1
93265,1
93266,1
93267,1
93268,1
93269,1
93270,1
93271,1
93272,1
93273,1
93274,1
93275,1
93276,1
93277,1
93278,1
93279,1
93280,1
93281,1
93282,1
93283,1
93284,1
93285,1
93286,1
93287,1
93288,1
93289,1
93290,1
93291,1
93292,1
93293,1
93294,1
93295,1
93296,1
93297,1
93298,1
93299,1
93300,1
93301,1
93302,1
93303,1
93304,1
93305,1
93306,1
93307,1
93308,1
93309,1
93310,1
93311,1
93312,1
93313,1
93314,1
93315,1
93316,1
93317,1
93318,1
93319,1
93320,1
93321,1
93322,1
93323,1
93324,1
93325,1
93326,1
93327,1
93328,1
93329,1
93330,1
93331,1
93332,1
93333,1
93334,1
93335,1
93336,1
93337,1
93338,1
93339,1
93340,1
93341,1
93342,1
93343,1
93344,1
93345,1
93346,1
93347,1
93348,1
93349,1
93350,1
93351,1
93352,1
93353,1
93354,1
93355,1
93356,1
93357,1
93358,1
93359,1
93360,1
93361,1
93362,1
93363,1
93364,1
93365,1
93366,1
93367,1
93368,1
93369,1
93370,1
93371,1
93372,1
93373,1
93374,1
93375,1
93376,1
93377,1
93378,1
93379,1
93380,1
93381,1
93382,1
93383,1
93384,1
93385,1
93386,1
93387,1
93388,1
93389,1
93390,1
93391,1
93392,1
93393,1
93394,1
93395,1
93396,1
93397,1
93398,1
93399,1
93400,1
93401,1
93402,1
93403,1
93404,1
93405,1
93406,1
93407,1
93408,1
93409,1
93410,1
93411,1
93412,1
93413,1
93414,1
93415,1
93416,1
93417,1
93418,1
93419,1
93420,1
93421,1
93422,1
93423,1
93424,1
93425,1
93426,1
93427,1
93428,1
93429,1
93430,1
93431,1
93432,1
93433,1
93434,1
93435,1
93436,1
93437,1
93438,1
93439,1
93440,1
93441,1
93442,1
93443,1
93444,1
93445,1
93446,1
93447,1
93448,1
93449,1
93450,1
93451,1
93452,1
93453,1
93454,1
93455,1
93456,1
93457,1
93458,1
93459,1
93460,1
93461,1
93462,1
93463,1
93464,1
93465,1
93466,1
93467,1
93468,1
93469,1
93470,1
93471,1
93472,1
93473,1
93474,1
93475,1
93476,1
93477,1
93478,1
93479,1
93480,1
93481,1
93482,1
93483,1
93484,1
93485,1
93486,1
93487,1
93488,1
93489,1
93490,1
93491,1
93492,1
93493,1
93494,1
93495,1
93496,1
93497,1
93498,1
93499,1
93500,1
93501,1
93502,1
93503,1
93504,1
93505,1
93506,1
93507,1
93508,1
93509,1
93510,1
93511,1
93512,1
93513,1
93514,1
93515,1
93516,1
93517,1
93518,1
93519,1
93520,1
93521,1
93522,1
93523,1
93524,1
93525,1
93526,1
93527,1
93528,1
93529,1
93530,1
93531,1
93532,1
93533,1
93534,1
93535,1
93536,1
93537,1
93538,1
93539,1
93540,1
93541,1
93542,1
93543,1
93544,1
93545,1
93546,1
93547,1
93548,1
93549,1
93550,1
93551,1
93552,1
93553,1
93554,1
93555,1
93556,1
93557,1
93558,1
93559,1
93560,1
93561,1
93562,1
93563,1
93564,1
93565,1
93566,1
93567,1
93568,1
93569,1
93570,1
93571,1
93572,1
93573,1
93574,1
93575,1
93576,1
93577,1
93578,1
93579,1
93580,1
93581,1
93582,1
93583,1
93584,1
93585,1
93586,1
93587,1
93588,1
93589,1
93590,1
93591,1
93592,1
93593,1
93594,1
93595,1
93596,1
93597,1
93598,1
93599,1
93600,1
93601,1
93602,1
93603,1
93604,1
93605,1
93606,1
93607,1
93608,1
93609,1
93610,1
93611,1
93612,1
93613,1
93614,1
93615,1
93616,1
93617,1
93618,1
93619,1
93620,1
93621,1
93622,1
93623,1
93624,1
93625,1
93626,1
93627,1
93628,1
93629,1
93630,1
93631,1
93632,1
93633,1
93634,1
93635,1
93636,1
93637,1
93638,1
93639,1
93640,1
93641,1
93642,1
93643,1
93644,1
93645,1
93646,1
93647,1
93648,1
93649,1
93650,1
93651,1
93652,1
93653,1
93654,1
93655,1
93656,1
93657,1
93658,1
93659,1
93660,1
93661,1
93662,1
93663,1
93664,1
93665,1
93666,1
93667,1
93668,1
93669,1
93670,1
93671,1
93672,1
93673,1
93674,1
93675,1
93676,1
93677,1
93678,1
93679,1
93680,1
93681,1
93682,1
93683,1
93684,1
93685,1
93686,1
93687,1
93688,1
93689,1
93690,1
93691,1
93692,1
93693,1
93694,1
93695,1
93696,1
93697,1
93698,1
93699,1
93700,1
93701,1
93702,1
93703,1
93704,1
93705,1
93706,1
93707,1
93708,1
93709,1
93710,1
93711,1
93712,1
93713,1
93714,1
93715,1
93716,1
93717,1
93718,1
93719,1
93720,1
93721,1
93722,1
93723,1
93724,1
93725,1
93726,1
93727,1
93728,1
93729,1
93730,1
93731,1
93732,1
93733,1
93734,1
93735,1
93736,1
93737,1
93738,1
93739,1
93740,1
93741,1
93742,1
93743,1
93744,1
93745,1
93746,1
93747,1
93748,1
93749,1
93750,1
93751,1
93752,1
93753,1
93754,1
93755,1
93756,1
93757,1
93758,1
93759,1
93760,1
93761,1
93762,1
93763,1
93764,1
93765,1
93766,1
93767,1
93768,1
93769,1
93770,1
93771,1
93772,1
93773,1
93774,1
93775,1
93776,1
93777,1
93778,1
93779,1
93780,1
93781,1
93782,1
93783,1
93784,1
93785,1
93786,1
93787,1
93788,1
93789,1
93790,1
93791,1
93792,1
93793,1
93794,1
93795,1
93796,1
93797,1
93798,1
93799,1
93800,1
93801,1
93802,1
93803,1
93804,1
93805,1
93806,1
93807,1
93808,1
93809,1
93810,1
93811,1
93812,1
93813,1
93814,1
93815,1
93816,1
93817,1
93818,1
93819,1
93820,1
93821,1
93822,1
93823,1
93824,1
93825,1
93826,1
93827,1
93828,1
93829,1
93830,1
93831,1
93832,1
93833,1
93834,1
93835,1
93836,1
93837,1
93838,1
93839,1
93840,1
93841,1
93842,1
93843,1
93844,1
93845,1
93846,1
93847,1
93848,1
93849,1
93850,1
93851,1
93852,1
93853,1
93854,1
93855,1
93856,1
93857,1
93858,1
93859,1
93860,1
93861,1
93862,1
93863,1
93864,1
93865,1
93866,1
93867,1
93868,1
93869,1
93870,1
93871,1
93872,1
93873,1
93874,1
93875,1
93876,1
93877,1
93878,1
93879,1
93880,1
93881,1
93882,1
93883,1
93884,1
93885,1
93886,1
93887,1
93888,1
93889,1
93890,1
93891,1
93892,1
93893,1
93894,1
93895,1
93896,1
93897,1
93898,1
93899,1
93900,1
93901,1
93902,1
93903,1
93904,1
93905,1
93906,1
93907,1
93908,1
93909,1
93910,1
93911,1
93912,1
93913,1
93914,1
93915,1
93916,1
93917,1
93918,1
93919,1
93920,1
93921,1
93922,1
93923,1
93924,1
93925,1
93926,1
93927,1
93928,1
93929,1
93930,1
93931,1
93932,1
93933,1
93934,1
93935,1
93936,1
93937,1
93938,1
93939,1
93940,1
93941,1
93942,1
93943,1
93944,1
93945,1
93946,1
93947,1
93948,1
93949,1
93950,1
93951,1
93952,1
93953,1
93954,1
93955,1
93956,1
93957,1
93958,1
93959,1
93960,1
93961,1
93962,1
93963,1
93964,1
93965,1
93966,1
93967,1
93968,1
93969,1
93970,1
93971,1
93972,1
93973,1
93974,1
93975,1
93976,1
93977,1
93978,1
93979,1
93980,1
93981,1
93982,1
93983,1
93984,1
93985,1
93986,1
93987,1
93988,1
93989,1
93990,1
93991,1
93992,1
93993,1
93994,1
93995,1
93996,1
93997,1
93998,1
93999,1
94000,1
94001,1
94002,1
94003,1
94004,1
94005,1
94006,1
94007,1
94008,1
94009,1
94010,1
94011,1
94012,1
94013,1
94014,1
94015,1
94016,1
94017,1
94018,1
94019,1
94020,1
94021,1
94022,1
94023,1
94024,1
94025,1
94026,1
94027,1
94028,1
94029,1
94030,1
94031,1
94032,1
94033,1
94034,1
94035,1
94036,1
94037,1
94038,1
94039,1
94040,1
94041,1
94042,1
94043,1
94044,1
94045,1
94046,1
94047,1
94048,1
94049,1
94050,1
94051,1
94052,1
94053,1
94054,1
94055,1
94056,1
94057,1
94058,1
94059,1
94060,1
94061,1
94062,1
94063,1
94064,1
94065,1
94066,1
94067,1
94068,1
94069,1
94070,1
94071,1
94072,1
94073,1
94074,1
94075,1
94076,1
94077,1
94078,1
94079,1
94080,1
94081,1
94082,1
94083,1
94084,1
94085,1
94086,1
94087,1
94088,1
94089,1
94090,1
94091,1
94092,1
94093,1
94094,1
94095,1
94096,1
94097,1
94098,1
94099,1
94100,1
94101,1
94102,1
94103,1
94104,1
94105,1
94106,1
94107,1
94108,1
94109,1
94110,1
94111,1
94112,1
94113,1
94114,1
94115,1
94116,1
94117,1
94118,1
94119,1
94120,1
94121,1
94122,1
94123,1
94124,1
94125,1
94126,1
94127,1
94128,1
94129,1
94130,1
94131,1
94132,1
94133,1
94134,1
94135,1
94136,1
94137,1
94138,1
94139,1
94140,1
94141,1
94142,1
94143,1
94144,1
94145,1
94146,1
94147,1
94148,1
94149,1
94150,1
94151,1
94152,1
94153,1
94154,1
94155,1
94156,1
94157,1
94158,1
94159,1
94160,1
94161,1
94162,1
94163,1
94164,1
94165,1
94166,1
94167,1
94168,1
94169,1
94170,1
94171,1
94172,1
94173,1
94174,1
94175,1
94176,1
94177,1
94178,1
94179,1
94180,1
94181,1
94182,1
94183,1
94184,1
94185,1
94186,1
94187,1
94188,1
94189,1
94190,1
94191,1
94192,1
94193,1
94194,1
94195,1
94196,1
94197,1
94198,1
94199,1
94200,1
94201,1
94202,1
94203,1
94204,1
94205,1
94206,1
94207,1
94208,1
94209,1
94210,1
94211,1
94212,1
94213,1
94214,1
94215,1
94216,1
94217,1
94218,1
94219,1
94220,1
94221,1
94222,1
94223,1
94224,1
94225,1
94226,1
94227,1
94228,1
94229,1
94230,1
94231,1
94232,1
94233,1
94234,1
94235,1
94236,1
94237,1
94238,1
94239,1
94240,1
94241,1
94242,1
94243,1
94244,1
94245,1
94246,1
94247,1
94248,1
94249,1
94250,1
94251,1
94252,1
94253,1
94254,1
94255,1
94256,1
94257,1
94258,1
94259,1
94260,1
94261,1
94262,1
94263,1
94264,1
94265,1
94266,1
94267,1
94268,1
94269,1
94270,1
94271,1
94272,1
94273,1
94274,1
94275,1
94276,1
94277,1
94278,1
94279,1
94280,1
94281,1
94282,1
94283,1
94284,1
94285,1
94286,1
94287,1
94288,1
94289,1
94290,1
94291,1
94292,1
94293,1
94294,1
94295,1
94296,1
94297,1
94298,1
94299,1
94300,1
94301,1
94302,1
94303,1
94304,1
94305,1
94306,1
94307,1
94308,1
94309,1
94310,1
94311,1
94312,1
94313,1
94314,1
94315,1
94316,1
94317,1
94318,1
94319,1
94320,1
94321,1
94322,1
94323,1
94324,1
94325,1
94326,1
94327,1
94328,1
94329,1
94330,1
94331,1
94332,1
94333,1
94334,1
94335,1
94336,1
94337,1
94338,1
94339,1
94340,1
94341,1
94342,1
94343,1
94344,1
94345,1
94346,1
94347,1
94348,1
94349,1
94350,1
94351,1
94352,1
94353,1
94354,1
94355,1
94356,1
94357,1
94358,1
94359,1
94360,1
94361,1
94362,1
94363,1
94364,1
94365,1
94366,1
94367,1
94368,1
94369,1
94370,1
94371,1
94372,1
94373,1
94374,1
94375,1
94376,1
94377,1
94378,1
94379,1
94380,1
94381,1
94382,1
94383,1
94384,1
94385,1
94386,1
94387,1
94388,1
94389,1
94390,1
94391,1
94392,1
94393,1
94394,1
94395,1
94396,1
94397,1
94398,1
94399,1
94400,1
94401,1
94402,1
94403,1
94404,1
94405,1
94406,1
94407,1
94408,1
94409,1
94410,1
94411,1
94412,1
94413,1
94414,1
94415,1
94416,1
94417,1
94418,1
94419,1
94420,1
94421,1
94422,1
94423,1
94424,1
94425,1
94426,1
94427,1
94428,1
94429,1
94430,1
94431,1
94432,1
94433,1
94434,1
94435,1
94436,1
94437,1
94438,1
94439,1
94440,1
94441,1
94442,1
94443,1
94444,1
94445,1
94446,1
94447,1
94448,1
94449,1
94450,1
94451,1
94452,1
94453,1
94454,1
94455,1
94456,1
94457,1
94458,1
94459,1
94460,1
94461,1
94462,1
94463,1
94464,1
94465,1
94466,1
94467,1
94468,1
94469,1
94470,1
94471,1
94472,1
94473,1
94474,1
94475,1
94476,1
94477,1
94478,1
94479,1
94480,1
94481,1
94482,1
94483,1
94484,1
94485,1
94486,1
94487,1
94488,1
94489,1
94490,1
94491,1
94492,1
94493,1
94494,1
94495,1
94496,1
94497,1
94498,1
94499,1
94500,1
94501,1
94502,1
94503,1
94504,1
94505,1
94506,1
94507,1
94508,1
94509,1
94510,1
94511,1
94512,1
94513,1
94514,1
94515,1
94516,1
94517,1
94518,1
94519,1
94520,1
94521,1
94522,1
94523,1
94524,1
94525,1
94526,1
94527,1
94528,1
94529,1
94530,1
94531,1
94532,1
94533,1
94534,1
94535,1
94536,1
94537,1
94538,1
94539,1
94540,1
94541,1
94542,1
94543,1
94544,1
94545,1
94546,1
94547,1
94548,1
94549,1
94550,1
94551,1
94552,1
94553,1
94554,1
94555,1
94556,1
94557,1
94558,1
94559,1
94560,1
94561,1
94562,1
94563,1
94564,1
94565,1
94566,1
94567,1
94568,1
94569,1
94570,1
94571,1
94572,1
94573,1
94574,1
94575,1
94576,1
94577,1
94578,1
94579,1
94580,1
94581,1
94582,1
94583,1
94584,1
94585,1
94586,1
94587,1
94588,1
94589,1
94590,1
94591,1
94592,1
94593,1
94594,1
94595,1
94596,1
94597,1
94598,1
94599,1
94600,1
94601,1
94602,1
94603,1
94604,1
94605,1
94606,1
94607,1
94608,1
94609,1
94610,1
94611,1
94612,1
94613,1
94614,1
94615,1
94616,1
94617,1
94618,1
94619,1
94620,1
94621,1
94622,1
94623,1
94624,1
94625,1
94626,1
94627,1
94628,1
94629,1
94630,1
94631,1
94632,1
94633,1
94634,1
94635,1
94636,1
94637,1
94638,1
94639,1
94640,1
94641,1
94642,1
94643,1
94644,1
94645,1
94646,1
94647,1
94648,1
94649,1
94650,1
94651,1
94652,1
94653,1
94654,1
94655,1
94656,1
94657,1
94658,1
94659,1
94660,1
94661,1
94662,1
94663,1
94664,1
94665,1
94666,1
94667,1
94668,1
94669,1
94670,1
94671,1
94672,1
94673,1
94674,1
94675,1
94676,1
94677,1
94678,1
94679,1
94680,1
94681,1
94682,1
94683,1
94684,1
94685,1
94686,1
94687,1
94688,1
94689,1
94690,1
94691,1
94692,1
94693,1
94694,1
94695,1
94696,1
94697,1
94698,1
94699,1
94700,1
94701,1
94702,1
94703,1
94704,1
94705,1
94706,1
94707,1
94708,1
94709,1
94710,1
94711,1
94712,1
94713,1
94714,1
94715,1
94716,1
94717,1
94718,1
94719,1
94720,1
94721,1
94722,1
94723,1
94724,1
94725,1
94726,1
94727,1
94728,1
94729,1
94730,1
94731,1
94732,1
94733,1
94734,1
94735,1
94736,1
94737,1
94738,1
94739,1
94740,1
94741,1
94742,1
94743,1
94744,1
94745,1
94746,1
94747,1
94748,1
94749,1
94750,1
94751,1
94752,1
94753,1
94754,1
94755,1
94756,1
94757,1
94758,1
94759,1
94760,1
94761,1
94762,1
94763,1
94764,1
94765,1
94766,1
94767,1
94768,1
94769,1
94770,1
94771,1
94772,1
94773,1
94774,1
94775,1
94776,1
94777,1
94778,1
94779,1
94780,1
94781,1
94782,1
94783,1
94784,1
94785,1
94786,1
94787,1
94788,1
94789,1
94790,1
94791,1
94792,1
94793,1
94794,1
94795,1
94796,1
94797,1
94798,1
94799,1
94800,1
94801,1
94802,1
94803,1
94804,1
94805,1
94806,1
94807,1
94808,1
94809,1
94810,1
94811,1
94812,1
94813,1
94814,1
94815,1
94816,1
94817,1
94818,1
94819,1
94820,1
94821,1
94822,1
94823,1
94824,1
94825,1
94826,1
94827,1
94828,1
94829,1
94830,1
94831,1
94832,1
94833,1
94834,1
94835,1
94836,1
94837,1
94838,1
94839,1
94840,1
94841,1
94842,1
94843,1
94844,1
94845,1
94846,1
94847,1
94848,1
94849,1
94850,1
94851,1
94852,1
94853,1
94854,1
94855,1
94856,1
94857,1
94858,1
94859,1
94860,1
94861,1
94862,1
94863,1
94864,1
94865,1
94866,1
94867,1
94868,1
94869,1
94870,1
94871,1
94872,1
94873,1
94874,1
94875,1
94876,1
94877,1
94878,1
94879,1
94880,1
94881,1
94882,1
94883,1
94884,1
94885,1
94886,1
94887,1
94888,1
94889,1
94890,1
94891,1
94892,1
94893,1
94894,1
94895,1
94896,1
94897,1
94898,1
94899,1
94900,1
94901,1
94902,1
94903,1
94904,1
94905,1
94906,1
94907,1
94908,1
94909,1
94910,1
94911,1
94912,1
94913,1
94914,1
94915,1
94916,1
94917,1
94918,1
94919,1
94920,1
94921,1
94922,1
94923,1
94924,1
94925,1
94926,1
94927,1
94928,1
94929,1
94930,1
94931,1
94932,1
94933,1
94934,1
94935,1
94936,1
94937,1
94938,1
94939,1
94940,1
94941,1
94942,1
94943,1
94944,1
94945,1
94946,1
94947,1
94948,1
94949,1
94950,1
94951,1
94952,1
94953,1
94954,1
94955,1
94956,1
94957,1
94958,1
94959,1
94960,1
94961,1
94962,1
94963,1
94964,1
94965,1
94966,1
94967,1
94968,1
94969,1
94970,1
94971,1
94972,1
94973,1
94974,1
94975,1
94976,1
94977,1
94978,1
94979,1
94980,1
94981,1
94982,1
94983,1
94984,1
94985,1
94986,1
94987,1
94988,1
94989,1
94990,1
94991,1
94992,1
94993,1
94994,1
94995,1
94996,1
94997,1
94998,1
94999,1
95000,1
95001,1
95002,1
95003,1
95004,1
95005,1
95006,1
95007,1
95008,1
95009,1
95010,1
95011,1
95012,1
95013,1
95014,1
95015,1
95016,1
95017,1
95018,1
95019,1
95020,1
95021,1
95022,1
95023,1
95024,1
95025,1
95026,1
95027,1
95028,1
95029,1
95030,1
95031,1
95032,1
95033,1
95034,1
95035,1
95036,1
95037,1
95038,1
95039,1
95040,1
95041,1
95042,1
95043,1
95044,1
95045,1
95046,1
95047,1
95048,1
95049,1
95050,1
95051,1
95052,1
95053,1
95054,1
95055,1
95056,1
95057,1
95058,1
95059,1
95060,1
95061,1
95062,1
95063,1
95064,1
95065,1
95066,1
95067,1
95068,1
95069,1
95070,1
95071,1
95072,1
95073,1
95074,1
95075,1
95076,1
95077,1
95078,1
95079,1
95080,1
95081,1
95082,1
95083,1
95084,1
95085,1
95086,1
95087,1
95088,1
95089,1
95090,1
95091,1
95092,1
95093,1
95094,1
95095,1
95096,1
95097,1
95098,1
95099,1
95100,1
95101,1
95102,1
95103,1
95104,1
95105,1
95106,1
95107,1
95108,1
95109,1
95110,1
95111,1
95112,1
95113,1
95114,1
95115,1
95116,1
95117,1
95118,1
95119,1
95120,1
95121,1
95122,1
95123,1
95124,1
95125,1
95126,1
95127,1
95128,1
95129,1
95130,1
95131,1
95132,1
95133,1
95134,1
95135,1
95136,1
95137,1
95138,1
95139,1
95140,1
95141,1
95142,1
95143,1
95144,1
95145,1
95146,1
95147,1
95148,1
95149,1
95150,1
95151,1
95152,1
95153,1
95154,1
95155,1
95156,1
95157,1
95158,1
95159,1
95160,1
95161,1
95162,1
95163,1
95164,1
95165,1
95166,1
95167,1
95168,1
95169,1
95170,1
95171,1
95172,1
95173,1
95174,1
95175,1
95176,1
95177,1
95178,1
95179,1
95180,1
95181,1
95182,1
95183,1
95184,1
95185,1
95186,1
95187,1
95188,1
95189,1
95190,1
95191,1
95192,1
95193,1
95194,1
95195,1
95196,1
95197,1
95198,1
95199,1
95200,1
95201,1
95202,1
95203,1
95204,1
95205,1
95206,1
95207,1
95208,1
95209,1
95210,1
95211,1
95212,1
95213,1
95214,1
95215,1
95216,1
95217,1
95218,1
95219,1
95220,1
95221,1
95222,1
95223,1
95224,1
95225,1
95226,1
95227,1
95228,1
95229,1
95230,1
95231,1
95232,1
95233,1
95234,1
95235,1
95236,1
95237,1
95238,1
95239,1
95240,1
95241,1
95242,1
95243,1
95244,1
95245,1
95246,1
95247,1
95248,1
95249,1
95250,1
95251,1
95252,1
95253,1
95254,1
95255,1
95256,1
95257,1
95258,1
95259,1
95260,1
95261,1
95262,1
95263,1
95264,1
95265,1
95266,1
95267,1
95268,1
95269,1
95270,1
95271,1
95272,1
95273,1
95274,1
95275,1
95276,1
95277,1
95278,1
95279,1
95280,1
95281,1
95282,1
95283,1
95284,1
95285,1
95286,1
95287,1
95288,1
95289,1
95290,1
95291,1
95292,1
95293,1
95294,1
95295,1
95296,1
95297,1
95298,1
95299,1
95300,1
95301,1
95302,1
95303,1
95304,1
95305,1
95306,1
95307,1
95308,1
95309,1
95310,1
95311,1
95312,1
95313,1
95314,1
95315,1
95316,1
95317,1
95318,1
95319,1
95320,1
95321,1
95322,1
95323,1
95324,1
95325,1
95326,1
95327,1
95328,1
95329,1
95330,1
95331,1
95332,1
95333,1
95334,1
95335,1
95336,1
95337,1
95338,1
95339,1
95340,1
95341,1
95342,1
95343,1
95344,1
95345,1
95346,1
95347,1
95348,1
95349,1
95350,1
95351,1
95352,1
95353,1
95354,1
95355,1
95356,1
95357,1
95358,1
95359,1
95360,1
95361,1
95362,1
95363,1
95364,1
95365,1
95366,1
95367,1
95368,1
95369,1
95370,1
95371,1
95372,1
95373,1
95374,1
95375,1
95376,1
95377,1
95378,1
95379,1
95380,1
95381,1
95382,1
95383,1
95384,1
95385,1
95386,1
95387,1
95388,1
95389,1
95390,1
95391,1
95392,1
95393,1
95394,1
95395,1
95396,1
95397,1
95398,1
95399,1
95400,1
95401,1
95402,1
95403,1
95404,1
95405,1
95406,1
95407,1
95408,1
95409,1
95410,1
95411,1
95412,1
95413,1
95414,1
95415,1
95416,1
95417,1
95418,1
95419,1
95420,1
95421,1
95422,1
95423,1
95424,1
95425,1
95426,1
95427,1
95428,1
95429,1
95430,1
95431,1
95432,1
95433,1
95434,1
95435,1
95436,1
95437,1
95438,1
95439,1
95440,1
95441,1
95442,1
95443,1
95444,1
95445,1
95446,1
95447,1
95448,1
95449,1
95450,1
95451,1
95452,1
95453,1
95454,1
95455,1
95456,1
95457,1
95458,1
95459,1
95460,1
95461,1
95462,1
95463,1
95464,1
95465,1
95466,1
95467,1
95468,1
95469,1
95470,1
95471,1
95472,1
95473,1
95474,1
95475,1
95476,1
95477,1
95478,1
95479,1
95480,1
95481,1
95482,1
95483,1
95484,1
95485,1
95486,1
95487,1
95488,1
95489,1
95490,1
95491,1
95492,1
95493,1
95494,1
95495,1
95496,1
95497,1
95498,1
95499,1
95500,1
95501,1
95502,1
95503,1
95504,1
95505,1
95506,1
95507,1
95508,1
95509,1
95510,1
95511,1
95512,1
95513,1
95514,1
95515,1
95516,1
95517,1
95518,1
95519,1
95520,1
95521,1
95522,1
95523,1
95524,1
95525,1
95526,1
95527,1
95528,1
95529,1
95530,1
95531,1
95532,1
95533,1
95534,1
95535,1
95536,1
95537,1
95538,1
95539,1
95540,1
95541,1
95542,1
95543,1
95544,1
95545,1
95546,1
95547,1
95548,1
95549,1
95550,1
95551,1
95552,1
95553,1
95554,1
95555,1
95556,1
95557,1
95558,1
95559,1
95560,1
95561,1
95562,1
95563,1
95564,1
95565,1
95566,1
95567,1
95568,1
95569,1
95570,1
95571,1
95572,1
95573,1
95574,1
95575,1
95576,1
95577,1
95578,1
95579,1
95580,1
95581,1
95582,1
95583,1
95584,1
95585,1
95586,1
95587,1
95588,1
95589,1
95590,1
95591,1
95592,1
95593,1
95594,1
95595,1
95596,1
95597,1
95598,1
95599,1
95600,1
95601,1
95602,1
95603,1
95604,1
95605,1
95606,1
95607,1
95608,1
95609,1
95610,1
95611,1
95612,1
95613,1
95614,1
95615,1
95616,1
95617,1
95618,1
95619,1
95620,1
95621,1
95622,1
95623,1
95624,1
95625,1
95626,1
95627,1
95628,1
95629,1
95630,1
95631,1
95632,1
95633,1
95634,1
95635,1
95636,1
95637,1
95638,1
95639,1
95640,1
95641,1
95642,1
95643,1
95644,1
95645,1
95646,1
95647,1
95648,1
95649,1
95650,1
95651,1
95652,1
95653,1
95654,1
95655,1
95656,1
95657,1
95658,1
95659,1
95660,1
95661,1
95662,1
95663,1
95664,1
95665,1
95666,1
95667,1
95668,1
95669,1
95670,1
95671,1
95672,1
95673,1
95674,1
95675,1
95676,1
95677,1
95678,1
95679,1
95680,1
95681,1
95682,1
95683,1
95684,1
95685,1
95686,1
95687,1
95688,1
95689,1
95690,1
95691,1
95692,1
95693,1
95694,1
95695,1
95696,1
95697,1
95698,1
95699,1
95700,1
95701,1
95702,1
95703,1
95704,1
95705,1
95706,1
95707,1
95708,1
95709,1
95710,1
95711,1
95712,1
95713,1
95714,1
95715,1
95716,1
95717,1
95718,1
95719,1
95720,1
95721,1
95722,1
95723,1
95724,1
95725,1
95726,1
95727,1
95728,1
95729,1
95730,1
95731,1
95732,1
95733,1
95734,1
95735,1
95736,1
95737,1
95738,1
95739,1
95740,1
95741,1
95742,1
95743,1
95744,1
95745,1
95746,1
95747,1
95748,1
95749,1
95750,1
95751,1
95752,1
95753,1
95754,1
95755,1
95756,1
95757,1
95758,1
95759,1
95760,1
95761,1
95762,1
95763,1
95764,1
95765,1
95766,1
95767,1
95768,1
95769,1
95770,1
95771,1
95772,1
95773,1
95774,1
95775,1
95776,1
95777,1
95778,1
95779,1
95780,1
95781,1
95782,1
95783,1
95784,1
95785,1
95786,1
95787,1
95788,1
95789,1
95790,1
95791,1
95792,1
95793,1
95794,1
95795,1
95796,1
95797,1
95798,1
95799,1
95800,1
95801,1
95802,1
95803,1
95804,1
95805,1
95806,1
95807,1
95808,1
95809,1
95810,1
95811,1
95812,1
95813,1
95814,1
95815,1
95816,1
95817,1
95818,1
95819,1
95820,1
95821,1
95822,1
95823,1
95824,1
95825,1
95826,1
95827,1
95828,1
95829,1
95830,1
95831,1
95832,1
95833,1
95834,1
95835,1
95836,1
95837,1
95838,1
95839,1
95840,1
95841,1
95842,1
95843,1
95844,1
95845,1
95846,1
95847,1
95848,1
95849,1
95850,1
95851,1
95852,1
95853,1
95854,1
95855,1
95856,1
95857,1
95858,1
95859,1
95860,1
95861,1
95862,1
95863,1
95864,1
95865,1
95866,1
95867,1
95868,1
95869,1
95870,1
95871,1
95872,1
95873,1
95874,1
95875,1
95876,1
95877,1
95878,1
95879,1
95880,1
95881,1
95882,1
95883,1
95884,1
95885,1
95886,1
95887,1
95888,1
95889,1
95890,1
95891,1
95892,1
95893,1
95894,1
95895,1
95896,1
95897,1
95898,1
95899,1
95900,1
95901,1
95902,1
95903,1
95904,1
95905,1
95906,1
95907,1
95908,1
95909,1
95910,1
95911,1
95912,1
95913,1
95914,1
95915,1
95916,1
95917,1
95918,1
95919,1
95920,1
95921,1
95922,1
95923,1
95924,1
95925,1
95926,1
95927,1
95928,1
95929,1
95930,1
95931,1
95932,1
95933,1
95934,1
95935,1
95936,1
95937,1
95938,1
95939,1
95940,1
95941,1
95942,1
95943,1
95944,1
95945,1
95946,1
95947,1
95948,1
95949,1
95950,1
95951,1
95952,1
95953,1
95954,1
95955,1
95956,1
95957,1
95958,1
95959,1
95960,1
95961,1
95962,1
95963,1
95964,1
95965,1
95966,1
95967,1
95968,1
95969,1
95970,1
95971,1
95972,1
95973,1
95974,1
95975,1
95976,1
95977,1
95978,1
95979,1
95980,1
95981,1
95982,1
95983,1
95984,1
95985,1
95986,1
95987,1
95988,1
95989,1
95990,1
95991,1
95992,1
95993,1
95994,1
95995,1
95996,1
95997,1
95998,1
95999,1
96000,1
96001,1
96002,1
96003,1
96004,1
96005,1
96006,1
96007,1
96008,1
96009,1
96010,1
96011,1
96012,1
96013,1
96014,1
96015,1
96016,1
96017,1
96018,1
96019,1
96020,1
96021,1
96022,1
96023,1
96024,1
96025,1
96026,1
96027,1
96028,1
96029,1
96030,1
96031,1
96032,1
96033,1
96034,1
96035,1
96036,1
96037,1
96038,1
96039,1
96040,1
96041,1
96042,1
96043,1
96044,1
96045,1
96046,1
96047,1
96048,1
96049,1
96050,1
96051,1
96052,1
96053,1
96054,1
96055,1
96056,1
96057,1
96058,1
96059,1
96060,1
96061,1
96062,1
96063,1
96064,1
96065,1
96066,1
96067,1
96068,1
96069,1
96070,1
96071,1
96072,1
96073,1
96074,1
96075,1
96076,1
96077,1
96078,1
96079,1
96080,1
96081,1
96082,1
96083,1
96084,1
96085,1
96086,1
96087,1
96088,1
96089,1
96090,1
96091,1
96092,1
96093,1
96094,1
96095,1
96096,1
96097,1
96098,1
96099,1
96100,1
96101,1
96102,1
96103,1
96104,1
96105,1
96106,1
96107,1
96108,1
96109,1
96110,1
96111,1
96112,1
96113,1
96114,1
96115,1
96116,1
96117,1
96118,1
96119,1
96120,1
96121,1
96122,1
96123,1
96124,1
96125,1
96126,1
96127,1
96128,1
96129,1
96130,1
96131,1
96132,1
96133,1
96134,1
96135,1
96136,1
96137,1
96138,1
96139,1
96140,1
96141,1
96142,1
96143,1
96144,1
96145,1
96146,1
96147,1
96148,1
96149,1
96150,1
96151,1
96152,1
96153,1
96154,1
96155,1
96156,1
96157,1
96158,1
96159,1
96160,1
96161,1
96162,1
96163,1
96164,1
96165,1
96166,1
96167,1
96168,1
96169,1
96170,1
96171,1
96172,1
96173,1
96174,1
96175,1
96176,1
96177,1
96178,1
96179,1
96180,1
96181,1
96182,1
96183,1
96184,1
96185,1
96186,1
96187,1
96188,1
96189,1
96190,1
96191,1
96192,1
96193,1
96194,1
96195,1
96196,1
96197,1
96198,1
96199,1
96200,1
96201,1
96202,1
96203,1
96204,1
96205,1
96206,1
96207,1
96208,1
96209,1
96210,1
96211,1
96212,1
96213,1
96214,1
96215,1
96216,1
96217,1
96218,1
96219,1
96220,1
96221,1
96222,1
96223,1
96224,1
96225,1
96226,1
96227,1
96228,1
96229,1
96230,1
96231,1
96232,1
96233,1
96234,1
96235,1
96236,1
96237,1
96238,1
96239,1
96240,1
96241,1
96242,1
96243,1
96244,1
96245,1
96246,1
96247,1
96248,1
96249,1
96250,1
96251,1
96252,1
96253,1
96254,1
96255,1
96256,1
96257,1
96258,1
96259,1
96260,1
96261,1
96262,1
96263,1
96264,1
96265,1
96266,1
96267,1
96268,1
96269,1
96270,1
96271,1
96272,1
96273,1
96274,1
96275,1
96276,1
96277,1
96278,1
96279,1
96280,1
96281,1
96282,1
96283,1
96284,1
96285,1
96286,1
96287,1
96288,1
96289,1
96290,1
96291,1
96292,1
96293,1
96294,1
96295,1
96296,1
96297,1
96298,1
96299,1
96300,1
96301,1
96302,1
96303,1
96304,1
96305,1
96306,1
96307,1
96308,1
96309,1
96310,1
96311,1
96312,1
96313,1
96314,1
96315,1
96316,1
96317,1
96318,1
96319,1
96320,1
96321,1
96322,1
96323,1
96324,1
96325,1
96326,1
96327,1
96328,1
96329,1
96330,1
96331,1
96332,1
96333,1
96334,1
96335,1
96336,1
96337,1
96338,1
96339,1
96340,1
96341,1
96342,1
96343,1
96344,1
96345,1
96346,1
96347,1
96348,1
96349,1
96350,1
96351,1
96352,1
96353,1
96354,1
96355,1
96356,1
96357,1
96358,1
96359,1
96360,1
96361,1
96362,1
96363,1
96364,1
96365,1
96366,1
96367,1
96368,1
96369,1
96370,1
96371,1
96372,1
96373,1
96374,1
96375,1
96376,1
96377,1
96378,1
96379,1
96380,1
96381,1
96382,1
96383,1
96384,1
96385,1
96386,1
96387,1
96388,1
96389,1
96390,1
96391,1
96392,1
96393,1
96394,1
96395,1
96396,1
96397,1
96398,1
96399,1
96400,1
96401,1
96402,1
96403,1
96404,1
96405,1
96406,1
96407,1
96408,1
96409,1
96410,1
96411,1
96412,1
96413,1
96414,1
96415,1
96416,1
96417,1
96418,1
96419,1
96420,1
96421,1
96422,1
96423,1
96424,1
96425,1
96426,1
96427,1
96428,1
96429,1
96430,1
96431,1
96432,1
96433,1
96434,1
96435,1
96436,1
96437,1
96438,1
96439,1
96440,1
96441,1
96442,1
96443,1
96444,1
96445,1
96446,1
96447,1
96448,1
96449,1
96450,1
96451,1
96452,1
96453,1
96454,1
96455,1
96456,1
96457,1
96458,1
96459,1
96460,1
96461,1
96462,1
96463,1
96464,1
96465,1
96466,1
96467,1
96468,1
96469,1
96470,1
96471,1
96472,1
96473,1
96474,1
96475,1
96476,1
96477,1
96478,1
96479,1
96480,1
96481,1
96482,1
96483,1
96484,1
96485,1
96486,1
96487,1
96488,1
96489,1
96490,1
96491,1
96492,1
96493,1
96494,1
96495,1
96496,1
96497,1
96498,1
96499,1
96500,1
96501,1
96502,1
96503,1
96504,1
96505,1
96506,1
96507,1
96508,1
96509,1
96510,1
96511,1
96512,1
96513,1
96514,1
96515,1
96516,1
96517,1
96518,1
96519,1
96520,1
96521,1
96522,1
96523,1
96524,1
96525,1
96526,1
96527,1
96528,1
96529,1
96530,1
96531,1
96532,1
96533,1
96534,1
96535,1
96536,1
96537,1
96538,1
96539,1
96540,1
96541,1
96542,1
96543,1
96544,1
96545,1
96546,1
96547,1
96548,1
96549,1
96550,1
96551,1
96552,1
96553,1
96554,1
96555,1
96556,1
96557,1
96558,1
96559,1
96560,1
96561,1
96562,1
96563,1
96564,1
96565,1
96566,1
96567,1
96568,1
96569,1
96570,1
96571,1
96572,1
96573,1
96574,1
96575,1
96576,1
96577,1
96578,1
96579,1
96580,1
96581,1
96582,1
96583,1
96584,1
96585,1
96586,1
96587,1
96588,1
96589,1
96590,1
96591,1
96592,1
96593,1
96594,1
96595,1
96596,1
96597,1
96598,1
96599,1
96600,1
96601,1
96602,1
96603,1
96604,1
96605,1
96606,1
96607,1
96608,1
96609,1
96610,1
96611,1
96612,1
96613,1
96614,1
96615,1
96616,1
96617,1
96618,1
96619,1
96620,1
96621,1
96622,1
96623,1
96624,1
96625,1
96626,1
96627,1
96628,1
96629,1
96630,1
96631,1
96632,1
96633,1
96634,1
96635,1
96636,1
96637,1
96638,1
96639,1
96640,1
96641,1
96642,1
96643,1
96644,1
96645,1
96646,1
96647,1
96648,1
96649,1
96650,1
96651,1
96652,1
96653,1
96654,1
96655,1
96656,1
96657,1
96658,1
96659,1
96660,1
96661,1
96662,1
96663,1
96664,1
96665,1
96666,1
96667,1
96668,1
96669,1
96670,1
96671,1
96672,1
96673,1
96674,1
96675,1
96676,1
96677,1
96678,1
96679,1
96680,1
96681,1
96682,1
96683,1
96684,1
96685,1
96686,1
96687,1
96688,1
96689,1
96690,1
96691,1
96692,1
96693,1
96694,1
96695,1
96696,1
96697,1
96698,1
96699,1
96700,1
96701,1
96702,1
96703,1
96704,1
96705,1
96706,1
96707,1
96708,1
96709,1
96710,1
96711,1
96712,1
96713,1
96714,1
96715,1
96716,1
96717,1
96718,1
96719,1
96720,1
96721,1
96722,1
96723,1
96724,1
96725,1
96726,1
96727,1
96728,1
96729,1
96730,1
96731,1
96732,1
96733,1
96734,1
96735,1
96736,1
96737,1
96738,1
96739,1
96740,1
96741,1
96742,1
96743,1
96744,1
96745,1
96746,1
96747,1
96748,1
96749,1
96750,1
96751,1
96752,1
96753,1
96754,1
96755,1
96756,1
96757,1
96758,1
96759,1
96760,1
96761,1
96762,1
96763,1
96764,1
96765,1
96766,1
96767,1
96768,1
96769,1
96770,1
96771,1
96772,1
96773,1
96774,1
96775,1
96776,1
96777,1
96778,1
96779,1
96780,1
96781,1
96782,1
96783,1
96784,1
96785,1
96786,1
96787,1
96788,1
96789,1
96790,1
96791,1
96792,1
96793,1
96794,1
96795,1
96796,1
96797,1
96798,1
96799,1
96800,1
96801,1
96802,1
96803,1
96804,1
96805,1
96806,1
96807,1
96808,1
96809,1
96810,1
96811,1
96812,1
96813,1
96814,1
96815,1
96816,1
96817,1
96818,1
96819,1
96820,1
96821,1
96822,1
96823,1
96824,1
96825,1
96826,1
96827,1
96828,1
96829,1
96830,1
96831,1
96832,1
96833,1
96834,1
96835,1
96836,1
96837,1
96838,1
96839,1
96840,1
96841,1
96842,1
96843,1
96844,1
96845,1
96846,1
96847,1
96848,1
96849,1
96850,1
96851,1
96852,1
96853,1
96854,1
96855,1
96856,1
96857,1
96858,1
96859,1
96860,1
96861,1
96862,1
96863,1
96864,1
96865,1
96866,1
96867,1
96868,1
96869,1
96870,1
96871,1
96872,1
96873,1
96874,1
96875,1
96876,1
96877,1
96878,1
96879,1
96880,1
96881,1
96882,1
96883,1
96884,1
96885,1
96886,1
96887,1
96888,1
96889,1
96890,1
96891,1
96892,1
96893,1
96894,1
96895,1
96896,1
96897,1
96898,1
96899,1
96900,1
96901,1
96902,1
96903,1
96904,1
96905,1
96906,1
96907,1
96908,1
96909,1
96910,1
96911,1
96912,1
96913,1
96914,1
96915,1
96916,1
96917,1
96918,1
96919,1
96920,1
96921,1
96922,1
96923,1
96924,1
96925,1
96926,1
96927,1
96928,1
96929,1
96930,1
96931,1
96932,1
96933,1
96934,1
96935,1
96936,1
96937,1
96938,1
96939,1
96940,1
96941,1
96942,1
96943,1
96944,1
96945,1
96946,1
96947,1
96948,1
96949,1
96950,1
96951,1
96952,1
96953,1
96954,1
96955,1
96956,1
96957,1
96958,1
96959,1
96960,1
96961,1
96962,1
96963,1
96964,1
96965,1
96966,1
96967,1
96968,1
96969,1
96970,1
96971,1
96972,1
96973,1
96974,1
96975,1
96976,1
96977,1
96978,1
96979,1
96980,1
96981,1
96982,1
96983,1
96984,1
96985,1
96986,1
96987,1
96988,1
96989,1
96990,1
96991,1
96992,1
96993,1
96994,1
96995,1
96996,1
96997,1
96998,1
96999,1
97000,1
97001,1
97002,1
97003,1
97004,1
97005,1
97006,1
97007,1
97008,1
97009,1
97010,1
97011,1
97012,1
97013,1
97014,1
97015,1
97016,1
97017,1
97018,1
97019,1
97020,1
97021,1
97022,1
97023,1
97024,1
97025,1
97026,1
97027,1
97028,1
97029,1
97030,1
97031,1
97032,1
97033,1
97034,1
97035,1
97036,1
97037,1
97038,1
97039,1
97040,1
97041,1
97042,1
97043,1
97044,1
97045,1
97046,1
97047,1
97048,1
97049,1
97050,1
97051,1
97052,1
97053,1
97054,1
97055,1
97056,1
97057,1
97058,1
97059,1
97060,1
97061,1
97062,1
97063,1
97064,1
97065,1
97066,1
97067,1
97068,1
97069,1
97070,1
97071,1
97072,1
97073,1
97074,1
97075,1
97076,1
97077,1
97078,1
97079,1
97080,1
97081,1
97082,1
97083,1
97084,1
97085,1
97086,1
97087,1
97088,1
97089,1
97090,1
97091,1
97092,1
97093,1
97094,1
97095,1
97096,1
97097,1
97098,1
97099,1
97100,1
97101,1
97102,1
97103,1
97104,1
97105,1
97106,1
97107,1
97108,1
97109,1
97110,1
97111,1
97112,1
97113,1
97114,1
97115,1
97116,1
97117,1
97118,1
97119,1
97120,1
97121,1
97122,1
97123,1
97124,1
97125,1
97126,1
97127,1
97128,1
97129,1
97130,1
97131,1
97132,1
97133,1
97134,1
97135,1
97136,1
97137,1
97138,1
97139,1
97140,1
97141,1
97142,1
97143,1
97144,1
97145,1
97146,1
97147,1
97148,1
97149,1
97150,1
97151,1
97152,1
97153,1
97154,1
97155,1
97156,1
97157,1
97158,1
97159,1
97160,1
97161,1
97162,1
97163,1
97164,1
97165,1
97166,1
97167,1
97168,1
97169,1
97170,1
97171,1
97172,1
97173,1
97174,1
97175,1
97176,1
97177,1
97178,1
97179,1
97180,1
97181,1
97182,1
97183,1
97184,1
97185,1
97186,1
97187,1
97188,1
97189,1
97190,1
97191,1
97192,1
97193,1
97194,1
97195,1
97196,1
97197,1
97198,1
97199,1
97200,1
97201,1
97202,1
97203,1
97204,1
97205,1
97206,1
97207,1
97208,1
97209,1
97210,1
97211,1
97212,1
97213,1
97214,1
97215,1
97216,1
97217,1
97218,1
97219,1
97220,1
97221,1
97222,1
97223,1
97224,1
97225,1
97226,1
97227,1
97228,1
97229,1
97230,1
97231,1
97232,1
97233,1
97234,1
97235,1
97236,1
97237,1
97238,1
97239,1
97240,1
97241,1
97242,1
97243,1
97244,1
97245,1
97246,1
97247,1
97248,1
97249,1
97250,1
97251,1
97252,1
97253,1
97254,1
97255,1
97256,1
97257,1
97258,1
97259,1
97260,1
97261,1
97262,1
97263,1
97264,1
97265,1
97266,1
97267,1
97268,1
97269,1
97270,1
97271,1
97272,1
97273,1
97274,1
97275,1
97276,1
97277,1
97278,1
97279,1
97280,1
97281,1
97282,1
97283,1
97284,1
97285,1
97286,1
97287,1
97288,1
97289,1
97290,1
97291,1
97292,1
97293,1
97294,1
97295,1
97296,1
97297,1
97298,1
97299,1
97300,1
97301,1
97302,1
97303,1
97304,1
97305,1
97306,1
97307,1
97308,1
97309,1
97310,1
97311,1
97312,1
97313,1
97314,1
97315,1
97316,1
97317,1
97318,1
97319,1
97320,1
97321,1
97322,1
97323,1
97324,1
97325,1
97326,1
97327,1
97328,1
97329,1
97330,1
97331,1
97332,1
97333,1
97334,1
97335,1
97336,1
97337,1
97338,1
97339,1
97340,1
97341,1
97342,1
97343,1
97344,1
97345,1
97346,1
97347,1
97348,1
97349,1
97350,1
97351,1
97352,1
97353,1
97354,1
97355,1
97356,1
97357,1
97358,1
97359,1
97360,1
97361,1
97362,1
97363,1
97364,1
97365,1
97366,1
97367,1
97368,1
97369,1
97370,1
97371,1
97372,1
97373,1
97374,1
97375,1
97376,1
97377,1
97378,1
97379,1
97380,1
97381,1
97382,1
97383,1
97384,1
97385,1
97386,1
97387,1
97388,1
97389,1
97390,1
97391,1
97392,1
97393,1
97394,1
97395,1
97396,1
97397,1
97398,1
97399,1
97400,1
97401,1
97402,1
97403,1
97404,1
97405,1
97406,1
97407,1
97408,1
97409,1
97410,1
97411,1
97412,1
97413,1
97414,1
97415,1
97416,1
97417,1
97418,1
97419,1
97420,1
97421,1
97422,1
97423,1
97424,1
97425,1
97426,1
97427,1
97428,1
97429,1
97430,1
97431,1
97432,1
97433,1
97434,1
97435,1
97436,1
97437,1
97438,1
97439,1
97440,1
97441,1
97442,1
97443,1
97444,1
97445,1
97446,1
97447,1
97448,1
97449,1
97450,1
97451,1
97452,1
97453,1
97454,1
97455,1
97456,1
97457,1
97458,1
97459,1
97460,1
97461,1
97462,1
97463,1
97464,1
97465,1
97466,1
97467,1
97468,1
97469,1
97470,1
97471,1
97472,1
97473,1
97474,1
97475,1
97476,1
97477,1
97478,1
97479,1
97480,1
97481,1
97482,1
97483,1
97484,1
97485,1
97486,1
97487,1
97488,1
97489,1
97490,1
97491,1
97492,1
97493,1
97494,1
97495,1
97496,1
97497,1
97498,1
97499,1
97500,1
97501,1
97502,1
97503,1
97504,1
97505,1
97506,1
97507,1
97508,1
97509,1
97510,1
97511,1
97512,1
97513,1
97514,1
97515,1
97516,1
97517,1
97518,1
97519,1
97520,1
97521,1
97522,1
97523,1
97524,1
97525,1
97526,1
97527,1
97528,1
97529,1
97530,1
97531,1
97532,1
97533,1
97534,1
97535,1
97536,1
97537,1
97538,1
97539,1
97540,1
97541,1
97542,1
97543,1
97544,1
97545,1
97546,1
97547,1
97548,1
97549,1
97550,1
97551,1
97552,1
97553,1
97554,1
97555,1
97556,1
97557,1
97558,1
97559,1
97560,1
97561,1
97562,1
97563,1
97564,1
97565,1
97566,1
97567,1
97568,1
97569,1
97570,1
97571,1
97572,1
97573,1
97574,1
97575,1
97576,1
97577,1
97578,1
97579,1
97580,1
97581,1
97582,1
97583,1
97584,1
97585,1
97586,1
97587,1
97588,1
97589,1
97590,1
97591,1
97592,1
97593,1
97594,1
97595,1
97596,1
97597,1
97598,1
97599,1
97600,1
97601,1
97602,1
97603,1
97604,1
97605,1
97606,1
97607,1
97608,1
97609,1
97610,1
97611,1
97612,1
97613,1
97614,1
97615,1
97616,1
97617,1
97618,1
97619,1
97620,1
97621,1
97622,1
97623,1
97624,1
97625,1
97626,1
97627,1
97628,1
97629,1
97630,1
97631,1
97632,1
97633,1
97634,1
97635,1
97636,1
97637,1
97638,1
97639,1
97640,1
97641,1
97642,1
97643,1
97644,1
97645,1
97646,1
97647,1
97648,1
97649,1
97650,1
97651,1
97652,1
97653,1
97654,1
97655,1
97656,1
97657,1
97658,1
97659,1
97660,1
97661,1
97662,1
97663,1
97664,1
97665,1
97666,1
97667,1
97668,1
97669,1
97670,1
97671,1
97672,1
97673,1
97674,1
97675,1
97676,1
97677,1
97678,1
97679,1
97680,1
97681,1
97682,1
97683,1
97684,1
97685,1
97686,1
97687,1
97688,1
97689,1
97690,1
97691,1
97692,1
97693,1
97694,1
97695,1
97696,1
97697,1
97698,1
97699,1
97700,1
97701,1
97702,1
97703,1
97704,1
97705,1
97706,1
97707,1
97708,1
97709,1
97710,1
97711,1
97712,1
97713,1
97714,1
97715,1
97716,1
97717,1
97718,1
97719,1
97720,1
97721,1
97722,1
97723,1
97724,1
97725,1
97726,1
97727,1
97728,1
97729,1
97730,1
97731,1
97732,1
97733,1
97734,1
97735,1
97736,1
97737,1
97738,1
97739,1
97740,1
97741,1
97742,1
97743,1
97744,1
97745,1
97746,1
97747,1
97748,1
97749,1
97750,1
97751,1
97752,1
97753,1
97754,1
97755,1
97756,1
97757,1
97758,1
97759,1
97760,1
97761,1
97762,1
97763,1
97764,1
97765,1
97766,1
97767,1
97768,1
97769,1
97770,1
97771,1
97772,1
97773,1
97774,1
97775,1
97776,1
97777,1
97778,1
97779,1
97780,1
97781,1
97782,1
97783,1
97784,1
97785,1
97786,1
97787,1
97788,1
97789,1
97790,1
97791,1
97792,1
97793,1
97794,1
97795,1
97796,1
97797,1
97798,1
97799,1
97800,1
97801,1
97802,1
97803,1
97804,1
97805,1
97806,1
97807,1
97808,1
97809,1
97810,1
97811,1
97812,1
97813,1
97814,1
97815,1
97816,1
97817,1
97818,1
97819,1
97820,1
97821,1
97822,1
97823,1
97824,1
97825,1
97826,1
97827,1
97828,1
97829,1
97830,1
97831,1
97832,1
97833,1
97834,1
97835,1
97836,1
97837,1
97838,1
97839,1
97840,1
97841,1
97842,1
97843,1
97844,1
97845,1
97846,1
97847,1
97848,1
97849,1
97850,1
97851,1
97852,1
97853,1
97854,1
97855,1
97856,1
97857,1
97858,1
97859,1
97860,1
97861,1
97862,1
97863,1
97864,1
97865,1
97866,1
97867,1
97868,1
97869,1
97870,1
97871,1
97872,1
97873,1
97874,1
97875,1
97876,1
97877,1
97878,1
97879,1
97880,1
97881,1
97882,1
97883,1
97884,1
97885,1
97886,1
97887,1
97888,1
97889,1
97890,1
97891,1
97892,1
97893,1
97894,1
97895,1
97896,1
97897,1
97898,1
97899,1
97900,1
97901,1
97902,1
97903,1
97904,1
97905,1
97906,1
97907,1
97908,1
97909,1
97910,1
97911,1
97912,1
97913,1
97914,1
97915,1
97916,1
97917,1
97918,1
97919,1
97920,1
97921,1
97922,1
97923,1
97924,1
97925,1
97926,1
97927,1
97928,1
97929,1
97930,1
97931,1
97932,1
97933,1
97934,1
97935,1
97936,1
97937,1
97938,1
97939,1
97940,1
97941,1
97942,1
97943,1
97944,1
97945,1
97946,1
97947,1
97948,1
97949,1
97950,1
97951,1
97952,1
97953,1
97954,1
97955,1
97956,1
97957,1
97958,1
97959,1
97960,1
97961,1
97962,1
97963,1
97964,1
97965,1
97966,1
97967,1
97968,1
97969,1
97970,1
97971,1
97972,1
97973,1
97974,1
97975,1
97976,1
97977,1
97978,1
97979,1
97980,1
97981,1
97982,1
97983,1
97984,1
97985,1
97986,1
97987,1
97988,1
97989,1
97990,1
97991,1
97992,1
97993,1
97994,1
97995,1
97996,1
97997,1
97998,1
97999,1
98000,1
98001,1
98002,1
98003,1
98004,1
98005,1
98006,1
98007,1
98008,1
98009,1
98010,1
98011,1
98012,1
98013,1
98014,1
98015,1
98016,1
98017,1
98018,1
98019,1
98020,1
98021,1
98022,1
98023,1
98024,1
98025,1
98026,1
98027,1
98028,1
98029,1
98030,1
98031,1
98032,1
98033,1
98034,1
98035,1
98036,1
98037,1
98038,1
98039,1
98040,1
98041,1
98042,1
98043,1
98044,1
98045,1
98046,1
98047,1
98048,1
98049,1
98050,1
98051,1
98052,1
98053,1
98054,1
98055,1
98056,1
98057,1
98058,1
98059,1
98060,1
98061,1
98062,1
98063,1
98064,1
98065,1
98066,1
98067,1
98068,1
98069,1
98070,1
98071,1
98072,1
98073,1
98074,1
98075,1
98076,1
98077,1
98078,1
98079,1
98080,1
98081,1
98082,1
98083,1
98084,1
98085,1
98086,1
98087,1
98088,1
98089,1
98090,1
98091,1
98092,1
98093,1
98094,1
98095,1
98096,1
98097,1
98098,1
98099,1
98100,1
98101,1
98102,1
98103,1
98104,1
98105,1
98106,1
98107,1
98108,1
98109,1
98110,1
98111,1
98112,1
98113,1
98114,1
98115,1
98116,1
98117,1
98118,1
98119,1
98120,1
98121,1
98122,1
98123,1
98124,1
98125,1
98126,1
98127,1
98128,1
98129,1
98130,1
98131,1
98132,1
98133,1
98134,1
98135,1
98136,1
98137,1
98138,1
98139,1
98140,1
98141,1
98142,1
98143,1
98144,1
98145,1
98146,1
98147,1
98148,1
98149,1
98150,1
98151,1
98152,1
98153,1
98154,1
98155,1
98156,1
98157,1
98158,1
98159,1
98160,1
98161,1
98162,1
98163,1
98164,1
98165,1
98166,1
98167,1
98168,1
98169,1
98170,1
98171,1
98172,1
98173,1
98174,1
98175,1
98176,1
98177,1
98178,1
98179,1
98180,1
98181,1
98182,1
98183,1
98184,1
98185,1
98186,1
98187,1
98188,1
98189,1
98190,1
98191,1
98192,1
98193,1
98194,1
98195,1
98196,1
98197,1
98198,1
98199,1
98200,1
98201,1
98202,1
98203,1
98204,1
98205,1
98206,1
98207,1
98208,1
98209,1
98210,1
98211,1
98212,1
98213,1
98214,1
98215,1
98216,1
98217,1
98218,1
98219,1
98220,1
98221,1
98222,1
98223,1
98224,1
98225,1
98226,1
98227,1
98228,1
98229,1
98230,1
98231,1
98232,1
98233,1
98234,1
98235,1
98236,1
98237,1
98238,1
98239,1
98240,1
98241,1
98242,1
98243,1
98244,1
98245,1
98246,1
98247,1
98248,1
98249,1
98250,1
98251,1
98252,1
98253,1
98254,1
98255,1
98256,1
98257,1
98258,1
98259,1
98260,1
98261,1
98262,1
98263,1
98264,1
98265,1
98266,1
98267,1
98268,1
98269,1
98270,1
98271,1
98272,1
98273,1
98274,1
98275,1
98276,1
98277,1
98278,1
98279,1
98280,1
98281,1
98282,1
98283,1
98284,1
98285,1
98286,1
98287,1
98288,1
98289,1
98290,1
98291,1
98292,1
98293,1
98294,1
98295,1
98296,1
98297,1
98298,1
98299,1
98300,1
98301,1
98302,1
98303,1
98304,1
98305,1
98306,1
98307,1
98308,1
98309,1
98310,1
98311,1
98312,1
98313,1
98314,1
98315,1
98316,1
98317,1
98318,1
98319,1
98320,1
98321,1
98322,1
98323,1
98324,1
98325,1
98326,1
98327,1
98328,1
98329,1
98330,1
98331,1
98332,1
98333,1
98334,1
98335,1
98336,1
98337,1
98338,1
98339,1
98340,1
98341,1
98342,1
98343,1
98344,1
98345,1
98346,1
98347,1
98348,1
98349,1
98350,1
98351,1
98352,1
98353,1
98354,1
98355,1
98356,1
98357,1
98358,1
98359,1
98360,1
98361,1
98362,1
98363,1
98364,1
98365,1
98366,1
98367,1
98368,1
98369,1
98370,1
98371,1
98372,1
98373,1
98374,1
98375,1
98376,1
98377,1
98378,1
98379,1
98380,1
98381,1
98382,1
98383,1
98384,1
98385,1
98386,1
98387,1
98388,1
98389,1
98390,1
98391,1
98392,1
98393,1
98394,1
98395,1
98396,1
98397,1
98398,1
98399,1
98400,1
98401,1
98402,1
98403,1
98404,1
98405,1
98406,1
98407,1
98408,1
98409,1
98410,1
98411,1
98412,1
98413,1
98414,1
98415,1
98416,1
98417,1
98418,1
98419,1
98420,1
98421,1
98422,1
98423,1
98424,1
98425,1
98426,1
98427,1
98428,1
98429,1
98430,1
98431,1
98432,1
98433,1
98434,1
98435,1
98436,1
98437,1
98438,1
98439,1
98440,1
98441,1
98442,1
98443,1
98444,1
98445,1
98446,1
98447,1
98448,1
98449,1
98450,1
98451,1
98452,1
98453,1
98454,1
98455,1
98456,1
98457,1
98458,1
98459,1
98460,1
98461,1
98462,1
98463,1
98464,1
98465,1
98466,1
98467,1
98468,1
98469,1
98470,1
98471,1
98472,1
98473,1
98474,1
98475,1
98476,1
98477,1
98478,1
98479,1
98480,1
98481,1
98482,1
98483,1
98484,1
98485,1
98486,1
98487,1
98488,1
98489,1
98490,1
98491,1
98492,1
98493,1
98494,1
98495,1
98496,1
98497,1
98498,1
98499,1
98500,1
98501,1
98502,1
98503,1
98504,1
98505,1
98506,1
98507,1
98508,1
98509,1
98510,1
98511,1
98512,1
98513,1
98514,1
98515,1
98516,1
98517,1
98518,1
98519,1
98520,1
98521,1
98522,1
98523,1
98524,1
98525,1
98526,1
98527,1
98528,1
98529,1
98530,1
98531,1
98532,1
98533,1
98534,1
98535,1
98536,1
98537,1
98538,1
98539,1
98540,1
98541,1
98542,1
98543,1
98544,1
98545,1
98546,1
98547,1
98548,1
98549,1
98550,1
98551,1
98552,1
98553,1
98554,1
98555,1
98556,1
98557,1
98558,1
98559,1
98560,1
98561,1
98562,1
98563,1
98564,1
98565,1
98566,1
98567,1
98568,1
98569,1
98570,1
98571,1
98572,1
98573,1
98574,1
98575,1
98576,1
98577,1
98578,1
98579,1
98580,1
98581,1
98582,1
98583,1
98584,1
98585,1
98586,1
98587,1
98588,1
98589,1
98590,1
98591,1
98592,1
98593,1
98594,1
98595,1
98596,1
98597,1
98598,1
98599,1
98600,1
98601,1
98602,1
98603,1
98604,1
98605,1
98606,1
98607,1
98608,1
98609,1
98610,1
98611,1
98612,1
98613,1
98614,1
98615,1
98616,1
98617,1
98618,1
98619,1
98620,1
98621,1
98622,1
98623,1
98624,1
98625,1
98626,1
98627,1
98628,1
98629,1
98630,1
98631,1
98632,1
98633,1
98634,1
98635,1
98636,1
98637,1
98638,1
98639,1
98640,1
98641,1
98642,1
98643,1
98644,1
98645,1
98646,1
98647,1
98648,1
98649,1
98650,1
98651,1
98652,1
98653,1
98654,1
98655,1
98656,1
98657,1
98658,1
98659,1
98660,1
98661,1
98662,1
98663,1
98664,1
98665,1
98666,1
98667,1
98668,1
98669,1
98670,1
98671,1
98672,1
98673,1
98674,1
98675,1
98676,1
98677,1
98678,1
98679,1
98680,1
98681,1
98682,1
98683,1
98684,1
98685,1
98686,1
98687,1
98688,1
98689,1
98690,1
98691,1
98692,1
98693,1
98694,1
98695,1
98696,1
98697,1
98698,1
98699,1
98700,1
98701,1
98702,1
98703,1
98704,1
98705,1
98706,1
98707,1
98708,1
98709,1
98710,1
98711,1
98712,1
98713,1
98714,1
98715,1
98716,1
98717,1
98718,1
98719,1
98720,1
98721,1
98722,1
98723,1
98724,1
98725,1
98726,1
98727,1
98728,1
98729,1
98730,1
98731,1
98732,1
98733,1
98734,1
98735,1
98736,1
98737,1
98738,1
98739,1
98740,1
98741,1
98742,1
98743,1
98744,1
98745,1
98746,1
98747,1
98748,1
98749,1
98750,1
98751,1
98752,1
98753,1
98754,1
98755,1
98756,1
98757,1
98758,1
98759,1
98760,1
98761,1
98762,1
98763,1
98764,1
98765,1
98766,1
98767,1
98768,1
98769,1
98770,1
98771,1
98772,1
98773,1
98774,1
98775,1
98776,1
98777,1
98778,1
98779,1
98780,1
98781,1
98782,1
98783,1
98784,1
98785,1
98786,1
98787,1
98788,1
98789,1
98790,1
98791,1
98792,1
98793,1
98794,1
98795,1
98796,1
98797,1
98798,1
98799,1
98800,1
98801,1
98802,1
98803,1
98804,1
98805,1
98806,1
98807,1
98808,1
98809,1
98810,1
98811,1
98812,1
98813,1
98814,1
98815,1
98816,1
98817,1
98818,1
98819,1
98820,1
98821,1
98822,1
98823,1
98824,1
98825,1
98826,1
98827,1
98828,1
98829,1
98830,1
98831,1
98832,1
98833,1
98834,1
98835,1
98836,1
98837,1
98838,1
98839,1
98840,1
98841,1
98842,1
98843,1
98844,1
98845,1
98846,1
98847,1
98848,1
98849,1
98850,1
98851,1
98852,1
98853,1
98854,1
98855,1
98856,1
98857,1
98858,1
98859,1
98860,1
98861,1
98862,1
98863,1
98864,1
98865,1
98866,1
98867,1
98868,1
98869,1
98870,1
98871,1
98872,1
98873,1
98874,1
98875,1
98876,1
98877,1
98878,1
98879,1
98880,1
98881,1
98882,1
98883,1
98884,1
98885,1
98886,1
98887,1
98888,1
98889,1
98890,1
98891,1
98892,1
98893,1
98894,1
98895,1
98896,1
98897,1
98898,1
98899,1
98900,1
98901,1
98902,1
98903,1
98904,1
98905,1
98906,1
98907,1
98908,1
98909,1
98910,1
98911,1
98912,1
98913,1
98914,1
98915,1
98916,1
98917,1
98918,1
98919,1
98920,1
98921,1
98922,1
98923,1
98924,1
98925,1
98926,1
98927,1
98928,1
98929,1
98930,1
98931,1
98932,1
98933,1
98934,1
98935,1
98936,1
98937,1
98938,1
98939,1
98940,1
98941,1
98942,1
98943,1
98944,1
98945,1
98946,1
98947,1
98948,1
98949,1
98950,1
98951,1
98952,1
98953,1
98954,1
98955,1
98956,1
98957,1
98958,1
98959,1
98960,1
98961,1
98962,1
98963,1
98964,1
98965,1
98966,1
98967,1
98968,1
98969,1
98970,1
98971,1
98972,1
98973,1
98974,1
98975,1
98976,1
98977,1
98978,1
98979,1
98980,1
98981,1
98982,1
98983,1
98984,1
98985,1
98986,1
98987,1
98988,1
98989,1
98990,1
98991,1
98992,1
98993,1
98994,1
98995,1
98996,1
98997,1
98998,1
98999,1
99000,1
99001,1
99002,1
99003,1
99004,1
99005,1
99006,1
99007,1
99008,1
99009,1
99010,1
99011,1
99012,1
99013,1
99014,1
99015,1
99016,1
99017,1
99018,1
99019,1
99020,1
99021,1
99022,1
99023,1
99024,1
99025,1
99026,1
99027,1
99028,1
99029,1
99030,1
99031,1
99032,1
99033,1
99034,1
99035,1
99036,1
99037,1
99038,1
99039,1
99040,1
99041,1
99042,1
99043,1
99044,1
99045,1
99046,1
99047,1
99048,1
99049,1
99050,1
99051,1
99052,1
99053,1
99054,1
99055,1
99056,1
99057,1
99058,1
99059,1
99060,1
99061,1
99062,1
99063,1
99064,1
99065,1
99066,1
99067,1
99068,1
99069,1
99070,1
99071,1
99072,1
99073,1
99074,1
99075,1
99076,1
99077,1
99078,1
99079,1
99080,1
99081,1
99082,1
99083,1
99084,1
99085,1
99086,1
99087,1
99088,1
99089,1
99090,1
99091,1
99092,1
99093,1
99094,1
99095,1
99096,1
99097,1
99098,1
99099,1
99100,1
99101,1
99102,1
99103,1
99104,1
99105,1
99106,1
99107,1
99108,1
99109,1
99110,1
99111,1
99112,1
99113,1
99114,1
99115,1
99116,1
99117,1
99118,1
99119,1
99120,1
99121,1
99122,1
99123,1
99124,1
99125,1
99126,1
99127,1
99128,1
99129,1
99130,1
99131,1
99132,1
99133,1
99134,1
99135,1
99136,1
99137,1
99138,1
99139,1
99140,1
99141,1
99142,1
99143,1
99144,1
99145,1
99146,1
99147,1
99148,1
99149,1
99150,1
99151,1
99152,1
99153,1
99154,1
99155,1
99156,1
99157,1
99158,1
99159,1
99160,1
99161,1
99162,1
99163,1
99164,1
99165,1
99166,1
99167,1
99168,1
99169,1
99170,1
99171,1
99172,1
99173,1
99174,1
99175,1
99176,1
99177,1
99178,1
99179,1
99180,1
99181,1
99182,1
99183,1
99184,1
99185,1
99186,1
99187,1
99188,1
99189,1
99190,1
99191,1
99192,1
99193,1
99194,1
99195,1
99196,1
99197,1
99198,1
99199,1
99200,1
99201,1
99202,1
99203,1
99204,1
99205,1
99206,1
99207,1
99208,1
99209,1
99210,1
99211,1
99212,1
99213,1
99214,1
99215,1
99216,1
99217,1
99218,1
99219,1
99220,1
99221,1
99222,1
99223,1
99224,1
99225,1
99226,1
99227,1
99228,1
99229,1
99230,1
99231,1
99232,1
99233,1
99234,1
99235,1
99236,1
99237,1
99238,1
99239,1
99240,1
99241,1
99242,1
99243,1
99244,1
99245,1
99246,1
99247,1
99248,1
99249,1
99250,1
99251,1
99252,1
99253,1
99254,1
99255,1
99256,1
99257,1
99258,1
99259,1
99260,1
99261,1
99262,1
99263,1
99264,1
99265,1
99266,1
99267,1
99268,1
99269,1
99270,1
99271,1
99272,1
99273,1
99274,1
99275,1
99276,1
99277,1
99278,1
99279,1
99280,1
99281,1
99282,1
99283,1
99284,1
99285,1
99286,1
99287,1
99288,1
99289,1
99290,1
99291,1
99292,1
99293,1
99294,1
99295,1
99296,1
99297,1
99298,1
99299,1
99300,1
99301,1
99302,1
99303,1
99304,1
99305,1
99306,1
99307,1
99308,1
99309,1
99310,1
99311,1
99312,1
99313,1
99314,1
99315,1
99316,1
99317,1
99318,1
99319,1
99320,1
99321,1
99322,1
99323,1
99324,1
99325,1
99326,1
99327,1
99328,1
99329,1
99330,1
99331,1
99332,1
99333,1
99334,1
99335,1
99336,1
99337,1
99338,1
99339,1
99340,1
99341,1
99342,1
99343,1
99344,1
99345,1
99346,1
99347,1
99348,1
99349,1
99350,1
99351,1
99352,1
99353,1
99354,1
99355,1
99356,1
99357,1
99358,1
99359,1
99360,1
99361,1
99362,1
99363,1
99364,1
99365,1
99366,1
99367,1
99368,1
99369,1
99370,1
99371,1
99372,1
99373,1
99374,1
99375,1
99376,1
99377,1
99378,1
99379,1
99380,1
99381,1
99382,1
99383,1
99384,1
99385,1
99386,1
99387,1
99388,1
99389,1
99390,1
99391,1
99392,1
99393,1
99394,1
99395,1
99396,1
99397,1
99398,1
99399,1
99400,1
99401,1
99402,1
99403,1
99404,1
99405,1
99406,1
99407,1
99408,1
99409,1
99410,1
99411,1
99412,1
99413,1
99414,1
99415,1
99416,1
99417,1
99418,1
99419,1
99420,1
99421,1
99422,1
99423,1
99424,1
99425,1
99426,1
99427,1
99428,1
99429,1
99430,1
99431,1
99432,1
99433,1
99434,1
99435,1
99436,1
99437,1
99438,1
99439,1
99440,1
99441,1
99442,1
99443,1
99444,1
99445,1
99446,1
99447,1
99448,1
99449,1
99450,1
99451,1
99452,1
99453,1
99454,1
99455,1
99456,1
99457,1
99458,1
99459,1
99460,1
99461,1
99462,1
99463,1
99464,1
99465,1
99466,1
99467,1
99468,1
99469,1
99470,1
99471,1
99472,1
99473,1
99474,1
99475,1
99476,1
99477,1
99478,1
99479,1
99480,1
99481,1
99482,1
99483,1
99484,1
99485,1
99486,1
99487,1
99488,1
99489,1
99490,1
99491,1
99492,1
99493,1
99494,1
99495,1
99496,1
99497,1
99498,1
99499,1
99500,1
99501,1
99502,1
99503,1
99504,1
99505,1
99506,1
99507,1
99508,1
99509,1
99510,1
99511,1
99512,1
99513,1
99514,1
99515,1
99516,1
99517,1
99518,1
99519,1
99520,1
99521,1
99522,1
99523,1
99524,1
99525,1
99526,1
99527,1
99528,1
99529,1
99530,1
99531,1
99532,1
99533,1
99534,1
99535,1
99536,1
99537,1
99538,1
99539,1
99540,1
99541,1
99542,1
99543,1
99544,1
99545,1
99546,1
99547,1
99548,1
99549,1
99550,1
99551,1
99552,1
99553,1
99554,1
99555,1
99556,1
99557,1
99558,1
99559,1
99560,1
99561,1
99562,1
99563,1
99564,1
99565,1
99566,1
99567,1
99568,1
99569,1
99570,1
99571,1
99572,1
99573,1
99574,1
99575,1
99576,1
99577,1
99578,1
99579,1
99580,1
99581,1
99582,1
99583,1
99584,1
99585,1
99586,1
99587,1
99588,1
99589,1
99590,1
99591,1
99592,1
99593,1
99594,1
99595,1
99596,1
99597,1
99598,1
99599,1
99600,1
99601,1
99602,1
99603,1
99604,1
99605,1
99606,1
99607,1
99608,1
99609,1
99610,1
99611,1
99612,1
99613,1
99614,1
99615,1
99616,1
99617,1
99618,1
99619,1
99620,1
99621,1
99622,1
99623,1
99624,1
99625,1
99626,1
99627,1
99628,1
99629,1
99630,1
99631,1
99632,1
99633,1
99634,1
99635,1
99636,1
99637,1
99638,1
99639,1
99640,1
99641,1
99642,1
99643,1
99644,1
99645,1
99646,1
99647,1
99648,1
99649,1
99650,1
99651,1
99652,1
99653,1
99654,1
99655,1
99656,1
99657,1
99658,1
99659,1
99660,1
99661,1
99662,1
99663,1
99664,1
99665,1
99666,1
99667,1
99668,1
99669,1
99670,1
99671,1
99672,1
99673,1
99674,1
99675,1
99676,1
99677,1
99678,1
99679,1
99680,1
99681,1
99682,1
99683,1
99684,1
99685,1
99686,1
99687,1
99688,1
99689,1
99690,1
99691,1
99692,1
99693,1
99694,1
99695,1
99696,1
99697,1
99698,1
99699,1
99700,1
99701,1
99702,1
99703,1
99704,1
99705,1
99706,1
99707,1
99708,1
99709,1
99710,1
99711,1
99712,1
99713,1
99714,1
99715,1
99716,1
99717,1
99718,1
99719,1
99720,1
99721,1
99722,1
99723,1
99724,1
99725,1
99726,1
99727,1
99728,1
99729,1
99730,1
99731,1
99732,1
99733,1
99734,1
99735,1
99736,1
99737,1
99738,1
99739,1
99740,1
99741,1
99742,1
99743,1
99744,1
99745,1
99746,1
99747,1
99748,1
99749,1
99750,1
99751,1
99752,1
99753,1
99754,1
99755,1
99756,1
99757,1
99758,1
99759,1
99760,1
99761,1
99762,1
99763,1
99764,1
99765,1
99766,1
99767,1
99768,1
99769,1
99770,1
99771,1
99772,1
99773,1
99774,1
99775,1
99776,1
99777,1
99778,1
99779,1
99780,1
99781,1
99782,1
99783,1
99784,1
99785,1
99786,1
99787,1
99788,1
99789,1
99790,1
99791,1
99792,1
99793,1
99794,1
99795,1
99796,1
99797,1
99798,1
99799,1
99800,1
99801,1
99802,1
99803,1
99804,1
99805,1
99806,1
99807,1
99808,1
99809,1
99810,1
99811,1
99812,1
99813,1
99814,1
99815,1
99816,1
99817,1
99818,1
99819,1
99820,1
99821,1
99822,1
99823,1
99824,1
99825,1
99826,1
99827,1
99828,1
99829,1
99830,1
99831,1
99832,1
99833,1
99834,1
99835,1
99836,1
99837,1
99838,1
99839,1
99840,1
99841,1
99842,1
99843,1
99844,1
99845,1
99846,1
99847,1
99848,1
99849,1
99850,1
99851,1
99852,1
99853,1
99854,1
99855,1
99856,1
99857,1
99858,1
99859,1
99860,1
99861,1
99862,1
99863,1
99864,1
99865,1
99866,1
99867,1
99868,1
99869,1
99870,1
99871,1
99872,1
99873,1
99874,1
99875,1
99876,1
99877,1
99878,1
99879,1
99880,1
99881,1
99882,1
99883,1
99884,1
99885,1
99886,1
99887,1
99888,1
99889,1
99890,1
99891,1
99892,1
99893,1
99894,1
99895,1
99896,1
99897,1
99898,1
99899,1
99900,1
99901,1
99902,1
99903,1
99904,1
99905,1
99906,1
99907,1
99908,1
99909,1
99910,1
99911,1
99912,1
99913,1
99914,1
99915,1
99916,1
99917,1
99918,1
99919,1
99920,1
99921,1
99922,1
99923,1
99924,1
99925,1
99926,1
99927,1
99928,1
99929,1
99930,1
99931,1
99932,1
99933,1
99934,1
99935,1
99936,1
99937,1
99938,1
99939,1
99940,1
99941,1
99942,1
99943,1
99944,1
99945,1
99946,1
99947,1
99948,1
99949,1
99950,1
99951,1
99952,1
99953,1
99954,1
99955,1
99956,1
99957,1
99958,1
99959,1
99960,1
99961,1
99962,1
99963,1
99964,1
99965,1
99966,1
99967,1
99968,1
99969,1
99970,1
99971,1
99972,1
99973,1
99974,1
99975,1
99976,1
99977,1
99978,1
99979,1
99980,1
99981,1
99982,1
99983,1
99984,1
99985,1
99986,1
99987,1
99988,1
99989,1
99990,1
99991,1
99992,1
99993,1
99994,1
99995,1
99996,1
99997,1
99998,1
99999,1
100000,1
100001,1
100002,1
100003,1
100004,1
100005,1
100006,1
100007,1
100008,1
100009,1
100010,1
100011,1
100012,1
100013,1
100014,1
100015,1
100016,1
100017,1
100018,1
100019,1
100020,1
100021,1
100022,1
100023,1
100024,1
100025,1
100026,1
100027,1
100028,1
100029,1
100030,1
100031,1
100032,1
100033,1
100034,1
100035,1
100036,1
100037,1
100038,1
100039,1
100040,1
100041,1
100042,1
100043,1
100044,1
100045,1
100046,1
100047,1
100048,1
100049,1
100050,1
100051,1
100052,1
100053,1
100054,1
100055,1
100056,1
100057,1
100058,1
100059,1
100060,1
100061,1
100062,1
100063,1
100064,1
100065,1
100066,1
100067,1
100068,1
100069,1
100070,1
100071,1
100072,1
100073,1
100074,1
100075,1
100076,1
100077,1
100078,1
100079,1
100080,1
100081,1
100082,1
100083,1
100084,1
100085,1
100086,1
100087,1
100088,1
100089,1
100090,1
100091,1
100092,1
100093,1
100094,1
100095,1
100096,1
100097,1
100098,1
100099,1
100100,1
100101,1
100102,1
100103,1
100104,1
100105,1
100106,1
100107,1
100108,1
100109,1
100110,1
100111,1
100112,1
100113,1
100114,1
100115,1
100116,1
100117,1
100118,1
100119,1
100120,1
100121,1
100122,1
100123,1
100124,1
100125,1
100126,1
100127,1
100128,1
100129,1
100130,1
100131,1
100132,1
100133,1
100134,1
100135,1
100136,1
100137,1
100138,1
100139,1
100140,1
100141,1
100142,1
100143,1
100144,1
100145,1
100146,1
100147,1
100148,1
100149,1
100150,1
100151,1
100152,1
100153,1
100154,1
100155,1
100156,1
100157,1
100158,1
100159,1
100160,1
100161,1
100162,1
100163,1
100164,1
100165,1
100166,1
100167,1
100168,1
100169,1
100170,1
100171,1
100172,1
100173,1
100174,1
100175,1
100176,1
100177,1
100178,1
100179,1
100180,1
100181,1
100182,1
100183,1
100184,1
100185,1
100186,1
100187,1
100188,1
100189,1
100190,1
100191,1
100192,1
100193,1
100194,1
100195,1
100196,1
100197,1
100198,1
100199,1
100200,1
100201,1
100202,1
100203,1
100204,1
100205,1
100206,1
100207,1
100208,1
100209,1
100210,1
100211,1
100212,1
100213,1
100214,1
100215,1
100216,1
100217,1
100218,1
100219,1
100220,1
100221,1
100222,1
100223,1
100224,1
100225,1
100226,1
100227,1
100228,1
100229,1
100230,1
100231,1
100232,1
100233,1
100234,1
100235,1
100236,1
100237,1
100238,1
100239,1
100240,1
100241,1
100242,1
100243,1
100244,1
100245,1
100246,1
100247,1
100248,1
100249,1
100250,1
100251,1
100252,1
100253,1
100254,1
100255,1
100256,1
100257,1
100258,1
100259,1
100260,1
100261,1
100262,1
100263,1
100264,1
100265,1
100266,1
100267,1
100268,1
100269,1
100270,1
100271,1
100272,1
100273,1
100274,1
100275,1
100276,1
100277,1
100278,1
100279,1
100280,1
100281,1
100282,1
100283,1
100284,1
100285,1
100286,1
100287,1
100288,1
100289,1
100290,1
100291,1
100292,1
100293,1
100294,1
100295,1
100296,1
100297,1
100298,1
100299,1
100300,1
100301,1
100302,1
100303,1
100304,1
100305,1
100306,1
100307,1
100308,1
100309,1
100310,1
100311,1
100312,1
100313,1
100314,1
100315,1
100316,1
100317,1
100318,1
100319,1
100320,1
100321,1
100322,1
100323,1
100324,1
100325,1
100326,1
100327,1
100328,1
100329,1
100330,1
100331,1
100332,1
100333,1
100334,1
100335,1
100336,1
100337,1
100338,1
100339,1
100340,1
100341,1
100342,1
100343,1
100344,1
100345,1
100346,1
100347,1
100348,1
100349,1
100350,1
100351,1
100352,1
100353,1
100354,1
100355,1
100356,1
100357,1
100358,1
100359,1
100360,1
100361,1
100362,1
100363,1
100364,1
100365,1
100366,1
100367,1
100368,1
100369,1
100370,1
100371,1
100372,1
100373,1
100374,1
100375,1
100376,1
100377,1
100378,1
100379,1
100380,1
100381,1
100382,1
100383,1
100384,1
100385,1
100386,1
100387,1
100388,1
100389,1
100390,1
100391,1
100392,1
100393,1
100394,1
100395,1
100396,1
100397,1
100398,1
100399,1
100400,1
100401,1
100402,1
100403,1
100404,1
100405,1
100406,1
100407,1
100408,1
100409,1
100410,1
100411,1
100412,1
100413,1
100414,1
100415,1
100416,1
100417,1
100418,1
100419,1
100420,1
100421,1
100422,1
100423,1
100424,1
100425,1
100426,1
100427,1
100428,1
100429,1
100430,1
100431,1
100432,1
100433,1
100434,1
100435,1
100436,1
100437,1
100438,1
100439,1
100440,1
100441,1
100442,1
100443,1
100444,1
100445,1
100446,1
100447,1
100448,1
100449,1
100450,1
100451,1
100452,1
100453,1
100454,1
100455,1
100456,1
100457,1
100458,1
100459,1
100460,1
100461,1
100462,1
100463,1
100464,1
100465,1
100466,1
100467,1
100468,1
100469,1
100470,1
100471,1
100472,1
100473,1
100474,1
100475,1
100476,1
100477,1
100478,1
100479,1
100480,1
100481,1
100482,1
100483,1
100484,1
100485,1
100486,1
100487,1
100488,1
100489,1
100490,1
100491,1
100492,1
100493,1
100494,1
100495,1
100496,1
100497,1
100498,1
100499,1
100500,1
100501,1
100502,1
100503,1
100504,1
100505,1
100506,1
100507,1
100508,1
100509,1
100510,1
100511,1
100512,1
100513,1
100514,1
100515,1
100516,1
100517,1
100518,1
100519,1
100520,1
100521,1
100522,1
100523,1
100524,1
100525,1
100526,1
100527,1
100528,1
100529,1
100530,1
100531,1
100532,1
100533,1
100534,1
100535,1
100536,1
100537,1
100538,1
100539,1
100540,1
100541,1
100542,1
100543,1
100544,1
100545,1
100546,1
100547,1
100548,1
100549,1
100550,1
100551,1
100552,1
100553,1
100554,1
100555,1
100556,1
100557,1
100558,1
100559,1
100560,1
100561,1
100562,1
100563,1
100564,1
100565,1
100566,1
100567,1
100568,1
100569,1
100570,1
100571,1
100572,1
100573,1
100574,1
100575,1
100576,1
100577,1
100578,1
100579,1
100580,1
100581,1
100582,1
100583,1
100584,1
100585,1
100586,1
100587,1
100588,1
100589,1
100590,1
100591,1
100592,1
100593,1
100594,1
100595,1
100596,1
100597,1
100598,1
100599,1
100600,1
100601,1
100602,1
100603,1
100604,1
100605,1
100606,1
100607,1
100608,1
100609,1
100610,1
100611,1
100612,1
100613,1
100614,1
100615,1
100616,1
100617,1
100618,1
100619,1
100620,1
100621,1
100622,1
100623,1
100624,1
100625,1
100626,1
100627,1
100628,1
100629,1
100630,1
100631,1
100632,1
100633,1
100634,1
100635,1
100636,1
100637,1
100638,1
100639,1
100640,1
100641,1
100642,1
100643,1
100644,1
100645,1
100646,1
100647,1
100648,1
100649,1
100650,1
100651,1
100652,1
100653,1
100654,1
100655,1
100656,1
100657,1
100658,1
100659,1
100660,1
100661,1
100662,1
100663,1
100664,1
100665,1
100666,1
100667,1
100668,1
100669,1
100670,1
100671,1
100672,1
100673,1
100674,1
100675,1
100676,1
100677,1
100678,1
100679,1
100680,1
100681,1
100682,1
100683,1
100684,1
100685,1
100686,1
100687,1
100688,1
100689,1
100690,1
100691,1
100692,1
100693,1
100694,1
100695,1
100696,1
100697,1
100698,1
100699,1
100700,1
100701,1
100702,1
100703,1
100704,1
100705,1
100706,1
100707,1
100708,1
100709,1
100710,1
100711,1
100712,1
100713,1
100714,1
100715,1
100716,1
100717,1
100718,1
100719,1
100720,1
100721,1
100722,1
100723,1
100724,1
100725,1
100726,1
100727,1
100728,1
100729,1
100730,1
100731,1
100732,1
100733,1
100734,1
100735,1
100736,1
100737,1
100738,1
100739,1
100740,1
100741,1
100742,1
100743,1
100744,1
100745,1
100746,1
100747,1
100748,1
100749,1
100750,1
100751,1
100752,1
100753,1
100754,1
100755,1
100756,1
100757,1
100758,1
100759,1
100760,1
100761,1
100762,1
100763,1
100764,1
100765,1
100766,1
100767,1
100768,1
100769,1
100770,1
100771,1
100772,1
100773,1
100774,1
100775,1
100776,1
100777,1
100778,1
100779,1
100780,1
100781,1
100782,1
100783,1
100784,1
100785,1
100786,1
100787,1
100788,1
100789,1
100790,1
100791,1
100792,1
100793,1
100794,1
100795,1
100796,1
100797,1
100798,1
100799,1
100800,1
100801,1
100802,1
100803,1
100804,1
100805,1
100806,1
100807,1
100808,1
100809,1
100810,1
100811,1
100812,1
100813,1
100814,1
100815,1
100816,1
100817,1
100818,1
100819,1
100820,1
100821,1
100822,1
100823,1
100824,1
100825,1
100826,1
100827,1
100828,1
100829,1
100830,1
100831,1
100832,1
100833,1
100834,1
100835,1
100836,1
100837,1
100838,1
100839,1
100840,1
100841,1
100842,1
100843,1
100844,1
100845,1
100846,1
100847,1
100848,1
100849,1
100850,1
100851,1
100852,1
100853,1
100854,1
100855,1
100856,1
100857,1
100858,1
100859,1
100860,1
100861,1
100862,1
100863,1
100864,1
100865,1
100866,1
100867,1
100868,1
100869,1
100870,1
100871,1
100872,1
100873,1
100874,1
100875,1
100876,1
100877,1
100878,1
100879,1
100880,1
100881,1
100882,1
100883,1
100884,1
100885,1
100886,1
100887,1
100888,1
100889,1
100890,1
100891,1
100892,1
100893,1
100894,1
100895,1
100896,1
100897,1
100898,1
100899,1
100900,1
100901,1
100902,1
100903,1
100904,1
100905,1
100906,1
100907,1
100908,1
100909,1
100910,1
100911,1
100912,1
100913,1
100914,1
100915,1
100916,1
100917,1
100918,1
100919,1
100920,1
100921,1
100922,1
100923,1
100924,1
100925,1
100926,1
100927,1
100928,1
100929,1
100930,1
100931,1
100932,1
100933,1
100934,1
100935,1
100936,1
100937,1
100938,1
100939,1
100940,1
100941,1
100942,1
100943,1
100944,1
100945,1
100946,1
100947,1
100948,1
100949,1
100950,1
100951,1
100952,1
100953,1
100954,1
100955,1
100956,1
100957,1
100958,1
100959,1
100960,1
100961,1
100962,1
100963,1
100964,1
100965,1
100966,1
100967,1
100968,1
100969,1
100970,1
100971,1
100972,1
100973,1
100974,1
100975,1
100976,1
100977,1
100978,1
100979,1
100980,1
100981,1
100982,1
100983,1
100984,1
100985,1
100986,1
100987,1
100988,1
100989,1
100990,1
100991,1
100992,1
100993,1
100994,1
100995,1
100996,1
100997,1
100998,1
100999,1
101000,1
101001,1
101002,1
101003,1
101004,1
101005,1
101006,1
101007,1
101008,1
101009,1
101010,1
101011,1
101012,1
101013,1
101014,1
101015,1
101016,1
101017,1
101018,1
101019,1
101020,1
101021,1
101022,1
101023,1
101024,1
101025,1
101026,1
101027,1
101028,1
101029,1
101030,1
101031,1
101032,1
101033,1
101034,1
101035,1
101036,1
101037,1
101038,1
101039,1
101040,1
101041,1
101042,1
101043,1
101044,1
101045,1
101046,1
101047,1
101048,1
101049,1
101050,1
101051,1
101052,1
101053,1
101054,1
101055,1
101056,1
101057,1
101058,1
101059,1
101060,1
101061,1
101062,1
101063,1
101064,1
101065,1
101066,1
101067,1
101068,1
101069,1
101070,1
101071,1
101072,1
101073,1
101074,1
101075,1
101076,1
101077,1
101078,1
101079,1
101080,1
101081,1
101082,1
101083,1
101084,1
101085,1
101086,1
101087,1
101088,1
101089,1
101090,1
101091,1
101092,1
101093,1
101094,1
101095,1
101096,1
101097,1
101098,1
101099,1
101100,1
101101,1
101102,1
101103,1
101104,1
101105,1
101106,1
101107,1
101108,1
101109,1
101110,1
101111,1
101112,1
101113,1
101114,1
101115,1
101116,1
101117,1
101118,1
101119,1
101120,1
101121,1
101122,1
101123,1
101124,1
101125,1
101126,1
101127,1
101128,1
101129,1
101130,1
101131,1
101132,1
101133,1
101134,1
101135,1
101136,1
101137,1
101138,1
101139,1
101140,1
101141,1
101142,1
101143,1
101144,1
101145,1
101146,1
101147,1
101148,1
101149,1
101150,1
101151,1
101152,1
101153,1
101154,1
101155,1
101156,1
101157,1
101158,1
101159,1
101160,1
101161,1
101162,1
101163,1
101164,1
101165,1
101166,1
101167,1
101168,1
101169,1
101170,1
101171,1
101172,1
101173,1
101174,1
101175,1
101176,1
101177,1
101178,1
101179,1
101180,1
101181,1
101182,1
101183,1
101184,1
101185,1
101186,1
101187,1
101188,1
101189,1
101190,1
101191,1
101192,1
101193,1
101194,1
101195,1
101196,1
101197,1
101198,1
101199,1
101200,1
101201,1
101202,1
101203,1
101204,1
101205,1
101206,1
101207,1
101208,1
101209,1
101210,1
101211,1
101212,1
101213,1
101214,1
101215,1
101216,1
101217,1
101218,1
101219,1
101220,1
101221,1
101222,1
101223,1
101224,1
101225,1
101226,1
101227,1
101228,1
101229,1
101230,1
101231,1
101232,1
101233,1
101234,1
101235,1
101236,1
101237,1
101238,1
101239,1
101240,1
101241,1
101242,1
101243,1
101244,1
101245,1
101246,1
101247,1
101248,1
101249,1
101250,1
101251,1
101252,1
101253,1
101254,1
101255,1
101256,1
101257,1
101258,1
101259,1
101260,1
101261,1
101262,1
101263,1
101264,1
101265,1
101266,1
101267,1
101268,1
101269,1
101270,1
101271,1
101272,1
101273,1
101274,1
101275,1
101276,1
101277,1
101278,1
101279,1
101280,1
101281,1
101282,1
101283,1
101284,1
101285,1
101286,1
101287,1
101288,1
101289,1
101290,1
101291,1
101292,1
101293,1
101294,1
101295,1
101296,1
101297,1
101298,1
101299,1
101300,1
101301,1
101302,1
101303,1
101304,1
101305,1
101306,1
101307,1
101308,1
101309,1
101310,1
101311,1
101312,1
101313,1
101314,1
101315,1
101316,1
101317,1
101318,1
101319,1
101320,1
101321,1
101322,1
101323,1
101324,1
101325,1
101326,1
101327,1
101328,1
101329,1
101330,1
101331,1
101332,1
101333,1
101334,1
101335,1
101336,1
101337,1
101338,1
101339,1
101340,1
101341,1
101342,1
101343,1
101344,1
101345,1
101346,1
101347,1
101348,1
101349,1
101350,1
101351,1
101352,1
101353,1
101354,1
101355,1
101356,1
101357,1
101358,1
101359,1
101360,1
101361,1
101362,1
101363,1
101364,1
101365,1
101366,1
101367,1
101368,1
101369,1
101370,1
101371,1
101372,1
101373,1
101374,1
101375,1
101376,1
101377,1
101378,1
101379,1
101380,1
101381,1
101382,1
101383,1
101384,1
101385,1
101386,1
101387,1
101388,1
101389,1
101390,1
101391,1
101392,1
101393,1
101394,1
101395,1
101396,1
101397,1
101398,1
101399,1
101400,1
101401,1
101402,1
101403,1
101404,1
101405,1
101406,1
101407,1
101408,1
101409,1
101410,1
101411,1
101412,1
101413,1
101414,1
101415,1
101416,1
101417,1
101418,1
101419,1
101420,1
101421,1
101422,1
101423,1
101424,1
101425,1
101426,1
101427,1
101428,1
101429,1
101430,1
101431,1
101432,1
101433,1
101434,1
101435,1
101436,1
101437,1
101438,1
101439,1
101440,1
101441,1
101442,1
101443,1
101444,1
101445,1
101446,1
101447,1
101448,1
101449,1
101450,1
101451,1
101452,1
101453,1
101454,1
101455,1
101456,1
101457,1
101458,1
101459,1
101460,1
101461,1
101462,1
101463,1
101464,1
101465,1
101466,1
101467,1
101468,1
101469,1
101470,1
101471,1
101472,1
101473,1
101474,1
101475,1
101476,1
101477,1
101478,1
101479,1
101480,1
101481,1
101482,1
101483,1
101484,1
101485,1
101486,1
101487,1
101488,1
101489,1
101490,1
101491,1
101492,1
101493,1
101494,1
101495,1
101496,1
101497,1
101498,1
101499,1
101500,1
101501,1
101502,1
101503,1
101504,1
101505,1
101506,1
101507,1
101508,1
101509,1
101510,1
101511,1
101512,1
101513,1
101514,1
101515,1
101516,1
101517,1
101518,1
101519,1
101520,1
101521,1
101522,1
101523,1
101524,1
101525,1
101526,1
101527,1
101528,1
101529,1
101530,1
101531,1
101532,1
101533,1
101534,1
101535,1
101536,1
101537,1
101538,1
101539,1
101540,1
101541,1
101542,1
101543,1
101544,1
101545,1
101546,1
101547,1
101548,1
101549,1
101550,1
101551,1
101552,1
101553,1
101554,1
101555,1
101556,1
101557,1
101558,1
101559,1
101560,1
101561,1
101562,1
101563,1
101564,1
101565,1
101566,1
101567,1
101568,1
101569,1
101570,1
101571,1
101572,1
101573,1
101574,1
101575,1
101576,1
101577,1
101578,1
101579,1
101580,1
101581,1
101582,1
101583,1
101584,1
101585,1
101586,1
101587,1
101588,1
101589,1
101590,1
101591,1
101592,1
101593,1
101594,1
101595,1
101596,1
101597,1
101598,1
101599,1
101600,1
101601,1
101602,1
101603,1
101604,1
101605,1
101606,1
101607,1
101608,1
101609,1
101610,1
101611,1
101612,1
101613,1
101614,1
101615,1
101616,1
101617,1
101618,1
101619,1
101620,1
101621,1
101622,1
101623,1
101624,1
101625,1
101626,1
101627,1
101628,1
101629,1
101630,1
101631,1
101632,1
101633,1
101634,1
101635,1
101636,1
101637,1
101638,1
101639,1
101640,1
101641,1
101642,1
101643,1
101644,1
101645,1
101646,1
101647,1
101648,1
101649,1
101650,1
101651,1
101652,1
101653,1
101654,1
101655,1
101656,1
101657,1
101658,1
101659,1
101660,1
101661,1
101662,1
101663,1
101664,1
101665,1
101666,1
101667,1
101668,1
101669,1
101670,1
101671,1
101672,1
101673,1
101674,1
101675,1
101676,1
101677,1
101678,1
101679,1
101680,1
101681,1
101682,1
101683,1
101684,1
101685,1
101686,1
101687,1
101688,1
101689,1
101690,1
101691,1
101692,1
101693,1
101694,1
101695,1
101696,1
101697,1
101698,1
101699,1
101700,1
101701,1
101702,1
101703,1
101704,1
101705,1
101706,1
101707,1
101708,1
101709,1
101710,1
101711,1
101712,1
101713,1
101714,1
101715,1
101716,1
101717,1
101718,1
101719,1
101720,1
101721,1
101722,1
101723,1
101724,1
101725,1
101726,1
101727,1
101728,1
101729,1
101730,1
101731,1
101732,1
101733,1
101734,1
101735,1
101736,1
101737,1
101738,1
101739,1
101740,1
101741,1
101742,1
101743,1
101744,1
101745,1
101746,1
101747,1
101748,1
101749,1
101750,1
101751,1
101752,1
101753,1
101754,1
101755,1
101756,1
101757,1
101758,1
101759,1
101760,1
101761,1
101762,1
101763,1
101764,1
101765,1
101766,1
101767,1
101768,1
101769,1
101770,1
101771,1
101772,1
101773,1
101774,1
101775,1
101776,1
101777,1
101778,1
101779,1
101780,1
101781,1
101782,1
101783,1
101784,1
101785,1
101786,1
101787,1
101788,1
101789,1
101790,1
101791,1
101792,1
101793,1
101794,1
101795,1
101796,1
101797,1
101798,1
101799,1
101800,1
101801,1
101802,1
101803,1
101804,1
101805,1
101806,1
101807,1
101808,1
101809,1
101810,1
101811,1
101812,1
101813,1
101814,1
101815,1
101816,1
101817,1
101818,1
101819,1
101820,1
101821,1
101822,1
101823,1
101824,1
101825,1
101826,1
101827,1
101828,1
101829,1
101830,1
101831,1
101832,1
101833,1
101834,1
101835,1
101836,1
101837,1
101838,1
101839,1
101840,1
101841,1
101842,1
101843,1
