bigram,frequency,pmi
derek podhaizer,116,14.9865
supreme court,321,14.9802
mitch germain,100,14.9792
trevor cranston,108,14.9775
harold edwards,153,14.9768
counter uas,188,14.9741
ann salisbury,130,14.9689
noah poponak,288,14.9677
arun viswanathan,235,14.9579
keno hill,120,14.9543
glenn schorr,212,14.944
ronald kamdem,309,14.9331
los santos,109,14.9298
simeon siegel,133,14.9254
laura alber,114,14.9243
ravi shanker,256,14.9195
travis axelrod,132,14.9145
vijay rakesh,159,14.9109
albert nahmad,170,14.898
tsin huang,334,14.8961
paribas exane,128,14.8922
javier rodriguez,136,14.8838
travis stice,138,14.8835
invasive bladder,101,14.8815
vis vis,325,14.8627
noah zatzkin,117,14.8608
skilled nursing,228,14.8504
terry tillman,152,14.8503
pratt whitney,136,14.8496
linda tsai,166,14.8406
evan greenberg,121,14.8366
chad beynon,272,14.8344
mary barra,100,14.8334
glenn fogel,115,14.8157
elizabeth porter,216,14.8112
chad richison,180,14.8106
las vegas,1036,14.8096
jessica fye,184,14.8035
kartik mehta,110,14.8032
trevor allinson,127,14.7994
lisa gill,170,14.7681
gerard sweeney,133,14.7657
travis steed,207,14.7562
sanjay sakhrani,269,14.756
russell weiner,100,14.7549
cantor fitzgerald,722,14.7463
exane bnp,128,14.7417
rajat gupta,153,14.7403
christophe beck,100,14.7312
jan moller,201,14.7309
undue reliance,477,14.7305
conor cunningham,244,14.7252
clark lampen,126,14.7174
dana telsey,310,14.7117
susan maklari,231,14.7093
ruben roy,135,14.7031
seth sigman,144,14.6953
jose mas,107,14.6917
christine cho,128,14.6854
karl ackerman,226,14.6758
jailendra singh,180,14.6614
harley finkelstein,109,14.6568
redburn atlantic,133,14.6423
hurricane helene,185,14.6306
dylan carden,155,14.6262
proto labs,161,14.6243
hockey stick,121,14.6157
monoclonal antibody,134,14.6072
seth seifman,231,14.6011
receptor agonist,113,14.5803
robbie marcus,164,14.5711
austin wurschmidt,119,14.5692
harry sommer,153,14.5629
nanox arc,106,14.5592
van dijkum,200,14.5585
van sinderen,152,14.5585
van rhee,135,14.5585
sanjay datta,106,14.5571
brendan maiorana,113,14.5559
tia maria,100,14.5505
dennis woodside,111,14.5478
pleasantly surprised,106,14.5454
tyler radke,244,14.5346
grand theft,108,14.5216
tycho peterson,191,14.5201
apples apples,374,14.5146
robin farley,341,14.5134
jordan alliger,140,14.5106
williams sonoma,144,14.4968
barry sloane,111,14.4921
van hof,330,14.486
brandon oglenski,168,14.4852
joel hurwitz,105,14.4834
austin moeller,100,14.4723
storm fern,168,14.4703
bruce bodine,154,14.4637
larry biegelsen,229,14.4608
bye bye,128,14.4477
scratching surface,169,14.4389
sanjit singh,222,14.4284
brendan nosal,160,14.4184
heinbockel guggenheim,121,14.4167
jared shaw,195,14.4139
ron vachris,134,14.4053
hanging fruit,232,14.404
cory carpenter,129,14.3846
laying groundwork,130,14.3833
spatial biology,132,14.3832
simon leopold,109,14.3663
sumit roy,176,14.3624
edward baltazar,136,14.3606
manav gupta,326,14.3582
casual dining,140,14.3527
nccn guidelines,102,14.3509
brandon vazquez,144,14.3487
isolation substitute,232,14.3469
ross seymore,206,14.3284
wes cummins,125,14.3245
erin wright,172,14.321
precious metals,240,14.3123
acute pancreatitis,105,14.3042
joshua buchalter,115,14.2712
ltv cac,177,14.2658
brent thill,382,14.256
jfrog ltd,110,14.2479
zelman associates,147,14.2468
kenneth krause,120,14.2459
ross sparenblek,123,14.243
crystal ball,251,14.2413
brent bracelin,210,14.2304
alexia howard,134,14.2285
jennifer como,109,14.2146
alan ratner,197,14.2131
luis von,239,14.2018
vincent morales,115,14.1987
harley davidson,324,14.1956
joshua isner,104,14.1683
club pilates,138,14.1672
brett rabatin,206,14.1634
san francisco,1020,14.1452
merrill lynch,1528,14.1431
iron ore,277,14.1418
dennis geiger,184,14.1355
citizens jmp,211,14.133
jackson ader,152,14.1326
philip shen,197,14.1319
telsey telsey,149,14.1298
royal caribbean,100,14.1263
confirmation tone,293,14.1259
brandon sink,108,14.1225
brett tighe,138,14.102
alan baratz,107,14.0842
amit mehrotra,128,14.0785
theresa chen,250,14.0699
ulta beauty,216,14.0667
rule thumb,214,14.0658
silicon carbide,403,14.0655
piper sandler,2102,14.0629
neil mitchill,171,14.0591
russell gunther,101,14.0526
neil barua,122,14.044
marc lipschultz,118,14.0436
owen lau,103,14.041
bryan bergin,170,14.0351
marc vandiepenbeeck,130,14.0338
status quo,209,14.0328
telephone keypad,1364,14.0229
alexander jessett,102,13.9906
bolt ons,200,13.983
brett linzey,100,13.9743
darren woods,168,13.9731
aaron rakers,257,13.9585
neil hunn,152,13.9579
victor mendelson,127,13.9579
grom gordon,107,13.9561
joshua tilton,132,13.9524
ronald epstein,150,13.9369
vincent delie,115,13.9329
seigerman bmo,114,13.9283
casey woodring,117,13.9278
kaes van,320,13.9262
vijay kumar,395,13.9178
promoter score,341,13.9125
evercore isi,1962,13.9096
marc casper,113,13.8987
blue owl,261,13.8934
salaries wages,134,13.8925
brent thielman,115,13.8877
needle coke,134,13.8743
ann hynes,145,13.8732
wet amd,167,13.8712
grand scheme,106,13.8711
linda bolton,114,13.8653
erik woodring,166,13.8626
vincent andrews,189,13.8542
chuck grom,201,13.8499
taylor mcginnis,168,13.8435
kurt geiger,149,13.8427
red hat,151,13.8415
alexander goldfarb,272,13.8354
college football,113,13.8341
nicholas campanella,139,13.8204
brad sills,158,13.8191
muse cantor,119,13.8113
word mouth,181,13.805
jack meehan,134,13.8045
eagle ford,307,13.8023
christian schwab,134,13.7992
foot locker,164,13.7824
zach cummins,124,13.7812
pause momentarily,278,13.7804
fhlb advances,113,13.7763
anti vegf,104,13.7623
jeremy thigpen,103,13.7616
julian mitchell,438,13.7444
noah kaye,171,13.7417
salt lake,135,13.7377
brad heffern,107,13.7346
optimum sound,104,13.7337
benjamin budish,105,13.727
jeremy wensinger,110,13.7101
gray powell,112,13.7066
frank louthan,107,13.7027
aaron grey,101,13.6867
jeremy barnum,211,13.6818
panigrahi mizuho,105,13.6794
colin sebastian,105,13.6611
marc riddick,116,13.6564
san diego,313,13.6556
kelly motta,272,13.6555
jay kreps,110,13.6348
mute prevent,239,13.6295
bright spots,150,13.6294
cunningham melius,108,13.6288
dumoulin smith,379,13.6265
jessica hansen,143,13.6215
douglas bettinger,105,13.6126
gary millerchip,135,13.6111
bob brackett,144,13.5972
douglas ingram,140,13.595
green apron,133,13.5944
keith pfeil,113,13.5944
jeremy hamblin,201,13.5925
charles rhyee,207,13.5875
green shoots,825,13.5767
keith bachman,132,13.5767
fine tuning,219,13.5666
joel ackerman,218,13.5617
bryan keane,121,13.5615
jay mccanless,239,13.5526
ben reitzes,155,13.5314
gregory peters,198,13.5101
companion animal,244,13.5064
lessons learned,252,13.4815
floris van,140,13.4734
silicon photonics,264,13.469
jeremy tonet,373,13.4686
ascending dose,109,13.4603
raul jacob,129,13.46
undertakes obligation,342,13.4569
jon stonehouse,130,13.4477
barry jonas,175,13.4391
hybrid bonding,107,13.4272
muscle invasive,111,13.4109
keith housum,118,13.4043
ladies gentlemen,3301,13.4038
keypad confirmation,225,13.4031
dry powder,453,13.4015
unidentified representative,103,13.4003
frank takkinen,100,13.3941
zip code,180,13.3937
leah jordan,104,13.3899
kilowatt hour,156,13.3864
brad zelnick,240,13.3844
helfstein oppenheimer,105,13.3836
packaged optics,121,13.3791
josh weinstein,254,13.372
jordan bender,137,13.3639
gary tenner,160,13.3632
dry dock,262,13.3567
timothy arcuri,286,13.3461
gary prestopino,173,13.3384
todd mckinnon,182,13.3313
pressing keys,326,13.3225
parikh oppenheimer,120,13.3214
kristen owen,101,13.3111
jon arfstrom,186,13.3107
switching gears,383,13.3063
anthony paolone,209,13.3062
lucky friday,112,13.2969
anthony crowdell,131,13.287
transfusion dependent,132,13.2845
litigation reform,891,13.2707
ben hendrix,140,13.2661
dylan becker,100,13.2524
postpaid phone,206,13.2494
tuck ins,226,13.2464
brokered cds,100,13.2317
jean ann,171,13.2303
bret jordan,127,13.2292
cop trillion,131,13.2137
harsh kumar,140,13.2103
anthony pettinari,192,13.2088
max levchin,128,13.1964
timothy donahue,159,13.1934
jonathan matuszewski,112,13.1918
timothy knavish,185,13.1886
anthony lebiedzinski,166,13.1871
doug leggate,244,13.1797
promoter scores,162,13.1781
gene editing,108,13.1767
court ruling,118,13.1734
planet fitness,135,13.1644
timothy chiodo,127,13.1635
dow jones,276,13.1608
bracelin piper,106,13.1564
safe harbor,1443,13.1521
alexander blostein,115,13.1472
ken usdin,181,13.1467
goldman sachs,4151,13.1443
clark gartner,109,13.1391
doug anmuth,199,13.1354
sickle cell,293,13.1311
greg mcginniss,121,13.1254
neil mehta,358,13.125
mcp server,123,13.1138
goodwill impairment,390,13.1029
basel iii,202,13.0993
motemaden evercore,117,13.0975
san antonio,161,13.0938
jonathan komp,149,13.0901
heart failure,259,13.0866
adam hotchkiss,100,13.0858
game changer,375,13.0806
greg orenstein,119,13.0798
publicly traded,339,13.0765
cpt code,166,13.0635
organically inorganically,137,13.0623
rick cardenas,116,13.0585
wholly owned,339,13.0564
meghan frank,142,13.0553
stephanie moore,200,13.049
geopolitical tensions,211,13.0482
juan carlos,132,13.0471
irwin simon,137,13.0455
greg melich,111,13.045
ken hoexter,228,13.0418
radke citi,180,13.0392
adam foroughi,173,13.0367
steven chubak,210,13.0362
criticized classified,222,13.0353
laurence alexander,139,13.0317
vitality index,142,13.0308
george gianarikas,155,13.0245
rejoin queue,147,13.0096
derrick wood,156,13.0044
lockheed martin,199,13.0034
patrick davitt,106,12.9924
alex fuhrman,116,12.9822
spencer wang,139,12.9808
adam borg,114,12.9762
adam greenlee,114,12.9762
charles meade,121,12.9749
zaremski bmo,106,12.9728
harbor provisions,391,12.9722
george zoley,134,12.9717
mahaney evercore,120,12.9695
craig kennison,184,12.9683
craig felenstein,150,12.9665
cubic feet,391,12.966
bear fruit,226,12.961
craig hallum,855,12.9577
nareit ffo,150,12.9554
patrick dumont,127,12.9553
ron epstein,112,12.9552
craig hettenbach,119,12.9521
justin bowers,102,12.9507
median pfs,119,12.9424
adam tindle,112,12.939
alex straton,127,12.9375
midland basin,175,12.9319
hendrix rbc,106,12.9279
craig cornelius,115,12.9268
craig siegenthaler,195,12.911
joint venture,2278,12.9102
contact lenses,115,12.9065
ben chaiken,111,12.9031
tens thousands,350,12.9025
delaware basin,317,12.8956
stephen feider,111,12.8941
fine tune,185,12.892
stephen hoge,174,12.8858
patrick scholes,108,12.8807
gulf coast,784,12.8785
dingmann truist,106,12.8739
artificial intelligence,1433,12.8643
adam thalhimer,114,12.8634
owner occupied,243,12.8606
tone indicate,294,12.8587
alex kramm,134,12.8585
alex zukin,348,12.8553
wieczynski stifel,105,12.8473
pacific northwest,201,12.845
christopher glynn,148,12.8447
liquid biopsy,125,12.844
architectural coatings,117,12.8386
stephen laszczyk,133,12.8304
rare earth,215,12.8204
signoff duration,1924,12.812
george notter,151,12.8117
blue bird,145,12.8023
gavin clark,109,12.8017
peller wolfe,122,12.7953
sku rationalization,190,12.7933
nick giles,162,12.7932
dan dolev,200,12.7932
pro rata,183,12.7886
thomas chong,113,12.7862
liquid cooling,535,12.7808
joseph cutillo,101,12.774
pro forma,2679,12.7688
george staphos,246,12.7625
andy kaplowitz,190,12.7619
reform act,904,12.7604
greg silvers,107,12.7553
altobello raymond,107,12.7544
oliver chen,207,12.7505
considered isolation,231,12.7449
andy marsh,374,12.7442
daniel grosslight,108,12.741
joseph gilliam,108,12.7355
charles shi,145,12.7339
steven cahall,114,12.7333
nathan race,196,12.7325
western haynesville,206,12.7308
rect fit,699,12.7294
stephen scouten,221,12.722
hedberg rbc,167,12.7215
dan fachner,130,12.7175
richard paulson,114,12.7117
adrian mitchell,118,12.7109
american depositary,124,12.7024
assal barclays,140,12.7015
cell carcinoma,136,12.701
placed mute,250,12.6976
peer reviewed,236,12.6963
kansas city,200,12.6927
foundry logic,234,12.6893
daniel tamayo,231,12.6858
undertake obligation,633,12.6825
enders citi,109,12.6789
christopher rolland,208,12.6748
zukin wolfe,161,12.67
bruce chan,128,12.6685
jed kelly,148,12.6614
pick handset,1075,12.661
wells fargo,3464,12.6518
jpg rect,699,12.6444
royalpurple svg,6256,12.6444
wikipedia wikidata,6256,12.6433
magenta royalpurple,6256,12.6421
unknown speaker,1617,12.6392
telsey advisory,198,12.6329
stephen grambling,189,12.6297
sean gamble,187,12.6245
joe todisco,102,12.6237
men women,258,12.6218
dave zapico,124,12.6167
craig mailman,130,12.6148
meta marshall,219,12.6147
wikidata linkedin,6256,12.6127
gary friedman,294,12.6111
delek logistics,116,12.6063
tens millions,329,12.5954
road map,1729,12.5945
doug harter,177,12.5851
stephen gengaro,166,12.5826
berg needham,113,12.5723
template jpg,2120,12.5669
limit yourself,1138,12.5628
morgan stanley,4489,12.5613
placebo controlled,243,12.5607
kevin caliendo,137,12.5583
keith weiss,215,12.5574
eddie kim,127,12.5573
agency rmbs,114,12.5463
sporting goods,135,12.5391
falcon flex,115,12.5379
jpmorgan chase,1642,12.5378
robins founder,185,12.5353
patrick walravens,187,12.5352
christopher boerner,123,12.5299
dan sceli,148,12.5188
george sutton,133,12.5176
kgmid description,6256,12.5102
description null,4136,12.5036
jason seidl,134,12.4951
jason gursky,130,12.4947
jamie cook,158,12.4936
cautiously optimistic,496,12.4896
ebbs flows,181,12.4882
kevin fischbeck,136,12.4859
mok barclays,158,12.483
sweet spot,402,12.482
editorial images,2120,12.4739
endometrial cancer,187,12.4703
joseph hornbuckle,103,12.4701
jason kupferberg,152,12.4683
jul contents,167,12.4682
goldfarb piper,118,12.4623
red sea,201,12.4606
alternative accommodations,101,12.4604
square footage,330,12.4581
cooper clark,105,12.4519
ryan macwilliams,131,12.4459
express gratitude,106,12.4437
judy marks,103,12.4436
stephen volkmann,129,12.4377
ryan langston,171,12.4375
jason celino,144,12.4373
paul newsome,125,12.4354
jason robins,216,12.4341
doug schenkel,101,12.4297
jason helfstein,221,12.4295
tim flanagan,123,12.4259
paul lejuez,245,12.4235
paul romanowski,177,12.4226
ovarian cancer,196,12.413
proof concept,565,12.4127
technical difficulty,400,12.4122
moskow cowen,112,12.4017
peter gassner,174,12.4016
peter dannenbaum,104,12.4016
agency mbs,344,12.4004
sarah london,152,12.398
justin patterson,141,12.3959
peter arment,248,12.3958
write downs,253,12.395
joint ventures,518,12.3867
jason gerberry,133,12.3812
william crooker,132,12.3797
jason bazinet,119,12.3782
joe altobello,205,12.3774
ken worthington,144,12.3736
bladder cancer,220,12.3722
colorectal cancer,348,12.3693
intel foundry,138,12.36
peter benedict,176,12.3532
coconut water,131,12.3528
mckinnon founder,131,12.3482
christopher marinac,128,12.3449
jonathan chappell,134,12.3393
matthew breese,181,12.335
square feet,2799,12.3345
crohn disease,117,12.3327
ken newman,117,12.3308
super bowl,430,12.3243
steven zabel,105,12.3242
thill jefferies,191,12.3201
lesser extent,377,12.316
bla submission,153,12.3088
fico score,183,12.3086
mcshane goldman,107,12.3051
jason gabelman,183,12.3004
matthew bouley,129,12.297
josh baer,154,12.2894
images featured,2120,12.2889
zelnick deutsche,105,12.2871
mixed bag,144,12.2836
unless otherwise,1306,12.2822
joe vruwink,112,12.2805
eric bosshard,100,12.28
eric martinuzzi,197,12.28
black friday,302,12.2798
hardiman citi,123,12.2777
joseph gallo,101,12.2776
undrawn revolver,193,12.2737
chiodo ubs,102,12.2669
rob wertheimer,104,12.2666
farm animal,106,12.2662
ryan koontz,240,12.2653
craig huber,114,12.2621
peter vanacker,126,12.2599
apologies missed,145,12.2591
justin jude,104,12.258
united kingdom,232,12.2571
crispin love,214,12.2536
dose escalation,237,12.2518
peter galbo,185,12.2395
specified pools,100,12.2389
quote unquote,100,12.2385
unfunded commitments,130,12.2345
ryan sigdahl,187,12.2246
malley barclays,124,12.2235
george tong,183,12.2228
jason bednar,184,12.222
daniel scavilla,164,12.222
stay tuned,574,12.2195
expressed implied,481,12.2184
car wash,101,12.215
jeff dayno,110,12.2115
bose george,271,12.2058
dosing regimen,112,12.2027
eric beder,108,12.202
pancreatic cancer,274,12.198
patrick donnelly,168,12.1962
reinforcement learning,101,12.1954
metal containers,102,12.1948
lenschow barclays,207,12.1934
northern virginia,148,12.1924
behind scenes,297,12.1824
miksic barclays,113,12.1797
eric luebchow,110,12.1665
timothy herbert,144,12.1664
samana jefferies,100,12.1652
richard tobin,143,12.162
alex blostein,150,12.1612
turned corner,116,12.1611
room nights,346,12.1603
jason kreyer,129,12.1595
dan politzer,164,12.1508
lung cancer,1105,12.1499
prostate cancer,294,12.147
eric stine,221,12.1431
road maps,177,12.1418
george gleason,129,12.1409
pursuant safe,133,12.1383
christopher horvers,175,12.1361
ryan merkel,133,12.1348
roach goldman,130,12.1286
robert mehrabian,138,12.1247
craig ellis,170,12.1234
smart glasses,200,12.1222
megan alexander,149,12.1216
convertible notes,727,12.1213
smedes rose,152,12.1202
sankar cowen,113,12.1196
budget flush,117,12.1171
stand compile,285,12.1097
depreciation amortization,1571,12.1015
nda submission,110,12.1009
floor yours,134,12.0976
cross border,1087,12.0949
coe wolfe,130,12.0921
matt summerville,164,12.086
repair remodel,145,12.08
ted jackson,154,12.0741
winter storm,419,12.0729
breast cancer,604,12.0726
peter federico,273,12.0722
speakerphone pick,367,12.0698
cigna healthcare,150,12.0682
josh spector,174,12.067
intellectual property,590,12.0603
christopher calio,123,12.0593
stuart miller,142,12.0587
trump administration,266,12.058
secondary endpoints,182,12.058
joe fletcher,110,12.0561
keith harvey,110,12.0524
dan fannon,152,12.0524
jon andersen,117,12.0447
matt skaruppa,102,12.0442
old navy,167,12.0433
contingent commissions,124,12.0388
periodic reports,132,12.0377
equivalents marketable,532,12.0284
infectious disease,135,12.0283
joseph spak,151,12.0271
blue creek,157,12.0231
steven forbes,151,12.0218
asia pacific,1708,12.0183
charge offs,2455,12.0182
differ materially,4170,12.0182
multimillion dollar,143,12.0159
william blair,1818,12.0158
jamie friedman,109,12.011
stephen sheldon,124,12.009
iran conflict,181,12.0084
greetings welcome,266,12.0077
heavy lifting,165,12.0072
multibillion dollar,371,12.0042
tsai jefferies,118,12.0034
ups downs,215,12.0008
kevin mcveigh,142,12.0007
air cooled,101,12.0007
joe ritchie,187,11.9972
burrows goldman,117,11.993
street journal,151,11.9904
anytime soon,209,11.9897
wetteny joseph,140,11.981
rob berkley,105,11.9759
park avenue,151,11.9755
robert capps,131,11.97
newly diagnosed,122,11.9675
head neck,266,11.9629
vertically integrated,518,11.9622
joey agree,112,11.9571
historical norms,236,11.9504
south korea,413,11.9498
cell lung,774,11.9484
steve barger,130,11.941
steve scala,129,11.9397
law enforcement,181,11.9369
eric hagen,204,11.9356
matthew prince,117,11.9338
kevin conroy,114,11.9317
south carolina,278,11.9306
auto injector,142,11.9269
muted locally,122,11.9257
bauch wells,107,11.9185
dolby vision,108,11.9185
eric wold,112,11.9174
eric handler,164,11.9164
background noise,327,11.9127
steve sakwa,140,11.9087
lasser ubs,165,11.9086
furnished sec,154,11.9077
steinberg founder,139,11.905
search kgmid,6256,11.903
tone phone,229,11.9017
anmuth jpmorgan,104,11.9012
heather jones,114,11.9005
paul middleton,112,11.8967
kahyaoglu jefferies,140,11.8945
water wastewater,118,11.8919
quantum computer,111,11.8904
robert moskow,242,11.8898
technical difficulties,107,11.8825
ryan macdonald,146,11.8808
jeffrey sprague,159,11.8772
aug contents,265,11.876
joe dea,180,11.8711
shortly thereafter,105,11.867
hundreds millions,428,11.8636
pass throughs,260,11.861
matt koranda,176,11.8589
dave mosley,126,11.8574
silicon valley,163,11.8568
rob stevenson,110,11.846
stephen tusa,159,11.845
scott deuschle,320,11.8429
scott fidel,126,11.8429
apr est,1684,11.8417
sports betting,309,11.8373
duration minutes,2121,11.8339
steve enders,167,11.8253
monetary policy,158,11.825
jay sole,171,11.8238
james quincey,106,11.8217
jeff rulis,182,11.8205
scott schneeberger,190,11.8203
west coast,731,11.8198
sec gov,180,11.8168
barriers entry,144,11.8164
turrin wells,136,11.8117
greg palm,148,11.8095
square foot,1259,11.8081
rare diseases,189,11.8079
matthew desch,155,11.8077
blostein goldman,104,11.8067
jobtitle contributing,6256,11.8032
ahn founder,123,11.8015
ryan krueger,119,11.8015
james heaney,118,11.8006
pleasure introduce,197,11.7999
andrew strelzik,129,11.7991
andrew watterson,110,11.7991
matthew flannery,152,11.7968
scott bibaud,141,11.7926
james hardiman,295,11.7912
robert stallard,160,11.7912
andrew anagnost,136,11.7885
baker davidson,116,11.7883
hundreds thousands,348,11.7829
matt miksic,201,11.7829
andrew bauch,177,11.7829
machine learning,886,11.7821
steven wieczynski,127,11.7811
kamdem morgan,168,11.7791
james faucette,211,11.7689
james picariello,104,11.7678
andrew rees,126,11.7651
south dakota,125,11.764
lake street,430,11.7498
goldsmith ubs,148,11.7481
collection disposal,130,11.7457
renewable fuels,120,11.7452
mar contents,174,11.7434
vast majority,1951,11.7424
andrew marok,123,11.7416
kalia barclays,117,11.7411
tim switzer,112,11.739
diabetes obesity,119,11.7377
ninth consecutive,151,11.7373
matthew boss,346,11.7349
renewable diesel,247,11.7344
united states,4864,11.734
scott boatwright,139,11.733
permian basin,376,11.729
montour barclays,117,11.7287
andrew lazar,175,11.7267
relied upon,124,11.7258
winter storms,213,11.7235
jason weaver,136,11.7229
faucette morgan,114,11.7226
paul fremont,116,11.7199
tumor treating,120,11.7191
matt olney,169,11.7187
tom wadewitz,123,11.718
ken herbert,142,11.7138
heavy duty,370,11.7116
chris huskilson,117,11.7063
chris koegel,105,11.7063
andrew percoco,119,11.7052
scott stember,128,11.7033
remove yourself,331,11.7032
noninterest bearing,652,11.7009
disease modifying,110,11.7001
pressing star,539,11.6949
asia pac,209,11.6927
andrew buscaglia,165,11.6897
henry hub,139,11.6889
andrew mok,260,11.687
beach club,120,11.6854
eighth consecutive,207,11.6852
calculated accordance,100,11.6828
without compromising,247,11.6799
scott siefers,100,11.6794
trailing twelve,1144,11.6757
elizabeth anderson,159,11.6723
arcuri ubs,134,11.672
alzheimer disease,311,11.6651
dan levy,166,11.6644
hughes truist,144,11.6601
spector ubs,153,11.6569
sale leaseback,387,11.6567
raymond james,2025,11.6506
andrew kligerman,257,11.6499
skill sets,133,11.6486
acquired ipr,146,11.6476
contactpoint contacttype,6256,11.6444
worth noting,700,11.6425
dry eye,373,11.6423
andrew obin,234,11.6416
auto format,2016,11.6405
melius research,492,11.6391
jay olson,109,11.6381
fit crop,699,11.6336
scott mikus,125,11.6288
sale leasebacks,100,11.6242
northcoast research,174,11.6238
grocery anchored,121,11.6223
gutman morgan,222,11.6208
wall street,274,11.6197
except required,916,11.6147
satisfaction scores,184,11.6144
oct contents,200,11.6123
barrington research,179,11.6105
jim ricchiuti,149,11.6098
puts takes,2332,11.6023
middle east,5148,11.5975
craig irwin,164,11.5956
ken wong,157,11.5956
scott hanold,135,11.5888
thomas malley,113,11.5873
domestically internationally,141,11.5766
medium sized,423,11.5764
corporation nyse,3250,11.5705
healthy volunteers,118,11.5699
jul est,373,11.5666
cyber monday,139,11.566
colonial life,117,11.5659
richard shannon,217,11.5617
andrew terrell,223,11.5611
tom malley,133,11.5611
contacttype media,6256,11.5582
scott searle,154,11.5551
switch gears,108,11.553
mike scarpelli,108,11.5524
apologize missed,136,11.5518
department war,221,11.5505
mar est,634,11.5479
harter ubs,101,11.5464
stephen baxter,159,11.5452
aeva technologies,127,11.5422
chris caso,193,11.5372
without sacrificing,135,11.5276
scott wurtzel,102,11.5266
jun est,106,11.5234
mineral fiber,165,11.5221
cautionary statement,127,11.5201
york city,789,11.5194
life sciences,1108,11.5151
nephron research,156,11.5143
wolfe research,2289,11.5105
dram nand,115,11.5086
valuation allowance,381,11.5062
seventh consecutive,275,11.5027
compares favorably,135,11.5025
rangan goldman,110,11.4987
quantum computing,300,11.4904
nathan jones,196,11.4855
flynn morgan,116,11.4825
intangible amortization,222,11.482
brian witherow,130,11.4782
brian chesky,104,11.4782
brian wenzel,256,11.4782
kenny green,126,11.4771
themotleyfoolofficial youtube,6256,11.477
yuan founder,141,11.4742
stand alone,1300,11.4738
scott gruber,215,11.4721
eric yuan,206,11.4706
med tech,163,11.4699
chris woronka,111,11.4673
west virginia,294,11.4605
accounts receivable,702,11.4569
constant currency,6039,11.4539
edt participants,127,11.4538
narrow body,116,11.4503
moment poll,380,11.4476
cutting edge,484,11.4448
media inquiries,6257,11.443
conducting session,675,11.4414
brian dykes,151,11.4405
milligram dose,100,11.4388
porter morgan,118,11.4388
southern california,404,11.4377
connected fitness,197,11.4372
cjs securities,206,11.4353
cyber incident,105,11.4312
brian bittner,120,11.4309
undrawn revolving,119,11.4305
food beverage,946,11.4283
eric mendelson,205,11.4281
eric sheridan,354,11.4279
noncash goodwill,100,11.4273
fort worth,140,11.4242
matt hedberg,233,11.4227
carey smith,105,11.4219
chatterjee jpmorgan,109,11.4208
primary magenta,6256,11.4162
substitute superior,110,11.415
brian mckenna,111,11.4146
modeling purposes,284,11.4125
tmf primary,6256,11.4107
jamie baker,129,11.4093
equivalents restricted,355,11.4083
paul cheng,261,11.4033
nov contents,236,11.4027
required law,978,11.3984
bright spot,331,11.3964
marketable securities,1117,11.3951
nearing completion,160,11.3949
theft auto,108,11.3946
six flags,258,11.3944
corporation nasdaq,2988,11.3904
andrew weisel,112,11.3873
contact lens,153,11.3866
gene therapy,469,11.3859
byrna technologies,168,11.3834
unsecured notes,304,11.3814
peter grom,209,11.381
sec filings,1758,11.3805
conflict iran,117,11.3789
telephone wait,477,11.3772
brian nagel,231,11.3757
brian niccol,122,11.3755
hulu live,100,11.3754
brian drab,201,11.3744
jeff adelson,111,11.3725
street advisors,181,11.3717
root cause,178,11.3676
chris cull,154,11.3657
risks uncertainties,4662,11.3611
realty trust,230,11.3527
brian goff,132,11.3527
mike sievert,151,11.3496
contingent consideration,177,11.3494
christopher holmes,117,11.3488
jim schneider,203,11.346
inflationary pressures,577,11.3416
logo tmf,6256,11.3384
melissa smith,158,11.3341
rob owens,105,11.3335
actionable insights,173,11.3317
brian moynihan,130,11.3306
attract retain,138,11.3297
feb contents,429,11.3282
brian ossenbeck,162,11.3262
joe spak,104,11.3246
sheridan goldman,179,11.3202
steve fleishman,141,11.3193
historical facts,255,11.3193
brief overview,191,11.3168
legacy cedar,138,11.311
paul hudson,170,11.3094
sixth consecutive,336,11.308
aug est,744,11.3044
jason ader,128,11.3012
foreign exchange,2548,11.2959
main cabin,101,11.2952
acute pain,151,11.2938
unmute yourself,135,11.2923
directors declared,132,11.2887
alex perry,131,11.2877
branded checkout,195,11.2855
dollar tree,347,11.2833
brian bedell,159,11.2833
written premiums,299,11.2778
jean marc,110,11.2768
andrew mclean,145,11.2716
chris schott,209,11.269
logo template,2120,11.2687
biegelsen wells,104,11.2686
board directors,1313,11.2681
brian tanquilut,153,11.268
twelve eighteen,254,11.2667
star keys,303,11.2664
brian nowak,137,11.2633
compare contrast,131,11.2619
bandwidth memory,206,11.2595
brian vaccaro,102,11.2558
deutsche bank,2131,11.2543
crop auto,699,11.2512
kevin mccarthy,181,11.2508
robert dodd,124,11.2458
paul jacobson,156,11.2445
greenhouse gas,137,11.2416
rick shane,163,11.2401
rakers wells,102,11.2353
stephen moss,110,11.2283
contribution tac,461,11.2235
mike cikos,186,11.2232
microsoft copilot,129,11.2223
riot platforms,106,11.2222
southeast asia,596,11.2148
state art,455,11.2068
brian essex,220,11.2043
sprague vertical,100,11.204
jonathan root,117,11.2034
virtuous cycle,168,11.2006
jeff graves,104,11.1994
feb est,1636,11.1985
ocean freight,190,11.1927
mark jarvi,107,11.1899
mark altschwager,135,11.1899
jeff zekauskas,117,11.1888
mike grondahl,128,11.1865
obligation revise,162,11.1842
cedar fair,139,11.1839
worth mentioning,140,11.1826
nov est,845,11.182
mark lashier,117,11.1776
moderate severe,225,11.177
steve tusa,170,11.1755
william stein,151,11.1745
internally externally,128,11.1734
sets apart,169,11.1704
mark zagorski,165,11.1639
joe giordano,138,11.1632
steven fisher,123,11.1575
adam jonas,101,11.1516
ryan zimmerman,151,11.149
martin yang,121,11.1466
major depressive,102,11.1442
trade desk,316,11.1377
rating agencies,263,11.132
mark begor,168,11.131
farley ubs,129,11.1284
glide path,127,11.1271
shifting gears,215,11.1249
applicable law,141,11.1191
themotleyfoolofficial google,6256,11.117
connected trip,129,11.1161
raw materials,744,11.1153
wedbush securities,250,11.1126
fit max,1318,11.1113
pharma biotech,144,11.1102
phase iib,156,11.1096
brian tierney,103,11.1094
cause actual,2394,11.1037
negatively impacted,1239,11.1019
rare disease,636,11.0996
ounces silver,103,11.0946
tristan thomas,121,11.0937
ryan nash,184,11.0929
biologics license,123,11.0915
chris mcgratty,173,11.091
hovde group,126,11.0886
accepted accounting,258,11.0857
south africa,263,11.0834
mark fitzgibbon,148,11.0774
government shutdown,1085,11.0773
andrew boone,256,11.0746
legal settlements,111,11.0745
steven ramsey,109,11.0707
halo effect,141,11.0698
brian abrahams,119,11.0692
delayed draw,182,11.068
obligations rpo,120,11.0674
behind meter,388,11.0647
mark kowlzan,108,11.0621
boss jpmorgan,145,11.0612
using speakerphone,602,11.0595
svg width,6256,11.0575
friday cyber,108,11.0522
harbor statement,283,11.0494
breadth depth,326,11.0488
ashx height,6256,11.048
beautiful bill,506,11.0439
brendan lynch,176,11.0423
brian cornell,107,11.0398
keypad withdraw,111,11.0397
general counsel,330,11.036
truist securities,1323,11.0355
tonet jpmorgan,109,11.0277
catastrophe losses,243,11.0257
webcast replay,213,11.0253
multiple myeloma,354,11.0251
emea apac,269,11.0244
debit card,209,11.0198
todd brooks,133,11.0194
internal combustion,104,11.0152
withdraw press,1051,11.0137
live oak,146,11.0111
themotleyfool instagram,6256,11.0096
justin lake,200,11.0084
channel pinterest,6256,11.008
bonus depreciation,193,11.008
foreign language,1052,11.005
frank sullivan,103,11.0016
home depot,204,10.9995
montgomery scott,103,10.998
mark mahaney,203,10.9972
mehta goldman,154,10.9966
mike dahl,122,10.9939
contents prepared,2120,10.9893
accounting principles,285,10.9882
lose sight,110,10.9875
brian chin,177,10.9858
seaport research,386,10.9807
predictive analytics,132,10.9775
rice ubs,138,10.976
securities laws,591,10.9704
paul johnston,107,10.9692
matt swanson,164,10.9638
christopher snyder,112,10.9621
joel agree,154,10.962
steve wieczynski,142,10.9604
pre pandemic,906,10.9589
themotleyfool tiktok,6256,10.9554
brian harbour,172,10.9503
oct est,525,10.9437
exchange commission,1022,10.9418
historical averages,265,10.9392
richard wallace,121,10.938
jeffrey bernstein,243,10.9353
spare parts,240,10.9335
bitcoin mining,414,10.9289
patrick cunningham,155,10.9272
clear aligner,218,10.9268
without limitation,181,10.923
schneider goldman,105,10.922
remove queue,308,10.9213
mark weintraub,102,10.9198
broker dealer,157,10.9128
steve moss,150,10.9098
baxter wells,120,10.906
gathering processing,189,10.9028
bumble app,104,10.895
ordering patterns,178,10.8928
filed sec,891,10.8913
chris wetherbee,105,10.8891
elevance health,114,10.8877
manufactured housing,148,10.8868
wish him,137,10.8855
unwavering commitment,306,10.8829
synergy realization,195,10.8827
raw material,1264,10.8813
johnson johnson,109,10.8801
america merrill,1524,10.8776
calculated billings,114,10.8745
missile defense,370,10.8742
steve spray,111,10.8727
sour gas,134,10.8716
michael kupinski,102,10.8513
jan est,615,10.8483
michael lasser,393,10.8476
peer peer,152,10.8455
jason haas,112,10.8455
matthew hedberg,116,10.8451
definitive agreement,287,10.8437
billions dollars,337,10.8411
household penetration,303,10.8382
mark marcon,152,10.8379
michael weening,100,10.837
john todaro,100,10.8363
john vandemore,114,10.8363
john christmann,153,10.8363
john lovallo,192,10.8363
john pancari,231,10.8363
john kilichowski,142,10.8363
huang jpmorgan,200,10.8356
nextera energy,308,10.8302
latin america,2294,10.828
ended sept,206,10.8264
maxim group,171,10.8256
john tumazos,120,10.8244
gas fired,197,10.8235
john desimone,110,10.8233
david amsellem,165,10.8221
david karnovsky,143,10.8221
david goeckeler,154,10.8221
david tarantino,211,10.8221
decisive action,105,10.822
jmp securities,336,10.8192
tyler brown,131,10.8191
brokered deposits,240,10.8171
germany france,116,10.817
bearing fruit,103,10.8169
michael turrin,239,10.8155
michael petras,193,10.8144
holdings plc,115,10.8134
john morici,120,10.8125
christopher nolan,133,10.8099
northern california,200,10.8095
pack architecture,125,10.8087
touch tone,277,10.8044
premiums written,215,10.8019
presented accordance,150,10.8007
john pitzer,146,10.7974
david barden,151,10.7937
phase iii,2509,10.7885
correct wrong,258,10.7863
michael kors,129,10.7857
roger read,170,10.7827
write offs,306,10.7824
mechanism action,317,10.7819
john difucci,153,10.7809
laura martin,216,10.7804
solve problems,125,10.7796
introduce host,150,10.7779
currency translation,468,10.7739
scott berg,223,10.7734
packaged goods,105,10.7728
michael goldsmith,374,10.7725
david deckelbaum,112,10.7715
david bellinger,106,10.7687
shanker morgan,108,10.766
michael lavery,262,10.7658
greg lewis,147,10.7645
david risher,164,10.7618
rosenblatt securities,155,10.7609
general administrative,1893,10.7601
david motemaden,198,10.758
john baumgartner,140,10.7562
jeff sprague,138,10.7559
david begleiter,190,10.7554
mental health,173,10.7525
joel anderson,121,10.7515
michael cyprys,194,10.7508
john heinbockel,222,10.7481
instructions advised,208,10.7465
michael castagna,105,10.7454
radnet inc,131,10.7412
john kernan,117,10.7409
conduct session,348,10.7394
john hecht,197,10.7373
john hodulik,112,10.7368
guest satisfaction,186,10.7357
excess surplus,127,10.7323
max auto,1317,10.7278
megawatt hour,103,10.7273
drilling completions,114,10.7251
box office,815,10.7249
dollar denominated,136,10.7211
filings sec,1110,10.7171
carbon intensity,127,10.7155
john ivankoe,171,10.715
bill wheat,101,10.7128
impairment charges,364,10.712
rest assured,152,10.7063
expro group,118,10.7054
ross sandler,152,10.7033
fifth consecutive,434,10.7013
letter intent,198,10.6995
john ketchum,187,10.6898
natural gas,3767,10.6889
closed toe,102,10.6877
custom silicon,194,10.6868
katz jefferies,148,10.6835
spread widening,109,10.6807
place undue,359,10.6799
mark delaney,264,10.6797
steel aluminum,187,10.6794
jonathan gray,105,10.6767
james ricchiuti,134,10.6764
fuel surcharge,203,10.6758
deposit betas,111,10.6748
real estate,7568,10.6658
david reeder,137,10.6628
lease expirations,161,10.6527
loud clear,128,10.6508
european union,169,10.6503
casm fuel,101,10.6375
leerink partners,524,10.6358
kidney disease,128,10.6349
feasibility study,188,10.6324
john pawlowski,116,10.6282
david feaster,179,10.6265
downside protection,126,10.6245
domain expertise,215,10.6227
hasn changed,502,10.6226
covid vaccine,276,10.6183
david raso,125,10.618
michael binetti,125,10.6174
reports filed,306,10.6173
computer vision,111,10.6168
taxes depreciation,573,10.6156
investor relations,15673,10.614
press star,2691,10.6089
david dunbar,131,10.6076
katz cowen,103,10.6046
olo pay,146,10.6016
brian mcnamara,101,10.5972
john barnidge,110,10.5953
obligation publicly,214,10.5946
gene therapies,109,10.5919
mutual funds,107,10.5913
david zinsner,114,10.5889
mark devries,135,10.5872
michael polark,117,10.5821
steven roth,204,10.5752
shareholder letter,622,10.575
michael cherny,149,10.5706
wednesday nov,107,10.5696
pet owners,144,10.5692
martin los,109,10.5653
cell gene,202,10.5624
thus far,1381,10.5616
repurchase authorization,1299,10.559
crude oil,531,10.5589
mike mayo,208,10.5582
holiday season,1058,10.5539
shop visits,220,10.5514
john decree,155,10.5502
jim fish,126,10.5483
ionq inc,134,10.5444
michael nierenberg,194,10.5443
david steinberg,217,10.5393
andrew andersen,149,10.5385
offshore wind,141,10.5366
robert blum,135,10.5356
safety tolerability,295,10.5343
james fish,214,10.5322
bhatia william,139,10.5294
owned operated,297,10.5257
assumes obligation,311,10.5239
green street,394,10.5232
noncash impairment,159,10.5213
mark bristow,157,10.5187
generally accepted,284,10.5178
exact sciences,109,10.5143
uncertainties cause,1083,10.5128
michael rehaut,192,10.5115
william burns,195,10.5101
world cup,729,10.5096
green hydrogen,131,10.509
watch list,299,10.5071
north carolina,525,10.4989
best breed,147,10.4944
treatment paradigm,156,10.4925
aerospace defense,1143,10.4922
servicing rights,182,10.4909
medical affairs,128,10.4883
repairs maintenance,117,10.4874
jpg height,4240,10.4868
payroll taxes,231,10.4841
update revise,570,10.4833
date thursday,2096,10.4829
jpg fit,1317,10.4815
mark sheahan,110,10.4794
richard francis,148,10.4786
commonly used,371,10.4761
award winning,225,10.4729
unmute device,117,10.4719
booking window,143,10.4692
gupta ubs,148,10.4654
incentive compensation,1035,10.4635
minutes participants,2121,10.4631
height width,12512,10.4611
uniquely positioned,889,10.4572
jason liberty,126,10.4524
west africa,177,10.4506
date wednesday,1530,10.448
gaining traction,435,10.448
riley securities,482,10.4467
obligation update,1867,10.4465
difficult predict,454,10.4392
michael funk,163,10.4385
andrew kaplowitz,159,10.436
apr contents,151,10.4233
secular tailwinds,155,10.4213
self creators,133,10.4188
david arcaro,204,10.4177
partially offset,9611,10.4157
david manthey,155,10.4117
audio gap,159,10.4095
johnson controls,102,10.4085
john franzreb,136,10.4081
michael ryskin,203,10.4081
tougher comps,134,10.4056
nonresidential construction,101,10.4055
impairment charge,543,10.4003
david saxon,114,10.3976
john mackay,136,10.3924
press release,7547,10.3924
bearing deposits,692,10.3901
adversely impacted,128,10.39
date tuesday,1297,10.3896
dry bulk,113,10.3868
mover advantage,142,10.3842
double blind,169,10.3834
repurchasing shares,308,10.3807
jon tower,144,10.3698
residual disease,119,10.3666
john mcnulty,153,10.3658
healthcare professionals,256,10.3601
natural colors,101,10.3593
buyers sellers,221,10.3576
self checkout,158,10.3555
ounces gold,141,10.3545
bigger picture,818,10.3513
michael wirth,118,10.3502
erp implementation,164,10.3494
credit karma,144,10.3472
gentlemen concludes,967,10.3458
format height,2016,10.3414
plus minus,1296,10.3384
earned premiums,151,10.3331
chris snyder,159,10.3292
goods sold,873,10.3275
attritional loss,112,10.3244
david roman,194,10.324
brian meredith,163,10.3191
ninety days,284,10.314
steven fox,167,10.3111
east conflict,537,10.3067
consensus estimates,116,10.3037
jan contents,101,10.303
opinion leaders,114,10.3014
merit increases,212,10.2988
david macgregor,195,10.295
put finer,253,10.2837
chinese oems,203,10.281
involve risks,518,10.2713
press telephone,973,10.2665
private label,1544,10.2582
est date,6919,10.256
june jul,152,10.2541
join queue,235,10.2538
laying foundation,143,10.25
involve known,128,10.2498
tumor types,234,10.2487
mizuho securities,568,10.2486
brian doubles,153,10.2477
mutual fund,114,10.2438
devin ryan,156,10.2394
closed loop,282,10.239
jacob martin,123,10.2381
body weight,109,10.2377
chris horvers,103,10.2329
otherwise specified,122,10.2319
after deducting,121,10.2288
yourself queue,301,10.2276
michael carroll,183,10.2275
lift handset,126,10.2273
hundred thousand,121,10.2258
warm welcome,122,10.2255
fuel surcharges,172,10.223
north america,9763,10.2159
misc assets,6256,10.2107
training inference,170,10.2084
hazard ratio,111,10.2047
tuesday feb,140,10.2008
prepared remarks,15233,10.1996
shop visit,168,10.1982
star telephone,338,10.1963
tony spring,155,10.1952
nowhere near,102,10.193
star followed,459,10.1909
north dakota,214,10.1907
tangible common,825,10.1875
moment compile,183,10.1875
cross functional,257,10.187
liberation day,250,10.1864
sports rights,217,10.1863
antibody drug,121,10.1859
artificial lift,148,10.1849
crop protection,133,10.1813
supply chain,11325,10.1783
jeffrey allen,145,10.1735
thursday feb,208,10.1728
clearway energy,120,10.1725
large ashx,6256,10.1688
mike mueller,117,10.1684
michael yee,107,10.1665
negatively affected,151,10.1647
pure play,481,10.1643
pickering energy,111,10.1642
sign ups,176,10.1638
flight deck,106,10.1625
prescription drug,170,10.1619
speakers presentation,205,10.1613
special mention,280,10.1569
george hill,142,10.1561
affordable housing,187,10.1559
watching closely,299,10.1531
david windley,122,10.153
beliefs assumptions,108,10.1529
covered lives,179,10.1509
finished goods,314,10.1497
michael zaremski,208,10.1466
order intake,355,10.144
north american,2658,10.1431
decision makers,134,10.1403
jon taylor,134,10.14
signs stabilization,203,10.1391
atlassian corporation,105,10.1377
pull ins,145,10.1376
severe winter,102,10.1351
avatar large,6256,10.1328
anybody else,267,10.1315
safe reliable,247,10.1277
mainland china,134,10.1268
tom palmer,149,10.1256
reliable affordable,105,10.1178
japan korea,117,10.1135
dec est,154,10.1084
pressure pumping,107,10.1038
length stay,202,10.1036
keep mind,2223,10.1005
michael santomassimo,104,10.1005
workers compensation,240,10.1003
black box,138,10.0957
critical minerals,103,10.0938
happen overnight,147,10.0936
robert baird,487,10.0927
corporate secretary,105,10.0922
revolving credit,1635,10.0855
rig count,396,10.0848
premiums earned,127,10.0834
double click,706,10.0829
payback periods,102,10.0808
bond issuance,106,10.0771
makes sense,3650,10.0767
report form,1543,10.0742
ryskin bank,119,10.0734
balance sheet,22202,10.0718
cautious optimism,110,10.0648
smooth transition,210,10.0642
fda clearance,223,10.0628
best wishes,147,10.0561
ieepa tariffs,106,10.0561
user interface,154,10.0521
swing factor,105,10.0513
earning aum,130,10.0511
adverse events,359,10.0486
life science,643,10.0445
cold weather,216,10.0439
kicked off,372,10.0413
michael barrett,171,10.0403
ready drink,106,10.0335
mission critical,1155,10.0334
anyone else,278,10.0316
checking accounts,159,10.0281
stop shop,208,10.0272
john payne,134,10.0259
payout ratio,671,10.0248
since inception,382,10.0198
light duty,207,10.0198
asset classes,803,10.0144
locally remember,117,10.0144
securities litigation,897,10.0137
known unknown,292,10.0109
double digit,10261,10.0093
michael linenberg,102,10.008
unrealized losses,198,10.0071
sam club,115,10.0067
volkswagen group,115,10.004
excise tax,114,10.0037
ish percent,161,9.9985
difficult replicate,105,9.9959
matthew clark,227,9.9958
edward kelly,127,9.9929
michael shlisky,103,9.9909
mark hughes,409,9.9908
barrels oil,460,9.9901
pega cloud,111,9.9877
severe weather,232,9.9804
tier cities,206,9.9794
metric measuring,106,9.9772
withdraw simply,138,9.9762
medical cannabis,342,9.9757
accounts payable,254,9.9745
lake city,112,9.9716
health wellness,526,9.97
east coast,389,9.969
john gibson,114,9.9688
tax exempt,127,9.9686
david westenberg,115,9.9672
gulf mexico,214,9.9666
david vernon,105,9.9665
mitchell barclays,136,9.9655
terry barclays,102,9.9623
sell throughs,131,9.9615
murphy jpmorgan,124,9.961
deep dive,208,9.9607
steve powers,128,9.9557
wage inflation,273,9.9536
deeper dive,148,9.9513
michael rollins,157,9.9512
events presentations,142,9.9509
information concerning,199,9.9508
megawatt hours,128,9.9503
system integrators,106,9.9475
fargo securities,1141,9.9449
after speakers,455,9.9448
anthony wood,133,9.9419
medicare advantage,992,9.9412
liver disease,111,9.9386
somebody else,264,9.937
foreseeable future,819,9.9364
john freeman,105,9.9359
wednesday feb,132,9.9359
zero trust,478,9.9344
tech stack,469,9.9331
top quartile,306,9.9302
solve problem,123,9.9301
oil equivalent,388,9.9299
kenneth lee,108,9.9284
pdufa date,348,9.9273
featured transcript,2120,9.9268
single digits,8116,9.9248
downward pressure,294,9.9246
updated jul,112,9.9246
room night,172,9.9236
fixed wireless,407,9.923
primary endpoint,641,9.9225
bay area,232,9.9214
depth breadth,149,9.9193
nonperforming loans,471,9.914
remember unmute,118,9.9078
solid tumors,243,9.9075
industry glossary,6949,9.9049
cultural fit,108,9.9012
clinically meaningful,314,9.9006
customary closing,121,9.8999
supply chains,865,9.8994
remarks greetings,195,9.8987
swap spreads,106,9.8878
decisive actions,182,9.8872
matthew brien,111,9.8849
lease termination,166,9.882
dive deeper,141,9.8814
northland securities,123,9.8803
common stockholders,162,9.8797
dave storms,124,9.8797
stephen kim,219,9.8769
early innings,760,9.8767
patient populations,252,9.8761
convertible preferred,110,9.8739
cardiovascular disease,105,9.8736
cross sell,1728,9.8722
restructuring charges,554,9.8698
occupied room,112,9.8691
david finkelstein,157,9.8688
oct participants,392,9.8677
june aug,278,9.8668
tender offer,103,9.8667
reddit inc,179,9.8637
michael hsu,131,9.8624
unmet medical,291,9.8586
handset asking,128,9.8571
chen barclays,110,9.8566
scott richardson,112,9.8526
ended dec,187,9.8505
ensure smooth,109,9.8504
behavioral health,205,9.8501
east africa,224,9.8495
tangible book,1145,9.8482
credit unions,117,9.8465
legal settlement,203,9.8446
previously communicated,514,9.8433
chris carey,133,9.8427
arya bank,148,9.842
installed base,1746,9.8359
michael franco,131,9.8349
standing welcome,495,9.8317
anderson evercore,107,9.8308
breakthrough therapy,110,9.8272
necessary pick,336,9.8262
tom fitzgerald,169,9.8257
master lease,117,9.8257
drive thru,140,9.8247
pre covid,642,9.823
mid con,139,9.8221
gas turbines,162,9.8196
mike zaremski,100,9.8175
core competencies,154,9.8166
building blocks,666,9.8144
smoke free,232,9.814
build suit,268,9.8135
readily available,122,9.8122
generally speaking,913,9.8103
wound care,158,9.8081
winter weather,360,9.8052
raise bar,149,9.8047
mid teens,2486,9.8043
cleveland research,108,9.804
mid continent,133,9.8032
need quote,6901,9.8019
present themselves,206,9.8015
social media,993,9.8009
metric tons,335,9.7985
eighteen months,658,9.7977
form filed,541,9.7934
gold silver,127,9.7922
big beautiful,517,9.7919
memorial day,109,9.7881
millions dollars,444,9.7779
security posture,130,9.774
statements involve,612,9.7737
phenomenal job,176,9.7736
bernstein barclays,102,9.7669
longer laterals,141,9.7631
tuck acquisitions,276,9.763
carbon capture,240,9.7618
foreign currency,1480,9.7598
worst case,123,9.7595
patrick williams,104,9.7587
interested parties,102,9.7575
buyback authorization,333,9.7518
nobody else,104,9.75
gas turbine,189,9.749
sample size,185,9.7482
david scharf,112,9.7468
subordinated debt,153,9.7467
mike bishop,106,9.7445
moore jefferies,113,9.7416
cautionary statements,221,9.7409
draw attention,103,9.7387
debt paydown,306,9.7382
mark murphy,398,9.7377
electronic monitoring,101,9.737
electric vehicles,285,9.7367
checking account,110,9.7312
pre provision,461,9.7273
wind solar,109,9.7269
flu season,145,9.7257
bath beyond,121,9.7253
differentiate ourselves,126,9.7252
sooner rather,117,9.725
sorry missed,257,9.7237
rob oliver,107,9.7226
reports form,347,9.7147
litigation settlement,134,9.7144
drug discovery,206,9.7136
cyber resilience,114,9.7136
cancer screening,104,9.7126
conflict middle,526,9.712
written premium,554,9.7119
small midsized,105,9.708
jet fuel,139,9.7059
prepared accordance,433,9.7043
joe moore,164,9.7025
ample liquidity,314,9.7019
someone else,246,9.6996
discrete items,382,9.6976
holdings inc,1856,9.6965
events circumstances,188,9.6954
test measurement,234,9.6941
workers comp,159,9.6893
material handling,278,9.6851
transcript apr,1410,9.6844
guggenheim partners,416,9.6829
fed funds,298,9.6816
regulatory authorities,115,9.681
feb participants,899,9.6801
spring summer,230,9.6756
steve lawrence,149,9.6748
fed cuts,174,9.6688
energy drink,187,9.6664
jeff van,265,9.6656
early adopters,211,9.6647
heavily weighted,306,9.6637
risk mds,163,9.6616
andrew schmidt,114,9.6604
scott davis,248,9.6575
everybody knows,173,9.6559
actively engaged,319,9.6521
david strauss,182,9.6469
add ons,226,9.6458
noncontrolling interest,171,9.6432
statistically significant,364,9.6427
regulated industries,100,9.6384
grade rating,164,9.6374
white space,761,9.6346
unit economics,1198,9.6345
clinical trials,1090,9.6297
fastest growing,1292,9.6293
common stock,1988,9.6269
before handing,153,9.6217
direct mail,145,9.6208
subject risks,1272,9.6194
before pressing,865,9.618
jason peterson,147,9.6167
pet food,234,9.6125
scott graham,144,9.6119
label extension,179,9.609
balance sheets,291,9.6086
emergency response,107,9.6041
operational excellence,2055,9.6038
home screen,253,9.6038
production jpg,4136,9.6008
patient population,1155,9.592
regulatory approvals,528,9.5912
short lived,107,9.5847
trailing month,1046,9.5837
guggenheim securities,239,9.5821
major league,125,9.5804
holdings ltd,106,9.58
frontier models,143,9.5771
disconnect lines,1606,9.5756
mark mason,190,9.5748
late stage,1183,9.5747
overwhelmingly positive,141,9.5722
compound annual,447,9.571
reciprocal tariffs,122,9.5704
whole bunch,314,9.57
criticized loans,239,9.5685
economies scale,313,9.5669
medicare medicaid,174,9.5651
vendor consolidation,103,9.5589
work stoppage,101,9.5579
tolerability profile,181,9.5571
ending december,1524,9.5549
interim analysis,348,9.5504
abl facility,137,9.5487
regulatory submissions,147,9.5448
mobile modular,113,9.5418
highly fragmented,112,9.54
gas liquids,106,9.5398
susquehanna international,141,9.5377
mongodb inc,158,9.5368
recorded replay,177,9.5336
unmanned systems,100,9.5326
almost entirely,318,9.5317
images production,4136,9.5257
required applicable,110,9.5247
updated feb,480,9.523
null type,4137,9.5221
hard predict,488,9.52
september oct,193,9.5195
save money,181,9.5177
michael mckenney,119,9.5173
extreme weather,100,9.5167
nyse publisher,431,9.5161
battery storage,300,9.5121
almost exclusively,100,9.5118
maturities until,255,9.5115
cologuard plus,124,9.5096
weighted average,3430,9.5077
prevailing prices,101,9.5031
appendix presentation,136,9.5007
keeping eye,135,9.4997
competitive moat,282,9.4986
air force,336,9.4979
two thirds,1418,9.4946
north sea,287,9.492
tax refunds,331,9.4896
marshall morgan,102,9.4896
blue chip,101,9.4882
hello everyone,1023,9.4844
holding corp,125,9.4801
nicholas joseph,121,9.4779
david larsen,152,9.4776
macroeconomic geopolitical,186,9.4745
relations section,1414,9.4745
sofr plus,199,9.4744
face face,137,9.4738
pivotal trials,148,9.4719
shareholder returns,2041,9.4702
group disability,135,9.4688
width height,6256,9.4611
supplemental slides,106,9.4576
white house,128,9.4571
advanced packaging,811,9.4558
nov participants,402,9.4556
book bill,2436,9.4537
accordance generally,171,9.4512
upsell cross,121,9.4507
plenty room,142,9.4499
seasonal pattern,166,9.4498
prepared foods,300,9.447
handset before,847,9.4469
rationale behind,104,9.4461
single digit,11104,9.4449
publisher type,6256,9.4438
else equal,188,9.4434
dso days,138,9.4398
core competency,133,9.4396
jim mitchell,151,9.4318
ebb flow,190,9.4312
doesn sound,160,9.4311
bear mind,124,9.4299
twelve months,2377,9.4294
best luck,779,9.4292
mortgage warehouse,225,9.4281
thomas keybanc,124,9.428
newly acquired,240,9.4269
raising bar,111,9.4255
martin needham,105,9.4253
announced withdraw,431,9.4216
directly comparable,1212,9.4204
mark kaye,117,9.4164
nothing unusual,139,9.4143
michael blum,153,9.4117
latin american,246,9.4111
doesn seem,297,9.411
david bishop,142,9.4096
discontinued operations,422,9.4068
innovative medicine,114,9.4052
broadly speaking,471,9.4049
actively pursuing,190,9.401
typical seasonal,395,9.4006
nonaccrual loans,230,9.4
weight loss,771,9.3984
cell therapy,423,9.3981
critically important,231,9.3971
intensely focused,119,9.3962
live streaming,340,9.3959
proud accomplished,138,9.3947
typical seasonality,442,9.3919
brand contactpoint,6256,9.3898
september nov,240,9.3856
mid teen,147,9.3855
bipartisan support,114,9.3822
series preferred,142,9.3822
needless say,110,9.3776
public sector,872,9.3775
grand design,144,9.3743
bolt acquisitions,208,9.3743
repurchased shares,993,9.3738
mortgage backed,207,9.372
suffice say,196,9.3714
december mar,173,9.3668
stress test,137,9.3605
hedge funds,169,9.3597
partly offset,578,9.3584
corporate controller,108,9.3582
valentine day,136,9.3574
compounded annual,157,9.3557
low hanging,208,9.3547
senior unsecured,193,9.3547
matt connor,126,9.3542
long winded,140,9.3506
professional fees,451,9.3504
laser focused,956,9.3501
live broadcast,109,9.3483
measures reconciliations,390,9.3468
tuesday july,164,9.3447
kick off,538,9.3435
mike harrison,141,9.3433
macquarie group,102,9.3432
deep domain,108,9.341
period ending,4471,9.3407
battery electric,152,9.3392
replay available,545,9.3389
david katz,332,9.3361
paying attention,226,9.3349
front loaded,220,9.3338
updated oct,161,9.3321
purpose built,559,9.3311
restaurant openings,154,9.3252
formal presentation,220,9.3232
organizational structure,275,9.3192
wide variety,230,9.3175
senior living,249,9.3163
positively impacted,293,9.3152
third party,5507,9.314
drink category,112,9.3138
nonrecurring items,370,9.3109
senior notes,553,9.3107
fair enough,746,9.3098
ending september,1022,9.3053
joseph moore,111,9.3039
cross selling,1207,9.3036
immediately accretive,172,9.3035
incredibly proud,457,9.3032
ordinary shares,123,9.3022
otherwise noted,678,9.2995
under hood,104,9.2964
americas emea,181,9.2947
deeply embedded,140,9.2941
ending june,1040,9.2936
encouraging signs,229,9.2933
fortress balance,136,9.2923
finer point,337,9.2921
shares repurchased,937,9.29
property noi,431,9.2888
specialty pharmacy,228,9.2876
directors approved,148,9.283
effective tax,3663,9.2808
nameplate capacity,135,9.2804
limit themselves,126,9.2776
department defense,254,9.2774
white label,124,9.2768
twelve month,1162,9.2764
otherwise except,123,9.2758
underwriting standards,193,9.2747
bridge gap,136,9.2747
per annum,220,9.2742
arm holdings,101,9.2739
andrew cooper,100,9.2705
worth calling,112,9.2606
jon block,101,9.2605
upside downside,125,9.2603
maintenance repair,198,9.2601
tractor supply,122,9.2593
dependent upon,194,9.2588
small molecule,208,9.2587
deposit beta,286,9.2584
negatively impacting,141,9.2531
upward trajectory,127,9.2508
american express,146,9.25
adverse weather,141,9.249
perry bank,103,9.2457
postal service,133,9.2448
per capita,185,9.2433
session instructions,1147,9.2431
updated aug,167,9.2426
structural heart,129,9.2419
oil gas,1475,9.2413
currency neutral,460,9.2408
language models,485,9.2398
double digits,3150,9.2377
date monday,461,9.2368
bearing deposit,357,9.2367
administrative expenses,1585,9.2362
assume obligation,257,9.2358
stephens inc,276,9.2347
content foolcdn,4136,9.233
take stab,115,9.2329
unmet need,881,9.2329
animal health,259,9.2316
broker deposits,158,9.2295
bank america,4627,9.2283
distant future,102,9.2281
daniel moore,119,9.2222
closely monitor,197,9.2201
prescriber base,197,9.219
leading indicator,528,9.2187
seasonal patterns,226,9.2164
provisions private,233,9.2148
contingent upon,100,9.2131
agreement acquire,296,9.2129
presentation contains,114,9.2103
fully ramped,173,9.2068
mobile app,451,9.2065
synergy capture,198,9.2052
anything else,1874,9.204
craig billings,158,9.2031
skill set,159,9.202
fully enrolled,187,9.2017
wide body,133,9.2013
msci inc,149,9.197
fda approval,765,9.1969
salaries benefits,140,9.1952
academic government,190,9.1904
shares outstanding,1835,9.1892
basic diluted,342,9.1882
tax refund,240,9.1854
machine vision,158,9.183
non gaap,25768,9.1822
transaction closes,108,9.1822
kyle joseph,128,9.1766
date friday,490,9.175
widely used,170,9.1728
type foolcdn,14632,9.1693
midwest premium,157,9.1693
remitly global,129,9.1685
rank order,123,9.167
golf equipment,106,9.1657
willing pay,301,9.1625
normal seasonality,760,9.1616
renewable energy,484,9.1596
tough comps,154,9.1593
south florida,138,9.154
proactive steps,107,9.1524
happy holidays,109,9.1521
unrealized gains,189,9.1521
twenty six,549,9.1501
thousand square,194,9.15
store openings,545,9.1489
does conclude,1572,9.1473
private placement,173,9.1468
meaning federal,228,9.1458
parts accessories,100,9.1447
singh morgan,100,9.1434
begin session,1522,9.1432
briefly touch,149,9.1429
come fruition,297,9.1403
various stages,233,9.1397
closely monitoring,280,9.135
true ups,164,9.1336
use cases,3380,9.1305
thursday april,320,9.1281
property cat,153,9.1273
interest bearing,1217,9.1259
file sec,129,9.1247
release accompanying,125,9.1237
commodity prices,731,9.1202
closing remarks,5432,9.1187
competitive landscape,1045,9.1151
best class,2988,9.1148
electric vehicle,245,9.114
sixty days,102,9.1102
enjoy rest,175,9.1101
annual merit,110,9.1091
pause moment,292,9.1069
discretionary spending,325,9.1051
easier comps,183,9.1035
favorably impacted,139,9.1005
quite frankly,960,9.0997
pharmaceuticals inc,239,9.0986
returned shareholders,944,9.0978
digital realty,183,9.0935
contact center,454,9.0915
value proposition,3829,9.0902
standard care,1193,9.0895
loan officers,100,9.0877
mid atlantic,280,9.0862
transcript mar,429,9.0834
pent demand,449,9.0833
professional liability,102,9.0828
test learn,195,9.0826
met exceeded,140,9.0812
oilfield services,113,9.0804
booking curve,125,9.08
rapidly evolving,246,9.0792
michael larsen,113,9.079
move needle,326,9.0768
rob brown,128,9.0731
normalized ffo,177,9.0719
per kilogram,132,9.0706
factors cause,1007,9.0693
bill katz,133,9.0689
mitigation strategies,205,9.0684
dividend payout,254,9.0662
board authorized,305,9.066
spread compression,132,9.0658
leading indicators,448,9.0617
issued yesterday,128,9.0615
competitive advantages,657,9.0605
post covid,404,9.06
early stages,1246,9.0578
bitcoin holdings,164,9.057
richard anderson,142,9.0552
via webcast,138,9.0541
against backdrop,577,9.0524
pleased announce,621,9.0496
purchase accounting,502,9.0489
depending upon,295,9.0479
decent amount,204,9.0474
shareholder distributions,101,9.0414
yield curve,431,9.0405
tax credits,936,9.0393
macroeconomic uncertainty,401,9.0361
sell upsell,163,9.036
wonderful day,691,9.0345
release announcing,246,9.0337
pivotal studies,116,9.0325
stranded costs,311,9.0311
geopolitical developments,122,9.0293
small cell,864,9.0286
intrinsic value,376,9.0284
senior housing,482,9.0277
wednesday july,149,9.0263
trusted partner,319,9.0247
celebration key,105,9.0231
accordance gaap,569,9.0211
political advertising,157,9.0187
fantastic job,295,9.0167
winding down,170,9.0135
variable compensation,391,9.0132
ultimate goal,162,9.0127
autonomous vehicles,154,9.0037
tougher comp,108,9.003
disclaims any,226,9.0027
john turner,186,9.0026
intangible assets,367,9.0024
drilling completion,216,9.0022
wednesday april,219,9.0001
efficient manner,159,8.9966
anywhere else,155,8.9932
black card,130,8.9925
release issued,876,8.9918
classified loans,276,8.9911
remember correctly,104,8.99
final mile,133,8.9899
post pandemic,247,8.9891
disclaim any,321,8.9848
sense urgency,194,8.9837
only mode,1006,8.9817
payer coverage,200,8.9815
federal government,745,8.981
property casualty,158,8.9797
wages benefits,130,8.9791
big chunk,182,8.9779
invested heavily,152,8.9774
low latency,221,8.9765
two parter,204,8.9757
kicking off,135,8.9732
securities exchange,1128,8.9727
tce ratio,112,8.9707
mortgage servicing,224,8.9649
head investor,2444,8.9614
home garden,120,8.9601
thursday july,190,8.9579
outpatient medical,108,8.9563
tariff mitigation,350,8.9544
smith jefferies,152,8.9541
common equity,1511,8.9525
zillow group,105,8.9521
technologies ltd,143,8.9516
december feb,426,8.9498
tremendous amount,772,8.9459
high watermark,200,8.9443
jumping off,150,8.9424
speakers remarks,251,8.9363
leasing spreads,261,8.9351
debt repayment,453,8.9346
enormous amount,169,8.9341
nine months,2021,8.9333
equipment manufacturer,193,8.9332
tough comparison,104,8.9321
store closures,402,8.9299
west texas,186,8.9285
indirect auto,101,8.9271
value prop,237,8.9267
hundred dollars,164,8.9242
allowance credit,726,8.9215
tuesday april,183,8.921
federal reserve,297,8.9166
monthly active,509,8.9164
previously disclosed,427,8.9156
main street,195,8.9155
deposit gathering,114,8.9152
board declared,195,8.9135
assets logo,6257,8.9127
john roberts,203,8.9111
convertible note,224,8.9092
investment grade,2032,8.9082
foot traffic,222,8.9081
relentless focus,394,8.9078
concluding remarks,135,8.9075
active etfs,106,8.9046
autonomous research,394,8.9034
canada australia,157,8.9017
quick follow,2934,8.9011
flywheel effect,118,8.9001
aug participants,221,8.8986
heard correctly,125,8.897
quick clarification,185,8.894
earnings transcripts,2131,8.8926
david palmer,210,8.8925
outstanding borrowings,133,8.891
non ifrs,330,8.8896
naive patients,132,8.8895
robert ford,140,8.8895
awful lot,172,8.8888
seven figure,259,8.8873
gain traction,466,8.8857
super helpful,1315,8.8825
upfront payment,176,8.882
personal care,658,8.8817
investors section,593,8.8813
upper funnel,111,8.8811
wanted ask,4854,8.8763
leading edge,800,8.8735
upward pressure,181,8.8734
detail shortly,226,8.8714
metric ton,195,8.8664
off highway,251,8.8661
updated nov,159,8.8657
online offline,109,8.8643
iii trials,149,8.8631
learning curve,168,8.8631
lines placed,257,8.8602
love hear,657,8.8593
playing field,212,8.8569
working diligently,228,8.8559
therapeutic areas,276,8.8532
gas gathering,138,8.8528
rick smith,110,8.8528
shelf space,309,8.8519
press releases,205,8.8517
value propositions,239,8.8511
corporate overhead,186,8.8505
thursday november,126,8.8491
measures reconciliation,424,8.8481
made pursuant,101,8.8473
design wins,845,8.8471
shutting down,125,8.8463
mid single,7924,8.8459
geopolitical uncertainty,284,8.8458
circling back,178,8.8452
unlevered free,192,8.8444
opportunities lie,131,8.843
pivotal trial,222,8.8421
correlation between,187,8.8413
repair maintenance,148,8.8402
basket size,114,8.84
organic inorganic,388,8.839
crystal clear,116,8.8366
used assess,359,8.8343
general merchandise,307,8.8304
today teleconference,513,8.8287
director investor,1569,8.8271
iii trial,337,8.8257
everything else,798,8.8226
clean energy,509,8.8216
set aside,211,8.821
accounting accretion,121,8.8185
deep expertise,264,8.8181
newly launched,259,8.8179
challenges faced,110,8.8171
industrial iot,168,8.8164
bad debt,781,8.8155
looking statements,12610,8.8111
subsequent filings,136,8.8094
biotech funding,114,8.8073
natural language,274,8.8062
per ounce,589,8.8056
vertical integration,526,8.8028
home closings,135,8.8022
vegetation management,104,8.8019
industrial coatings,118,8.8004
structured finance,137,8.8
value creation,3630,8.7974
diluted eps,2852,8.7968
height brand,6256,8.7934
ending march,1020,8.7919
essentially flat,825,8.7914
continuous improvement,880,8.7896
per gallon,358,8.7893
rmb rmb,155,8.7885
operate efficiently,197,8.7874
twenty seven,214,8.7869
peer group,332,8.7868
becoming increasingly,250,8.7866
lie ahead,143,8.785
equity method,174,8.7834
closed block,187,8.7818
trying figure,663,8.7815
meet exceed,256,8.7813
nonperforming assets,451,8.7798
klaviyo inc,119,8.7797
net promoter,495,8.7793
policies force,134,8.7792
detailed discussion,300,8.7772
brief update,303,8.7764
national security,628,8.7753
whole host,138,8.7739
supplemental materials,155,8.7739
tough comp,251,8.7727
keith smith,110,8.7722
wanted dig,338,8.7716
listen only,1023,8.7714
highly regulated,142,8.7713
debt maturities,597,8.7708
healthcare providers,267,8.7692
clinical trial,1389,8.7647
oem original,159,8.7606
previous calls,488,8.7597
therapy selection,115,8.7577
per watt,188,8.7519
general manager,245,8.7468
health care,2599,8.7455
cloud native,338,8.7454
michael griffin,157,8.745
twenty five,607,8.7416
consumer sentiment,567,8.7412
around edges,100,8.7412
baidu core,140,8.741
noninterest expense,1020,8.7394
rural areas,109,8.7374
agentic commerce,320,8.736
iii studies,145,8.7359
nearly doubled,359,8.7353
matthew blair,178,8.7341
trade offs,313,8.7331
efficacy safety,323,8.733
open pit,131,8.7311
tariff refunds,111,8.7288
bill peterson,123,8.7284
wait until,239,8.7266
keith stanley,165,8.7245
slide deck,582,8.7234
positioned capitalize,438,8.7201
letting ask,110,8.7196
love piper,137,8.7179
useful life,129,8.715
moving pieces,1007,8.7145
little bit,50407,8.7142
returning excess,215,8.71
sufficient fund,115,8.7088
flip side,367,8.7064
key dermatology,116,8.7041
once weekly,174,8.7036
speaker equipment,328,8.701
michael phillips,102,8.7004
extra week,273,8.7001
steady state,580,8.6993
reason why,1608,8.6942
brian peterson,158,8.6932
disclosures regarding,106,8.6921
incentive comp,267,8.6917
primary endpoints,142,8.6871
acquisitions dispositions,148,8.6868
both sides,918,8.6849
acute care,211,8.6844
per pound,590,8.6827
follow ups,609,8.6815
workflow automation,160,8.6814
brown founder,105,8.6767
due diligence,352,8.6761
mitigation efforts,320,8.6756
copy press,105,8.6749
safety efficacy,310,8.6737
reduce friction,115,8.6693
gold standard,198,8.6688
clean room,140,8.6686
unfavorable foreign,155,8.6681
capital expenditures,6148,8.6678
remain steadfast,120,8.6659
declared quarterly,190,8.6641
big picture,890,8.661
saunders yes,123,8.66
unmet needs,189,8.6565
wild type,259,8.6565
held sale,502,8.6506
mitigating actions,114,8.6494
store noi,560,8.649
john morris,161,8.6476
deepen relationships,121,8.6465
per barrel,708,8.645
guarantees future,247,8.6446
direct indirect,152,8.6441
macro backdrop,403,8.6438
currency fluctuations,131,8.6423
apac region,111,8.6415
allocation priorities,1062,8.6403
compete effectively,144,8.6399
warehouse automation,124,8.6383
wednesday february,125,8.6378
deposit balances,483,8.6338
spin off,271,8.6336
backed securities,232,8.6336
relatively stable,1025,8.6323
trade policies,213,8.632
preferred stock,354,8.6313
partially offsetting,308,8.631
secured notes,174,8.6296
relations website,1585,8.6296
per tonne,165,8.6292
enrolling patients,138,8.6284
internal external,306,8.6279
originally anticipated,205,8.6272
hash rate,204,8.6261
gary gary,101,8.625
vacant space,100,8.6197
professional services,1068,8.6193
solid rocket,117,8.6182
academic centers,126,8.6182
site selection,118,8.6181
worth highlighting,140,8.6177
highly complementary,130,8.6175
return thresholds,127,8.6172
competing against,146,8.6163
totaling square,127,8.616
acquisitions divestitures,165,8.6158
geographic diversification,113,8.6145
headcount reductions,188,8.614
explicitly stated,132,8.6136
medical device,315,8.6131
without doubt,100,8.6115
lies ahead,229,8.611
pacific region,176,8.6099
pretax pre,148,8.6095
currency movements,131,8.6077
otherwise stated,396,8.6071
input costs,1028,8.6069
macroeconomic backdrop,139,8.6068
raise hand,438,8.6068
events otherwise,361,8.6058
light vehicle,313,8.6054
mega projects,146,8.6033
transcript jan,484,8.6017
quarterly reports,330,8.601
money transfer,137,8.601
set forth,413,8.5993
overall survival,479,8.5982
wednesday october,101,8.5976
expectations beliefs,170,8.5953
quick ones,470,8.5925
common theme,102,8.592
florida texas,122,8.5899
autonomous vehicle,153,8.5898
renewable natural,137,8.5883
constitute forward,276,8.5873
competitive advantage,1897,8.5865
type corporation,6262,8.5849
quite honestly,162,8.5849
repurchases dividends,560,8.5845
renewable fuel,159,8.5844
cash equivalents,3995,8.5831
pleased report,1468,8.5775
data center,11600,8.5774
unstructured data,179,8.5771
eastern europe,153,8.5753
thursday february,160,8.5748
twenty four,528,8.5677
demand destruction,129,8.567
flesh out,184,8.5665
credit card,1628,8.5663
opportunities arise,245,8.565
repurchase program,2439,8.565
annual report,1297,8.5636
prediction markets,432,8.5625
vaccination rates,104,8.5619
investors analysts,182,8.5596
january february,660,8.5596
additive manufacturing,144,8.5587
corporate communications,302,8.5586
dividend declared,152,8.5555
william brown,126,8.5531
disease progression,124,8.5524
loans originated,137,8.5523
interim cfo,175,8.5499
shut down,397,8.5475
best practices,483,8.5467
initiate phase,116,8.5455
maximize shareholder,218,8.5453
internally developed,125,8.5439
shout out,200,8.5439
four wall,156,8.5435
capital expenditure,928,8.5434
contribute meaningfully,149,8.5403
cost containment,240,8.5397
figuring out,307,8.5369
record breaking,297,8.5364
does imply,293,8.5358
license application,140,8.535
actions taken,1044,8.5333
near term,11658,8.5331
worked hard,396,8.5303
secular trends,255,8.5301
watch closely,123,8.5295
patient starts,610,8.5295
dividend payable,141,8.5291
lion share,236,8.5289
contactpoint type,6256,8.5284
type contactpoint,6256,8.5284
remains unchanged,852,8.5271
fee earning,184,8.5262
peak season,362,8.5257
capital allocation,9875,8.5255
atm program,367,8.5245
long term,40989,8.5242
relatively flat,1366,8.523
western europe,263,8.5224
bernstein research,132,8.5218
basis points,38021,8.5211
dividends buybacks,242,8.5194
gain sale,856,8.5193
continues resonate,191,8.519
gives confidence,1704,8.5185
speak themselves,169,8.518
treatment option,234,8.5177
useful information,137,8.5169
shift gears,110,8.5161
floating rate,570,8.5128
wanted circle,235,8.5124
shown slide,762,8.5105
risk reward,143,8.5104
agentic workflows,128,8.5089
structural advantages,123,8.5081
hop back,194,8.508
sarah james,135,8.5066
senior secured,413,8.5055
guest experience,512,8.5044
controlled trial,125,8.5037
trade policy,505,8.5027
worked closely,174,8.5015
units shipped,116,8.5006
feel comfortable,1137,8.4978
thursday october,126,8.4976
connected devices,101,8.4973
absolute dollars,163,8.4966
iconic brands,100,8.496
life cycle,1222,8.4927
per mmbtu,118,8.4915
self serve,369,8.4905
loyalty program,934,8.4897
capped off,107,8.4885
being recorded,2134,8.4878
remains intact,178,8.4857
hello welcome,163,8.485
product introductions,491,8.4846
publishingprinciples com,6256,8.4843
com misc,6256,8.4843
com publishingprinciples,6256,8.4843
com themotleyfool,18768,8.4843
foolcdn com,18768,8.4843
com themotleyfoolofficial,12512,8.4843
sameas com,6256,8.4843
com sameas,6256,8.4843
institutional investors,265,8.4836
com wikipedia,6256,8.4832
todd thomas,192,8.4802
leases signed,173,8.4778
him his,105,8.4768
build outs,229,8.4735
saas arr,184,8.473
bmo capital,1246,8.4729
earnings transcript,24387,8.4715
content creators,111,8.4713
contain forward,734,8.4699
actively evaluating,147,8.4684
small medium,551,8.4635
gross profit,9075,8.4578
south america,566,8.4564
linkedin com,6256,8.4526
money movement,164,8.4503
key messages,155,8.4491
who knows,237,8.4485
com avatar,6256,8.4484
cost takeout,179,8.4465
quarters row,342,8.4448
visa direct,118,8.444
leadership roles,136,8.4439
chronic care,143,8.4422
laid out,2544,8.441
community count,516,8.4398
macroeconomic conditions,315,8.4391
pre leased,112,8.4389
solar storage,119,8.4388
somewhere else,167,8.4386
load factor,169,8.4381
facebook com,6256,8.4354
com facebook,6256,8.4354
instagram com,6256,8.4345
negative breast,105,8.4333
uncertainties assumptions,324,8.4315
self funded,124,8.4287
seven eight,236,8.4275
operational rigor,162,8.4246
private wealth,448,8.4228
resource allocation,271,8.4206
earning assets,634,8.419
quarterly dividend,1616,8.419
touched upon,115,8.4179
medical devices,262,8.4174
install base,166,8.4166
shortly after,404,8.4154
split between,682,8.4151
buybacks dividends,225,8.4143
share repurchases,7705,8.4126
wouldn read,134,8.4125
hopefully helps,214,8.4124
geographic footprint,252,8.4124
bcf day,147,8.4096
results differ,3229,8.4084
pinterest com,6257,8.4082
ease use,241,8.4079
mark miller,208,8.4065
supplemental information,266,8.406
equity stake,125,8.404
core ffo,831,8.4036
fundamentally changed,114,8.4009
housing starts,179,8.4007
meaning private,309,8.4002
cell disease,219,8.3994
asset managers,386,8.3982
game changing,199,8.3977
finding ways,173,8.3965
via dividends,231,8.3922
firmly track,120,8.3922
based compensation,3300,8.3894
andrew nicholas,124,8.3892
com editorial,2120,8.3889
few moments,278,8.3887
virtually every,161,8.3884
cash flow,44851,8.3878
taxable income,180,8.3848
oppenheimer proceed,106,8.3836
tiktok com,6256,8.3803
digit percentages,111,8.3788
multiple fronts,124,8.3766
solid tumor,162,8.3756
twd billion,120,8.3755
management expects,2152,8.3754
difference between,1261,8.3729
product architect,163,8.3719
transportation logistics,124,8.3708
keybanc capital,964,8.3705
long haul,474,8.37
order books,195,8.3696
brand awareness,914,8.3694
taken together,1001,8.3668
rpo remaining,119,8.3663
price realization,713,8.3655
baird proceed,126,8.3641
using speaker,337,8.3639
billion renminbi,109,8.3639
mine life,179,8.3632
consumer preferences,129,8.3632
special items,354,8.3623
transcript nov,447,8.3622
fair assume,373,8.3621
adjusted oibda,105,8.3615
advisory fees,142,8.3607
ground leases,121,8.3605
geopolitical events,223,8.3602
adjusted ebitda,35585,8.3589
combined entity,112,8.3589
investing heavily,214,8.3582
variety reasons,115,8.3533
regulatory submission,153,8.3506
rbc capital,1971,8.3498
move outs,221,8.3493
release supplemental,337,8.3475
originally planned,133,8.3454
drug application,185,8.3442
noninterest income,1320,8.3441
free cash,26815,8.3436
patients treated,342,8.3431
ken goldman,140,8.3421
world class,1566,8.3418
replacement cycle,246,8.3412
onetime items,200,8.3407
unrestricted cash,419,8.3398
broad based,3853,8.3398
buying patterns,107,8.3391
track record,2620,8.3389
attributable common,206,8.3388
remain committed,2174,8.3381
consumer electronics,406,8.338
personal lines,343,8.3364
highly selective,133,8.3337
distributable earnings,344,8.3331
pay attention,250,8.3325
absorption pace,126,8.3323
residential mortgage,272,8.3306
data centers,5430,8.3305
filings securities,510,8.3305
justin post,154,8.3298
fda approved,317,8.3294
lead times,1191,8.325
allocation framework,488,8.3247
july august,211,8.3244
integral part,143,8.3242
borrowing capacity,295,8.3242
order magnitude,338,8.3218
mark jones,249,8.3217
gulf america,277,8.3215
doesn matter,195,8.3211
inflection point,1238,8.3205
enroll patients,101,8.3199
seamless transition,124,8.3184
youtube com,6261,8.318
chain disruptions,210,8.3178
attach rates,296,8.3178
successfully navigate,101,8.3174
scheme things,136,8.3171
identity security,143,8.3152
seaport global,137,8.3133
hyper focused,118,8.3127
fit purpose,117,8.3121
deferred tax,475,8.3104
remained stable,623,8.3083
key differentiators,107,8.3049
texas florida,100,8.3031
therapeutics inc,134,8.3009
regular dividend,204,8.2992
credit rating,460,8.2991
technical expertise,137,8.2971
gentlemen conclude,114,8.2956
mexico canada,191,8.293
federal agencies,108,8.2903
key enabler,140,8.2885
jan participants,164,8.2869
latter part,459,8.2856
reasons why,844,8.2845
after adjusting,393,8.2844
john mcdonald,111,8.2842
fortune companies,112,8.2823
few minutes,910,8.2822
resource planning,162,8.2818
even though,2496,8.2813
top funnel,826,8.2799
six months,2755,8.2788
nice job,697,8.2784
backup power,137,8.2777
general purpose,257,8.2763
levers pull,138,8.2757
participants prepared,2120,8.2738
slows down,110,8.2717
intangible asset,145,8.2704
regional banks,130,8.2677
among others,355,8.2673
factory automation,111,8.2652
continues perform,753,8.2647
actual results,4860,8.2642
couple hundred,334,8.2639
duty update,194,8.2629
canada mexico,187,8.2625
marking consecutive,129,8.2625
oil prices,829,8.2614
marketing campaigns,335,8.2588
jefferies proceed,223,8.2581
workforce reductions,107,8.2561
european commission,122,8.2541
stockholders equity,116,8.2519
credit cards,375,8.2518
soon possible,236,8.2494
zooming out,116,8.2475
make sure,11725,8.2474
rate cuts,1660,8.2452
everyone joining,3196,8.2438
regulatory approval,701,8.2433
treatment options,342,8.2431
strategic priorities,2144,8.2413
side equation,436,8.2409
inventory turns,293,8.2401
flow positivity,124,8.2397
get rid,143,8.2388
funding sources,208,8.2387
main driver,355,8.238
high voltage,300,8.237
hedge fund,105,8.234
statements contained,188,8.2339
stifel proceed,101,8.2309
logo type,6256,8.2302
statements except,297,8.2287
lifetime value,693,8.228
managing director,266,8.2278
senior director,392,8.2275
type organization,6258,8.2273
equivalents short,421,8.227
attending today,943,8.2252
bodes well,381,8.222
amazing job,149,8.2207
beliefs expectations,131,8.2194
november december,389,8.2182
erp system,242,8.2175
fully utilized,105,8.2161
everybody else,404,8.2134
wireless access,186,8.2133
signed leases,144,8.2131
shakes out,108,8.2129
air travel,115,8.2119
deal sizes,145,8.2097
refresh cycle,139,8.2072
successfully completed,347,8.2062
credit facility,2839,8.2057
supply constraints,553,8.2049
lines wonderful,150,8.2011
loan originations,481,8.1994
isi proceed,109,8.1967
iii study,256,8.1964
substantially complete,142,8.1952
equity issuance,256,8.1951
demand imbalance,112,8.1947
held steady,200,8.1944
dealer inventory,516,8.1933
clinical evidence,336,8.1931
free survival,275,8.1931
midway through,103,8.1925
trial evaluating,224,8.1921
sustainable profitable,404,8.1914
credit losses,1586,8.1912
women health,194,8.1904
mobile devices,150,8.1889
fuel cell,266,8.1874
credit ratings,284,8.1869
key differentiator,318,8.1834
bode well,144,8.1834
factors affect,265,8.1831
michael sullivan,125,8.1823
ubs proceed,238,8.1813
underlying fundamentals,223,8.18
final stages,155,8.18
absolute dollar,134,8.1796
keep eye,217,8.1789
carve out,155,8.1761
form factor,269,8.1732
mode instructions,149,8.1727
balanced approach,520,8.1721
webcast live,143,8.1719
earned premium,185,8.1705
competitive intensity,233,8.1699
executing against,573,8.1678
keeping mind,145,8.1678
remind everyone,1337,8.1676
mortgage banking,287,8.1676
direct lending,553,8.1639
general liability,207,8.1637
head count,427,8.1632
capitalized software,161,8.1616
account managers,106,8.161
pointed out,1562,8.1596
normal seasonal,337,8.1593
prior authorizations,110,8.1593
processing plant,147,8.1578
immune system,129,8.1575
publicly update,226,8.1574
asset backed,278,8.1568
wage increases,126,8.1563
opening remarks,1094,8.1557
stanley proceed,263,8.155
discrete tax,235,8.1531
cost saves,213,8.1531
set apart,136,8.1528
off premise,162,8.1508
briefly address,115,8.1503
several hundred,218,8.1503
somewhere between,615,8.1484
extremely proud,278,8.148
weaker dollar,141,8.1478
natural extension,120,8.147
partner choice,242,8.1468
rolled out,1603,8.1452
same store,5045,8.1443
sba loans,127,8.1431
tier tier,175,8.1422
tease out,117,8.1407
haven seen,1638,8.1393
one timers,181,8.1366
updated apr,121,8.1365
produced water,100,8.1334
macro environment,2139,8.1333
tim timothy,104,8.1325
within meaning,742,8.1313
transcript feb,729,8.1312
record highs,165,8.1303
cardiovascular risk,129,8.1301
critical mass,155,8.1298
advised today,303,8.1286
declared dividend,113,8.1277
proven track,332,8.1268
firm wide,153,8.125
government agencies,174,8.1248
rent spreads,139,8.1237
noncore assets,187,8.1228
local currency,586,8.1213
around globe,559,8.1197
promotional activity,657,8.1184
concludes session,503,8.1175
highly engaged,190,8.1157
reasonable assume,103,8.1154
average daily,857,8.1142
investor conferences,138,8.1125
mitigation actions,223,8.1123
information contained,108,8.1118
solid waste,133,8.1113
direct reflection,122,8.1104
good evening,1563,8.1076
long standing,1046,8.1067
had hoped,161,8.1065
field force,210,8.1058
short term,7075,8.1036
write off,394,8.1029
macroeconomic environment,741,8.1026
financials detail,256,8.1025
every aspect,241,8.1018
spring selling,243,8.1017
target circle,159,8.1017
well tolerated,259,8.1005
outside united,381,8.1003
uncertain macro,131,8.0999
skin care,111,8.0998
flavor solutions,175,8.0994
brazil mexico,118,8.097
equally important,275,8.0967
forward updating,897,8.0946
august september,247,8.0944
selling season,680,8.0941
upward trend,107,8.0929
flowed through,180,8.0924
noncash stock,174,8.0923
board approved,496,8.0896
gaap measures,3432,8.0893
twenty eight,113,8.0887
geographic regions,149,8.0873
notable items,307,8.0864
east west,159,8.0862
advisory group,243,8.086
decision making,1471,8.0835
highly differentiated,354,8.0832
john allison,104,8.0815
transcript aug,297,8.0785
october november,187,8.078
john kim,262,8.0778
showing signs,118,8.0761
boe per,194,8.0732
barclays proceed,199,8.0724
paid dividends,317,8.0717
fair amount,706,8.0693
communities serve,235,8.0693
latest thoughts,191,8.069
economic cycles,205,8.0675
fedramp high,106,8.0669
operational efficiencies,1343,8.0663
turn floor,800,8.0653
third parties,557,8.0613
wouldn necessarily,127,8.0606
new hampshire,198,8.0606
new zealand,379,8.0602
original equipment,304,8.0594
vertical research,336,8.0589
mid sized,210,8.0585
triple digit,223,8.0582
family dollar,229,8.0573
disciplined manner,157,8.0565
contract awards,269,8.0563
borrowings under,186,8.0563
open internet,367,8.0558
figma make,120,8.0533
tax legislation,186,8.0527
active users,709,8.0516
economic uncertainty,426,8.0508
trying understand,1699,8.049
management emphasized,1258,8.0473
didn mention,134,8.0471
thirty days,118,8.0469
lots lots,119,8.0451
direction travel,114,8.0451
fargo proceed,173,8.0449
successfully executed,130,8.0421
preferred equity,285,8.0399
new york,3487,8.0384
couldn excited,190,8.0381
private equity,1399,8.0353
bounce back,254,8.0348
pivotal study,149,8.0341
deep understanding,168,8.0333
multi tenant,114,8.033
remain intact,175,8.0326
unsecured debt,230,8.0325
relations treasurer,131,8.0317
fulfillment centers,126,8.0314
begin remind,549,8.0311
energy storage,593,8.03
early signs,743,8.0288
live sports,210,8.0288
expenditures totaled,204,8.0274
first foremost,1159,8.0244
peter keith,153,8.0232
pretty straightforward,154,8.0224
convertible debt,327,8.0221
committed returning,216,8.0198
metric indicating,121,8.0184
wanted clarify,413,8.0177
milestone payments,233,8.0174
repurchase shares,757,8.0135
run rate,7216,8.0128
ken ken,100,8.0128
sachs proceed,203,8.0119
pleasure turn,245,8.011
may contain,352,8.0097
rapidly changing,132,8.0085
otherwise indicated,116,8.0077
consecutive quarters,1111,8.0073
analysts investors,124,8.006
medium term,1978,8.0041
share repurchase,5076,8.0036
commercially available,105,8.0007
eight figure,120,8.0005
returned via,115,8.0003
state local,423,7.9996
excellent job,298,7.9992
few weeks,1590,7.9956
ground running,207,7.9943
updated thoughts,419,7.9917
federal securities,483,7.991
biggest driver,407,7.9904
control arm,111,7.988
don forget,159,7.9822
shares bought,205,7.9817
buyback program,729,7.9793
continues outpace,133,7.9786
cowen proceed,135,7.9782
form subsequent,115,7.9747
customer satisfaction,696,7.9744
shareholder value,3433,7.9743
special dividend,276,7.9742
mode session,136,7.9742
hope helps,188,7.974
insurance policies,157,7.974
user experience,960,7.9721
unknown risks,283,7.9704
slower pace,181,7.9696
hit ground,191,7.9681
meaningful contributor,235,7.9667
shopping experience,387,7.9665
sensitive information,170,7.9665
debt repayments,132,7.9661
cloud computing,199,7.9659
loan origination,395,7.965
evolving landscape,120,7.9639
presentation slides,140,7.963
macroeconomic pressures,101,7.9619
asset repricing,236,7.9613
main drivers,325,7.9603
slide shows,691,7.9595
per acre,164,7.9593
software defined,261,7.9592
commercial hvac,170,7.9589
dividends paid,293,7.9581
google com,6256,7.9569
blair proceed,114,7.9543
once again,3658,7.9536
inflationary pressure,147,7.9535
sit here,940,7.9525
disciplined approach,1527,7.9492
step function,333,7.9492
provide overview,376,7.9453
alliance global,111,7.9452
april participants,857,7.9449
final rule,100,7.9439
post merger,138,7.9439
width type,6253,7.9408
license agreement,151,7.939
mainly due,1560,7.9378
safety profile,643,7.9364
accident loss,132,7.9358
december jan,101,7.9347
hardware software,373,7.9339
low single,5167,7.9313
longer term,7067,7.9313
convertible senior,103,7.9307
ground game,112,7.9277
discretionary categories,120,7.9275
recently launched,819,7.9273
figured out,187,7.9269
hey guys,3023,7.9264
seamless integration,103,7.9248
used car,307,7.9193
shift toward,902,7.9188
long acting,392,7.9171
secular trend,102,7.9169
affo per,535,7.9144
positioning ourselves,183,7.9138
combined ratio,1239,7.9128
thursday march,180,7.912
northland capital,213,7.9116
comparable gaap,1896,7.9102
win win,542,7.9068
gentlemen welcome,187,7.9064
want emphasize,492,7.9049
joining today,7170,7.9045
macro uncertainty,517,7.9039
turning slide,3169,7.9032
ahead sir,319,7.9029
dealer network,260,7.9017
start thanking,120,7.9015
evenly between,103,7.9014
differences between,332,7.9013
website replay,107,7.9008
issued press,346,7.9005
department energy,213,7.8997
walk through,3665,7.8972
doesn necessarily,163,7.8964
payment processing,166,7.8947
commodity inflation,201,7.8945
extends beyond,104,7.8932
hybrid cloud,186,7.892
already begun,251,7.8918
large language,704,7.8905
restricted cash,775,7.8899
gbp billion,191,7.8897
previously discussed,692,7.8886
john murphy,141,7.8871
dennis mark,114,7.887
multiyear journey,130,7.8868
attachment rates,108,7.8855
parse out,331,7.8849
excited announce,321,7.8844
inr billion,127,7.884
earning asset,287,7.8833
directed energy,100,7.8831
management confirmed,1412,7.8822
makes easier,209,7.8807
loan yields,527,7.8797
nuclear power,259,7.8793
carried interest,204,7.8792
transcript jul,108,7.8774
significant strides,149,7.8766
monitoring closely,117,7.8761
closing comments,1309,7.8735
strategic pillars,317,7.8731
ffo funds,101,7.873
casualty lines,109,7.8726
labor hours,129,7.8726
service territory,172,7.8689
halfway through,273,7.8672
ask press,1575,7.8668
upon completion,162,7.8663
pre tax,892,7.8659
principal amount,132,7.8654
relatively small,829,7.8642
diesel prices,120,7.8638
sandler proceed,100,7.8635
new jersey,662,7.863
asset light,712,7.8619
deposit repricing,100,7.8613
paying dividends,150,7.8578
cafd per,130,7.8577
rewards program,255,7.857
primary driver,833,7.8535
recently announced,1300,7.847
setting stage,204,7.8465
winter season,121,7.845
want congratulate,109,7.8448
low carbon,280,7.8445
circle back,547,7.8441
approved indications,102,7.8435
conclude session,203,7.8427
current beliefs,104,7.8414
noncash items,135,7.841
fell short,163,7.8405
stepping back,711,7.8396
provide brief,291,7.8384
risk transfer,262,7.8369
settlement agreement,116,7.8358
downside risk,145,7.8354
minority interest,130,7.835
primarily due,7044,7.831
cloud migration,165,7.8298
arms around,180,7.8288
across globe,662,7.8288
deeper penetration,126,7.8286
brings deep,102,7.8286
citi proceed,138,7.8279
slight decrease,192,7.8275
sba loan,145,7.8222
per diluted,4797,7.8219
hof yes,111,7.8213
wanted confirm,165,7.8208
income statement,914,7.8208
unrealized loss,129,7.8164
simply press,287,7.8161
metal prices,164,7.8127
com images,4136,7.8123
disciplined execution,1690,7.8119
fifteen years,255,7.8096
payback period,162,7.8079
recently published,131,7.8072
revise any,397,7.8044
nearly doubling,164,7.804
wafer level,313,7.8036
paying off,665,7.8033
march apr,144,7.8029
same venue,110,7.8022
property taxes,174,7.8008
guide implies,177,7.8001
concludes today,3444,7.7991
pretax income,603,7.7966
per kilowatt,135,7.7964
remind everybody,296,7.7924
falcon platform,103,7.7909
complete enrollment,146,7.7897
ended september,651,7.7894
subject various,184,7.789
sound quality,174,7.7888
personal loans,304,7.7876
wealth management,1363,7.7872
find reconciliation,125,7.7869
management reiterated,547,7.7866
actively managing,177,7.7865
triple negative,100,7.7854
centered around,318,7.7836
differential between,110,7.7834
rapid pace,199,7.7832
remarks participants,2120,7.7828
automotive oem,114,7.7824
filed securities,248,7.7816
slowing down,461,7.7816
organizational changes,160,7.7815
brl billion,211,7.7802
working closely,929,7.7797
other words,938,7.7797
order patterns,251,7.7787
hallum capital,427,7.7751
anything unusual,140,7.7748
aftermarket parts,133,7.7733
equivalents totaled,104,7.7731
briefly discuss,105,7.7726
available replay,184,7.7724
firmly believe,276,7.7722
wanted drill,139,7.7715
investor day,4389,7.7715
cost saving,442,7.7708
strategic rationale,127,7.7707
become increasingly,275,7.7688
andrew charles,199,7.7677
may constitute,103,7.7653
jpmorgan proceed,187,7.7646
loan balances,602,7.7646
accounting adjustments,148,7.764
price increases,3393,7.7636
shake out,218,7.7631
life mine,118,7.762
degree confidence,253,7.7617
cap rates,757,7.7583
follow formal,204,7.7575
self storage,131,7.7567
greater transparency,109,7.7553
ground lease,176,7.7543
does seem,433,7.753
determine whether,107,7.7519
opening comments,471,7.7478
six seven,343,7.7478
north star,459,7.7472
explain why,162,7.7461
remained resilient,138,7.7443
fuel prices,631,7.7439
financial institution,278,7.7436
com search,6257,7.7431
who joined,303,7.7428
patients enrolled,126,7.7402
whatever reason,132,7.7383
large loads,115,7.7381
incentive fees,149,7.7377
economic conditions,407,7.7363
historic levels,147,7.7362
remain confident,2599,7.7341
expressed percentage,142,7.7341
participants listen,217,7.7336
emea asia,117,7.7315
called out,3363,7.7306
someone who,216,7.7305
loans held,373,7.7297
closely aligned,124,7.7263
defense aerospace,168,7.7259
entered agreement,121,7.7255
sized businesses,141,7.7253
challenging macroeconomic,125,7.7253
shopping centers,146,7.7244
card present,103,7.7239
high bandwidth,309,7.7239
insurance claims,204,7.7226
menu innovation,203,7.7213
weeks ago,1055,7.7213
consumer behavior,438,7.7208
fully integrated,591,7.7207
takeaways consolidated,295,7.7195
citigroup ahead,162,7.719
financial measures,5378,7.7175
presentation posted,181,7.717
highest ever,359,7.7139
walk away,207,7.7136
stores opened,183,7.7131
played out,785,7.7131
attach rate,385,7.7128
information presented,202,7.7126
barrels per,800,7.7116
type content,4162,7.711
regular quarterly,157,7.7081
private securities,902,7.708
branch network,116,7.7079
human resources,114,7.7076
return invested,541,7.7074
five ten,225,7.7059
tuesday march,103,7.7058
provision credit,501,7.704
out pocket,314,7.7034
return tangible,418,7.7032
national accounts,285,7.7025
july participants,484,7.7025
saving initiatives,132,7.7023
charge off,1016,7.7013
compete against,156,7.7003
flowing through,768,7.6997
wanted touch,602,7.6991
local language,131,7.6977
sorts things,180,7.6971
affordability challenges,128,7.697
dedication commitment,104,7.6948
subsequent events,123,7.6947
congrats nice,316,7.6933
respond quickly,112,7.693
care professionals,123,7.6923
single family,589,7.6916
despite challenging,446,7.6906
haven changed,225,7.6899
revert back,104,7.6898
regulatory lag,112,7.6886
hopefully gives,284,7.6883
previously treated,112,7.6882
not mistaken,124,7.6874
phase study,976,7.6863
begin overview,118,7.686
gains losses,462,7.6853
remained relatively,346,7.6847
adam adam,109,7.6844
systemwide sales,102,7.6842
evening everyone,282,7.684
leverage ratio,2620,7.6824
undrawn credit,133,7.679
europe asia,523,7.676
gross margin,26807,7.6752
autonomous agents,110,7.6741
emea region,123,7.6739
increasingly complex,151,7.6738
case scenario,118,7.6733
pandemic levels,313,7.673
repurchases repurchased,211,7.673
eight nine,130,7.6727
close eye,188,7.6724
reverse order,102,7.6706
fully funded,222,7.6692
part redesign,105,7.6667
mode after,300,7.6664
purchasing power,221,7.666
tariff impacts,567,7.6657
discretionary spend,184,7.6651
compensation expense,1219,7.6641
sequential improvement,1894,7.662
average ticket,311,7.6619
inventory write,270,7.6619
coming fruition,114,7.6617
servicing fees,102,7.6613
section website,253,7.6609
find ways,318,7.6601
milestone payment,136,7.6591
phase trial,815,7.659
break down,1064,7.6584
uncertainties actual,264,7.6569
filed form,123,7.6564
digital transformation,771,7.6554
may differ,1206,7.6546
per ton,1055,7.6545
type diabetes,350,7.6532
largest contributor,142,7.6531
current accident,152,7.6529
chain constraints,173,7.6524
ancillary services,140,7.652
transcript updated,1446,7.6518
shape form,109,7.65
new logos,667,7.6485
meter power,101,7.6482
maturity profile,174,7.6473
clinical studies,293,7.6464
his opening,201,7.645
slightly below,884,7.6437
first lien,435,7.6435
ended december,737,7.6415
thomas martin,107,7.6415
eight weeks,217,7.6403
service provider,649,7.6401
interim ceo,139,7.6387
pet health,150,7.6369
early stage,1252,7.6367
order book,1172,7.6366
transmission distribution,143,7.6365
long lived,120,7.6363
cre loans,155,7.6359
productivity gains,846,7.6358
remained steady,222,7.6351
able accomplish,154,7.6346
rest world,1245,7.6342
went live,255,7.6338
risk factors,1829,7.6328
take seriously,121,7.6306
fewer days,191,7.629
service providers,689,7.6286
debit credit,105,7.6277
ended june,597,7.6275
strategic alternatives,288,7.6265
critical role,345,7.6257
data readouts,260,7.6237
time frames,128,7.6231
water treatment,203,7.6225
loss ratios,238,7.6224
new orleans,152,7.6223
went effect,214,7.6205
website investors,498,7.6198
solid foundation,526,7.6165
pivotal phase,181,7.614
fully diluted,886,7.6128
making sure,4256,7.6124
figure out,1913,7.6114
tax rate,7269,7.6113
brian lee,177,7.6104
interest taxes,677,7.6094
remain firmly,163,7.6089
cash flows,3339,7.6076
execute against,512,7.6071
shorter cycle,102,7.6065
adult use,150,7.6062
price elasticity,145,7.6061
weighted toward,327,7.6061
european countries,132,7.6052
track achieve,584,7.6021
management signaled,263,7.602
asset manager,185,7.6016
stop loss,225,7.6014
ten years,842,7.5995
flexibility pursue,146,7.5964
thursday january,111,7.5959
client satisfaction,106,7.5956
slowed down,365,7.5952
good luck,999,7.5907
tenable one,167,7.5907
community setting,183,7.5895
atm equity,103,7.5892
health beauty,121,7.589
licensing agreement,117,7.5886
ahead schedule,850,7.5883
autonomous driving,338,7.5879
dig little,492,7.5876
queue participants,275,7.5874
all sudden,308,7.5869
contract renewals,177,7.5867
study evaluating,173,7.5866
spring season,119,7.5856
gap between,538,7.5853
founder ceo,253,7.5851
research development,1671,7.5815
dollar retention,404,7.581
dividend policy,391,7.579
management acknowledged,259,7.5783
favorable foreign,338,7.5779
technologies inc,891,7.5775
promotional activities,133,7.5759
reinsurance transaction,126,7.5743
roll off,574,7.5732
wide range,1136,7.5728
filings detailed,101,7.5708
spend minute,139,7.5701
efficiently possible,101,7.5692
stockholders record,105,7.5658
walked through,220,7.5655
remains uncertain,209,7.5654
progressing planned,133,7.5626
bill ratio,874,7.5626
sneak one,348,7.5625
directly tied,185,7.5617
credit union,115,7.5607
agent count,212,7.5602
insurance premiums,102,7.5597
firing all,172,7.557
everybody joining,570,7.5568
excludes stock,101,7.5559
cost goods,1185,7.5558
north africa,116,7.5536
gradual improvement,158,7.5534
steps taken,138,7.5529
centric approach,110,7.5529
fifth generation,130,7.5523
most notably,653,7.5522
product launches,2107,7.5513
not uncommon,105,7.5505
rolling out,1481,7.5497
equity tier,383,7.5493
trending toward,125,7.5484
fixed maturity,133,7.5441
cost savings,4095,7.5411
note event,289,7.5399
something else,863,7.539
employee benefits,264,7.5372
patrick ryan,159,7.536
eye care,172,7.534
remains fluid,119,7.5339
navigate dynamic,113,7.5333
clear path,626,7.5312
measures refer,265,7.5303
debt refinancing,268,7.5299
previously announced,1037,7.5298
everyone knows,138,7.5296
loan payoffs,115,7.5283
ffo per,915,7.5254
contains forward,259,7.5253
exact numbers,117,7.5248
dedication hard,117,7.5246
broad spectrum,106,7.5244
bidding activity,112,7.5239
rental fleet,127,7.5231
slide eight,565,7.523
large load,601,7.5227
local communities,132,7.5223
baked guide,104,7.5222
top bottom,970,7.5212
taking congrats,957,7.5195
operational efficiency,2266,7.519
manufacturing footprint,542,7.5182
workforce reduction,189,7.5175
couple weeks,1144,7.5163
subsequent quarters,310,7.5161
management stating,396,7.5152
detailed review,242,7.5141
time frame,1967,7.5139
subscriber base,190,7.5134
life insurance,469,7.5128
quickly possible,379,7.5119
coverage ratio,566,7.5117
regulatory compliance,175,7.5113
restructuring charge,200,7.5112
weighted towards,305,7.511
barrels day,345,7.5108
november participants,303,7.5106
quite nicely,195,7.5093
vantage point,130,7.5092
kbw ahead,189,7.509
primarily attributable,448,7.5089
efficiency gains,1114,7.5078
meet needs,486,7.5077
standing relationships,104,7.5063
average coupon,152,7.5045
compete win,118,7.5038
did mention,422,7.5036
high teens,1319,7.5036
everyone welcome,1037,7.5035
legal fees,131,7.5032
multiyear contracts,204,7.5016
interest expense,4808,7.501
star touch,125,7.5008
geographic reach,146,7.5006
accelerated approval,259,7.499
drill down,369,7.4981
deferred compensation,101,7.4966
huge amount,298,7.4961
long dated,104,7.4954
macroeconomic headwinds,175,7.4952
debt maturity,393,7.494
take advantage,2521,7.4927
safety reliability,147,7.4914
plus percent,486,7.4907
diluted share,5545,7.4905
regulatory requirements,250,7.4882
instructions reminder,359,7.4875
upper end,997,7.4874
date feb,344,7.4871
plays out,1272,7.486
well positioned,8195,7.4834
refined products,240,7.4834
per share,27152,7.4812
too early,1877,7.4808
head head,273,7.4797
public private,525,7.4789
performance obligations,436,7.4788
noble capital,177,7.4782
largely unchanged,181,7.4771
personnel costs,342,7.4765
management reaffirmed,474,7.4757
employee compensation,127,7.4756
relations page,300,7.4753
all cylinders,288,7.4735
conservative approach,278,7.473
second half,21000,7.4714
design win,416,7.4708
six nine,263,7.4701
prudent approach,249,7.4687
proof points,502,7.4686
roth capital,471,7.4678
federal state,226,7.4677
meet evolving,174,7.4674
okay perfect,459,7.4674
february march,403,7.4666
menu items,111,7.4652
fulfillment center,153,7.4632
long tail,392,7.4629
forward sharing,1054,7.462
help understand,2054,7.462
slight decline,241,7.4617
welcome everyone,1007,7.4612
too soon,222,7.4604
moving parts,966,7.4601
quota share,177,7.4599
being evaluated,134,7.4594
may disconnect,1358,7.4593
selling general,696,7.459
new entrants,361,7.4578
management anticipates,287,7.4577
measures considered,139,7.4554
bcf per,153,7.4547
george george,101,7.4518
self service,605,7.4514
total addressable,585,7.4504
power swap,119,7.4501
evolving needs,253,7.4495
diluted shares,798,7.449
actively managed,104,7.4485
nasdaq publisher,107,7.4472
significant unmet,266,7.4452
lands end,176,7.444
few examples,345,7.443
nothing else,176,7.4414
alluded earlier,237,7.4412
loyalty members,114,7.4411
general availability,240,7.4398
fully automated,130,7.438
allocate capital,529,7.4362
formal remarks,170,7.4342
completed enrollment,174,7.4331
top tier,652,7.4328
early days,2113,7.4325
exchange act,110,7.4311
brought online,133,7.431
guidance ranges,674,7.4305
diverse set,189,7.4304
talented team,179,7.4304
turn corner,111,7.43
key takeaway,125,7.4297
lay out,457,7.4292
payer mix,329,7.4284
debt issuance,259,7.4282
average fico,113,7.4273
entry level,377,7.4266
delta between,233,7.4264
now disconnect,4657,7.4263
super excited,607,7.4262
every day,3035,7.4261
residential construction,203,7.4256
wind down,579,7.4252
session turn,1460,7.4247
automotive industrial,249,7.424
first mover,249,7.4236
underscores strength,113,7.4226
intense focus,120,7.4214
air traffic,112,7.4208
risk appetite,159,7.4203
conclude today,1293,7.42
food processing,106,7.4167
employer services,121,7.4142
unless stated,115,7.4104
mix shift,2006,7.4103
uncertainties refer,117,7.4099
can accessed,232,7.4093
important note,1428,7.4073
take shot,128,7.4069
current rpo,195,7.4055
risk adjustment,294,7.4052
actively manage,195,7.4047
summer season,134,7.404
corporate finance,290,7.4039
september october,225,7.4038
private credit,1653,7.4026
since ipo,139,7.4018
team members,1488,7.4014
may arise,117,7.4004
transcript oct,168,7.3988
measured approach,172,7.3983
treat patients,150,7.398
project delays,162,7.3976
new england,191,7.3973
management believes,146,7.3971
headwinds tailwinds,148,7.3926
use word,174,7.3925
peer leading,128,7.3904
staying close,138,7.3896
maintenance capex,348,7.3895
job managing,249,7.3887
brian martin,226,7.387
timing differences,143,7.3865
tim tim,108,7.3851
michael brown,169,7.3841
weather conditions,269,7.384
per boe,120,7.3801
actions took,377,7.38
roughly flat,865,7.3798
variety factors,170,7.3797
based upon,1149,7.379
continues evolve,342,7.3789
feel confident,1721,7.3785
okay alright,259,7.3779
main reason,148,7.3771
date oct,122,7.3766
big ticket,216,7.3757
greater clarity,192,7.3746
annual recurring,543,7.3745
main reasons,103,7.3744
guidance assumes,914,7.374
sales force,2150,7.3739
direct consumer,1507,7.3738
paul paul,213,7.373
stay safe,105,7.3721
slide nine,552,7.3718
spending patterns,121,7.3715
investment thesis,153,7.3711
non accrual,193,7.3706
often used,359,7.3693
mortgage spreads,109,7.3688
wholesale funding,195,7.3677
greater detail,520,7.3669
unemployment rate,118,7.3669
fee income,1831,7.3665
largely attributable,146,7.3652
partner ecosystem,318,7.3652
june july,246,7.3633
tonnes per,189,7.3627
less expensive,113,7.3625
self pay,177,7.3622
noise after,232,7.3618
rounding out,155,7.361
bring table,142,7.3606
four pillars,114,7.3605
cost structure,3598,7.3604
holdings limited,119,7.3603
refer certain,301,7.3603
dave dave,114,7.3601
his prepared,557,7.3598
width earnings,6256,7.3589
guidance incorporates,261,7.3582
cost reductions,1526,7.3581
major milestone,246,7.3571
may est,1683,7.3525
reached rmb,116,7.3513
board member,177,7.351
find ourselves,155,7.3499
transcript logo,2120,7.348
february participants,415,7.3455
mike marks,120,7.3449
fairly stable,206,7.3436
deep relationships,195,7.3433
rapid adoption,200,7.343
pending regulatory,133,7.3415
management affirmed,136,7.3388
trust safety,196,7.3352
staffing levels,115,7.3348
defense budget,129,7.3338
eligible patients,131,7.3328
information regarding,478,7.3327
stock based,2561,7.3326
personal auto,106,7.3322
class common,267,7.3313
keep pushing,106,7.3307
pretty decent,144,7.3297
inventory destocking,104,7.3283
most popular,164,7.3259
bounce around,113,7.3239
playing out,1199,7.3227
historical levels,555,7.3221
unwavering focus,113,7.322
stifel financial,587,7.3208
daily active,197,7.3197
distributed power,155,7.3188
financial institutions,518,7.3187
creative cloud,107,7.318
remain unchanged,496,7.3179
years ago,5925,7.3173
roll out,1741,7.3168
low teens,544,7.3144
bill act,160,7.314
client relationships,444,7.3139
mentioned earlier,4359,7.3138
stock split,135,7.3128
gas prices,713,7.3122
want acknowledge,214,7.3095
costs incurred,268,7.3095
wider range,228,7.3088
thomas george,106,7.3085
competitive pressures,323,7.3081
release slides,154,7.3075
marketing spend,1602,7.3073
step ups,123,7.3072
his contributions,117,7.3044
financial corp,606,7.3044
let dive,231,7.3044
top priority,760,7.3039
membership fee,105,7.3037
good everyone,11711,7.3035
allocating capital,284,7.3029
happy report,264,7.3028
never stronger,208,7.3022
hard work,2055,7.3012
phase studies,291,7.3
teens percent,120,7.2992
auto oem,115,7.2989
put place,1375,7.2984
received fda,186,7.2972
attractive returns,417,7.2956
recently acquired,321,7.2949
variety risks,126,7.2944
exact timing,154,7.2944
matter fact,224,7.2931
touch upon,127,7.2925
statements regarding,743,7.2915
somebody who,145,7.2911
anyone who,143,7.2911
streamline operations,137,7.2903
initially anticipated,110,7.2883
continuing invest,949,7.2874
system wide,424,7.2871
david simon,131,7.2857
income attributable,652,7.2856
energy density,119,7.2854
bright future,151,7.2853
ryan todd,108,7.2845
marketing campaign,249,7.2829
adjusted eps,5926,7.2814
primary secondary,103,7.2809
couple quarters,2883,7.2807
country country,136,7.2797
slide seven,557,7.2794
phase trials,269,7.2746
advanced analytics,157,7.2746
amortization expense,406,7.2734
factors section,291,7.2732
outstanding shares,486,7.2724
sharing details,121,7.2717
agreements signed,105,7.2706
provision expense,353,7.27
may vary,207,7.2692
average earning,259,7.2687
contract negotiations,107,7.2682
repurchases shares,516,7.2674
issued earlier,392,7.2663
before dive,204,7.2658
taken steps,113,7.2646
supply constrained,179,7.2639
weather events,229,7.2637
challenging backdrop,100,7.2634
work dedication,356,7.2627
earnings jul,169,7.2618
off shelf,154,7.261
several quarters,2007,7.2601
wholesale shipments,104,7.2599
back school,442,7.2588
financing activities,187,7.2586
clinical practice,108,7.2571
directly linked,115,7.257
excluding onetime,113,7.2561
pleasure working,120,7.2553
latter half,288,7.2551
non insulin,102,7.2512
preclinical data,245,7.2512
delinquency rates,133,7.2508
projected rise,100,7.2503
spec inventory,116,7.2501
shareholders via,300,7.2495
pay dividends,218,7.2491
peter peter,208,7.2481
delivering exceptional,214,7.2462
before begin,1556,7.2445
end loaded,334,7.244
macro geopolitical,112,7.244
challenging macro,253,7.2439
give sense,1649,7.2428
competitive positioning,419,7.2428
shop pay,132,7.2423
minute ago,139,7.242
nothing changed,146,7.2417
highly accretive,168,7.2416
high quality,4777,7.2409
common shares,391,7.2408
ends being,189,7.2406
geographic expansion,463,7.24
risk mitigation,204,7.2392
incredibly excited,358,7.2384
stock buyback,193,7.2383
management explicitly,305,7.2379
recently filed,170,7.2374
instructions note,336,7.2373
tariff situation,235,7.2369
trailing months,378,7.2359
inflationary environment,223,7.2356
gaining momentum,261,7.2354
six eight,206,7.2353
pay later,380,7.2334
cancellation rate,125,7.2333
capital deployment,2696,7.2324
repurchased common,120,7.2324
meeting fda,137,7.2305
invest heavily,119,7.228
regulatory milestones,168,7.2278
august participants,216,7.2268
accelerated depreciation,111,7.2266
challenging conditions,248,7.2257
future events,1359,7.2254
continues outperform,172,7.225
six twelve,185,7.2246
october participants,317,7.2242
ability execute,866,7.2241
management clarified,194,7.2231
rmb billion,1218,7.2225
low double,1975,7.2221
forward looking,14574,7.2217
drug delivery,173,7.2217
leasing activity,551,7.2214
anywhere near,108,7.2207
further strengthens,126,7.2206
extensive experience,126,7.22
trying solve,101,7.2184
fair value,1947,7.2174
financial crisis,189,7.2169
attributed mainly,120,7.2163
centers excellence,159,7.2156
homes sold,106,7.2132
being webcast,377,7.2114
stock compensation,421,7.2111
state street,112,7.2106
intermediate term,162,7.2106
active discussions,257,7.2099
open web,164,7.2095
exceptionally well,656,7.2093
prevent any,258,7.2082
doesn happen,183,7.208
recently released,106,7.2079
competitive differentiation,160,7.2074
enterprise wide,306,7.207
fundamental shift,118,7.2064
external factors,222,7.2056
adjusted ebit,671,7.2039
positioned capture,352,7.2037
scotiabank ahead,117,7.2028
planned maintenance,216,7.2028
stephens ahead,154,7.2018
ticket prices,104,7.2002
appreciate color,1217,7.2002
food safety,202,7.1993
diluted weighted,296,7.1965
form ended,347,7.1964
restructuring actions,335,7.1962
shift towards,544,7.1947
conditions evolve,114,7.1932
user engagement,286,7.1932
enterprise grade,241,7.1919
group wolfe,157,7.1888
regulatory agencies,108,7.1874
gold prices,186,7.1872
may cause,822,7.187
group inc,1273,7.1869
commercial aftermarket,356,7.1864
last night,511,7.1863
com logo,6256,7.1861
back basics,138,7.1839
webcast available,157,7.1836
organization com,6256,7.1828
industry leading,2543,7.1816
net inflows,584,7.1795
wednesday may,289,7.1795
wanted check,154,7.1785
takeaways total,1447,7.1778
william joseph,134,7.1776
exchange rates,817,7.1746
per shipment,534,7.1743
pediatric patients,100,7.1717
operating expenses,9536,7.1702
capital employed,129,7.1699
revenue streams,1337,7.1698
most importantly,1467,7.1697
signs recovery,104,7.1693
data analytics,869,7.1686
efficiency effectiveness,121,7.1686
accident years,241,7.1673
proof point,417,7.1656
want reiterate,455,7.1648
applied digital,120,7.1628
deliberate actions,104,7.1621
loss attributable,263,7.1607
recent acquisitions,894,7.1578
macroeconomic challenges,103,7.1575
survival benefit,103,7.1575
turnaround times,127,7.1574
upgrade cycle,127,7.1569
purchase agreement,203,7.1569
declined modestly,124,7.156
couple years,6618,7.155
tariff exposure,395,7.1544
recycle capital,101,7.1543
pension plan,110,7.1527
member experience,275,7.1503
capitalized interest,201,7.1498
sub debt,175,7.1497
provide useful,138,7.1491
care providers,265,7.1481
his comments,386,7.1476
few quarters,2620,7.1471
investor deck,193,7.1469
kevin kevin,156,7.1465
borrowing costs,189,7.1447
around corner,135,7.1417
mixed use,179,7.1415
employee engagement,140,7.1414
key opinion,133,7.1413
annualized savings,275,7.1409
durable profitable,118,7.1395
tech enabled,102,7.1395
chair board,110,7.1391
kinds things,325,7.1367
baird ahead,345,7.1363
commitment returning,130,7.1354
attachment rate,127,7.135
ubs ahead,739,7.1349
guarantee future,117,7.1341
subscription arr,163,7.1312
reconciliation gaap,420,7.1311
don disclose,149,7.1304
transformation journey,132,7.1301
progressing toward,113,7.1295
feel strongly,198,7.1292
homes closed,104,7.1273
labor force,115,7.127
risk selection,158,7.1266
language model,320,7.126
wish ask,119,7.1259
publicly available,119,7.1236
social inflation,106,7.1226
amid ongoing,122,7.1216
same period,5612,7.121
thursday may,371,7.1208
section tariffs,253,7.12
severance costs,116,7.1199
shipment timing,156,7.1197
patient enrollment,156,7.1192
well suited,214,7.1162
wanted dive,114,7.1161
economic backdrop,104,7.1158
remain optimistic,592,7.115
five years,3827,7.1146
customer centric,291,7.1135
slide presentation,827,7.1126
manager investor,149,7.1115
four five,929,7.1097
half dozen,108,7.1097
commerce media,308,7.1058
selling prices,579,7.1057
release posted,205,7.1036
payroll tax,133,7.103
several years,4506,7.1023
energy transfer,110,7.102
eps accretion,130,7.1019
capacity expansions,182,7.1003
david silver,120,7.0997
loan deposit,791,7.0996
strategic objectives,319,7.0995
mix shifts,355,7.0981
competitive dynamics,640,7.0979
anybody who,112,7.0968
drop off,284,7.0967
teens percentage,271,7.0967
defense intelligence,119,7.0963
shareholder return,611,7.0959
straight quarters,169,7.0948
growing nicely,288,7.0946
par technology,107,7.0942
few hundred,148,7.0941
yesterday announced,132,7.0935
important milestone,445,7.0931
compared prior,7786,7.0923
member engagement,135,7.092
positioned navigate,146,7.0918
okay helpful,1504,7.0902
domestic card,109,7.0896
lasting value,131,7.0882
regulatory filings,199,7.0881
patients families,114,7.0876
offset unfavorable,216,7.086
tariff policies,107,7.0851
joe joseph,101,7.0845
barclays ahead,643,7.0835
pet care,112,7.0833
commercial paper,186,7.0832
defined contribution,102,7.0832
david smith,237,7.082
successful completion,134,7.079
short medium,192,7.0788
pull forward,1350,7.0781
following completion,212,7.0762
sachs ahead,680,7.075
offset declines,372,7.0738
orders magnitude,104,7.0737
six weeks,341,7.0732
below historical,250,7.0729
unfavorable mix,295,7.0724
broken out,207,7.0711
corresponding gaap,124,7.0696
gate model,121,7.0694
now concluded,809,7.0686
shipment volumes,138,7.0686
recently introduced,173,7.0684
jeff jeffrey,110,7.0683
sitting here,407,7.0682
estate owned,104,7.0663
cap rate,927,7.0662
assets liabilities,141,7.066
capacity constraints,256,7.0659
industries inc,235,7.0655
current coupon,110,7.0654
share buybacks,1369,7.0652
gross margins,6003,7.0647
delinquency rate,231,7.0629
cowen ahead,459,7.0627
incredible job,121,7.062
uncertain environment,188,7.0611
hedging program,140,7.0597
materially differ,134,7.0584
read too,151,7.0579
discussing certain,103,7.0574
research proceed,302,7.0571
proceeds sale,191,7.0556
brings together,175,7.055
footprint optimization,195,7.0544
paying users,124,7.0541
loan repricing,130,7.0528
overhead costs,222,7.0526
client facing,106,7.0526
adjusted ebitdar,129,7.0502
europe australia,132,7.0491
management attributing,112,7.0482
revolver capacity,178,7.0482
signed agreement,147,7.0478
powerful combination,110,7.0468
close gap,188,7.0467
geographic mix,406,7.0461
gaining share,802,7.0458
net income,13804,7.0451
remarks hello,190,7.0451
securities proceed,330,7.0447
personal loan,259,7.0443
deliver superior,168,7.0441
structural changes,340,7.0434
mentioned script,198,7.0427
accounting treatment,147,7.042
yourself one,1084,7.0418
remaining authorization,127,7.0414
enterprise resource,136,7.0409
accumulated other,113,7.0409
can found,2198,7.0399
policy changes,437,7.0386
different ways,896,7.038
large enterprises,224,7.038
turning page,290,7.0376
cost controls,462,7.0367
share count,2350,7.036
compass point,153,7.0343
loop capital,344,7.0342
has grown,1221,7.0334
efficiency ratio,1116,7.0316
breaking down,295,7.0301
few years,6038,7.0271
march april,405,7.0271
returns returned,175,7.0253
good news,2001,7.0252
provides flexibility,224,7.0248
controlling interest,121,7.023
remain track,1390,7.0224
day signoff,202,7.0224
primarily driven,5450,7.0222
jefferies ahead,607,7.0218
power generation,1263,7.0216
pulled forward,298,7.0214
national account,151,7.0208
stock repurchase,370,7.0207
ability attract,118,7.0196
has evolved,392,7.0196
paribas ahead,101,7.0194
further strengthen,590,7.0189
materially refer,114,7.0182
sciences inc,102,7.0181
reference certain,125,7.0175
working hard,1222,7.0175
fundamentally different,215,7.0169
enhance shareholder,189,7.0164
inventory levels,1928,7.0145
active buyers,125,7.0145
grew operationally,129,7.0122
optimization efforts,322,7.0102
reconciliations most,266,7.0093
synergy target,125,7.0092
focused maximizing,137,7.0087
management underscored,113,7.0072
policy uncertainty,175,7.0068
preferred shares,118,7.0063
doubling down,443,7.0061
complete response,157,7.0054
employee retention,104,7.0043
once daily,159,7.0042
near medium,223,7.0037
wallet share,560,7.0035
floor back,781,7.0024
discussions fda,126,7.0022
right direction,1074,7.0018
distribution channels,323,7.001
wouldn say,784,7.0001
statements refer,292,6.9995
productivity improvements,580,6.9989
inbound interest,122,6.998
gas processing,171,6.9972
europe japan,168,6.9971
remain focused,3448,6.9969
managed services,479,6.9948
insurance proceeds,162,6.9946
ability sustain,144,6.9921
headcount reduction,180,6.9919
public safety,269,6.9917
role play,219,6.9915
continue monitor,944,6.991
relatively modest,187,6.991
underlying assumptions,197,6.9908
different types,596,6.9906
realized losses,101,6.9901
personal insurance,110,6.99
proactive approach,110,6.99
match group,102,6.989
designed enhance,148,6.9884
fast growing,567,6.9877
regulatory developments,125,6.9867
sec website,176,6.9866
sale proceeds,182,6.986
public filings,137,6.9859
semiconductor manufacturing,125,6.9851
rapidly expanding,178,6.9848
progression free,228,6.9848
reconciliations non,267,6.9847
emerging technologies,128,6.9842
taking congratulations,328,6.9839
squeeze one,282,6.9837
book value,2653,6.9832
plans prospects,111,6.9828
liquidity position,1042,6.9827
recent announcements,118,6.9807
gentlemen does,322,6.9805
highest quarterly,418,6.9803
pushed out,437,6.9795
tax equivalent,147,6.9788
five six,589,6.9784
around world,3861,6.9777
earnings release,4177,6.9772
power plants,193,6.9766
being broadcast,108,6.976
hand floor,105,6.9757
tangible equity,197,6.9753
longer duration,269,6.9751
manufacturing facilities,319,6.9747
fee paying,122,6.9744
transmission projects,134,6.9743
real world,1623,6.973
nav per,170,6.9727
tuesday may,221,6.9725
making easier,300,6.9716
core lab,203,6.9707
management stated,1969,6.9706
multi cloud,276,6.9689
personnel expenses,178,6.9687
owned stores,145,6.9667
relations corporate,519,6.9664
innovative solutions,336,6.9643
fixed income,1407,6.9637
few words,183,6.9637
price pack,137,6.963
provide update,1754,6.961
exceeded expectations,448,6.9602
regulatory clarity,139,6.9592
drivers behind,276,6.9582
administrative expense,293,6.9581
debt reduction,1352,6.958
cash outflow,202,6.9579
stock buybacks,183,6.9572
people living,156,6.9562
fargo ahead,521,6.9544
open label,407,6.9539
mizuho ahead,210,6.9535
lock volume,110,6.9525
high single,5573,6.9518
rolling off,270,6.9513
forward speaking,959,6.9511
most directly,1206,6.9508
net charge,1854,6.9508
mitigate tariff,100,6.9506
asset class,612,6.9501
ample capacity,115,6.9489
three pillars,183,6.9486
net loss,5675,6.9477
advanced materials,192,6.9475
user base,554,6.9472
accretive acquisitions,193,6.9472
pharmacy channel,137,6.947
emerging markets,766,6.9465
great job,1902,6.946
margin compression,668,6.9459
smart home,116,6.9447
provide details,894,6.9441
capital raises,108,6.9428
used vehicle,284,6.9426
spoke earlier,167,6.9419
wafer services,147,6.9397
build upon,462,6.9395
percentage points,2711,6.9394
play role,211,6.9378
program integrity,100,6.937
loss ratio,1140,6.937
asset impairment,156,6.9364
seamless experience,105,6.9358
currency exchange,235,6.9336
units sold,205,6.9334
stanley ahead,723,6.933
proceeds received,105,6.932
non dilutive,143,6.9312
public funds,155,6.9298
ceo role,197,6.9293
discussion risks,222,6.9292
management cited,735,6.9288
above midpoint,615,6.9285
com channel,6271,6.9277
different scenarios,160,6.9276
alex scott,164,6.9272
fully implemented,153,6.9271
asset owners,126,6.9261
folks who,307,6.9257
large pharma,258,6.9256
core strengths,136,6.9254
throughout remainder,296,6.925
can afford,189,6.9239
capacity additions,214,6.9218
quarterly report,357,6.9212
restaurant level,470,6.9209
internal expectations,685,6.9204
left hand,107,6.9201
across board,3176,6.9197
prior period,5796,6.9196
decades experience,162,6.9185
review financials,135,6.9184
completely different,240,6.9176
base metals,100,6.9166
digit millions,153,6.9139
participants chair,105,6.9125
may proceed,1029,6.9119
eric eric,195,6.9118
retail pharmacy,133,6.9118
thermal management,172,6.9115
selling administrative,118,6.911
hear thoughts,218,6.9101
various risks,218,6.9098
most impactful,156,6.9096
cash marketable,383,6.9095
time highs,316,6.9077
bought back,544,6.9069
asset sensitivity,103,6.9059
joe joe,100,6.9056
world evidence,214,6.9053
everyone listening,113,6.9049
all sorts,289,6.9045
negative negative,414,6.9043
leadership team,1684,6.9042
annualized run,319,6.903
promotional environment,330,6.9027
investor presentation,707,6.9023
treasury management,410,6.9022
interest earning,243,6.9019
sequential decline,647,6.9013
slightly above,766,6.9001
called upon,110,6.9001
priority review,225,6.8996
themotleyfool com,6256,6.8994
remained healthy,214,6.8993
client base,992,6.898
digit percentage,1080,6.8966
leadership emphasized,114,6.8964
broader macroeconomic,120,6.8961
managed care,232,6.8959
jason jason,141,6.8957
rapidly growing,369,6.8946
excluding notable,161,6.8944
power density,120,6.8936
may recall,456,6.8932
price sensitive,280,6.893
placed service,161,6.8929
group holdings,208,6.8919
bigger bigger,162,6.8918
down road,916,6.8914
understood helpful,195,6.8913
mid upper,187,6.8912
value conscious,103,6.8908
orders received,268,6.8906
reminder ask,548,6.8903
highly profitable,193,6.8894
remain bullish,175,6.8891
cloud security,365,6.8882
key drivers,1099,6.888
lag between,167,6.8878
capital intensive,254,6.8876
asset sensitive,144,6.887
high unmet,271,6.8865
bit lighter,169,6.8863
concentration risk,114,6.8855
average age,202,6.8847
season pass,151,6.8847
stated otherwise,120,6.8846
out gate,401,6.8841
previously guided,162,6.8827
first responders,107,6.8817
force behind,118,6.8796
banking fees,132,6.8784
flat rolled,104,6.8782
recent developments,195,6.8766
become efficient,199,6.8756
off table,215,6.8735
authorization remaining,113,6.8729
computing power,151,6.8723
unpack little,358,6.8718
annual meeting,266,6.8713
evening taking,199,6.8701
his remarks,557,6.8688
most recent,2587,6.8676
unified platform,224,6.8674
not necessarily,2186,6.8673
presentation session,245,6.8669
sandler ahead,321,6.8651
contract wins,314,6.8645
remain laser,158,6.864
exceptionally strong,400,6.8634
oppenheimer ahead,237,6.8634
stifel ahead,251,6.8632
contracted backlog,118,6.8624
due absence,119,6.8617
own internal,273,6.8617
client retention,344,6.8616
most pronounced,129,6.8606
macro pressures,133,6.8603
outside china,453,6.8601
cash burn,591,6.8597
late february,177,6.8592
eric thomas,130,6.8583
website sec,161,6.8581
clinical outcomes,274,6.8581
news release,263,6.858
helped drive,442,6.8579
additional disclosures,110,6.8578
elaborate little,445,6.8575
share wallet,506,6.8572
announced yesterday,112,6.8565
tom tom,129,6.8563
reported constant,471,6.8553
turned positive,142,6.8553
profit sharing,205,6.8553
cloud providers,185,6.855
pulled back,300,6.8545
took advantage,196,6.8543
great strides,120,6.8542
worth shares,161,6.8537
recently completed,418,6.8533
committed maintaining,194,6.8518
long lasting,103,6.8513
under consideration,154,6.8511
ended march,484,6.8511
posted investor,264,6.8505
goes away,139,6.8504
remained flat,326,6.8503
reaffirmed its,146,6.8499
use case,918,6.8493
form form,149,6.8491
planning analysis,144,6.849
inorganic opportunities,189,6.8471
consumer facing,191,6.8457
adoption curve,124,6.845
interest rates,3562,6.8435
money funds,121,6.8433
now conducting,499,6.8432
challenging environment,565,6.8431
under construction,642,6.8427
distributable cash,154,6.8427
walking through,158,6.8424
exact number,242,6.842
anywhere between,157,6.8408
fairly consistent,272,6.8404
content creation,213,6.8402
organic constant,474,6.8378
highly diversified,107,6.8375
shopping center,142,6.8361
dividend payments,323,6.8359
most sophisticated,163,6.8355
institutional clients,161,6.8343
disciplined underwriting,199,6.833
input cost,496,6.8318
may contents,281,6.831
his closing,291,6.8299
price gaps,109,6.8291
showing further,523,6.8283
undertake any,279,6.8276
milestones achieved,113,6.8274
underscoring strength,102,6.8272
nice tailwind,125,6.827
contracts signed,152,6.8269
early indicators,196,6.8268
personnel related,177,6.8268
months ago,1987,6.8261
substantial portion,155,6.8259
better align,347,6.8249
actively working,445,6.8233
received approval,146,6.8227
engineering design,148,6.8221
ultra low,108,6.822
land banking,110,6.8218
loan receivables,107,6.8217
vendor partners,120,6.8211
outlook assumes,270,6.8203
statements reflect,482,6.8194
structural advantage,153,6.8193
costs associated,1156,6.8182
conclude program,343,6.8178
coatings segment,122,6.8175
channel inventories,133,6.8171
remains authorized,118,6.8171
capital ratios,572,6.8169
come online,880,6.8154
any obligation,671,6.8131
relatively steady,165,6.8128
fairly quickly,144,6.8119
remains challenged,111,6.8113
especially considering,108,6.8107
close attention,149,6.8101
structural improvements,185,6.8097
pretty sizable,125,6.8089
months ended,1159,6.8074
macro conditions,287,6.8061
domestic content,230,6.8059
primary drivers,447,6.8051
parts country,144,6.8045
pricing actions,1618,6.8037
wood products,213,6.8022
took place,296,6.8021
trial design,253,6.8019
successfully launched,122,6.8018
getting worse,111,6.8017
laying out,177,6.8009
implied guide,103,6.7995
cloud environments,103,6.7993
shifting toward,133,6.7991
three buckets,103,6.799
slow down,536,6.7972
citi ahead,433,6.7966
low mid,1878,6.795
putting place,268,6.7949
leadership transition,354,6.7945
pharmacy benefit,166,6.7943
help mitigate,199,6.7938
comparable store,364,6.792
realized gains,152,6.7919
ever changing,110,6.7897
can imagine,1144,6.7897
investment banking,619,6.7892
reconciliation non,358,6.7886
macroeconomic factors,150,6.7873
gives flexibility,289,6.7873
capital formation,172,6.7869
posted website,101,6.7856
wanted follow,1502,6.7854
gas utility,128,6.7852
directly impacting,111,6.7832
stranded cost,108,6.7816
europe latin,112,6.7814
financial condition,274,6.781
let briefly,197,6.7809
discussed previously,321,6.7804
highest priority,156,6.7801
digital banking,306,6.7797
wants add,103,6.779
prepared comments,812,6.7779
needham ahead,210,6.7779
card members,121,6.7776
cash inflow,122,6.7774
patient outcomes,226,6.777
google cloud,344,6.7757
self help,353,6.7757
few months,2391,6.7756
give idea,249,6.7753
big difference,339,6.7749
positive comps,310,6.7742
ability navigate,194,6.7733
learning models,105,6.7727
fleet utilization,203,6.7717
simply put,207,6.7708
being equal,185,6.7703
high degree,439,6.7702
those expressed,492,6.7684
raise prices,162,6.7681
pay off,719,6.7679
feel good,8076,6.7672
east asia,120,6.7657
turn back,8078,6.7648
james west,103,6.7646
grew organically,178,6.7633
additional details,868,6.7625
flow generation,2452,6.7617
focused executing,673,6.761
operational discipline,643,6.7606
before wrap,189,6.7587
recent announcement,175,6.7573
pointing out,257,6.757
remain cautious,230,6.7559
committed delivering,345,6.7555
part equation,176,6.755
cautious approach,127,6.7538
geopolitical environment,235,6.7533
share gains,3157,6.7532
btig ahead,140,6.7518
open instructions,774,6.7511
available liquidity,612,6.7505
regulatory framework,169,6.7502
net adds,559,6.7498
high density,295,6.7491
auto finance,136,6.7491
coming online,898,6.7474
its own,947,6.747
putting together,238,6.7468
highly competitive,418,6.7464
calling out,496,6.7461
strategic partnerships,606,6.7459
fast track,206,6.7459
used measure,180,6.7457
make easier,455,6.7455
comprehensive review,114,6.7453
under pressure,725,6.7442
jim jim,107,6.7441
takes account,143,6.7441
referenced earlier,250,6.7435
went public,144,6.7428
price appreciation,142,6.7421
third consecutive,893,6.7421
risk assessment,121,6.7409
every single,1729,6.7404
somewhere around,412,6.7397
his leadership,233,6.7394
write down,370,6.7386
becomes available,152,6.738
considered addition,120,6.7379
ebit margin,646,6.7372
effectively manage,130,6.736
discuss detail,265,6.7357
capital intensity,429,6.7351
pass along,193,6.7345
fast possible,113,6.7342
tremendous job,119,6.734
underwriting discipline,124,6.733
national bank,276,6.7323
okay understood,247,6.7318
hand hand,302,6.7316
operational improvements,886,6.7314
continues demonstrate,258,6.7304
macro headwinds,291,6.7302
reduction act,154,6.7301
expect incur,150,6.7277
recurring revenue,3405,6.7268
combination therapy,158,6.7267
achieved record,690,6.7262
shorter term,310,6.726
customer base,4446,6.7259
share buyback,939,6.7257
allocation decisions,180,6.7257
key driver,884,6.7243
deeper engagement,118,6.7243
shares common,273,6.7225
minimum tax,121,6.7218
stock keeping,117,6.7216
full transcript,6956,6.7211
ability deliver,1697,6.7201
faster pace,259,6.7191
seat based,193,6.719
leadership position,889,6.7188
availability under,247,6.7185
results underscore,176,6.7171
performance coatings,175,6.717
weather impacts,147,6.7168
rent coverage,101,6.7166
patients physicians,198,6.7163
mortgage finance,123,6.7161
primary care,626,6.7156
returning capital,927,6.715
property plant,107,6.7127
constant exchange,134,6.7123
step back,2764,6.7116
long island,110,6.7111
adjacent markets,160,6.7107
excluding special,135,6.7107
strip out,198,6.7104
subject regulatory,175,6.7102
continuing operations,1274,6.7092
york stock,126,6.7089
discuss certain,417,6.7086
nine month,235,6.7084
three four,1474,6.7084
advertising spend,327,6.7077
treated patients,110,6.7066
deposit costs,1135,6.7065
reached record,474,6.7061
don necessarily,497,6.7057
excitement around,255,6.7057
key element,198,6.7057
chris christopher,170,6.7049
jeff director,113,6.7038
comprising total,104,6.7038
demonstrates strength,108,6.7038
has instrumental,116,6.7035
words such,107,6.703
amortization excluding,143,6.7028
isi ahead,248,6.7017
building block,129,6.7016
copper production,216,6.7012
household income,145,6.7009
leading provider,187,6.6998
cannot comment,100,6.6997
pulling back,316,6.6989
margin expansion,9257,6.6978
thing add,1350,6.6976
delivered solid,816,6.6973
common shareholders,335,6.6971
thought process,454,6.6968
generation battery,138,6.6966
data sets,478,6.6958
production ounces,105,6.694
doesn mean,595,6.6939
cfo role,112,6.6935
highly successful,187,6.6933
production enhancement,100,6.6919
software stack,132,6.6915
industry wide,575,6.6912
repurchased approximately,653,6.6907
shift away,238,6.69
allocation strategy,1223,6.6898
further strengthened,215,6.6892
two decades,333,6.6887
staying focused,179,6.6872
recently signed,183,6.6871
further differentiate,107,6.6867
pharma companies,108,6.6862
date nov,103,6.684
any thoughts,1554,6.6834
land expand,305,6.6834
jeff jeff,159,6.6829
highly attractive,173,6.6829
took effect,117,6.6822
quarterly cadence,204,6.6816
agreement signed,114,6.681
specialty insurance,157,6.6807
offset dilution,128,6.6807
not surprisingly,100,6.6804
loyalty programs,133,6.6801
higher yielding,293,6.6799
mortgage rates,610,6.6796
network optimization,290,6.6796
benefited favorable,106,6.6794
battery energy,135,6.6793
data readout,161,6.6786
time consuming,110,6.6782
lines therapy,182,6.678
critical component,139,6.6778
not recur,175,6.6778
david anderson,103,6.6773
interest income,4622,6.6768
moment recognize,111,6.6764
play out,2642,6.6764
further queue,355,6.676
small portion,320,6.6744
extremely pleased,283,6.6742
turned off,107,6.6729
was hoping,2323,6.6728
critical infrastructure,484,6.6727
sales rep,149,6.6717
gears little,156,6.6717
ending arr,129,6.6713
past few,1832,6.6711
pre buy,135,6.6708
office leasing,100,6.6707
super exciting,123,6.6702
stock exchange,233,6.6701
lowest level,255,6.6699
leadership positions,161,6.6698
mark smith,138,6.6695
tariff policy,208,6.6693
renewal rates,376,6.6659
strategic pivot,139,6.6644
cost cutting,309,6.6643
involve number,151,6.6642
let turn,3621,6.6638
earnings aug,267,6.6633
guidance implies,439,6.6631
long runway,438,6.6631
advisory services,172,6.6623
flow conversion,1497,6.6622
perform well,1169,6.6621
return equity,875,6.661
performance achievements,179,6.661
versus prior,4995,6.6609
ifrs financial,132,6.66
had chance,306,6.6597
ryan ryan,130,6.6587
maintaining disciplined,282,6.6575
customer facing,407,6.6574
normal course,413,6.6573
provide updates,427,6.6566
card fees,115,6.6564
funds operations,367,6.6564
profit dollars,445,6.6562
consecutive double,300,6.6561
communications inc,164,6.6561
origination volumes,125,6.6554
free contact,148,6.6548
put context,385,6.6546
highest level,828,6.6541
flat slightly,572,6.6537
past decade,266,6.6534
digital advertising,352,6.6533
renewed focus,162,6.653
sustained profitable,111,6.6523
competitive edge,185,6.6523
distribution centers,337,6.6512
emerging brands,170,6.6506
search engine,131,6.6501
domestic international,268,6.6499
natural history,111,6.6481
production ramps,104,6.6479
riley financial,214,6.6476
leverage ratios,166,6.6474
constant dollars,164,6.6471
reiterated its,118,6.6468
prior periods,625,6.6467
core iot,112,6.6464
multiple levers,118,6.6463
silver production,135,6.6452
last mile,342,6.6435
home health,433,6.6424
confidence achieving,217,6.6422
feature set,101,6.6405
product roadmap,318,6.6393
current views,154,6.6392
strategy centered,101,6.6381
environmental solutions,101,6.6379
pending acquisition,173,6.6379
normal cadence,105,6.6378
different kinds,144,6.6377
couple examples,198,6.6374
principal balance,159,6.6369
dilutive impact,163,6.6356
capacity constrained,118,6.6349
under heading,125,6.6328
contract renewal,159,6.6322
giving confidence,247,6.6319
realize benefits,143,6.6308
commodity price,396,6.6302
strategic initiatives,1751,6.6298
help unpack,123,6.6289
accounted total,281,6.6286
times trailing,123,6.6277
risk rating,117,6.6262
working capital,7021,6.6257
matters most,273,6.6252
zoom out,252,6.6251
patients living,104,6.6248
each individual,179,6.6242
don wanna,356,6.624
highlights include,170,6.6235
record setting,287,6.622
corporate payments,227,6.6217
does sound,105,6.6215
engineering teams,185,6.6213
fiscal twenty,316,6.6209
already underway,281,6.6208
possible without,186,6.62
operating income,9937,6.6198
better worse,168,6.6187
energy resources,281,6.6185
allowance loan,112,6.6183
equipment finance,191,6.6176
march participants,446,6.6166
may necessary,355,6.6146
subject certain,212,6.6132
embedded guide,192,6.6127
highly confident,325,6.6126
fit win,137,6.6121
done fantastic,129,6.6118
dollar amount,280,6.6118
currency basis,2178,6.6117
not relied,101,6.6113
merger related,264,6.6111
break out,771,6.6103
nim expansion,198,6.6094
averaged per,164,6.6093
continues grow,1997,6.609
back queue,761,6.6081
rate swaps,169,6.6079
currently underway,123,6.6077
strongly believe,246,6.6069
prior calls,551,6.6052
help bridge,172,6.6046
help frame,277,6.604
mass production,177,6.604
top mind,454,6.603
jpmorgan ahead,536,6.6028
foundation models,171,6.6027
not guarantees,256,6.6025
average selling,887,6.6024
modest sequential,182,6.6015
sustaining costs,164,6.6
gaap eps,1920,6.5989
past several,1234,6.5985
performed well,828,6.5982
further strengthening,373,6.5975
implied such,119,6.5972
remains central,173,6.5965
share payable,272,6.596
blood based,128,6.5945
hard goods,102,6.5945
rate cut,514,6.5937
spend money,322,6.5936
let explain,131,6.5934
retail media,587,6.5919
capital recycling,320,6.5917
tariff uncertainty,261,6.5905
time charter,287,6.59
manufacturing facility,438,6.59
medium longer,154,6.5899
digit percent,336,6.5899
merchant solutions,153,6.5894
remained elevated,130,6.5885
well capitalized,461,6.5875
shares issued,141,6.5868
sales reps,340,6.5847
grid infrastructure,113,6.5835
results reflect,1490,6.5825
hey good,4840,6.5825
represented total,424,6.5823
forma basis,508,6.5797
presentation materials,126,6.579
ultra high,194,6.5784
most valuable,265,6.5762
haven heard,113,6.5761
surpassed billion,257,6.5755
upcoming investor,277,6.5732
asset yields,206,6.5727
depreciation expense,266,6.5719
specific reserves,114,6.5712
software hardware,145,6.5708
short cycle,437,6.5708
yet recognized,135,6.5702
roster first,373,6.5696
moving slide,1516,6.5687
private banking,173,6.5685
future periods,459,6.5682
gaap reconciliations,185,6.5675
continue invest,3692,6.5663
feeling pretty,172,6.5662
network effects,125,6.5659
funded backlog,104,6.5644
leisure demand,123,6.5636
notes due,374,6.5633
digital native,106,6.5632
now pleasure,375,6.5625
didn hear,157,6.562
guidance reaffirmed,327,6.5613
fiber home,104,6.5601
any background,269,6.5594
needs happen,241,6.5578
estate loans,295,6.5577
key milestones,292,6.5574
important element,169,6.557
positive feedback,368,6.5563
food service,421,6.5554
since launching,168,6.5552
moved quickly,105,6.5537
bunch different,157,6.5519
found investor,256,6.5514
industrial applications,237,6.5509
changing conditions,123,6.5499
scott group,422,6.5492
grade credit,299,6.5487
invest behind,246,6.5485
free fire,129,6.5483
handing over,127,6.5473
performance chemicals,139,6.5472
according management,408,6.5466
does compare,177,6.5465
drug development,302,6.5465
copper world,123,6.5457
tariff landscape,124,6.5451
refinancing activity,123,6.545
americas europe,125,6.5448
minutes ago,219,6.5447
signed contracts,125,6.5447
upper single,184,6.544
north south,133,6.5437
growing faster,806,6.5434
origination volume,242,6.5432
federal funding,127,6.5427
jet forward,128,6.5424
day ladies,249,6.5424
average monthly,246,6.5408
per basic,269,6.5407
helped offset,240,6.5406
asset values,110,6.5404
customer engagements,207,6.5396
turn slide,2250,6.5393
net outflows,228,6.5374
exact same,196,6.5356
plant equipment,134,6.5342
start ups,237,6.5335
discussed earlier,495,6.5329
stock trading,150,6.5322
demand signals,331,6.5317
global leader,296,6.5315
renewal premium,120,6.5306
global footprint,522,6.53
physicians patients,174,6.5299
actual events,189,6.5297
pretty impressive,195,6.5297
might imagine,113,6.5289
earnings mar,175,6.5281
risks cause,136,6.5278
incredible amount,117,6.5277
put together,740,6.5277
variety different,207,6.5275
getting closer,309,6.5268
may affect,253,6.5267
cycle times,480,6.5266
deploy capital,1028,6.5265
neutral basis,482,6.5264
certain non,1604,6.526
self funding,100,6.5251
industrial automation,166,6.5247
defense spending,208,6.5238
clear evidence,133,6.523
loyal customers,131,6.5209
excluding fuel,287,6.5195
operating leverage,5588,6.5192
early indications,247,6.5191
thing mention,144,6.519
non recurring,763,6.5187
iii clinical,103,6.5186
patients who,1428,6.5182
power plant,253,6.5181
annualized recurring,110,6.5173
pilot program,154,6.5173
key elements,240,6.5153
queue press,126,6.5151
gained share,330,6.5151
relatively consistent,442,6.5146
venue sales,112,6.5141
five seven,214,6.5138
reconciliations between,140,6.5116
tax law,127,6.5115
spending money,198,6.5114
normalized levels,224,6.5103
tail end,281,6.5096
same property,802,6.5087
operating profit,3848,6.5085
cover detail,106,6.5079
minimal impact,324,6.5066
work closely,531,6.5065
commercial readiness,102,6.5059
maximize value,402,6.5059
six month,438,6.5052
easy use,216,6.5047
take moment,1264,6.5041
proceeds used,181,6.5038
potential upside,571,6.5032
larger deals,336,6.5031
keeping close,120,6.5018
cost absorption,282,6.5015
seasonal trends,271,6.5004
bernstein ahead,130,6.4998
analysis all,2127,6.4989
guidance anticipates,192,6.4988
maybe sticking,135,6.4983
value perception,104,6.4978
without giving,128,6.4974
mine plan,142,6.4974
curious thoughts,239,6.4962
before discussing,149,6.4957
blair ahead,266,6.4957
progress made,2166,6.4956
triple net,298,6.4946
away home,177,6.4917
delivered another,1224,6.4909
bill materials,134,6.4909
now turn,13682,6.4907
detailed information,124,6.4898
thirty years,189,6.4896
commercial aerospace,319,6.4896
investing behind,194,6.4895
tax provision,161,6.4894
average check,139,6.4893
deposit ratio,392,6.4883
session reminder,188,6.4875
key pillars,130,6.4871
tax payments,446,6.4868
big box,164,6.4867
leadership confirmed,108,6.4867
per megawatt,227,6.486
live events,181,6.4845
calendar shift,135,6.4831
value added,1484,6.4823
guys congrats,382,6.4816
huge opportunity,525,6.4816
national brands,214,6.4811
without having,399,6.4808
renewable power,100,6.4807
set ourselves,201,6.4806
credit quality,1384,6.4804
customer lifetime,201,6.479
property types,105,6.4783
gaap diluted,1184,6.4776
high bar,216,6.4776
highly efficient,143,6.4776
china india,145,6.4771
recapture rate,117,6.4765
continue innovate,397,6.4762
perfect example,146,6.4757
public cloud,281,6.4748
purchase orders,201,6.4747
cost pressures,714,6.4745
accurate only,101,6.472
not stopping,130,6.4719
management highlighted,1358,6.4715
under contract,724,6.4714
events differ,109,6.4697
lot excitement,268,6.4697
strategic direction,294,6.4696
largely due,987,6.4695
everyone participating,148,6.4687
since beginning,559,6.4679
medium long,543,6.4648
maximizing value,177,6.4645
product lineup,156,6.4644
exceeding expectations,282,6.4632
research partners,573,6.4609
treasurer yeah,120,6.46
back half,9538,6.4594
sleep number,100,6.4587
both domestically,131,6.4586
wanna make,332,6.4572
entire ecosystem,114,6.4559
gross written,250,6.4556
significantly reduced,275,6.4553
give update,1141,6.4527
pain points,221,6.4508
booking trends,114,6.4506
health systems,506,6.4497
want highlight,791,6.4495
reserve development,272,6.4492
fre margin,147,6.4483
chain disruption,109,6.4481
exit rate,611,6.447
dividend yield,258,6.447
keys any,167,6.4468
goal achieving,102,6.4466
plenty capacity,101,6.4462
taken account,121,6.4461
biggest piece,103,6.446
held investment,380,6.4458
trade flows,127,6.4455
auto insurance,169,6.4439
start forms,120,6.4403
asset quality,991,6.44
adjusted diluted,2218,6.4397
wholesale channel,198,6.439
utility scale,202,6.4386
positive signs,233,6.4378
indicator future,178,6.4375
today presentation,1553,6.4373
repurchase activity,468,6.4361
dynamic environment,539,6.434
physical digital,129,6.4339
hyperscale data,131,6.4337
supply disruptions,124,6.4337
partly due,131,6.4327
being able,3349,6.4317
since joined,108,6.4309
comfort level,102,6.4306
not overly,166,6.4301
life changing,114,6.4301
any color,3185,6.4289
freight costs,374,6.4288
fully realized,131,6.4287
people who,1600,6.4287
money fund,123,6.428
excludes impact,209,6.4278
way describe,145,6.4278
release reconciliation,104,6.4277
tariff headwinds,296,6.4274
pass through,1385,6.427
week week,267,6.4266
materially those,1855,6.4262
management indicated,599,6.4257
stock repurchases,280,6.4255
reserve release,151,6.4249
trade off,521,6.4241
revised guidance,376,6.4238
invested capital,951,6.4235
good shape,717,6.4232
results demonstrate,565,6.4225
further enhance,511,6.422
flat sequentially,571,6.4211
commercial payers,144,6.4203
pretty bullish,120,6.4202
consumer discretionary,113,6.4198
fully committed,251,6.4194
usd billion,144,6.4193
real quick,485,6.4187
competitive environment,1160,6.4182
being thoughtful,209,6.4182
per lane,154,6.4181
equity raise,148,6.4175
release presentation,329,6.4168
raising prices,123,6.4163
management noting,287,6.4163
strategically important,207,6.4157
income taxes,389,6.4137
private sector,160,6.4136
important aspect,109,6.4132
pretty tight,124,6.4122
pieces together,127,6.4119
can assure,110,6.4118
feeling good,570,6.4117
ffo debt,185,6.4116
has allowed,636,6.4101
help quantify,134,6.41
providing updates,129,6.4082
deliver exceptional,212,6.4079
figure deal,110,6.4078
late january,177,6.4078
lower yielding,167,6.4076
excess liquidity,134,6.4064
consulting services,110,6.406
subsequent end,446,6.4057
same restaurant,378,6.4056
insurance companies,368,6.4052
touched earlier,117,6.4044
risks ceo,241,6.4036
want express,200,6.4027
has changed,1564,6.4016
mission systems,140,6.4015
one telephone,638,6.4014
expected persist,160,6.3983
digital channels,320,6.3975
newer products,240,6.3973
already booked,109,6.3972
position ourselves,286,6.3969
those kinds,415,6.3967
spent lot,580,6.3964
has gone,864,6.3957
flow breakeven,276,6.3946
monday may,117,6.3945
exclude impact,207,6.3932
client engagement,304,6.3916
fitzgerald ahead,113,6.3914
emphasized ongoing,138,6.3912
management citing,277,6.391
pre post,104,6.3908
quality standards,109,6.3904
one moment,2986,6.3892
earnings oct,200,6.3887
small shop,117,6.3886
enormous opportunity,103,6.3882
second lien,104,6.3876
recurring items,199,6.3874
mortgage loans,239,6.3868
favorable mix,851,6.3859
compared placebo,102,6.3846
continue evaluate,956,6.3846
dive little,227,6.3841
fully aligned,126,6.384
not substitute,292,6.3835
recently approved,158,6.3825
since pandemic,120,6.3824
pension income,107,6.382
previously issued,116,6.3819
mitigate risk,129,6.3815
back forth,381,6.3807
physicians who,149,6.38
remains healthy,490,6.3791
scott scott,247,6.3787
having conversations,219,6.3786
cancer patients,289,6.3777
proud report,113,6.3775
equivalent per,279,6.3773
urban markets,103,6.3759
insurance coverage,150,6.3755
release filed,115,6.3753
level burn,152,6.3749
significant portion,702,6.3749
diluted earnings,2209,6.3748
lower priced,226,6.3747
original expectations,233,6.3745
loans leases,121,6.3743
chain issues,170,6.3742
best estimate,262,6.3742
let start,3462,6.3731
become bigger,139,6.3723
carrying value,176,6.3721
help solve,102,6.372
tremendous opportunity,461,6.3706
decade ago,188,6.3705
external environment,247,6.3703
ongoing conflict,111,6.3701
lunar new,113,6.3684
product lines,1860,6.368
positively impact,215,6.3668
outperformance relative,106,6.3661
grow faster,696,6.3659
quite bit,2273,6.3651
charge coverage,103,6.3647
moving forward,3573,6.3636
commercial excellence,303,6.3633
accelerated pace,140,6.3632
power gen,166,6.3614
per occupied,122,6.361
strategic importance,127,6.3609
steady progress,421,6.3608
operating activities,1290,6.3608
probably somewhere,134,6.3605
delivered exceptional,169,6.3587
onto platform,135,6.3568
sustaining capital,289,6.3564
five percent,218,6.3561
investing activities,165,6.3558
fully deployed,114,6.3553
got helpful,1595,6.3535
relative peers,123,6.353
slight improvement,193,6.3524
tech companies,194,6.3518
recurring subscription,103,6.3516
but suffice,104,6.3514
those sorts,151,6.351
asset servicing,114,6.3498
across country,990,6.3484
strategic pillar,111,6.3482
volatile environment,125,6.3474
negative impact,1466,6.3469
gold production,251,6.3467
gonna happen,204,6.3456
taking wanted,1421,6.3447
msr portfolio,105,6.3439
upcoming quarters,251,6.3438
ceo founder,107,6.3436
information provided,229,6.3436
noninterest expenses,216,6.3425
economic environment,460,6.3423
ability generate,430,6.3406
additional information,888,6.3386
during pandemic,241,6.3377
states canada,100,6.3374
almost every,411,6.3371
guys taking,1828,6.336
oil natural,111,6.3359
fixed cost,1331,6.3354
dividend paid,200,6.334
progress toward,722,6.3339
timing issue,234,6.3336
normal weather,101,6.3329
price sensitivity,134,6.3321
late october,102,6.3314
how plays,707,6.3313
last week,2317,6.3307
conversion rates,759,6.3301
loan portfolios,114,6.3293
metric representing,136,6.3282
substitute financial,139,6.328
base rent,289,6.328
noted earlier,526,6.3268
large scale,1781,6.3263
returns shareholders,473,6.3257
has slowed,246,6.3254
unfavorable impact,312,6.3253
remained robust,162,6.325
fill rates,141,6.3247
declared per,164,6.3245
participating today,380,6.3241
labor inflation,121,6.3228
davidson ahead,120,6.3227
dividend per,1651,6.3226
volume declines,332,6.3221
not undertake,418,6.3212
purchase price,587,6.3203
light model,296,6.3189
mobile order,203,6.3188
employee related,238,6.3186
rather later,124,6.3172
gaap measure,341,6.3151
four weeks,290,6.3134
deploying capital,486,6.3133
alignment between,141,6.3131
entry point,257,6.3131
throughout rest,370,6.3129
being careful,100,6.312
highlight few,367,6.3117
constantly looking,170,6.3115
previously shared,166,6.3106
wealth channel,147,6.3093
internal targets,123,6.3088
why wouldn,174,6.3083
per day,4103,6.3079
energy transition,349,6.3078
high school,180,6.3068
operational execution,1058,6.306
had originally,236,6.3058
friday may,122,6.3051
china japan,111,6.3043
store count,254,6.3036
reporting segments,110,6.3022
biggest drivers,140,6.3005
focus maximizing,101,6.3
such statements,758,6.2988
session ask,344,6.2984
home equity,377,6.2983
net interest,6246,6.2973
deposit franchise,126,6.2972
app store,180,6.2967
curious hear,251,6.2955
steve steve,157,6.2954
somewhere range,239,6.295
according plan,164,6.294
central america,115,6.2936
take minute,166,6.2933
tight supply,111,6.2924
client wins,181,6.2923
uncertainties associated,111,6.2922
make sense,1266,6.2915
covid levels,187,6.2909
distribution network,413,6.2899
don anybody,111,6.2885
said script,119,6.2872
commitment delivering,277,6.2869
not satisfied,217,6.2866
premium tier,114,6.2865
slide six,558,6.2859
guided range,363,6.2857
reporting structure,102,6.2854
originally expected,174,6.285
retail wholesale,177,6.2849
statements made,1129,6.2842
customer experience,2787,6.2839
remains robust,517,6.2837
accelerating adoption,177,6.2832
extremely excited,250,6.2822
continue refine,227,6.2822
rose sequentially,202,6.2817
initiatives underway,176,6.2805
key metrics,692,6.2803
productivity initiatives,593,6.2803
expected contribute,357,6.2793
significant amount,1025,6.2784
want briefly,202,6.278
revenue stream,578,6.2774
effective january,199,6.2772
contract duration,155,6.2768
open floor,205,6.2761
expenses decreased,582,6.276
matt matthew,122,6.2759
designed address,111,6.2758
highest quality,357,6.2756
post close,228,6.2756
management described,854,6.2741
lot noise,315,6.2741
remain elevated,462,6.2739
joined today,342,6.2738
incident rate,130,6.2728
entire organization,236,6.2726
look forward,12212,6.272
outstanding job,161,6.272
toward achieving,103,6.2715
legal expenses,223,6.271
create shareholder,185,6.2698
subject conditions,106,6.269
statements represent,173,6.2689
big contributor,112,6.2685
corporate development,580,6.2677
international markets,1988,6.2671
tariff related,861,6.2669
electricity demand,152,6.2664
able achieve,597,6.265
mass capacity,122,6.2628
data fabric,110,6.2627
variable costs,299,6.2625
gaap reconciliation,230,6.2624
spot rates,317,6.262
timing shifts,113,6.2619
want clarify,316,6.2619
navigate current,169,6.2611
arpu average,120,6.261
multiple geographies,105,6.2604
remains resilient,162,6.2602
innovative products,381,6.2572
total prescriptions,114,6.2571
focus ours,123,6.2566
credit facilities,410,6.2562
executing discipline,131,6.2551
happy take,823,6.2542
customer relationships,1075,6.2534
declined sequentially,364,6.2531
key contributor,145,6.253
capitalize opportunities,230,6.2508
heard talk,485,6.2503
actions implemented,101,6.25
time conduct,186,6.2495
want dig,152,6.249
remains track,604,6.2485
okay great,3175,6.2481
offset softness,161,6.2476
base case,591,6.2475
big driver,485,6.2463
spread between,285,6.2459
path toward,160,6.2457
america europe,568,6.2456
per unit,1395,6.2455
cautioned not,130,6.2455
seasonally lower,197,6.2443
gone through,745,6.2432
extended period,255,6.2426
nothing material,121,6.2425
talk little,4581,6.2425
significant milestone,314,6.2425
generate attractive,130,6.2421
turn over,17138,6.2416
sports content,103,6.2415
strategic priority,380,6.2412
oem partners,155,6.2399
summary management,1236,6.2397
brand recognition,177,6.2395
indicating ongoing,145,6.2394
geopolitical risk,134,6.239
reconciliation between,178,6.2388
positive sign,165,6.238
few highlights,294,6.2376
ever before,489,6.2363
finance investor,311,6.2359
highest history,104,6.2352
largely driven,1137,6.235
momentum heading,113,6.2345
all references,201,6.2342
late fee,146,6.234
passing through,140,6.2337
stage pipeline,383,6.2333
technology stack,229,6.2325
summer months,224,6.2321
statements defined,106,6.231
millions people,134,6.2302
room grow,301,6.2301
participation today,627,6.2299
cost discipline,1263,6.2298
hyperscale customers,166,6.2295
haven yet,142,6.2295
various factors,173,6.2294
major players,100,6.2294
during covid,348,6.2288
seasonal factors,170,6.2285
helping drive,485,6.2282
let walk,410,6.2278
fixed costs,748,6.2276
new hires,310,6.2276
higher acuity,108,6.227
added services,607,6.227
labor costs,539,6.2267
previously stated,253,6.2265
negatively impact,239,6.226
presentation instructions,150,6.2259
time wonderful,329,6.2251
disciplined balanced,109,6.2249
trade show,134,6.2245
government funding,184,6.2241
good chunk,115,6.2222
growth hormone,167,6.2219
midpoint represents,161,6.2208
sheet ended,555,6.2204
chain logistics,102,6.2184
three years,4309,6.2184
patient access,312,6.2182
being treated,136,6.2181
third row,141,6.2164
gross billings,203,6.2159
performance computing,284,6.2155
doesn change,290,6.2151
not counting,135,6.2151
paid off,403,6.2151
important role,402,6.2147
gig per,114,6.2137
structural shift,126,6.2135
helpful color,621,6.2134
bit lumpy,132,6.2111
second row,232,6.2109
planning process,326,6.2104
delivered record,972,6.2093
remaining under,392,6.2076
may participants,1198,6.2075
final comments,225,6.2072
don exact,156,6.2067
deals signed,118,6.2064
flexibility invest,239,6.205
incredibly important,251,6.2048
too far,386,6.2045
ability compete,122,6.2044
supplier partners,108,6.204
start saying,581,6.2017
cost synergies,700,6.2009
restructuring costs,498,6.2006
board approval,177,6.1995
recently received,167,6.1994
move forward,3405,6.1994
years old,316,6.1989
proven ability,156,6.1986
mainly driven,633,6.1979
senior leadership,215,6.1972
wireless service,101,6.1969
earnings per,9624,6.1969
until late,113,6.1962
continue prioritize,501,6.1957
largely complete,135,6.1951
not surprising,179,6.1948
retention rates,584,6.1947
considered forward,321,6.194
upon closing,156,6.1939
excluding restructuring,172,6.1935
expense ratio,909,6.1926
mitigate impact,284,6.1925
slow start,233,6.1923
elevated levels,317,6.1923
compensation expenses,490,6.1918
earnings nov,238,6.1913
customer concentration,181,6.191
member base,166,6.1903
pipelines remain,113,6.1902
director yeah,437,6.1901
fixed charge,118,6.19
let unpack,120,6.1899
public health,246,6.1896
outside traditional,107,6.1891
late september,139,6.1884
remains soft,119,6.1874
core values,124,6.1861
stock repurchased,106,6.186
cost reduction,1994,6.1846
manufacturing processes,130,6.1842
work streams,174,6.1839
diversified portfolio,423,6.1838
final decision,125,6.1837
consumption trends,160,6.1822
four times,460,6.182
outlook remainder,381,6.1812
capital structure,2007,6.1809
track deliver,653,6.1807
previous quarters,482,6.1806
huge advantage,101,6.1804
earn out,316,6.1802
conservative view,102,6.1798
maintain healthy,144,6.1793
loss provision,124,6.1784
give color,1021,6.1772
critical components,101,6.1769
far away,210,6.176
proprietary data,600,6.1744
maintaining healthy,143,6.1736
performing well,1244,6.1734
getting started,581,6.1734
want confirm,136,6.1724
management emphasizing,178,6.1714
amount money,175,6.1711
retention rate,1136,6.1703
net debt,4366,6.1702
defense industrial,150,6.1698
his team,579,6.1696
equivalents investments,272,6.1693
participants founder,141,6.1684
only thing,1295,6.1657
deposits declined,178,6.1647
weight per,247,6.1645
most important,2469,6.1639
global economy,178,6.1633
risk weighted,269,6.1624
risk profile,492,6.1616
small amount,350,6.1611
positioned deliver,695,6.1607
grow organically,150,6.1605
agreement sell,171,6.1599
stay focused,393,6.1593
latest generation,113,6.1593
round out,227,6.1587
conversations having,188,6.1584
path towards,150,6.158
america emea,115,6.1572
rental revenues,130,6.1564
provide detail,569,6.1561
excess capacity,278,6.1554
being cautious,213,6.1546
important remember,327,6.1546
key pillar,104,6.1542
nice hear,162,6.1539
certain geographies,101,6.1536
portfolio composition,143,6.1533
portfolio repositioning,105,6.1515
demonstrate strength,146,6.1505
meaningful progress,977,6.1498
yes sir,111,6.149
stronger ever,142,6.1479
ability capitalize,122,6.1476
tier ratio,153,6.147
provide detailed,254,6.146
deployment priorities,126,6.1448
strength durability,100,6.144
coming quarters,1908,6.1436
fed rate,303,6.1435
well equipped,111,6.143
out ordinary,100,6.1425
largest ever,170,6.1425
point view,1504,6.1415
revised outlook,134,6.1408
origination activity,125,6.1401
made decision,449,6.14
scale efficiently,128,6.1398
statements speak,238,6.1393
seven days,141,6.1384
chain challenges,189,6.1369
lowest cost,342,6.1368
trying get,2110,6.1358
excited prospects,103,6.1348
fourth consecutive,604,6.1345
different places,193,6.134
formal guidance,204,6.1332
across entire,1141,6.1319
data suggests,106,6.1314
single dose,166,6.1314
signs improvement,180,6.1313
common unit,148,6.131
feel pretty,1408,6.1303
pricing packaging,289,6.13
patient care,346,6.13
advanced technologies,172,6.1293
december january,192,6.1292
higher proportion,184,6.1287
confidence raise,131,6.1279
border volume,102,6.1278
growth vectors,256,6.1268
substantial amount,149,6.1264
mostly offset,203,6.1264
historical fact,150,6.1262
care gap,100,6.1258
plenty opportunity,125,6.1254
several weeks,308,6.1251
fully reflected,149,6.125
allocation policy,133,6.1247
make decisions,441,6.1247
slight increase,360,6.1242
data science,277,6.1241
reconciliations gaap,136,6.1236
ongoing macroeconomic,133,6.1232
earlier month,720,6.123
high level,3926,6.1228
continued softness,282,6.1227
mining operations,132,6.1222
own operate,132,6.1218
customer behavior,351,6.1216
per mile,149,6.1215
late june,136,6.12
technology roadmap,107,6.1178
priorities remain,491,6.117
larger portion,178,6.1166
modeling perspective,105,6.1165
vehicle production,344,6.1162
massive opportunity,213,6.1156
most likely,545,6.1145
days ago,546,6.1143
distribution center,418,6.1137
looking statement,325,6.1116
earnings feb,431,6.1114
successful launch,275,6.1109
set stage,228,6.1107
followed number,228,6.109
sustained momentum,270,6.109
regular basis,274,6.1083
short duration,131,6.1078
returns invested,115,6.1077
understood appreciate,112,6.1074
points sequentially,1538,6.1073
couple things,2543,6.1068
relatively low,467,6.1063
performing loans,152,6.1056
four quarters,745,6.1056
realized prices,107,6.1055
key highlights,328,6.1054
excluded adjusted,123,6.105
proud team,535,6.1048
asia europe,176,6.1048
maintaining flexibility,136,6.1033
repurchased stock,100,6.102
greater china,362,6.1011
freight rates,231,6.1007
key component,305,6.1001
financial flexibility,1409,6.0989
consumer spending,511,6.098
offset lower,2189,6.098
form quarterly,182,6.0965
matt matt,145,6.0964
compared previous,776,6.0952
equity tangible,107,6.0947
citi trends,110,6.0946
pay down,1090,6.0945
key secondary,105,6.0937
restructuring savings,132,6.093
strategic review,642,6.0928
still plenty,137,6.0924
filings including,383,6.092
learned lot,214,6.0918
provide color,1040,6.0917
previously provided,205,6.091
patient journey,101,6.0906
underlying combined,199,6.0905
ebit margins,141,6.0898
commercial real,1425,6.0894
cash outflows,199,6.0891
growing rapidly,211,6.0882
slightly lower,1249,6.0878
subscription revenues,257,6.0874
reduction force,129,6.0869
detail later,180,6.086
time conducting,198,6.0859
deliver sustainable,330,6.0851
federal home,113,6.0841
outstanding debt,433,6.0835
virtually all,218,6.0833
hundred basis,207,6.0826
slide highlights,241,6.0817
alternative asset,116,6.0811
expenses totaled,252,6.0809
credit spreads,189,6.0808
biggest thing,242,6.08
right now,21571,6.0799
totaling approximately,244,6.0792
taking account,403,6.079
cost ownership,318,6.0781
customer engagement,1235,6.0778
consecutive quarterly,162,6.0775
loans deposits,238,6.0775
gaap financial,5618,6.0772
center excellence,130,6.0769
gross profits,118,6.0765
rent center,166,6.0758
robust pipeline,533,6.0758
overseas markets,100,6.0755
representing decrease,247,6.0749
through lens,223,6.0749
today contain,154,6.0746
scheduled service,135,6.0728
laws these,171,6.0728
across multiple,2121,6.0725
confident achieving,127,6.0724
negative comp,146,6.0704
weather related,376,6.0703
total revpar,156,6.0686
largely offset,434,6.0683
does affect,113,6.0668
guidance raised,809,6.0666
stood out,230,6.0651
continues strengthen,234,6.0651
early renewals,147,6.0645
job site,100,6.0627
end decade,564,6.0624
encouraged progress,336,6.0623
able utilize,104,6.0617
mentioned prepared,1453,6.0611
commercial banking,328,6.0599
maintained its,180,6.0598
another solid,592,6.0593
not only,9067,6.0587
strength resilience,136,6.0585
let jump,168,6.0585
congrats progress,343,6.0574
including reconciliations,151,6.0571
head research,157,6.0569
approximately shares,1363,6.0566
both fronts,117,6.0558
logistics network,109,6.0555
deposit account,120,6.0544
board meeting,112,6.0542
efficient effective,130,6.0536
three months,1812,6.0536
significant contributor,152,6.0532
excess inventory,226,6.0525
agentic capabilities,153,6.0525
remained consistent,244,6.0518
loss per,2299,6.0513
laser focus,117,6.0507
expenditure guidance,146,6.0505
strategic partnership,512,6.0495
taking advantage,600,6.0494
three times,895,6.0476
focused ensuring,169,6.0469
office space,210,6.0468
expense reductions,247,6.0464
study design,176,6.0456
world largest,449,6.0438
margin enhancement,194,6.043
clinical development,663,6.0429
hand back,1368,6.0428
defense security,114,6.0415
glossary book,149,6.0403
off road,210,6.0401
successful execution,294,6.0392
capital markets,8032,6.0384
factors impacting,110,6.0382
allocation priority,124,6.0381
broader macro,187,6.0374
fair say,775,6.0363
excess capital,775,6.0363
track meet,189,6.036
reaching record,140,6.0351
comparable period,487,6.035
wholesale partners,175,6.034
forward connecting,131,6.0337
has trended,109,6.0335
occupancy gains,114,6.033
loss reserves,106,6.0325
yet another,475,6.0322
sequential decrease,219,6.0321
ability convert,106,6.0319
front office,143,6.0316
comparable sales,1336,6.0309
due unfavorable,179,6.0308
may considered,189,6.0298
pretty consistent,1008,6.0297
largely behind,137,6.0292
driven primarily,2738,6.0291
any keys,125,6.0289
key stakeholders,116,6.0289
clinical study,245,6.0287
extend beyond,107,6.0283
related charges,216,6.0279
three quarters,1507,6.0273
expense discipline,441,6.0272
current valuation,129,6.0271
high speed,575,6.0268
late fees,111,6.0263
existing clients,614,6.0263
recent form,242,6.0259
tariff impact,1273,6.0258
advanced discussions,103,6.0248
historical trends,196,6.0241
quarterly dividends,146,6.0238
additional color,1092,6.0231
parts world,306,6.0228
agent productivity,131,6.0226
integrated care,215,6.0226
yes absolutely,583,6.0223
deposits decreased,134,6.0223
first half,13470,6.0222
drilling activity,149,6.0215
doesn include,121,6.0208
water infrastructure,152,6.0208
fixed rate,994,6.0207
demonstrating strength,122,6.0206
tons per,306,6.0203
paying down,467,6.0197
previously noted,232,6.0181
floor plan,149,6.018
past twelve,184,6.0177
putting pressure,110,6.0175
updated outlook,476,6.0174
financial results,9598,6.0172
january participants,226,6.0172
every dollar,316,6.0171
service offerings,398,6.0165
concludes portion,109,6.0164
repurchased average,213,6.0159
factors discussed,216,6.0155
global trade,382,6.0149
bit tougher,127,6.0145
gold price,251,6.014
most recently,919,6.0114
pain management,189,6.0108
point drag,181,6.0101
couple months,1410,6.0093
went through,1004,6.0086
ratio measure,118,6.0077
fee related,513,6.0069
replay today,218,6.0059
significantly reduce,180,6.0052
anderson yeah,127,6.0051
cash taxes,613,6.0039
greater flexibility,204,6.0034
side effects,203,6.0033
same time,7241,6.0025
offset softer,103,6.0024
has shifted,330,6.0014
let him,100,6.001
consistently delivering,116,6.0009
consecutive positive,339,6.0006
measures discussed,176,5.9994
twenty years,365,5.9975
center load,110,5.9971
measures most,852,5.997
product suite,405,5.9969
mid cycle,500,5.9967
per hour,160,5.9962
clinical programs,339,5.9962
margin contraction,162,5.9961
strengthened balance,140,5.9959
bit color,2082,5.9936
stay disciplined,145,5.9935
all kinds,409,5.9927
exceeds billion,102,5.9926
grow nicely,131,5.9923
generated free,590,5.9921
relatively short,206,5.9917
raised midpoint,109,5.9916
continuing advance,156,5.9902
accounted approximately,199,5.9892
liquid assets,114,5.9883
positioned ourselves,115,5.9878
current conditions,481,5.9875
debt outstanding,405,5.9871
section securities,105,5.9865
adverse impact,141,5.9863
modest decline,179,5.9862
trying find,189,5.986
stated goal,155,5.9844
increasingly important,282,5.9834
comprised total,136,5.9832
without adding,127,5.9824
turn page,255,5.9823
release available,487,5.9823
already covered,124,5.9821
field systems,152,5.9818
currently approved,112,5.9811
charges related,209,5.9804
earlier week,425,5.9798
other places,422,5.9788
investment manager,108,5.9784
decreased sequentially,250,5.9784
lots different,222,5.9778
other thing,2804,5.9777
chain optimization,149,5.9776
credit metrics,497,5.9761
power consumption,157,5.976
bringing together,224,5.9755
underlying trends,309,5.9752
eight quarters,203,5.975
income producing,186,5.9745
systems processes,123,5.9742
product candidates,115,5.9735
was wondering,4104,5.9728
measures comparable,152,5.9727
labor productivity,143,5.9724
brian brian,309,5.9724
andrew andrew,198,5.9721
ebitda margin,9051,5.9718
best performing,208,5.9713
doing math,135,5.9712
above historical,169,5.971
quick reminder,140,5.971
able quantify,122,5.9708
term shareholder,994,5.9706
basis point,6651,5.9706
latest thinking,112,5.9702
growing fast,280,5.9698
connectivity solutions,105,5.9693
deals closed,150,5.9692
expense ratios,101,5.968
small businesses,470,5.9679
during repurchased,300,5.9676
volatility uncertainty,100,5.9668
integration planning,138,5.9667
gotten better,181,5.9667
original guidance,481,5.9664
loan book,467,5.9662
taking consideration,123,5.9654
enabling faster,110,5.9642
cre commercial,106,5.9641
fundamentals remain,154,5.964
expected rise,272,5.963
teams executed,101,5.9627
risk compliance,119,5.9625
per vessel,128,5.9624
portfolio optimization,589,5.9623
impact tariffs,1394,5.9622
innovation engine,149,5.9619
reconciliations these,344,5.9619
competitive position,771,5.9615
subscription revenue,1749,5.9612
continuing execute,280,5.961
can tell,2293,5.9608
passed through,204,5.9603
important contributor,112,5.9602
direct response,150,5.9595
continuing evaluate,111,5.9592
gain share,1194,5.9583
dollar dollar,122,5.9581
decisions made,260,5.958
supported robust,193,5.9576
representing increase,1390,5.9573
daily volume,236,5.9571
america proceed,225,5.9567
quality life,325,5.9565
profitable growth,3076,5.956
excluding impact,1425,5.9558
spot prices,108,5.9558
revenue recognition,824,5.9549
macro factors,238,5.9546
job executing,104,5.9545
return excess,171,5.9538
cost inflation,1002,5.9534
average aum,106,5.9532
dynamic macro,131,5.9532
not worried,164,5.9532
speak only,346,5.9528
appreciate commentary,178,5.9526
acquisitions completed,204,5.9509
early signals,127,5.9509
employee experience,120,5.9509
legacy systems,178,5.9499
best ever,285,5.9495
track complete,149,5.9491
utilization rates,445,5.9478
step change,538,5.9475
margin profile,1801,5.9474
last twelve,699,5.9472
later stage,120,5.9469
shared previously,129,5.9467
relatively quickly,161,5.9467
get sense,1736,5.9461
getting ready,295,5.9461
domestic manufacturing,123,5.9455
advanced manufacturing,244,5.9454
month month,450,5.945
turned out,234,5.9447
reconciliation these,522,5.9443
decline attributed,152,5.944
back office,818,5.9434
path forward,819,5.943
last couple,4425,5.9428
backlog conversion,241,5.9427
direct result,442,5.9423
updated guidance,1042,5.9422
has begun,253,5.9412
integrated solution,121,5.9412
tough environment,143,5.9412
label expansion,205,5.9391
fda review,126,5.939
exceed expectations,122,5.9383
existing home,350,5.9374
mortgage insurance,110,5.9363
consecutive sequential,119,5.9362
extremely well,1103,5.9362
force expansion,260,5.9361
transportation costs,242,5.9355
totaled billion,621,5.9351
form factors,166,5.9345
since covid,137,5.9345
foundation built,159,5.9343
keys one,197,5.9339
liability management,204,5.9337
projects underway,121,5.9327
pace innovation,262,5.9326
total revenues,1854,5.9324
arr grew,257,5.9323
big piece,288,5.9323
introducing new,358,5.9314
yeah absolutely,420,5.9313
third pillar,135,5.9303
congrats solid,137,5.9293
her team,139,5.9283
shipment volume,131,5.9282
sit today,327,5.9273
completed sale,189,5.9262
softer demand,235,5.9255
local government,116,5.9254
way quantify,150,5.9243
trust inc,167,5.9241
measures included,241,5.9238
increasingly confident,130,5.9227
details regarding,131,5.9221
pleased progress,960,5.9216
beyond traditional,181,5.9213
after accounting,204,5.9212
side house,206,5.921
employees who,228,5.9206
favorable weather,114,5.9204
total liquidity,973,5.9203
team member,234,5.9198
draw term,166,5.9189
continued perform,266,5.9184
remain encouraged,293,5.9183
government policy,100,5.918
meeting needs,100,5.9174
continue execute,1742,5.9173
looking ahead,4131,5.9168
good job,1543,5.9167
earnings calls,553,5.9161
initial thoughts,123,5.9152
organic growth,8655,5.9152
average tangible,176,5.9143
let wrap,116,5.9137
expand upon,152,5.9135
administrative costs,214,5.913
players space,101,5.9125
pretty steady,282,5.9117
take consideration,183,5.911
ratio times,407,5.9107
remained solid,154,5.9095
dividends share,857,5.9094
stock price,873,5.9083
average balances,222,5.9071
attracting new,193,5.9071
driver behind,120,5.907
diverse portfolio,194,5.9068
uncertainty regarding,122,5.9065
one reasons,1024,5.9057
chris chris,215,5.9053
higher priced,237,5.9045
manufacturing sites,109,5.9044
risks cfo,114,5.9025
anything changed,181,5.9018
related disruptions,103,5.9016
even stronger,596,5.9015
maturity date,115,5.9012
underlying drivers,161,5.9011
seen thus,114,5.901
outsized impact,163,5.9003
four years,1618,5.8999
energy security,225,5.8987
broader adoption,204,5.8982
compared same,2864,5.8974
progress against,536,5.8967
marketing authorization,139,5.8966
cloud infrastructure,380,5.8965
record quarterly,527,5.8956
strong finish,370,5.8951
gross merchandise,153,5.8947
initiatives implemented,121,5.8944
continued weakness,195,5.8941
progressing well,552,5.8939
transformation initiatives,256,5.8938
perfect helpful,109,5.8937
offset weakness,102,5.8927
continues exceed,108,5.8926
leader space,130,5.8921
modest amount,120,5.892
views only,100,5.8914
total deposits,694,5.8913
healthcare solutions,214,5.8912
loan losses,245,5.8899
stage clinical,150,5.8899
everyone else,281,5.8895
gaap operating,4976,5.8894
certain extent,105,5.8893
savings initiatives,408,5.8889
asset sale,375,5.8885
cautious consumer,103,5.8885
depending timing,110,5.8878
grew constant,269,5.8874
defense applications,110,5.8873
never done,159,5.8865
mid high,2127,5.886
stay close,154,5.8855
past couple,1066,5.8854
unlock value,296,5.8851
came online,131,5.8845
return normalized,133,5.8835
net proceeds,636,5.8832
wait see,634,5.883
broader economic,125,5.8825
same thing,1372,5.8825
sheet liquidity,402,5.8821
uncertainties include,108,5.8801
single cell,189,5.8799
progress towards,525,5.8796
capacity utilization,377,5.8786
earnings press,1641,5.8782
color helpful,492,5.8775
any closing,1661,5.8774
product offerings,865,5.8773
done nice,305,5.8746
lack better,106,5.8743
touched little,233,5.8726
sequential increase,1197,5.8724
fleet size,128,5.8723
quick update,243,5.8721
turns out,221,5.8718
buy sell,131,5.8712
dividend raised,113,5.871
non performing,352,5.8709
rapid expansion,203,5.8703
haven done,202,5.87
unit volumes,299,5.8698
predominantly driven,141,5.8696
customer feedback,439,5.8694
said earlier,1625,5.8693
streaming services,107,5.869
material inflation,148,5.8686
try address,101,5.8685
solid state,187,5.8683
pretty tough,136,5.867
losing share,105,5.8668
deal size,198,5.8666
all aspects,436,5.8659
important milestones,171,5.8653
regulatory environment,536,5.8652
bit softer,258,5.8649
probably biggest,227,5.8647
joining discuss,230,5.8643
seven years,549,5.8627
commodity costs,234,5.8625
building upon,200,5.8623
cash generation,2558,5.8621
drive sustainable,393,5.862
stands out,285,5.8617
manufacturing efficiencies,165,5.8616
active user,119,5.8614
holiday period,187,5.8607
retail locations,143,5.86
defense space,211,5.857
bond portfolio,143,5.8559
negative impacts,149,5.8551
previously mentioned,866,5.8545
members who,272,5.8542
selling price,740,5.8541
but nonetheless,130,5.8539
common dividend,137,5.8536
remarks ladies,130,5.8526
years row,142,5.8521
rate notice,106,5.852
takeaways net,928,5.8516
deferred revenue,651,5.8513
retail stores,308,5.8505
star number,305,5.8504
path profitability,217,5.8498
rate sensitivity,148,5.8496
strategic sourcing,129,5.8488
best possible,260,5.8482
impact foreign,529,5.847
guidance range,5139,5.8469
bit differently,181,5.8468
remain disciplined,643,5.8467
uncertainties may,390,5.8453
funding costs,592,5.8453
runway ahead,201,5.8448
solid execution,438,5.8446
management disclosed,236,5.844
focused delivering,737,5.8439
digital infrastructure,521,5.8426
term algorithm,183,5.8423
out door,201,5.8423
workforce solutions,104,5.8421
another example,562,5.8421
bit slower,319,5.8421
ongoing softness,103,5.842
mentioned his,459,5.8413
normal levels,258,5.8394
manufacturing capacity,606,5.8388
jump back,300,5.8383
diversified model,167,5.8377
network effect,168,5.8376
pull through,872,5.8369
most powerful,196,5.8366
best buy,268,5.8354
sequential acceleration,120,5.835
federal tax,183,5.8348
since launch,582,5.8347
multi asset,200,5.8347
get closer,577,5.8347
state state,114,5.8346
breaking out,193,5.8345
coming weeks,519,5.8343
prospective customers,124,5.8341
baked guidance,176,5.8338
continues gain,310,5.8336
customer wants,142,5.8336
confirmed ongoing,118,5.8336
ceo closing,198,5.8333
successful integration,135,5.8333
point headwind,709,5.8332
leverage neutral,112,5.8332
team dedication,138,5.8327
macro volatility,109,5.8318
current administration,149,5.8316
statements actual,247,5.831
buyback activity,138,5.8308
post acquisition,269,5.8301
use proceeds,196,5.8299
brand campaign,119,5.8298
provide insight,103,5.8297
customer interactions,113,5.8296
okay fair,289,5.8294
six consecutive,104,5.8292
never seen,257,5.8291
hard tell,163,5.829
significantly reducing,116,5.8283
offset decrease,397,5.828
interesting thing,187,5.8276
poll first,106,5.8273
slightly negative,240,5.8267
rental rates,152,5.8261
keep pace,167,5.8261
service agreements,219,5.8255
slide provides,247,5.8251
research ahead,824,5.8242
historical average,262,5.8234
structural change,181,5.8231
don want,3249,5.8225
four consecutive,149,5.8219
legacy six,118,5.8219
demonstrated ability,161,5.8201
average price,1856,5.8195
clinical profile,221,5.8194
has helped,638,5.8191
making decisions,201,5.8181
per square,481,5.818
take hold,360,5.8173
tremendous progress,224,5.8165
nothing specific,128,5.8163
loss reserve,130,5.8161
late april,117,5.8152
optimization initiatives,222,5.8152
clear leader,116,5.815
annualized basis,696,5.8146
remains challenging,217,5.814
consumer lending,199,5.8126
want make,3376,5.8117
continued strength,1511,5.8112
positions well,902,5.8106
efficiency improvements,366,5.8097
able handle,105,5.8083
part reason,454,5.8079
most trusted,125,5.8075
liability side,117,5.8067
wanna add,113,5.8064
refined product,109,5.8061
pretty simple,129,5.8048
room run,123,5.8048
initial expectations,428,5.8041
size scale,361,5.803
can vary,253,5.803
leading positions,120,5.8026
big deal,485,5.8026
not forget,138,5.8024
real time,3567,5.8023
michael rose,186,5.8018
collectively these,204,5.8016
employee base,127,5.801
adoption among,102,5.8009
along way,732,5.8007
outlined slide,150,5.8006
event being,367,5.8005
stage programs,155,5.8005
pressing any,141,5.8002
driving force,177,5.7995
arr annual,168,5.7994
current environment,1254,5.7993
second consecutive,767,5.7987
reflect events,112,5.7987
four months,711,5.7986
compared ago,1408,5.7962
feet per,369,5.796
guidance philosophy,170,5.7959
presentation available,247,5.7959
product assortment,254,5.7954
store sales,2462,5.7953
relationship between,274,5.7949
ongoing commitment,278,5.7948
information discussed,152,5.7947
main factors,100,5.7942
still early,2474,5.7942
product innovation,1931,5.794
approved quarterly,117,5.7938
eastern time,153,5.7927
being selective,118,5.7926
count shares,147,5.7925
prove out,145,5.7924
currently available,325,5.7919
since began,101,5.791
two weeks,683,5.7906
throughout entire,176,5.7905
put pressure,340,5.7899
significantly improved,416,5.7896
sheet flexibility,313,5.7892
better understanding,291,5.7892
revenues decreased,296,5.7891
remain highly,376,5.7889
provide additional,1577,5.7889
those contained,197,5.7885
professional service,145,5.7874
consumer goods,126,5.7873
medicare part,222,5.7868
participants using,302,5.7862
excess cash,738,5.7854
important component,232,5.7853
fixed fee,116,5.7851
service charges,158,5.7845
eight months,210,5.7843
earnings period,4267,5.7834
contract manufacturing,284,5.7833
stronger foundation,108,5.7831
declined slightly,224,5.7827
tax benefit,767,5.7824
under federal,177,5.7822
its highest,359,5.7818
alternative credit,128,5.7817
matter most,237,5.7812
point sale,851,5.7808
profitability metric,138,5.7805
annual dividend,302,5.7804
not yet,2672,5.7802
shares average,586,5.7802
step down,1257,5.7801
digit organic,653,5.7796
prior authorization,282,5.7796
ability manage,307,5.7794
maybe unpack,176,5.7789
after tax,749,5.7784
consumer banking,199,5.7778
health insurance,206,5.7771
financial supplement,139,5.7771
ability produce,114,5.7768
digital tools,247,5.7767
asset management,1864,5.7765
financial highlights,632,5.7764
specifically designed,132,5.7759
residential commercial,228,5.7758
new chapter,216,5.7756
interest rate,3359,5.7746
reaffirmed full,185,5.7741
appreciate participation,105,5.7735
acquired businesses,167,5.7735
board members,135,5.773
win rates,435,5.7729
chain efficiencies,146,5.7728
create value,993,5.7719
technology upgrades,117,5.7718
energy consumption,103,5.7717
fixed price,542,5.7716
continue outperform,284,5.7715
love understand,136,5.7712
america asia,173,5.7702
multiple ways,172,5.7696
reliance these,214,5.7693
bit harder,139,5.7692
tariff costs,751,5.7691
not chasing,126,5.7688
highly effective,123,5.7682
pretty comfortable,192,5.7682
underwriting profitability,131,5.7679
consumer confidence,625,5.7666
committed investing,123,5.7663
third straight,130,5.7662
commercial industrial,507,5.7655
management fees,666,5.7637
being prudent,194,5.7634
stands today,200,5.763
sequential improvements,216,5.7629
taking steps,171,5.7595
upside potential,341,5.7594
can chime,130,5.7594
has gotten,392,5.7587
continue explore,217,5.7585
bit deeper,357,5.757
work done,1260,5.7569
channel partners,537,5.7551
compared rmb,230,5.755
three decades,110,5.7548
acquisition closed,281,5.7543
annual run,392,5.7541
proceed andrew,114,5.7541
ability achieve,290,5.7537
layer top,108,5.7533
remained strong,938,5.753
self driving,158,5.7521
credit agreement,337,5.7516
action plan,174,5.7513
profitability metrics,275,5.751
list price,191,5.7503
return profile,319,5.7503
new era,244,5.7495
less favorable,312,5.7491
can easily,248,5.7488
guidance excludes,170,5.7487
clinical stage,136,5.7486
unique position,367,5.7482
dollar general,158,5.7481
don break,177,5.7479
positioned meet,167,5.7475
wanted understand,465,5.7461
focused optimizing,129,5.7457
providing flexibility,155,5.7447
three main,222,5.7444
despite headwinds,190,5.744
storage systems,111,5.7436
gate all,265,5.7436
different parts,387,5.7429
bill bill,152,5.7419
proceed michael,218,5.7416
lot attention,308,5.7412
authorized share,224,5.741
digit declines,128,5.7406
technical capabilities,110,5.7391
later month,244,5.7391
take step,929,5.739
big lots,147,5.7388
certain risks,252,5.7388
normalized level,210,5.7386
land bank,148,5.738
materially different,338,5.7378
high grade,347,5.7368
well known,498,5.7362
good proxy,125,5.7361
consistently deliver,171,5.736
mike mike,228,5.7351
excellence initiatives,125,5.7349
offset decline,602,5.7349
pretax margin,307,5.7347
inflows billion,218,5.7346
information future,641,5.7341
available investor,629,5.7334
marketing efforts,429,5.7332
impacts tariffs,170,5.7332
has shown,481,5.7329
want remind,502,5.7328
high roi,174,5.7325
water quality,140,5.7322
recurring revenues,230,5.7318
favorable conditions,158,5.7307
competitive reasons,125,5.7307
remainder fiscal,302,5.7302
material risks,176,5.73
having said,1078,5.7294
cut off,119,5.7289
leaders who,105,5.7288
energy infrastructure,414,5.7286
early traction,221,5.7282
commercial vehicle,270,5.7278
drive efficiencies,391,5.7278
unlocking value,102,5.7272
store occupancy,125,5.7264
largest driver,164,5.7243
before conclude,178,5.7225
transformation efforts,144,5.7222
pursue strategic,126,5.722
quite optimistic,114,5.722
greater visibility,162,5.7217
debt trailing,119,5.7212
totaling billion,282,5.7211
come back,3889,5.7208
resource plan,103,5.7204
change behavior,109,5.7198
pretty quickly,439,5.7196
product mix,3304,5.7195
investments made,1427,5.7188
another record,781,5.7187
significant runway,156,5.7184
buying back,535,5.7178
performance underscores,103,5.7173
takes place,167,5.7172
properties inc,124,5.7171
mark steven,102,5.7167
below pre,110,5.7153
conversion rate,980,5.7145
modestly lower,206,5.7142
initially expected,159,5.7141
subject change,184,5.7141
servicing portfolio,177,5.7131
basically flat,151,5.7128
hopefully helpful,122,5.7127
menu price,113,5.7122
key areas,815,5.7122
wholesale retail,119,5.7121
capex spend,313,5.7119
week announced,248,5.7109
came below,173,5.7102
get worse,157,5.7087
late march,142,5.7086
specialty care,129,5.7084
two years,4794,5.7082
high throughput,210,5.708
maybe switching,164,5.7077
shared earlier,200,5.7071
are reaffirming,687,5.7065
point clarification,116,5.7061
distribution partners,371,5.706
semiconductor industry,151,5.7055
product enhancements,244,5.7051
one stop,370,5.7047
these achievements,158,5.7044
first nine,1020,5.7039
different stages,117,5.7038
open enrollment,163,5.7037
cash collections,230,5.703
consistent execution,570,5.7029
ongoing discussions,157,5.7021
add anything,552,5.7017
due timing,1100,5.7014
particular strength,313,5.7011
concerns around,157,5.701
active accounts,134,5.7002
dividend payment,110,5.7002
billion aum,253,5.7
give confidence,688,5.6999
quarterly record,460,5.6995
stock comp,130,5.6988
marketing dollars,256,5.698
decreased compared,555,5.6978
per visit,130,5.6975
under safe,115,5.6975
membership program,116,5.6973
approval process,220,5.6973
target range,1099,5.6973
open ahead,2113,5.6957
key priority,279,5.6955
performance indicators,173,5.6939
recent weeks,240,5.6938
slide five,543,5.6932
bit worse,139,5.6923
current authorization,159,5.6923
available investors,246,5.6918
priorities include,142,5.6912
margin profiles,135,5.691
want recognize,281,5.6909
energy corporation,265,5.6903
recently added,177,5.6902
multiple times,309,5.6901
achieving record,151,5.6901
upper half,193,5.6894
marketing expenses,940,5.6894
important thing,912,5.6887
home care,245,5.6886
let remind,335,5.6884
being conservative,205,5.6883
continue evolve,479,5.688
surpassing billion,120,5.6872
consumer insights,149,5.6871
digital commerce,172,5.6858
take account,474,5.6855
saying hey,166,5.6848
sustained profitability,146,5.6847
last few,3684,5.6828
made tremendous,182,5.6825
try keep,138,5.6822
significant discount,103,5.682
expectations assumptions,235,5.6818
remain opportunistic,121,5.6812
may press,801,5.6805
high performing,432,5.6804
ceo transition,127,5.6801
cre portfolio,133,5.6797
drilling program,140,5.6789
integrated solutions,281,5.6786
take action,289,5.6782
over past,7864,5.6769
product innovations,224,5.6761
smith yes,229,5.676
structurally higher,116,5.6752
being deployed,229,5.6752
has played,207,5.6729
macro challenges,104,5.6728
oil production,333,5.6727
broader set,259,5.6726
extremely confident,113,5.6718
encouraged early,270,5.6716
key components,233,5.6715
winter months,101,5.6711
excellent progress,211,5.6711
especially light,101,5.6708
higher personnel,168,5.6704
break even,151,5.6689
further enhancing,172,5.6688
seasonally higher,192,5.6685
retail auto,179,5.6674
exceeding high,342,5.6674
day concludes,331,5.6664
all sustaining,293,5.6659
subscription run,142,5.6645
key priorities,385,5.6639
proprietary technology,223,5.6638
along lines,186,5.6635
can sneak,109,5.6633
current expectations,1109,5.6633
trading volumes,109,5.6632
specialty distribution,101,5.6616
across geographies,371,5.6615
process control,323,5.6615
commentary around,472,5.6614
continue grow,4680,5.6607
sheet remains,672,5.6606
currency impacts,126,5.6602
tax credit,854,5.6597
may begin,694,5.6589
economic return,201,5.6577
durable competitive,101,5.6571
most comparable,421,5.657
gave confidence,107,5.6567
recent quarters,694,5.6566
income nii,110,5.6565
cash undrawn,111,5.6561
done excellent,136,5.656
dedicated team,191,5.656
optimism around,109,5.6554
seven times,111,5.653
has progressed,143,5.6525
underlying strength,279,5.6524
slower start,181,5.6523
targeted investments,444,5.6519
certain areas,366,5.6515
cautious outlook,117,5.6508
balanced between,165,5.6499
outside north,201,5.6496
steel production,123,5.6494
time pause,262,5.6491
five times,324,5.649
industrial medical,112,5.6479
transaction fees,147,5.6478
dave david,146,5.6478
core deposit,403,5.6477
digital platforms,231,5.6466
get specifics,167,5.6461
other parts,881,5.6458
faster ever,105,5.6455
public offering,126,5.6455
better outcomes,373,5.6452
designed improve,177,5.643
strategic initiative,174,5.6427
meaningful difference,100,5.6427
strategic investments,1465,5.6425
maybe elaborate,201,5.6424
recent filings,123,5.6423
european markets,352,5.6422
still waiting,147,5.6409
project financing,138,5.6407
recent history,159,5.6405
product releases,117,5.6403
cited ongoing,104,5.64
ago period,1060,5.6398
street capital,380,5.6397
phase clinical,304,5.6392
expenses rose,245,5.6386
modest improvement,243,5.6384
intend use,105,5.6378
discussing non,106,5.637
today undertake,119,5.6358
cost optimization,626,5.6358
appreciate everybody,167,5.6355
following successful,139,5.6351
make decision,478,5.6347
its strongest,112,5.6326
continue perform,549,5.6318
mostly due,248,5.6311
one thing,3583,5.6307
excellent execution,133,5.6299
instructions first,1566,5.6292
price adjustments,261,5.6282
already started,439,5.6275
despite fact,231,5.6275
product introduction,147,5.6273
ratio improved,520,5.6272
deposit accounts,105,5.6271
can fluctuate,115,5.6269
discussed previous,109,5.6263
comp sales,958,5.6254
recorded now,1052,5.6238
early feedback,204,5.6232
fee based,526,5.6228
google search,116,5.6225
helpful follow,563,5.6222
paid search,100,5.6222
half weighted,422,5.6221
entire team,444,5.621
discussion factors,114,5.6209
has never,679,5.6209
able identify,102,5.6203
weak demand,123,5.6198
goes beyond,168,5.6196
good welcome,1161,5.6195
okay makes,284,5.6195
adjusted pretax,213,5.6193
subscription model,219,5.6191
return normal,203,5.6187
curious how,2101,5.6184
both parties,144,5.6181
earlier stage,216,5.6176
let say,2667,5.6174
equity financing,130,5.6172
buy back,743,5.6171
daniel major,106,5.616
under authorization,113,5.6158
uncertainty around,590,5.6152
full display,116,5.6152
now open,6604,5.6149
information available,286,5.6142
cost control,991,5.6141
late december,117,5.6129
substantial progress,265,5.6128
record levels,672,5.6126
customers adopt,153,5.6118
defense systems,149,5.6113
currency headwinds,150,5.6112
three five,702,5.6109
regulatory changes,311,5.6107
strategic fit,228,5.6105
ebitda breakeven,170,5.6105
factored guidance,104,5.6103
contract labor,118,5.6103
return shareholders,447,5.6099
positive developments,128,5.6086
does require,110,5.6084
further details,381,5.6075
gross proceeds,310,5.6069
slightly higher,1300,5.6068
every week,299,5.6066
gain momentum,267,5.6066
has served,197,5.6064
make difference,257,5.6061
pricing discipline,457,5.6059
expenditures capex,110,5.6059
continuing strengthen,120,5.6056
strong foundation,886,5.6055
record backlog,405,5.6053
after closed,237,5.605
aggressive pricing,152,5.6049
every region,193,5.6048
community bank,152,5.6043
ebitda margins,2397,5.6034
reminder being,508,5.6029
strategic clarity,140,5.6016
guidance reflects,1153,5.601
does not,5625,5.6009
daniel energy,121,5.6008
net unrealized,111,5.6006
branded products,179,5.6003
further updates,221,5.6003
customer cohorts,160,5.6001
cash runway,359,5.5999
due lower,2669,5.5999
key milestone,167,5.5994
operational highlights,171,5.5994
debt financing,221,5.599
platform enables,171,5.599
expanded basis,1173,5.599
gaap gross,2484,5.5987
several months,749,5.5985
secured debt,164,5.5978
annual rent,112,5.5977
outcome based,209,5.5973
three weeks,377,5.5973
closed acquisition,252,5.5972
private markets,852,5.5965
existing customers,2293,5.5963
said before,1888,5.596
other forms,121,5.5959
ability meet,249,5.5952
ratio remained,150,5.5951
able mitigate,107,5.5948
main thing,127,5.5946
renewal rate,354,5.5946
pretty good,4012,5.5942
pulling forward,130,5.594
remain relatively,359,5.5939
enterprise software,276,5.5933
remarks session,290,5.5931
working together,597,5.5926
asset base,716,5.5921
logistics costs,213,5.5917
large portion,347,5.5913
understood follow,116,5.591
structural cost,427,5.5908
said prepared,1064,5.5907
saw slight,114,5.5898
disciplined capital,1533,5.5895
unique combination,125,5.5884
delivering sustainable,132,5.5879
performance demonstrates,148,5.5867
late early,354,5.5863
lower funnel,215,5.5863
two three,2291,5.586
management noted,799,5.586
game plan,160,5.5854
may missed,104,5.5853
plan laid,102,5.5843
shareholders form,150,5.5843
helpful quick,201,5.5843
probably closer,151,5.584
consistent historical,149,5.5837
tax expense,771,5.5834
represented approximately,234,5.5831
community engagement,109,5.5826
distribution channel,291,5.5825
sales cycles,508,5.5815
become available,205,5.5804
has proven,461,5.5802
limited statements,162,5.5799
meaningful portion,166,5.5795
percentage point,1081,5.5776
review process,319,5.5775
user acquisition,208,5.5771
totaled compared,253,5.5769
most comprehensive,183,5.5761
ability consistently,139,5.5755
decades come,106,5.5744
suite products,208,5.5742
good everybody,1014,5.574
strategic goals,160,5.5737
play critical,126,5.5734
mid tier,139,5.5733
software companies,301,5.573
evaluate opportunities,192,5.5723
highest return,224,5.5718
four six,218,5.5718
due weaker,115,5.5711
bit weaker,184,5.5711
lead generation,195,5.5708
days days,238,5.5708
customer loyalty,253,5.5707
leasing pipeline,191,5.5702
high end,6024,5.5696
zero debt,126,5.5693
total loans,1017,5.5692
deposit base,320,5.5691
positioned lead,165,5.569
competitive pressure,258,5.5686
these kinds,237,5.5683
model training,129,5.5682
diversification strategy,153,5.568
mark mark,348,5.5672
cost funds,474,5.5671
has addressed,234,5.5666
energy prices,285,5.5663
high intent,180,5.566
average yield,336,5.5653
accelerate adoption,159,5.565
building foundation,207,5.565
assets under,900,5.5647
other countries,499,5.5646
economic development,259,5.5644
how evolves,115,5.5643
another exceptional,110,5.5641
eps guidance,1844,5.5629
cannot give,117,5.5626
month october,120,5.5623
core deposits,331,5.5623
two separate,158,5.5619
has stabilized,263,5.5618
enhance productivity,111,5.5614
several factors,350,5.5593
commercial auto,317,5.5587
particularly among,132,5.5585
statements historical,141,5.5584
industry leaders,160,5.5579
material impact,806,5.5577
taking action,172,5.5571
industry leader,231,5.5556
has translated,112,5.555
inorganic growth,476,5.5547
another excellent,147,5.5543
europe middle,181,5.5541
controlling can,181,5.5539
continue outpace,112,5.5536
major driver,171,5.5532
reduce costs,458,5.5527
areas such,418,5.5526
blended rate,113,5.5525
gross bookings,555,5.5525
available website,222,5.5521
clarity around,242,5.5512
take away,406,5.551
different pieces,148,5.5506
can squeeze,122,5.5505
continuing grow,676,5.5502
significantly impacted,157,5.5488
commitment safety,103,5.5485
full spectrum,207,5.5482
health plans,233,5.5482
couple times,508,5.5481
international regions,137,5.548
revenues grew,640,5.5479
loan portfolio,1434,5.5477
available via,100,5.5477
eight years,378,5.5473
improved profitability,552,5.5472
productivity savings,197,5.5471
despite ongoing,326,5.5468
continue resonate,110,5.546
equity offering,213,5.5454
make easy,179,5.5442
better serve,461,5.5438
strategic vision,163,5.5435
customer sentiment,150,5.5431
current macroeconomic,126,5.5429
customer experiences,353,5.5429
yeah mean,1918,5.5428
retail commerce,144,5.5427
basis unless,241,5.5427
proceed chris,105,5.5427
tangible assets,150,5.5424
data lake,114,5.5424
loans decreased,176,5.5423
star again,281,5.5419
deep experience,142,5.5418
deal closed,125,5.5417
consecutive annual,130,5.5412
operating margin,9999,5.5408
managed service,169,5.5407
improving profitability,326,5.5401
closing conditions,170,5.5399
differentiated capabilities,146,5.539
release sec,105,5.5382
bitcoin price,145,5.5381
net written,224,5.5366
remain soft,102,5.5364
super important,235,5.5359
electric service,107,5.5356
things nature,311,5.5356
december type,705,5.5355
most efficient,371,5.5353
recorded available,117,5.5348
hand over,2933,5.5348
believe strongly,117,5.5347
attract new,260,5.5347
other aspects,190,5.5346
opportunistic share,325,5.5345
truist ahead,106,5.5343
claims experience,101,5.534
let begin,524,5.5336
continue advance,729,5.5335
these documents,139,5.5333
flexibility execute,111,5.5331
wanted start,1087,5.5324
law during,128,5.5323
rmb same,183,5.5322
helpful appreciate,357,5.532
ability capture,183,5.5314
disciplined expense,468,5.5306
pretty stable,381,5.5303
management outlined,301,5.5301
fall off,127,5.5269
types things,345,5.5265
pricing pressure,550,5.5254
opportunity set,960,5.5249
couple quick,304,5.5248
material costs,555,5.5241
charge related,282,5.5239
franchise partners,158,5.5239
seen uptick,105,5.5237
additional indications,127,5.5235
expected exceed,163,5.523
customer additions,171,5.5225
merchandise margin,242,5.5216
flow operations,1563,5.5213
capital spending,1195,5.5213
per common,551,5.5209
reference non,122,5.5207
key takeaways,292,5.5202
original plan,130,5.52
primarily reflecting,650,5.5199
operational reliability,101,5.5196
better understand,828,5.519
positive inflection,107,5.5189
meet demand,588,5.5183
asked earlier,123,5.5181
energy sector,113,5.5179
takeaways revenue,1453,5.5179
other factors,1397,5.5169
move quickly,342,5.5167
drive traffic,294,5.5164
sell through,1385,5.5164
most compelling,216,5.5155
slide highlight,193,5.5154
talked past,917,5.5153
available distribution,284,5.5144
income tax,1251,5.5144
ever seen,314,5.5144
retail partners,452,5.5141
hoping get,345,5.5138
earnings presentation,874,5.5134
generate meaningful,168,5.5129
operational resilience,104,5.5129
term secular,118,5.5125
operational flexibility,287,5.5123
identify opportunities,115,5.5122
net sales,10269,5.5115
continues rise,102,5.5114
alright great,190,5.5113
shipping costs,144,5.511
great hear,713,5.511
focus optimizing,132,5.5099
metric reflecting,116,5.5097
decreased slightly,154,5.5094
capex spending,177,5.5088
restructuring efforts,101,5.5087
each every,487,5.5077
able maintain,315,5.5074
bank proceed,137,5.5073
during holiday,171,5.5072
able demonstrate,145,5.5068
closed sale,104,5.5066
health system,344,5.5062
premium offerings,108,5.5061
tariff headwind,133,5.506
was mentioning,159,5.506
public companies,177,5.5058
capital shareholders,1779,5.5049
near future,744,5.5046
energy inc,409,5.5046
driving efficiencies,233,5.504
certain regions,111,5.5038
has picked,151,5.5037
made comment,384,5.5033
big part,1278,5.5032
declined due,553,5.503
being developed,198,5.503
pull back,512,5.5028
per foot,195,5.5021
compelling value,321,5.502
client experience,321,5.502
rmb compared,193,5.5019
want touch,339,5.501
healthcare system,123,5.5006
iii program,112,5.5003
energy efficient,144,5.5002
modestly higher,258,5.5001
ecosystem partners,160,5.4999
representing sequential,178,5.4999
help accelerate,352,5.4994
income cohorts,116,5.4992
able secure,137,5.4991
positive momentum,990,5.498
conversion cycle,170,5.4979
refer non,228,5.4978
security solutions,270,5.4977
moving away,192,5.4975
network security,160,5.4971
now hand,1919,5.4968
thoughts around,496,5.4968
dynamics play,119,5.4966
enterprise accounts,148,5.4963
continues advance,157,5.4954
profit margin,2385,5.4954
jump here,163,5.4942
broad range,511,5.4931
inflation reduction,157,5.4927
now exceeds,132,5.4926
features such,101,5.4925
provision net,308,5.4921
stage development,237,5.4921
sales marketing,2694,5.4918
seems pretty,293,5.4911
able capture,257,5.491
customer wins,524,5.4897
conditions improve,237,5.4896
starting see,2998,5.4895
lower personnel,102,5.4893
takes time,893,5.489
continued momentum,1440,5.4887
process automation,171,5.4886
due seasonality,327,5.4878
continue pursue,407,5.4874
described earlier,195,5.4872
outlook reflects,462,5.487
want leave,159,5.4867
website investor,282,5.4865
deliver sustained,174,5.4864
sec including,292,5.4861
love get,522,5.4859
value oriented,117,5.4853
recent sec,128,5.4852
does include,384,5.4851
gives ability,283,5.4842
couple reasons,162,5.4836
remains strong,2555,5.4833
regulatory review,163,5.4829
resilient model,108,5.4824
bit detail,764,5.4817
top list,112,5.4815
slide four,460,5.4812
addressable markets,152,5.4809
another area,341,5.4804
able offer,308,5.4804
large deals,464,5.4803
stores online,107,5.4778
slightly elevated,121,5.4772
reliance forward,105,5.477
cost structures,159,5.4768
industrial equipment,140,5.4757
today signoff,164,5.4752
projected between,277,5.4746
big ones,148,5.4741
remain stable,386,5.4737
trading volume,200,5.4736
comments regarding,164,5.4735
opportunities present,161,5.4734
helps drive,196,5.4731
free shipping,105,5.4725
flow statement,193,5.4719
favorable safety,122,5.4718
reached nearly,121,5.4711
slide discuss,282,5.471
working alongside,105,5.4709
primarily attributed,174,5.4707
consecutive record,172,5.4704
key metric,194,5.4698
let try,339,5.4695
full suite,301,5.4685
proud progress,248,5.4684
last several,2249,5.4683
seasonal decline,120,5.4676
congrats again,334,5.4668
data presented,228,5.4667
traffic trends,153,5.4664
activity levels,651,5.4641
sustainable long,480,5.4626
all fronts,158,5.4624
even greater,533,5.4623
efficiency initiatives,484,5.4622
provide context,265,5.4622
sheet strength,561,5.4615
continued dedication,112,5.4614
keep investing,154,5.4612
certain items,219,5.461
segment reporting,204,5.4604
during peak,231,5.4601
share declared,131,5.4599
range assumes,136,5.4595
most profitable,357,5.4591
recent periods,113,5.459
those types,702,5.4587
hotel ebitda,131,5.4579
stood billion,130,5.4577
health outcomes,111,5.4575
excluding stock,223,5.4572
additional detail,386,5.4572
pretty optimistic,178,5.4567
items such,267,5.4563
moore great,100,5.4559
integration efforts,175,5.4557
equity fund,137,5.4551
liquidity ended,174,5.4551
ability serve,239,5.4548
selling marketing,298,5.4546
able capitalize,109,5.4546
specific numbers,221,5.4537
extremely important,202,5.4533
certain amount,225,5.4528
pretty broad,333,5.4521
store opening,105,5.4511
adjusted exclude,137,5.4509
proceed john,180,5.4503
drive profitable,306,5.4496
execution against,255,5.4496
approximately gigawatts,145,5.4496
royalty rate,176,5.4494
wanted highlight,153,5.4489
corporate website,114,5.4486
higher incentive,283,5.4485
clinical research,183,5.4484
pass back,520,5.4478
burn rate,144,5.4469
opportunity participate,104,5.4466
has become,1086,5.4453
nearly double,287,5.4433
don mind,283,5.4433
let break,127,5.4432
accounting change,155,5.443
tangible progress,136,5.4427
highly focused,319,5.4407
ability deploy,130,5.4405
down sequentially,1236,5.4396
possibly can,195,5.4396
tax benefits,407,5.4394
absolutely right,550,5.4393
making progress,887,5.439
inventory reductions,147,5.4389
sequentially attributed,100,5.4382
noi growth,938,5.4382
purchase volume,279,5.4375
weighted assets,225,5.4363
rest day,402,5.4353
post closing,114,5.4353
primary reason,118,5.4352
average realized,146,5.4352
foundational work,102,5.4345
ready take,416,5.4339
different geographies,128,5.4334
favorable currency,145,5.4333
heard comments,122,5.4328
move faster,319,5.4327
performed better,129,5.4324
further reduce,338,5.4322
specialty products,327,5.4318
among top,196,5.4313
reflecting continued,1018,5.4309
income totaled,245,5.4305
seen historically,284,5.4298
yeah hey,854,5.4293
software services,498,5.4292
marketing channels,188,5.4292
high dose,213,5.4285
certain statements,339,5.4284
equipment orders,168,5.428
digital experiences,103,5.4268
pretty easy,112,5.4267
relations portion,142,5.4264
continues show,236,5.4262
before turning,762,5.4259
continues improve,598,5.4257
changed since,156,5.4254
addressable opportunity,124,5.4253
move away,195,5.4251
strategic collaboration,134,5.425
net premiums,197,5.4249
renewal activity,122,5.4239
across diverse,213,5.4233
improved sequentially,439,5.4232
cost efficiencies,610,5.4229
volumes declined,218,5.4219
broad set,197,5.4218
outlined earlier,110,5.4217
general corporate,148,5.4217
directors has,196,5.4216
hope everyone,180,5.4216
commitment disciplined,143,5.4216
delivered strong,2288,5.4215
elaborate bit,163,5.4215
carry forward,180,5.4213
pretty aggressive,101,5.4212
recently closed,114,5.421
transportation solutions,106,5.4206
approximately thousand,163,5.42
resonating customers,130,5.4198
front end,1133,5.4192
different levers,109,5.4192
commission including,155,5.4192
ongoing efforts,321,5.4188
existing footprint,174,5.4181
full stack,289,5.4181
remains highly,216,5.4178
top performing,178,5.4174
session follow,246,5.416
helped deliver,117,5.4154
product categories,748,5.4153
digital asset,469,5.4151
meet growing,286,5.4147
level playing,116,5.4143
star one,702,5.4141
able produce,128,5.4136
data sources,204,5.4135
positioned execute,149,5.4135
particularly light,110,5.4129
building materials,139,5.4112
billion representing,1216,5.4106
returned billion,367,5.4102
private brands,204,5.4101
land development,213,5.4099
development activities,233,5.4099
different countries,184,5.4091
despite challenges,112,5.4085
congrats strong,648,5.408
right sized,114,5.4073
strategic acquisitions,407,5.4064
restaurant sales,470,5.4058
recent annual,377,5.4055
today discussion,494,5.4043
variable rate,253,5.4043
came above,203,5.4039
whole thing,191,5.4038
talked earlier,792,5.4037
provide clarity,124,5.4031
drive awareness,145,5.4026
want mention,164,5.4025
kind flattish,144,5.4024
committed disciplined,127,5.4023
bring together,218,5.4014
grow rapidly,128,5.4013
margin accretion,212,5.4012
underlying demand,627,5.4006
macro trends,214,5.4004
competitive dynamic,159,5.4003
midpoint range,535,5.3999
weight management,138,5.3999
slightly different,504,5.3999
guidance provided,767,5.3996
progress advancing,132,5.3989
certain parts,146,5.3984
power delivery,247,5.3982
particularly relates,141,5.3965
gets better,233,5.3962
gross premiums,114,5.3962
corporate expenses,350,5.3958
net additions,214,5.3953
saas platform,134,5.395
every month,396,5.3946
let move,1059,5.3945
usage based,210,5.3939
jonathan price,165,5.3937
appreciate comments,283,5.3935
softer expected,140,5.3934
product road,349,5.3932
subscription services,219,5.3929
general account,100,5.3925
haven talked,210,5.3916
energy efficiency,352,5.3915
remain central,101,5.3914
build out,2716,5.3913
low end,2503,5.3911
positioned serve,138,5.391
noise around,138,5.391
expenses associated,318,5.3906
growth algorithm,469,5.3905
both organically,207,5.3905
systems inc,345,5.3902
positive comp,253,5.3897
average shares,447,5.3895
approach managing,118,5.3895
rate case,806,5.3889
make money,348,5.3886
are revising,137,5.3886
data protection,213,5.3881
bringing total,507,5.3881
ramping production,131,5.388
gaap net,3636,5.3879
construction activity,267,5.3867
based lending,269,5.3866
greater efficiencies,106,5.3865
fuel costs,377,5.3864
reporting period,170,5.3862
goods services,116,5.386
able deliver,972,5.3858
property equipment,103,5.3852
drive durable,171,5.3851
comments made,471,5.3845
pretty healthy,314,5.3839
deposits grew,220,5.3839
cost effective,781,5.3837
nearly billion,1307,5.3832
put ourselves,106,5.3829
has resulted,515,5.3826
key objectives,104,5.3825
how allocate,177,5.382
strategic decision,287,5.3801
key verticals,139,5.3801
big factor,140,5.38
revpar increased,109,5.3797
period ended,523,5.3797
larger transactions,111,5.3794
pretty confident,482,5.3787
ffo guidance,255,5.3785
slightly better,656,5.378
engineering team,251,5.3779
digit growth,5907,5.3776
margin nim,254,5.3776
continuing build,499,5.3775
global finance,186,5.3774
john john,498,5.3772
emphasized strategic,102,5.3771
month period,678,5.3771
engineering services,173,5.377
processing capacity,130,5.3759
global presence,100,5.3759
transaction closed,122,5.3753
want add,1333,5.3751
case case,140,5.3751
unit volume,444,5.375
material change,298,5.3738
distribution gains,170,5.3732
increasingly competitive,104,5.3715
recent wins,159,5.3713
existing accounts,171,5.3701
slower expected,173,5.3697
deliver differentiated,167,5.3697
efficient way,342,5.3694
team executed,215,5.369
okay appreciate,451,5.3687
under control,264,5.3687
delivered double,416,5.368
improve upon,127,5.3675
new clubs,118,5.3674
today discuss,787,5.3673
average lease,254,5.3669
repurchases completed,108,5.3668
not immune,152,5.3666
margin progression,238,5.3662
creates opportunity,142,5.366
healthy balance,377,5.366
improved meaningfully,113,5.3659
early tell,342,5.3658
all stakeholders,318,5.3651
coming months,1313,5.3648
tax season,193,5.3642
term loan,1763,5.3641
meaningful step,234,5.364
any duty,116,5.3638
advanced technology,402,5.3633
delivered excellent,114,5.3625
remain resilient,117,5.3621
continues expand,469,5.3618
does mean,1087,5.3614
during periods,228,5.3614
deliver durable,121,5.3613
website note,108,5.3608
most exciting,337,5.3591
maintain disciplined,115,5.359
approximately megawatts,142,5.3588
retail channels,144,5.3588
quantify impact,140,5.3587
significant progress,1375,5.3579
government contracts,106,5.3576
reconciliation most,130,5.3571
large format,117,5.3553
press again,677,5.3552
offset higher,1900,5.355
towards end,920,5.3549
pretty consistently,148,5.3548
larger accounts,107,5.3542
christopher david,123,5.3539
value seeking,110,5.3526
sustaining cost,114,5.3517
customer acquisition,1664,5.3513
adjusted operating,6590,5.3513
projected decline,144,5.3503
seeing signs,220,5.3498
any insight,179,5.3495
improve efficiency,419,5.3492
software development,434,5.3491
high conviction,125,5.3488
remains stable,263,5.3488
reimbursement rates,117,5.3477
debt equity,473,5.3472
each month,338,5.3468
offset inflation,231,5.3468
discussed past,233,5.3461
timing issues,122,5.3451
build momentum,697,5.3441
billion billion,7706,5.3437
five consecutive,109,5.3436
previous guidance,808,5.343
trend toward,135,5.3427
material changes,235,5.3419
securities ahead,650,5.3417
permanent capital,134,5.3417
presentation includes,124,5.3417
advertising marketing,163,5.3416
has created,468,5.3416
any reason,590,5.3413
quality metrics,219,5.3411
categories such,190,5.3402
flow generated,609,5.3399
large enterprise,547,5.3399
international expansion,663,5.3398
options available,107,5.3395
open unknown,130,5.3385
quite few,449,5.3384
concludes prepared,158,5.3384
collaboration between,127,5.3384
asset utilization,193,5.3376
these statements,2295,5.3374
looking forward,3947,5.3372
commercial lending,194,5.3371
reduction initiatives,347,5.3369
significantly below,154,5.3365
solutions provider,117,5.3363
compared linked,152,5.3363
existing facilities,141,5.3359
industry consolidation,117,5.3359
yes mean,2165,5.3355
past calls,118,5.3353
positioned win,140,5.335
tariffs trade,128,5.3348
sure understood,131,5.3347
ones who,126,5.3342
results exclude,117,5.3341
day day,1035,5.3334
congrats great,423,5.3332
related expenses,1129,5.3329
focused driving,885,5.3312
takes longer,116,5.3309
unlock additional,111,5.3301
average deposits,270,5.3291
class shares,125,5.329
higher input,182,5.3285
times faster,172,5.3283
partners proceed,163,5.3283
greater efficiency,251,5.3282
decrease compared,510,5.3275
down slightly,975,5.3274
loan yield,213,5.326
stepping down,108,5.326
merchandise sales,214,5.3254
comp store,125,5.3243
specifically relates,102,5.3243
most relevant,157,5.3239
appropriate level,141,5.3237
losses loans,116,5.3234
may occur,101,5.3233
annualized return,133,5.3216
consolidated revenues,170,5.3213
reflects strength,268,5.3213
home delivery,121,5.3212
among other,484,5.3211
construction projects,194,5.3209
improve outcomes,142,5.3209
industry verticals,164,5.3204
significantly higher,919,5.3203
further optimize,179,5.32
make progress,1449,5.32
combined cycle,158,5.3196
management views,126,5.3196
key assumptions,213,5.3193
two main,262,5.3193
announced agreement,141,5.319
lending partners,118,5.3185
measures provided,113,5.3177
reached end,626,5.3176
moving towards,273,5.3174
building momentum,625,5.3174
getting better,1116,5.317
any updates,409,5.317
those contemplated,125,5.3161
net absorption,149,5.3154
remained above,127,5.3153
expense decreased,268,5.3147
proceed brian,105,5.3146
day welcome,272,5.3144
higher asp,135,5.3142
excludes any,123,5.314
expenses rmb,119,5.314
september type,482,5.3138
residential real,113,5.3137
even face,105,5.3132
important factors,482,5.3131
tariff environment,380,5.3131
front center,233,5.3123
result various,124,5.3123
goes back,552,5.3115
include forward,840,5.3114
minus basis,185,5.3111
digit range,964,5.3109
subscription based,309,5.3107
quick one,1236,5.3104
six quarters,298,5.3097
encouraged momentum,163,5.3093
two stack,189,5.3081
introduce new,328,5.3077
midpoint guide,164,5.3074
great example,1046,5.3071
whole lot,569,5.3069
cited key,132,5.3059
moment ago,239,5.3059
continuing expand,318,5.3053
important recognize,127,5.3049
newer markets,122,5.3042
value realization,128,5.3039
those conversations,665,5.3036
truly believe,136,5.3035
order backlog,248,5.3029
designed deliver,178,5.3026
due fewer,116,5.3025
margin expanded,1265,5.3025
refer risk,111,5.3024
approximately barrels,137,5.3022
has worked,388,5.3022
get pushed,104,5.3019
come down,2523,5.3018
david david,482,5.3017
consumer engagement,297,5.3016
top talent,145,5.3001
other players,287,5.3
net leverage,2481,5.2988
served well,182,5.2986
important metric,163,5.2985
data collection,149,5.2979
well controlled,185,5.2979
average loans,484,5.2977
post transaction,105,5.2975
management identified,238,5.2973
under review,263,5.2972
most attractive,330,5.2969
declined basis,870,5.2963
oil price,323,5.296
give little,2035,5.2953
users who,209,5.2947
results detail,702,5.2946
peak levels,106,5.2945
expense totaled,131,5.2945
conditions remain,313,5.2941
listening today,105,5.294
allocation approach,204,5.2938
built foundation,102,5.2938
not indicative,123,5.2934
absolute terms,116,5.2934
strengthening balance,159,5.2929
primarily reflects,335,5.2929
customer count,468,5.292
financial metrics,844,5.2916
pretty exciting,225,5.2914
perform better,158,5.2913
control systems,173,5.2908
commercial launch,649,5.2904
made significant,1169,5.2894
represents meaningful,125,5.2891
royalty revenue,402,5.2883
help drive,1023,5.2883
few comments,418,5.2882
small percentage,247,5.2881
congrats another,152,5.2879
rate sensitive,142,5.2875
james james,115,5.2875
entirely new,271,5.2866
technical services,122,5.2866
operating expense,2316,5.2859
inc common,153,5.2859
transformation plan,221,5.2858
position strength,600,5.285
entirely driven,106,5.2846
two quarters,1427,5.2846
current situation,143,5.284
alternative investment,120,5.2833
soft demand,163,5.2828
risk management,1457,5.2819
healthcare services,163,5.2817
engagement retention,108,5.2815
want ask,1038,5.2813
couple minutes,114,5.281
might happen,144,5.2806
key factor,171,5.2805
why don,854,5.2802
existing relationships,171,5.2801
across industries,265,5.2799
consolidated gross,367,5.2798
become meaningful,148,5.2798
new acv,236,5.2798
able raise,143,5.2797
development pipeline,786,5.2794
important part,1355,5.2794
given nature,175,5.2793
revenue grew,3946,5.2793
statements discussion,118,5.2792
compensation benefits,136,5.2778
forward curve,236,5.2778
based current,1367,5.2774
raised full,457,5.2773
expanded distribution,158,5.2773
digital ecosystem,126,5.2765
margin improvement,3132,5.2754
guidance lowered,104,5.2754
become larger,109,5.275
analytics platform,152,5.2747
available under,411,5.2745
high resolution,115,5.2739
talent acquisition,122,5.2732
patients therapy,142,5.2729
pricing adjustments,189,5.2728
range outcomes,294,5.2727
transportation segment,154,5.2725
great shape,195,5.2722
thing say,1234,5.2706
tracking ahead,168,5.2703
repurchased during,185,5.2702
few days,379,5.2701
engagement metrics,118,5.2699
sequential basis,905,5.2698
cost synergy,141,5.2694
reliance any,103,5.2692
variable cost,248,5.269
remains elevated,171,5.2686
value chain,830,5.268
any differences,131,5.2679
saw nice,293,5.2678
starting show,154,5.2677
supply agreements,143,5.2674
above pre,117,5.2674
significantly larger,148,5.2673
below midpoint,134,5.2671
fee service,266,5.267
loans declined,175,5.2668
approximately billion,4931,5.2665
strategic transformation,235,5.2664
purchase order,119,5.2661
especially given,492,5.2658
daily basis,304,5.2654
process improvements,287,5.2652
earnings apr,158,5.2651
rental income,150,5.2645
off site,174,5.2645
legal costs,150,5.2645
fully offset,332,5.2643
consolidated adjusted,559,5.2642
six times,169,5.2634
all comparisons,283,5.2631
storage system,104,5.2629
immediate impact,140,5.2629
anything add,407,5.2621
half calendar,236,5.2621
these types,621,5.2617
home closing,162,5.2616
other hand,826,5.2609
issued today,307,5.2607
revenues declined,247,5.2607
michael joseph,107,5.2605
technology enabled,176,5.2601
hey taking,581,5.26
completed acquisition,271,5.2599
probably won,114,5.2593
weekly basis,102,5.2592
host today,112,5.2589
exceptional service,109,5.2584
noted previously,137,5.2582
commercial execution,713,5.258
already secured,129,5.2578
optimistic future,201,5.2576
leadership changes,245,5.2576
available sale,206,5.2572
all sizes,206,5.2567
ability drive,855,5.256
priority areas,111,5.2555
channel inventory,457,5.2543
equity ratio,272,5.2542
digit decline,374,5.2542
decreased basis,702,5.2541
maintenance costs,254,5.2537
end markets,4281,5.2536
step step,175,5.2525
weaker expected,111,5.2523
made substantial,184,5.2521
mature markets,145,5.2516
grew sequentially,386,5.2514
information investors,119,5.2512
investment decisions,217,5.251
can find,1118,5.2508
exactly right,593,5.2507
financing costs,265,5.2506
investment community,296,5.2504
supplemental financial,198,5.2501
product velocity,122,5.2498
discuss later,102,5.2498
not rely,218,5.2498
come together,565,5.2497
continued success,633,5.2495
depending how,451,5.2492
ahead curve,162,5.249
private cloud,172,5.2489
total revenue,8573,5.2486
chinese new,339,5.2484
guys appreciate,452,5.2478
represents significant,296,5.2478
customer groups,115,5.2474
restructuring plan,175,5.2473
recently expanded,156,5.2469
seven quarters,143,5.2465
forward keeping,214,5.2464
last decade,400,5.2458
reported record,488,5.2452
sequential step,154,5.2449
take care,793,5.2448
auto loans,117,5.2444
client segments,154,5.2434
fell basis,153,5.2423
slide review,285,5.2422
enhance efficiency,128,5.2419
any signs,243,5.2419
being aggressive,132,5.2414
totaled approximately,259,5.2403
little color,1246,5.2399
generally available,161,5.2397
days weeks,120,5.2396
closing thoughts,106,5.2391
excluding certain,225,5.2391
free rent,164,5.2387
ability maintain,181,5.2384
let talk,1228,5.2382
off peak,124,5.2381
two quick,492,5.2378
help ensure,166,5.2377
another strong,2274,5.2377
did not,5109,5.2377
commercial aircraft,108,5.2377
even faster,394,5.2375
cash balances,465,5.2367
increased sequentially,955,5.2366
available common,132,5.2366
results exceeded,336,5.2365
bit cautious,175,5.2364
changes made,572,5.2362
regulatory front,148,5.236
super clear,104,5.2349
creating value,395,5.2347
entire portfolio,399,5.2344
taking place,534,5.2343
cash restricted,123,5.2343
risks associated,106,5.2341
has accomplished,124,5.2338
reflecting ongoing,394,5.2338
cash hand,1024,5.2337
domestic supply,154,5.2335
included press,165,5.2332
return average,606,5.2326
bank account,108,5.2323
pretty close,456,5.2314
june type,467,5.2313
capital requirements,384,5.2311
seven months,167,5.2307
linked basis,243,5.2305
multiyear period,161,5.2299
grew nearly,324,5.2295
gaap non,1664,5.2294
before opening,181,5.2292
customer retention,560,5.2285
trying manage,135,5.2283
turning balance,714,5.2281
national average,186,5.2278
able generate,287,5.2269
defense programs,112,5.2269
each region,131,5.2265
phase three,570,5.2263
pursue additional,100,5.2261
website following,125,5.2257
appreciate detail,162,5.2253
acquisition integration,274,5.225
private public,110,5.2241
represent approximately,249,5.224
reflects continued,532,5.2239
comprehensive income,163,5.2238
media spend,220,5.2235
exceeded high,283,5.2234
non small,619,5.2233
move towards,273,5.2226
something happens,105,5.2224
gdp growth,157,5.222
embedded within,188,5.2219
came out,1015,5.2217
affo guidance,102,5.2198
continue diversify,131,5.2198
made meaningful,457,5.2193
join today,136,5.2193
financial discipline,722,5.2188
she has,182,5.2185
has happened,425,5.2181
earnings webcast,173,5.218
big step,327,5.2177
implied forward,162,5.2176
wrap want,104,5.2171
moving fast,133,5.2171
average unit,324,5.2171
through dividends,593,5.2165
time horizon,164,5.2164
marketing expense,607,5.2159
statements include,226,5.2155
through financials,367,5.2152
okay sorry,148,5.2152
whether result,340,5.215
initial launch,185,5.2147
meaningful upside,122,5.2143
announced partnership,154,5.2141
morgan ahead,271,5.2139
historically low,196,5.213
big enough,139,5.2128
americas segment,139,5.2127
can lumpy,147,5.2127
speaker today,188,5.2127
clinical data,854,5.2122
attractive risk,177,5.2113
primarily related,932,5.2112
enabled deliver,129,5.2109
product offering,747,5.2106
how fits,148,5.2104
different regions,189,5.2097
rate increases,891,5.2087
larger larger,142,5.2086
expanded access,158,5.2085
may include,516,5.2084
product development,1943,5.2078
bit muted,101,5.2077
begin note,117,5.2073
are reconciled,145,5.2066
expenses excluding,442,5.206
products services,1450,5.2059
track reach,113,5.2054
anything specific,263,5.2053
coming soon,155,5.2049
best talent,108,5.2043
statements within,685,5.2029
any concerns,153,5.2028
foundation future,268,5.2022
move toward,270,5.2012
per month,1016,5.2007
runs through,103,5.2006
not linear,182,5.2005
high frequency,137,5.2004
improve profitability,374,5.1998
left side,117,5.1991
close transaction,218,5.1986
equivalents end,310,5.1986
already identified,102,5.1985
operational challenges,185,5.1981
has enabled,527,5.198
world leading,333,5.198
helpful context,121,5.1968
knows how,128,5.1965
capitalize opportunity,120,5.1963
digit comp,147,5.196
conversation around,145,5.196
taken place,121,5.1953
well underway,466,5.1949
direct exposure,112,5.1947
proceed mark,118,5.1947
media platforms,113,5.1945
confident ever,108,5.194
credit enhanced,163,5.1938
incredibly strong,377,5.1934
return capital,1734,5.1926
grew double,403,5.1924
most mature,110,5.1922
weeks months,258,5.1921
assets held,135,5.1918
used pay,137,5.1916
agentic solutions,110,5.1915
quarters ago,542,5.1914
fully online,104,5.1914
driving profitable,178,5.1911
general industrial,129,5.1905
lower volumes,838,5.1904
total arr,341,5.1902
other areas,1351,5.1898
therapy patients,134,5.1893
reflecting sustained,105,5.1889
higher depreciation,264,5.1887
due higher,2915,5.1883
work together,623,5.188
multiple channels,107,5.187
now assist,158,5.1868
developed markets,194,5.1852
second pillar,133,5.1849
adding capacity,215,5.1847
markets proceed,371,5.1844
annual savings,193,5.1839
able deploy,157,5.1824
fixed asset,186,5.182
report another,179,5.1808
consumption based,188,5.1801
repurchase plan,224,5.1794
across spectrum,169,5.1793
among best,131,5.1792
represents approximately,406,5.1784
focused improving,445,5.1783
begin review,130,5.1779
per employee,199,5.1778
understand exactly,116,5.1772
orders backlog,166,5.1761
reducing costs,257,5.1761
several key,603,5.1755
continue demonstrate,397,5.1752
term targets,539,5.1744
ended cash,1213,5.1742
equity needs,186,5.1742
weaker demand,122,5.1736
implied guidance,182,5.1734
willing take,103,5.1734
smith yeah,124,5.173
environment remains,635,5.1728
drive greater,424,5.1725
able manage,291,5.1718
longer lead,133,5.1712
month april,150,5.1701
absolute basis,147,5.1701
gains sale,128,5.1699
pretty similar,394,5.1698
ahead unknown,165,5.1696
all joining,2086,5.1681
commerce platform,261,5.168
pursue opportunities,115,5.1676
trend towards,119,5.1661
larger scale,284,5.1659
area focus,455,5.1655
party data,400,5.1654
gross adds,110,5.165
start off,1118,5.1648
represents increase,466,5.1642
able bring,412,5.1638
mortgage loan,146,5.1636
disconnect everyone,163,5.1632
positive negative,344,5.1631
contributed approximately,312,5.1619
operating loss,1591,5.1619
launching new,443,5.1616
funding needs,107,5.1613
supported favorable,116,5.1612
family plan,102,5.1608
commercial oem,119,5.1599
work underway,158,5.1595
significantly expanded,137,5.1589
international inc,359,5.1585
past five,383,5.1584
make happen,322,5.158
before hand,323,5.1578
continue seek,136,5.1577
make adjustments,194,5.1575
remains priority,133,5.1575
potential impacts,251,5.1573
done past,494,5.1573
cash app,494,5.157
are subject,2456,5.157
industrial segment,413,5.1562
secular growth,323,5.1558
ratio below,190,5.1553
continue strengthen,563,5.1547
pretty big,693,5.1543
edge technology,127,5.1542
let take,1710,5.1536
taking hold,147,5.1528
doing everything,272,5.1527
global reach,219,5.1526
selling days,150,5.1522
reduce risk,196,5.1512
adjusted free,2238,5.1508
forward discussing,119,5.1505
new stores,1541,5.1492
unchanged prior,175,5.1491
organic sales,2041,5.149
understand why,304,5.1487
disconnect between,192,5.1487
per ads,157,5.1472
new records,194,5.1471
provide comprehensive,102,5.1469
given uncertainty,268,5.1468
fiscal ended,437,5.1466
big tech,127,5.1465
mike michael,251,5.1462
bookings backlog,115,5.1453
per load,215,5.1451
other regions,440,5.1449
inventory adjustments,113,5.1448
related costs,1339,5.1446
guidance midpoint,799,5.1445
across organization,1119,5.1442
differentiated solutions,145,5.144
select markets,130,5.1437
larger projects,214,5.1435
due variety,103,5.1433
let touch,182,5.1427
transaction volumes,233,5.1425
government contract,132,5.1412
percentage total,785,5.1397
comp ratio,113,5.1395
reflect strength,171,5.1395
large cap,128,5.1395
response rate,400,5.1394
pretty wide,141,5.1393
grew over,5024,5.1392
lower middle,446,5.1392
marketing activities,152,5.1374
continue differentiate,127,5.1373
thing note,203,5.1372
inc class,166,5.137
prior comparison,121,5.1369
stock dividend,152,5.1361
store traffic,103,5.1352
driven mainly,303,5.135
outperformance versus,116,5.1346
strategic positioning,170,5.1344
try get,553,5.1342
strategic decisions,159,5.1342
bit mixed,112,5.1339
far along,179,5.1337
move fast,134,5.1331
maybe follow,1656,5.1322
moving toward,241,5.1321
cloud based,573,5.1315
capital light,436,5.1312
average occupancy,150,5.1303
mainly reflecting,102,5.1297
steel industry,105,5.1287
excited welcome,167,5.1286
every country,114,5.1286
economic activity,170,5.1284
plans place,200,5.1282
increases partially,143,5.128
leading position,401,5.1271
let discuss,328,5.1271
deposit side,338,5.1271
long duration,287,5.1254
has answered,133,5.1253
expanding access,172,5.1249
important driver,276,5.1248
touch points,254,5.1246
generating positive,170,5.1246
sustainable profitability,124,5.1244
grade balance,135,5.1242
continuing improve,342,5.1235
ongoing uncertainty,157,5.1232
pricing pressures,156,5.1228
all regions,790,5.1222
feel free,754,5.1214
platform designed,254,5.1207
currently anticipate,135,5.1204
able execute,291,5.1204
has authorized,170,5.1201
expected between,1438,5.1199
focused strengthening,132,5.1197
reduction efforts,189,5.1188
wanted hear,171,5.1187
bit slowdown,108,5.117
spend moment,167,5.1169
factors including,617,5.1168
down modestly,180,5.1164
decreased primarily,234,5.1164
digital capabilities,356,5.1163
provision income,135,5.1161
expect file,147,5.1153
reported substantial,123,5.1152
innovative technology,121,5.1137
customer service,1648,5.1133
particular area,114,5.1132
positive outcome,104,5.113
two pieces,181,5.1128
fuel efficiency,142,5.1127
pretty balanced,107,5.1119
innovation pipeline,463,5.111
fairly significant,163,5.1109
given backdrop,122,5.1107
strategic framework,140,5.1107
supply demand,1519,5.1107
direct channel,224,5.1106
throughout course,289,5.1104
active client,131,5.1104
positioned achieve,112,5.1097
best way,923,5.108
midpoint guidance,779,5.1079
almost double,146,5.1076
highest levels,177,5.1069
driving sustainable,162,5.1066
moving quickly,241,5.1065
raised its,152,5.1064
everyone appreciate,403,5.1062
get thoughts,514,5.106
uses capital,139,5.106
key role,197,5.1059
maybe quick,596,5.1059
most innovative,147,5.1055
reduce debt,220,5.1052
macro perspective,192,5.1052
financial performance,4727,5.1041
revenue derived,117,5.1038
one fastest,234,5.1036
two examples,135,5.1033
evercore ahead,107,5.1032
development programs,380,5.1031
made possible,188,5.1027
contribution profit,185,5.1027
other filings,331,5.1027
manufacturing capabilities,253,5.1025
interest payments,282,5.1024
respectively compared,149,5.1023
persist through,132,5.1018
any specifics,116,5.1016
final remarks,183,5.1012
new highs,126,5.1011
positioned benefit,311,5.1011
completion activity,104,5.1006
heard say,365,5.1005
early april,289,5.1
home improvement,312,5.1
care delivery,145,5.0998
congratulations strong,260,5.0997
durable long,226,5.0996
upper range,103,5.0988
common share,598,5.0986
top five,430,5.0982
long history,315,5.0982
entry points,108,5.0977
debt balances,117,5.0977
continue lean,349,5.097
shareholders through,1565,5.0968
term goals,271,5.0958
leadership stated,108,5.0953
committed driving,187,5.0952
focus remains,826,5.0951
gives opportunity,411,5.0951
within hours,106,5.095
perhaps even,182,5.0943
two fewer,128,5.0937
earnings jan,102,5.0936
are cautioned,178,5.0932
margins expanded,374,5.0929
has done,2001,5.0928
has performed,255,5.0926
deliver compelling,100,5.0925
flat compared,613,5.0924
important factor,142,5.0922
getting traction,105,5.0919
pretty clear,448,5.0918
book yield,103,5.0917
you attending,1186,5.0916
attributed lower,238,5.0915
commitments made,106,5.0912
ratio decreased,139,5.0912
missed but,406,5.0909
important piece,199,5.0908
incremental margins,580,5.0905
coming off,964,5.0903
helpful maybe,1098,5.0902
required under,112,5.0895
stronger expected,463,5.0895
price volatility,275,5.0889
achieved double,170,5.0882
now live,1174,5.088
main focus,167,5.0878
key geographies,103,5.0876
meaningful acceleration,100,5.0875
enough offset,123,5.0875
due seasonal,220,5.0869
factors play,131,5.0867
expense savings,300,5.0857
invested assets,141,5.0852
today press,887,5.0851
percent range,244,5.0841
revpar growth,387,5.0832
client needs,132,5.083
meaningful contribution,150,5.0827
being used,597,5.0821
order achieve,136,5.0819
stronger anticipated,107,5.0818
combination factors,133,5.0818
guess curious,295,5.0812
continue expand,1746,5.0812
lower incentive,151,5.081
most notable,131,5.0802
discount rate,110,5.0801
recent launches,108,5.0797
customer needs,665,5.0797
provides additional,206,5.0797
three segments,384,5.0795
case study,106,5.079
mid late,169,5.079
strategic focus,1101,5.0788
research scott,111,5.0784
current economic,192,5.0781
click through,126,5.0777
top priorities,229,5.0771
credit risk,620,5.0768
are eager,190,5.0764
who walk,120,5.0763
range representing,495,5.0749
currently under,236,5.0745
time join,173,5.0742
expect receive,206,5.0741
competitors who,118,5.0739
has remained,661,5.0738
uses cash,154,5.0735
optimization program,182,5.0734
revenues rose,118,5.0731
acquisition related,767,5.073
george okay,101,5.0726
certain categories,129,5.0722
monetization opportunities,137,5.0722
work alongside,110,5.0719
continues accelerate,246,5.0709
three consecutive,189,5.0703
offset favorable,248,5.0703
different reasons,145,5.0702
helping offset,147,5.0698
versus ago,736,5.0694
years age,125,5.0692
ability grow,624,5.0689
leveraging technology,199,5.0684
put money,129,5.0683
lot room,307,5.0683
natural color,114,5.068
updated view,112,5.0679
project wins,107,5.0677
share gain,644,5.0676
sales motion,167,5.0675
attributed higher,340,5.0673
mentioned opening,216,5.0669
looks pretty,228,5.0659
net worth,287,5.0657
okay super,132,5.0656
early august,117,5.0656
short period,440,5.0651
slide show,175,5.065
sure understand,481,5.0648
portfolio diversification,145,5.0647
let review,372,5.0646
starting point,879,5.0645
strategic actions,386,5.0645
profit rose,105,5.0637
sheet provides,130,5.0636
exceed billion,199,5.0635
pretty interesting,150,5.063
couple calls,105,5.0628
approach allows,101,5.0623
expenses declined,302,5.0622
modest increase,356,5.0617
time sensitive,196,5.0613
payment volume,208,5.0598
higher throughput,162,5.0592
credit loss,538,5.0588
manage risk,188,5.0586
reach out,763,5.0577
consolidated net,533,5.0576
better job,337,5.0573
delivered outstanding,165,5.057
multi use,144,5.0542
lot runway,169,5.0541
current levels,573,5.0541
tier one,543,5.054
despite macro,111,5.0538
basis excludes,103,5.0536
already signed,125,5.0534
operating model,1847,5.0531
quarterly results,886,5.0529
hear okay,194,5.0528
transaction close,197,5.0524
annual contract,207,5.0521
one hundred,170,5.0516
part story,183,5.0515
previously anticipated,132,5.0513
points linked,145,5.0511
comparison prior,114,5.0509
sequential quarterly,147,5.0509
data insights,246,5.0508
targeted marketing,180,5.0495
relations ahead,637,5.0492
progress making,677,5.0492
primary focus,498,5.0491
global head,176,5.0488
these efforts,1342,5.0486
infrastructure projects,296,5.0486
supporting ongoing,168,5.0485
timing certain,258,5.0485
maintaining strong,636,5.0484
read out,312,5.048
utilization trends,142,5.0479
seen far,512,5.0479
don anything,627,5.0476
one quick,1030,5.0474
intend continue,306,5.0466
already taken,180,5.0463
underwriting income,199,5.0463
believe prudent,127,5.0462
one megawatt,170,5.0461
contribute approximately,172,5.0452
helping clients,111,5.0447
high yield,469,5.0447
haven given,190,5.0446
still relatively,400,5.0439
term objectives,181,5.0438
generate incremental,139,5.0435
deposit pricing,330,5.0434
ahead matthew,272,5.0432
those learnings,137,5.0424
proceed david,137,5.0423
major projects,238,5.0422
ebitda loss,983,5.042
both segments,780,5.0418
room improvement,134,5.0413
work hard,429,5.0412
synergies between,140,5.0408
tpv growth,135,5.0405
being opportunistic,109,5.0401
significantly faster,112,5.0401
productivity efficiency,221,5.0398
above high,899,5.0391
operational performance,1382,5.0388
new prescribers,117,5.0388
better positioned,526,5.0383
paid down,431,5.0383
raised billion,433,5.038
talked before,863,5.0378
service lines,309,5.0375
six years,618,5.0374
got okay,906,5.037
ways improve,141,5.0369
software exposure,105,5.0364
opportunity front,483,5.036
supply agreement,199,5.0359
efficacy data,177,5.0353
price adjustment,100,5.0352
has moved,362,5.0345
system designed,113,5.0336
savings achieved,110,5.0335
enable deliver,127,5.0331
several times,251,5.0328
positioned address,101,5.0325
take instructions,357,5.0317
not surprise,179,5.0317
transcript may,1258,5.0315
another outstanding,183,5.0314
last month,1444,5.0311
compared last,3843,5.031
little softer,146,5.0305
cost deposits,511,5.0301
expenditures approximately,322,5.0281
inflation tariffs,108,5.028
measures including,478,5.0279
capacity expansion,835,5.0277
feel optimistic,118,5.0273
let address,258,5.0272
before turn,1056,5.0268
most advanced,389,5.0268
april may,361,5.0265
other uses,118,5.0265
let highlight,203,5.0264
increased competition,311,5.0253
ahead ourselves,195,5.0252
adjustments made,117,5.0236
trading activity,100,5.0236
enterprise clients,243,5.0236
these actions,1358,5.0234
pretty substantial,161,5.0229
balanced capital,302,5.0228
has doubled,209,5.0228
month march,177,5.0228
digital media,214,5.0228
price reductions,182,5.0227
came together,137,5.0226
slightly less,230,5.0226
exceptional performance,204,5.0225
energy partners,299,5.0224
safety quality,156,5.022
differentiated technology,173,5.0217
higher education,167,5.0217
maybe talk,2061,5.0217
demand environment,1466,5.0213
brand positioning,148,5.0207
store online,113,5.0204
transaction activity,306,5.0204
those spaces,102,5.0201
sales declined,964,5.0201
add color,363,5.0194
due favorable,412,5.0185
existing contracts,159,5.0184
heard prepared,114,5.0181
customer commitments,216,5.018
good taking,2979,5.0176
continue deepen,131,5.0175
mentioned before,1246,5.0173
inflationary cost,114,5.0171
billion dollars,610,5.0167
kind words,152,5.0158
highlighted earlier,195,5.0155
not easy,466,5.0153
america securities,207,5.015
demonstrating continued,129,5.0145
earlier comments,301,5.0139
open alex,135,5.0131
integrated model,176,5.013
unfavorable product,149,5.0127
guidance reiterated,104,5.0127
return office,116,5.0122
pricing dynamics,331,5.0113
guidance gave,307,5.011
guidance maintained,238,5.0109
memory pricing,113,5.0109
designed support,177,5.0108
service delivery,254,5.0105
move through,2280,5.0101
needed support,136,5.0095
post launch,111,5.0095
per user,349,5.0094
want extend,150,5.0089
reported basis,1355,5.0089
health benefits,200,5.0089
continues generate,188,5.0089
performance suite,188,5.0087
provide insights,116,5.0086
financial targets,528,5.0076
has caused,135,5.0074
continues execute,205,5.0072
today webcast,140,5.0071
worked through,303,5.0067
grew annualized,122,5.0064
capital efficient,540,5.0059
financial measure,279,5.0058
store fleet,117,5.0056
nice thing,172,5.0051
introduction new,196,5.0048
expense control,261,5.0047
dividend increases,149,5.0042
expenses increased,1539,5.0035
tenant demand,133,5.0034
generated record,220,5.0034
continued demonstrate,140,5.0034
versus peers,124,5.0032
came slightly,124,5.0028
fiscal ending,217,5.002
balanced mix,114,5.0016
getting bigger,151,5.0012
offsetting lower,113,5.0011
five weeks,119,5.001
ongoing phase,298,5.0005
not surprised,190,4.9991
couple comments,343,4.9985
project timing,269,4.9985
ahead jonathan,141,4.9985
forma adjusted,169,4.9984
phase phase,246,4.9973
realized price,151,4.9969
started talking,150,4.9967
foundation place,102,4.9966
term sustainable,435,4.9949
not concerned,204,4.9949
subscriber growth,324,4.9941
results reinforce,113,4.9941
competitive standpoint,127,4.9937
production volumes,488,4.9936
aligns well,109,4.9927
completed acquisitions,105,4.9927
multi price,216,4.9924
way frame,142,4.9916
across various,399,4.9916
still room,214,4.9915
revised full,136,4.9913
focused enhancing,106,4.9913
meaningful improvements,177,4.9912
remain healthy,252,4.9911
meaningful improvement,416,4.9908
let alone,122,4.9907
relatively similar,109,4.9902
strategic options,141,4.9899
may june,331,4.9889
are reiterating,412,4.9883
continued progress,1245,4.9882
leveraging existing,105,4.9875
good sign,235,4.9873
sell sell,105,4.987
retail channel,268,4.9869
drive sustained,171,4.9862
thought might,112,4.986
clear visibility,134,4.9855
safe say,181,4.9853
any concern,105,4.9848
total consideration,100,4.9847
once fully,134,4.9846
coming out,3246,4.9846
term vision,261,4.9846
remaining performance,499,4.9845
evaluating opportunities,112,4.9845
direct deposit,112,4.9834
equity compensation,109,4.9831
applications such,146,4.983
commitment innovation,143,4.983
bank deposits,111,4.9819
ever since,130,4.9818
strong execution,1635,4.9817
not considered,334,4.9816
able meet,235,4.9814
get started,767,4.981
unlocking new,141,4.981
now begin,1521,4.98
incredible team,141,4.9798
industry standard,177,4.9796
fourth full,3258,4.9794
since launched,172,4.9793
represent significant,146,4.9791
gotten lot,146,4.979
financial services,2033,4.978
most complex,180,4.9775
long run,792,4.9773
guess trying,313,4.977
guidance projected,491,4.9766
solid progress,370,4.9766
how quickly,1094,4.9762
loan sale,206,4.9761
digital experience,356,4.976
okay got,868,4.9752
regarding future,293,4.9751
other stakeholders,133,4.9746
cost curve,198,4.9745
primarily result,461,4.9743
reduction actions,176,4.9738
increased modestly,145,4.9736
further enhanced,161,4.9731
data shows,228,4.9731
reached billion,519,4.9726
enabled solutions,111,4.9722
navigate through,242,4.9718
thing highlight,115,4.9716
potential approval,190,4.9714
seeing encouraging,228,4.9713
another reason,145,4.971
store footprint,110,4.9709
making steady,122,4.9709
quite pleased,242,4.9708
takeaways adjusted,458,4.9708
management raised,291,4.9703
each other,1231,4.9703
important step,341,4.97
slightly positive,368,4.9695
through remainder,500,4.9694
drive productivity,396,4.9692
less likely,113,4.9688
team executing,259,4.9679
actions reduce,103,4.9676
now turning,2605,4.9676
order activity,363,4.9669
term prospects,153,4.9664
mostly driven,212,4.9662
typically used,115,4.9657
adding additional,220,4.9656
tell you,6291,4.9656
quarterly annual,199,4.9653
existing fleet,132,4.9652
over course,3864,4.9651
end user,433,4.9646
initial phase,144,4.9634
competitive wins,105,4.9634
income per,2459,4.9634
targets set,113,4.9633
highlighted ongoing,165,4.9629
yet fully,126,4.9625
tax payment,116,4.9622
bring own,124,4.9622
customer cohort,147,4.9619
website under,176,4.9615
net retention,636,4.9612
supported disciplined,121,4.9609
monetization strategy,119,4.9608
closer look,375,4.9603
restructuring initiatives,109,4.9602
read through,305,4.9594
comment specifically,128,4.9592
does assume,121,4.959
bring life,104,4.959
earned per,110,4.9588
consumers who,191,4.9587
expanding margins,393,4.9584
service offering,262,4.9582
better expected,1769,4.9581
eps range,680,4.9577
earnings deck,137,4.9577
hearing customers,248,4.9576
bit drag,111,4.9569
global automotive,115,4.9568
continue watch,232,4.9552
teams done,235,4.955
continue push,381,4.955
operational synergies,104,4.955
medical care,106,4.9546
medical need,255,4.9544
positive direction,106,4.9534
perfect day,103,4.953
wondering how,1091,4.9528
performance fees,414,4.9528
quite yet,145,4.9528
take shape,120,4.9526
expanding reach,100,4.9522
total debt,1166,4.9507
management aum,106,4.9506
got understood,127,4.9506
remarks welcome,178,4.9504
after close,304,4.9501
remains dynamic,151,4.9497
positive trends,503,4.9496
started off,272,4.949
own brands,138,4.9488
ability create,211,4.9487
solutions segment,908,4.9487
become less,138,4.9486
profit margins,558,4.9482
expenses percentage,412,4.9481
math right,173,4.9476
lots opportunities,139,4.9474
sustained demand,271,4.9474
european operations,104,4.9472
any chance,105,4.9471
back normal,471,4.9461
aum billion,150,4.9458
similar levels,258,4.9454
consolidated revenue,973,4.9453
you rightly,133,4.9446
funding environment,220,4.944
digital marketing,348,4.9439
regional mix,130,4.9434
since january,162,4.9433
performance reflects,613,4.9433
net lease,530,4.9431
technology platforms,251,4.943
markets serve,376,4.943
during fourth,1819,4.943
raise capital,292,4.9427
integrated platform,269,4.9426
gaap financials,117,4.9421
statements result,311,4.9417
earn back,103,4.9411
coming together,488,4.9411
underpinned strong,100,4.941
disciplined cost,774,4.9409
helpful guess,346,4.9406
used equipment,144,4.9406
decreased due,311,4.94
group life,129,4.9398
step towards,113,4.9397
state level,252,4.9395
largely consistent,163,4.9392
investments making,708,4.9391
exceptional value,185,4.9383
continues deliver,543,4.938
patient experience,212,4.9379
wouldn expect,328,4.9368
trying achieve,106,4.9359
well located,126,4.9359
service agreement,193,4.9349
cash noi,258,4.9348
discussion around,266,4.9347
has turned,126,4.9345
expect generate,681,4.9343
step toward,113,4.9343
revenue declined,1463,4.9342
other elements,191,4.9342
taking step,344,4.9334
past months,622,4.9327
becoming important,100,4.9323
ahead alex,182,4.9312
response rates,175,4.931
compensation ratio,111,4.9307
slightly down,740,4.9295
good spot,416,4.929
strong uptake,128,4.9286
pricing power,683,4.9281
low cost,1565,4.928
end calendar,278,4.9274
glad see,103,4.9274
transaction volume,420,4.9273
restructuring program,146,4.9267
early february,188,4.9264
present value,167,4.9263
materially expectations,169,4.9262
tangible results,209,4.9259
any slowdown,107,4.9256
incredibly well,404,4.9253
rental rate,161,4.9248
can handle,250,4.9247
got makes,310,4.9244
substantially higher,153,4.9243
incremental tariff,186,4.9241
liquidity profile,103,4.9237
both periods,273,4.9234
uncertainties other,366,4.923
labor day,162,4.9229
announced acquisition,335,4.9226
little deeper,202,4.9224
session now,1076,4.9219
even bigger,213,4.9217
important highlight,162,4.9216
cash position,2114,4.9209
generate positive,217,4.9206
early january,256,4.9204
point improvement,1280,4.92
continue attract,137,4.9199
given fact,383,4.919
period last,2982,4.9181
speed service,132,4.918
comparable prior,295,4.9178
expand access,179,4.9177
performing better,182,4.9169
update any,1031,4.9169
everybody taking,193,4.9165
steady improvement,147,4.9156
game related,120,4.9156
wanted get,1222,4.9143
loan growth,4524,4.9142
being implemented,122,4.914
plant based,173,4.9139
global economic,155,4.9135
restructuring expenses,151,4.9134
using tools,105,4.9133
advertising revenues,121,4.9132
done historically,118,4.9129
are raising,1554,4.9124
return investment,631,4.9107
depends how,205,4.9106
customer conversations,281,4.9106
continuing drive,522,4.91
guidance citing,129,4.9096
below expectations,269,4.9094
sequential increases,131,4.9089
clinical regulatory,128,4.9077
consistent prior,774,4.9074
pipeline remains,493,4.9071
above beyond,256,4.9071
encouraging early,115,4.907
marking third,100,4.9068
customers who,1766,4.9068
went down,300,4.9052
service levels,522,4.9047
following recent,206,4.9044
reflects disciplined,126,4.9041
few times,324,4.9036
increased constant,340,4.9036
outsized growth,349,4.903
existing client,182,4.9029
understand how,1542,4.9029
since started,203,4.902
maybe missed,104,4.9018
highest since,144,4.9017
human capital,219,4.9016
capital return,1417,4.9014
gives lot,548,4.9011
statements whether,265,4.9008
are encouraged,2312,4.9
exactly why,121,4.9
exchange rate,334,4.8998
approaching billion,140,4.8995
timing shift,200,4.8993
america ahead,693,4.8987
client activity,238,4.8986
doesn make,200,4.8982
anything particular,143,4.8972
income noninterest,121,4.8967
maximize long,122,4.8957
not changed,833,4.895
mentioned previously,445,4.894
enrollment period,105,4.8939
automotive industry,169,4.8939
model allows,138,4.8937
only ones,125,4.8934
development starts,117,4.8927
try understand,100,4.8926
new leases,402,4.8919
again joining,562,4.8911
current spot,110,4.8911
these factors,1284,4.891
drive incremental,527,4.89
not disclose,124,4.89
flows operations,129,4.8898
extremely positive,139,4.8898
percent total,254,4.8896
able find,198,4.8886
sales decreased,731,4.8883
plans expand,170,4.8882
investment income,1439,4.888
strong momentum,1931,4.8877
significant upside,237,4.8874
revenues increased,1012,4.8873
average duration,125,4.887
shared before,159,4.8864
light commercial,143,4.8863
strategic shift,320,4.8862
profitability targets,115,4.8859
declined reflecting,165,4.8849
get paid,442,4.8847
actually quite,393,4.8846
extremely high,260,4.8843
performing assets,137,4.8841
five days,173,4.8841
margin accretive,395,4.884
one clarification,159,4.884
unit retail,154,4.884
industry peers,121,4.8832
great helpful,871,4.8826
was negatively,357,4.8824
any particular,615,4.8822
kind curious,895,4.8804
remains steady,108,4.8802
gains partially,103,4.8794
non agency,128,4.879
drive shareholder,231,4.8788
management maintained,167,4.8786
designed help,141,4.8783
strategic partner,274,4.878
loan production,574,4.8775
representing approximately,567,4.8767
trying make,506,4.8766
management estimates,128,4.8762
investors understand,122,4.8759
statements information,180,4.8757
remains solid,247,4.8757
closing transaction,156,4.8754
spent time,308,4.8751
things happening,275,4.8747
term fundamentals,171,4.8746
toward end,662,4.8746
teleconference you,365,4.8733
attributed primarily,115,4.8732
exactly same,241,4.873
offs basis,194,4.872
value shareholders,819,4.8717
quantify how,204,4.8708
versus last,2975,4.8706
prior quarters,977,4.8703
incredible opportunity,132,4.8703
operating efficiencies,483,4.8694
results refer,243,4.8693
versus previous,287,4.8692
great evening,100,4.8689
great appreciate,853,4.8685
marking increase,129,4.8683
management attributed,245,4.8682
get comfortable,264,4.8677
term target,1032,4.8675
regarding tariffs,102,4.8668
data package,105,4.8667
financial information,742,4.8667
remaining quarters,183,4.8664
number one,4040,4.8664
memory costs,111,4.8661
continue allocate,119,4.8661
able show,210,4.8656
hand off,217,4.8655
opex side,118,4.8654
higher yields,211,4.8646
being recognized,157,4.8645
without getting,188,4.8644
create meaningful,138,4.8643
doubled over,405,4.8642
sell side,322,4.864
was primarily,4852,4.8637
new features,501,4.8635
expected moderate,102,4.8631
stay ahead,226,4.8628
talk puts,102,4.8622
information currently,112,4.8621
haven had,326,4.8618
average diluted,292,4.8616
digital engagement,168,4.8607
meaningful driver,120,4.8604
tech platform,173,4.8601
buy side,217,4.8597
may refer,152,4.8594
wanna get,191,4.8587
increased linked,144,4.8578
strong conviction,141,4.8574
expected generate,330,4.8572
marketing strategies,114,4.8565
center applications,126,4.8562
production capacity,734,4.8554
things happen,313,4.8554
customer adds,110,4.8553
focused execution,526,4.8553
policy environment,139,4.8552
pivotal data,101,4.8552
throughout organization,179,4.8552
range provided,295,4.8551
how operate,568,4.8549
water solutions,100,4.8548
star key,123,4.8536
returning cash,289,4.8532
debt leverage,601,4.853
underlying momentum,191,4.8527
starting slide,355,4.8527
good hear,748,4.8527
james ahead,378,4.8521
okay okay,451,4.8521
growth engines,374,4.8516
little slower,162,4.8515
demand patterns,110,4.8513
maybe touch,290,4.8513
remain extremely,131,4.851
center infrastructure,242,4.8507
hours per,154,4.8505
committed continuing,115,4.85
financial objectives,174,4.8498
substantially lower,100,4.8495
continue assess,172,4.8495
introduced new,417,4.8488
hey matt,121,4.8483
none these,104,4.8478
all parties,172,4.8477
new builds,213,4.8476
projected grow,173,4.8475
continue drive,3205,4.8472
income rose,216,4.847
any material,627,4.8465
new products,5367,4.8463
focus areas,542,4.8461
representing total,503,4.8456
change trajectory,120,4.8453
service centers,222,4.8447
ffo adjusted,172,4.8447
priority remains,107,4.8437
additional context,190,4.8432
supported solid,113,4.843
remained low,148,4.8428
managing inventory,120,4.8425
most challenging,202,4.8423
pipeline looks,182,4.8421
balances increased,208,4.8417
entire industry,237,4.8412
days week,113,4.8411
again soon,143,4.8411
fairly large,115,4.8406
growth trajectory,1217,4.8405
already approved,115,4.8404
steel products,103,4.8396
deposits increased,377,4.8393
during summer,121,4.8393
tools help,184,4.8392
continues build,487,4.8384
ongoing transformation,117,4.8382
continues reflect,164,4.8377
targeted range,305,4.8372
congratulations great,149,4.8371
extremely strong,399,4.837
earnings instructions,493,4.8366
over comparisons,339,4.8364
getting stronger,191,4.8356
highest annual,110,4.8355
storage capacity,113,4.8353
yes correct,165,4.8334
see happens,421,4.8333
biggest opportunity,213,4.8331
embedded guidance,305,4.833
better visibility,302,4.833
treatment patients,147,4.8328
hey everybody,100,4.8327
deals done,182,4.8323
favorable pricing,334,4.8323
given size,257,4.8321
manage inventory,171,4.832
daily sales,302,4.8316
tariff rates,304,4.8315
changing environment,111,4.8312
few things,1047,4.831
consistent previous,146,4.8307
are actively,1790,4.8304
key measure,102,4.8293
rising demand,183,4.8293
partner network,134,4.829
gaap effective,302,4.8286
pricing strategies,195,4.8286
long list,140,4.8283
three six,278,4.8279
corporate costs,319,4.8276
serve clients,123,4.827
continued focus,1396,4.827
mid range,745,4.8269
cost increases,736,4.8265
compensation costs,257,4.8264
important understand,375,4.826
ramp throughout,132,4.8258
points respectively,143,4.8258
ebit adjusted,129,4.825
across all,8580,4.825
take place,621,4.8245
how translates,102,4.8243
credit profile,240,4.8238
begin slide,217,4.8236
two times,607,4.8234
customer journey,217,4.8234
outlook provided,223,4.8229
always try,119,4.8226
help manage,185,4.8222
contribution margin,774,4.8222
opened new,316,4.8218
outlook raised,148,4.8215
half percent,253,4.821
regulatory process,195,4.8209
over host,258,4.8203
bit noise,113,4.8197
portfolio companies,649,4.8194
providing additional,289,4.8193
margin pressure,879,4.8193
enterprise advanced,122,4.819
sequentially reflecting,235,4.8187
able pull,143,4.8187
operational metrics,186,4.8186
international segment,584,4.8181
ongoing challenges,120,4.8179
solution set,124,4.8176
sustainable growth,1348,4.8172
gmv growth,402,4.817
making money,132,4.817
other piece,414,4.8162
significantly lower,446,4.8161
pretty significant,863,4.8149
financial reporting,246,4.8137
above average,384,4.8136
expense rose,124,4.8136
product fit,301,4.8129
positive impact,1406,4.8127
highlights slide,100,4.8127
healthy pipeline,197,4.8126
single biggest,134,4.8122
continued commitment,317,4.8119
pretty happy,177,4.8119
most successful,253,4.8118
recall last,245,4.8117
generated content,118,4.8117
side page,114,4.8109
either way,261,4.8108
how does,2452,4.8105
commercial vehicles,108,4.8103
pretty excited,471,4.8102
you guys,16028,4.8099
give context,156,4.8098
since february,108,4.8098
sheet optimization,112,4.8097
operating margins,2059,4.8094
inventory reduction,280,4.8091
resulted lower,161,4.8088
ahead steven,153,4.8084
margin fell,150,4.8084
focused creating,156,4.8081
mostly related,114,4.808
focused disciplined,338,4.8079
faster growing,242,4.8076
state partners,135,4.8074
any changes,1133,4.807
working towards,240,4.8064
let cover,123,4.8062
representing nearly,132,4.8062
improving efficiency,198,4.8062
indicating continued,121,4.8061
short order,174,4.8057
was rmb,608,4.8056
different components,125,4.8054
expanded its,252,4.8044
take effect,263,4.8041
europe north,185,4.8039
achieved despite,100,4.8035
rental revenue,378,4.8033
lot money,368,4.8029
those numbers,1002,4.8028
strategic planning,173,4.8026
adjusted ffo,167,4.8021
customers choose,123,4.8017
few thoughts,150,4.8015
creating long,271,4.8011
bit longer,745,4.8007
largest client,109,4.8006
who discuss,170,4.8001
today discussing,103,4.7997
term success,724,4.7994
relative size,108,4.7991
decrease primarily,223,4.7986
focused managing,153,4.7985
strategic finance,145,4.7982
already received,134,4.798
storage solutions,100,4.7979
reason believe,248,4.7977
initial guide,107,4.7977
fall within,103,4.7971
consumer response,123,4.7965
improved significantly,209,4.7965
management highlighting,152,4.7964
limit one,274,4.7963
transformation program,164,4.7962
sales rose,449,4.7959
day delivery,231,4.7959
fund operations,137,4.7958
generally consistent,129,4.7952
explain how,126,4.795
information risks,102,4.7945
home prices,114,4.793
can control,1207,4.7929
impacted timing,147,4.7926
increasing adoption,149,4.7916
factors may,475,4.7913
has demonstrated,358,4.7913
additional updates,129,4.7907
elevated level,192,4.7903
had initially,112,4.7897
through rest,843,4.789
lease rates,186,4.7889
past six,202,4.7888
term contracts,517,4.7884
current macro,211,4.7881
ready open,175,4.7876
fueled strong,105,4.7874
saw modest,135,4.7873
supported strong,738,4.7871
once get,652,4.7868
waiting see,217,4.7864
uncertainties including,194,4.7861
substantial improvement,142,4.7855
improve productivity,197,4.7854
international trade,114,4.7852
expand reach,107,4.7851
didn change,126,4.7848
majority patients,155,4.7847
not anticipating,208,4.7846
might able,437,4.7841
due reduced,300,4.7835
bit conservative,170,4.7835
team has,3441,4.7835
bigger part,221,4.7834
manufacturing costs,423,4.7829
particularly europe,200,4.7828
unit costs,338,4.7824
inflection points,104,4.7824
driving traffic,123,4.7823
you elaborate,1273,4.782
not intended,249,4.7817
ratio ratio,207,4.7816
makes lot,446,4.7814
management team,1921,4.781
trade environment,179,4.7807
how thinking,1675,4.7807
significantly above,152,4.7807
driven higher,2978,4.7805
discussed today,462,4.7803
way works,107,4.7803
five quarters,303,4.7803
felt was,350,4.7797
declined primarily,223,4.7796
consecutive years,297,4.7794
largely result,145,4.7794
may now,4974,4.7792
media network,146,4.7791
free reach,201,4.7787
january announced,114,4.7775
getting paid,136,4.7774
continued outperformance,110,4.7773
sense how,1255,4.7772
got super,191,4.7771
views any,110,4.777
put out,1419,4.7769
couple days,270,4.7765
enterprise adoption,130,4.7764
monthly basis,185,4.776
spread across,265,4.7753
incremental tariffs,192,4.7752
service fees,166,4.7745
customer affordability,132,4.7744
compared negative,366,4.7743
full guidance,4252,4.7741
demand creation,209,4.7739
continue improve,1721,4.7737
provides significant,192,4.7728
other vendors,119,4.7727
generate significant,245,4.7723
dividend quarterly,129,4.772
ask instructions,114,4.7718
perhaps most,164,4.7715
great taking,1517,4.7714
order timing,242,4.7714
delivering consistent,211,4.7711
digits sequentially,131,4.7711
new awards,284,4.771
average loan,479,4.7706
broader industry,319,4.7703
sure happy,200,4.77
unique capabilities,141,4.7698
quite excited,244,4.7695
robust demand,464,4.7692
driving greater,223,4.7686
longer cycle,141,4.7682
strategic plan,634,4.7682
knew was,184,4.7678
leading brands,169,4.7677
pricing action,119,4.7669
opportunities deploy,143,4.7665
said his,221,4.7659
give thoughts,157,4.7658
management detailed,186,4.7657
over time,17263,4.7657
milestones including,117,4.7652
improvements made,264,4.7651
again star,164,4.765
power purchase,105,4.7649
something similar,260,4.7648
technology road,109,4.7642
securities portfolio,483,4.7637
significant improvement,866,4.7637
remains consistent,328,4.7632
care home,129,4.7632
positive free,717,4.763
nearly every,215,4.763
executed well,389,4.7623
technology leadership,294,4.762
assume any,295,4.7617
came down,492,4.7604
fully understand,154,4.7603
noted prepared,141,4.7597
lot stuff,220,4.7594
further accelerate,258,4.7591
equivalent basis,110,4.7587
lower tier,172,4.7586
cost actions,703,4.7584
are choosing,274,4.758
now stands,209,4.758
march type,467,4.7576
income decreased,310,4.7575
everyone begin,219,4.7574
looking ways,315,4.7573
approximately tons,116,4.7573
platform enabling,187,4.7569
investors who,166,4.7568
include certain,132,4.7567
sit down,129,4.7565
stand today,229,4.7563
context around,286,4.7557
during period,1150,4.7557
yeah sure,1024,4.7555
want comment,425,4.7554
needs done,181,4.7554
further expand,401,4.7554
impressive results,137,4.7548
manufacturing process,216,4.7545
large complex,125,4.7541
cash reserves,208,4.754
economic model,137,4.7535
pretty significantly,251,4.7535
wonder you,751,4.7535
consolidated basis,394,4.7531
how fast,479,4.7528
leverage target,375,4.7522
now let,4020,4.7521
ahead daniel,190,4.752
ahead andrew,365,4.752
within context,189,4.7519
until get,375,4.7512
productivity actions,134,4.7507
expectations remainder,119,4.7507
base fee,164,4.7501
are experiencing,640,4.7498
past four,283,4.7492
core businesses,426,4.7485
normalized basis,225,4.7473
dollar plus,100,4.7469
disease patients,102,4.7467
revenues reached,116,4.7465
discussion today,313,4.746
onboarding new,180,4.7459
things happened,148,4.7459
construction loans,107,4.7445
ratio ended,153,4.7441
different segments,291,4.7435
retail footprint,102,4.7429
try give,163,4.7426
guidance unchanged,210,4.7426
these innovations,185,4.7425
existing infrastructure,240,4.7423
major step,134,4.7416
dollar based,278,4.7415
enough capacity,115,4.7411
proud work,199,4.7408
curious anything,164,4.7407
past two,952,4.7407
expense management,1175,4.7405
billion annually,124,4.7399
production ramp,264,4.7396
interest margin,2565,4.7393
during returned,118,4.7391
roughly half,489,4.7391
ever had,354,4.7389
expect realize,234,4.7384
drove record,101,4.7375
early october,137,4.7373
reflecting decrease,147,4.7373
period time,2722,4.737
ahead jeffrey,134,4.7369
maintain strong,514,4.7367
excess free,113,4.7366
recent months,433,4.7365
signing new,120,4.7363
reducing leverage,129,4.736
act these,288,4.735
europe rest,120,4.735
non core,931,4.7345
adjusted gross,2624,4.7343
everyone concludes,145,4.7341
great day,1425,4.7337
higher variable,178,4.7337
enhance operational,115,4.7337
any subsequent,132,4.7336
attractive opportunities,221,4.7334
non interest,1079,4.7332
cloud services,291,4.7329
since late,122,4.7325
benefited lower,119,4.7321
appreciate interest,430,4.7317
greater confidence,150,4.7312
other verticals,211,4.7306
ended billion,761,4.7304
expand margins,403,4.7298
announced plans,151,4.7293
last spoke,154,4.7291
pretty solid,285,4.729
count approximately,297,4.7287
billion tam,117,4.7282
generate free,188,4.7279
other reports,123,4.7278
don anticipate,349,4.7275
reflecting improved,317,4.7268
new ideas,112,4.7267
consumer demand,1030,4.7265
home loans,124,4.7261
release investor,271,4.7259
subject number,152,4.7257
hard say,459,4.7255
fits well,106,4.7255
second part,2442,4.7251
end day,1752,4.7243
who received,110,4.7242
past three,594,4.7242
outcomes patients,115,4.724
key regions,138,4.7237
capital returns,807,4.7234
replacement cost,107,4.7231
cash usage,287,4.7228
initial guidance,554,4.7226
two parts,316,4.7223
remain challenging,137,4.7218
data processing,184,4.7215
announced earlier,271,4.7214
expectations regarding,184,4.7213
recent acquisition,354,4.7206
churn rate,139,4.7205
capacity meet,167,4.7198
momentum building,413,4.7197
demand trends,791,4.7195
emerging opportunities,128,4.7193
shareholders record,274,4.7188
expected decline,617,4.7186
any additional,1820,4.7181
approximately basis,3029,4.718
exceptional results,178,4.7172
not limited,747,4.7172
historically done,103,4.7168
across variety,146,4.7167
since april,138,4.7167
partners who,345,4.7163
new originations,280,4.7163
comments around,574,4.7156
client acquisition,212,4.7149
any commentary,337,4.7143
color around,705,4.7143
per member,144,4.714
you participation,2420,4.714
help achieve,165,4.7136
drop through,205,4.7134
taking guess,556,4.7133
gonna keep,106,4.713
land acquisition,118,4.7126
differentiated products,199,4.7124
largest most,354,4.7123
integration costs,319,4.7121
future calls,115,4.7116
time spent,275,4.7116
highlight key,148,4.7114
leasing momentum,101,4.7113
continue operate,494,4.7104
lines time,867,4.7094
designed drive,164,4.7094
offerings such,103,4.7092
every major,213,4.7091
open matthew,151,4.707
best positioned,230,4.7067
second straight,103,4.7064
expected range,1516,4.7063
data showed,128,4.7061
difficult environment,115,4.706
different story,110,4.7058
open christopher,120,4.7057
commercial organization,352,4.7056
leasing volume,141,4.705
excited opportunity,671,4.7046
you nailed,100,4.704
takeaways organic,107,4.7035
good guys,1963,4.7028
how compares,162,4.7026
acquiring new,151,4.7026
building automation,103,4.7021
seen past,606,4.7019
recent trends,268,4.7019
broadly across,330,4.7019
past years,1124,4.7013
production facilities,158,4.7012
competitive marketplace,103,4.7004
does create,205,4.7002
events such,118,4.7001
largely flat,106,4.6989
ever done,106,4.6979
well established,351,4.6975
new arr,678,4.6974
can confirm,138,4.6967
one hour,132,4.6959
are fortunate,231,4.6957
solid performance,621,4.6956
ahead jason,215,4.6951
range represents,221,4.695
sequentially due,471,4.695
has occurred,113,4.6944
strengthen balance,124,4.6941
net flows,372,4.6935
capital discipline,550,4.6931
exactly how,630,4.6918
price mix,957,4.6915
quality control,151,4.6914
since public,126,4.69
other companies,896,4.6897
job getting,152,4.6895
across regions,326,4.689
realized pricing,113,4.6889
always said,610,4.6887
drive meaningful,400,4.6882
driven favorable,444,4.6877
discuss non,283,4.6876
only modest,132,4.6875
lot effort,187,4.6872
excluding acquisitions,117,4.6871
led double,132,4.687
annualized base,109,4.6869
ongoing investments,506,4.6868
event driven,223,4.6864
excluding china,160,4.685
based comp,223,4.685
last ten,173,4.685
between representing,269,4.6849
drop down,129,4.6844
other banks,179,4.6843
commercial mortgage,160,4.6842
feels good,166,4.6841
deposit growth,1694,4.684
capital raise,244,4.6836
china china,177,4.6835
build foundation,123,4.6834
cash conversion,739,4.6831
guess follow,424,4.683
try make,232,4.6819
rate environment,1274,4.6819
made available,354,4.6814
multi brand,121,4.6811
times times,156,4.6809
trending down,106,4.6808
well below,989,4.6807
value enhancing,161,4.6806
clients who,300,4.6803
focused maintaining,173,4.6799
was partially,1673,4.6797
stand out,289,4.6797
four week,116,4.6797
residential side,117,4.6789
another step,215,4.6781
under current,433,4.6778
acquired assets,133,4.6778
remain active,247,4.6773
wanted make,595,4.6769
management guided,163,4.6754
operational leverage,472,4.6752
ahead stephen,162,4.6751
entire system,103,4.6743
net revenues,1246,4.6738
has historically,513,4.6731
team continues,773,4.6728
ask follow,324,4.6728
amortization adjusted,182,4.6726
ramp production,252,4.6725
further detail,219,4.6724
pretty robust,216,4.6714
create long,429,4.6711
may found,126,4.6709
construction loan,145,4.6708
compelling opportunities,119,4.6703
basic share,107,4.6702
per location,108,4.6698
can jump,263,4.6693
points above,600,4.6693
forma net,148,4.6691
europe china,164,4.6683
jim mentioned,182,4.6676
debt ebitda,1000,4.6675
one follow,2159,4.667
items used,126,4.6662
digital health,187,4.6648
hey everyone,310,4.6647
strategic flexibility,201,4.6647
premium brands,110,4.6646
savings target,148,4.6645
seeing nice,404,4.6633
solid start,405,4.663
unique ability,153,4.6628
different areas,385,4.6626
focus area,321,4.6622
maybe walk,270,4.6616
product differentiation,110,4.6615
encourage you,790,4.6614
per vehicle,238,4.6612
don exactly,208,4.661
reported sequential,163,4.6605
those discussions,406,4.6591
comprised cash,104,4.6589
ability bring,201,4.6587
other things,2705,4.6586
accelerate innovation,133,4.6581
high tech,214,4.6579
delivering against,104,4.6577
come play,244,4.6567
great news,234,4.6565
concluded you,800,4.6565
remarks open,575,4.656
term value,3029,4.6558
center everything,115,4.6556
open lines,264,4.6555
instrument revenue,100,4.6552
can predict,215,4.655
segment posted,100,4.6547
exceeded billion,271,4.6544
work doing,843,4.6543
adjusted net,4205,4.6542
occupancy costs,152,4.6538
strong fundamentals,191,4.6538
two things,1834,4.6537
equipment may,338,4.6537
field service,118,4.6535
everyone taking,560,4.6532
focus delivering,389,4.6531
efficiency productivity,169,4.6528
these newer,164,4.6518
continue build,1935,4.6517
term license,139,4.6516
investment decision,218,4.6514
costs partially,305,4.6513
small number,401,4.6511
sharpening our,231,4.6511
across wide,275,4.6505
capital raising,231,4.6502
potential outcomes,137,4.6495
exciting opportunity,221,4.6493
peak sales,310,4.649
get involved,107,4.6485
during third,1439,4.6483
following close,135,4.6475
price points,1422,4.6471
key factors,321,4.6469
check out,128,4.6464
supported ongoing,146,4.646
information factors,117,4.6456
organic revenue,2319,4.6454
recent years,862,4.6448
due decrease,301,4.6445
development leasing,104,4.6445
maintained strong,225,4.6444
has strengthened,165,4.6441
generated nearly,103,4.6434
hand side,256,4.6433
seeing uptick,104,4.6433
land based,203,4.6433
momentum behind,136,4.6422
favorable impact,451,4.6419
largest customer,493,4.6417
drive efficiency,454,4.6413
out box,178,4.6412
growth prospects,428,4.641
deliver attractive,130,4.641
quite confident,154,4.6408
field services,121,4.6408
establishing new,109,4.64
below target,145,4.6398
bit less,845,4.6385
gas infrastructure,145,4.638
driving productivity,219,4.6377
trying build,248,4.6371
contract value,580,4.637
month january,104,4.637
order trends,224,4.6365
today session,421,4.6365
balance between,723,4.6365
guys called,106,4.6363
early july,140,4.6362
able hold,108,4.636
project execution,227,4.6357
ended approximately,481,4.6354
new wins,689,4.6347
accelerating momentum,124,4.6345
building stronger,152,4.6337
rose basis,299,4.6336
good indicator,145,4.6331
private bank,129,4.6331
parts service,164,4.6327
even better,1035,4.6325
leading global,283,4.6322
continue gain,609,4.6308
channel mix,394,4.6305
declined approximately,412,4.6302
loans grew,239,4.63
able provide,696,4.6299
understood maybe,168,4.6297
find way,210,4.629
late last,545,4.629
transaction costs,392,4.6287
first party,619,4.6284
profitability standpoint,106,4.628
discussed last,565,4.6279
everything doing,189,4.6274
specific needs,123,4.6268
but meantime,118,4.6267
near record,249,4.6266
felt good,150,4.6264
historical range,167,4.6263
ahead joe,172,4.626
invest innovation,153,4.625
strategic advantage,213,4.6247
below prior,380,4.6236
trust support,104,4.6235
well aware,207,4.6228
adding new,730,4.6227
increased respectively,141,4.6222
shared past,101,4.6217
national brand,119,4.6213
finding right,123,4.621
quite significantly,122,4.6209
well received,528,4.6206
pricing environment,733,4.6206
digital assets,412,4.6204
enterprise customers,924,4.6196
continue develop,328,4.6193
stated target,119,4.619
want take,1715,4.6188
how works,270,4.6185
maintenance expenses,121,4.6182
expansion plans,283,4.6181
mid february,103,4.6178
corporate expense,183,4.6177
today refer,215,4.6172
property level,188,4.6169
auto loan,108,4.6167
deliver against,179,4.6163
hey steve,100,4.6154
record bookings,137,4.6148
most common,195,4.6143
assure you,173,4.6139
worked out,222,4.6138
development expenses,566,4.6137
able sell,246,4.6134
days inventory,225,4.6134
most critical,272,4.6132
automotive segment,145,4.6129
other indications,154,4.6124
cost serve,393,4.6124
generated positive,229,4.6124
seasonally strong,121,4.6118
gas generation,134,4.6118
internal initiatives,106,4.6117
ahead ken,116,4.6113
any change,1227,4.6113
financial goals,213,4.6113
expected close,513,4.6111
progress reducing,132,4.6109
lot uncertainty,364,4.6108
expense reduction,269,4.61
always looking,712,4.6099
term agreements,232,4.6098
subscription service,123,4.6096
relative prior,469,4.6096
compares net,104,4.6095
talent technology,104,4.6095
licensing revenue,302,4.6095
deposit mix,212,4.6093
start ramping,100,4.6091
security operations,140,4.6089
positive trend,243,4.6087
cash proceeds,313,4.6083
projections other,120,4.608
differentiated value,238,4.6078
focused reducing,137,4.6071
those things,3651,4.6071
reflecting disciplined,170,4.6069
reaffirming our,665,4.6068
different categories,195,4.6064
other types,278,4.6064
provide commentary,129,4.6064
appreciate everyone,285,4.6064
meaningful amount,132,4.6063
deposit cost,437,4.6059
penetration rates,118,4.6055
investments totaled,105,4.6048
orders grew,193,4.6048
are responding,309,4.6045
has taken,516,4.6036
total shareholder,275,4.6034
our newest,408,4.603
down path,317,4.6024
opportunities front,330,4.6024
hey mike,145,4.6022
subsequent years,103,4.6019
continue optimize,378,4.6018
investment strategies,167,4.6014
contract structure,108,4.6011
reducing debt,113,4.601
positioned support,287,4.601
approximately respectively,136,4.6002
tremendous value,189,4.6002
final investment,191,4.6
big role,106,4.5998
loan loss,298,4.5998
assets acquired,126,4.5997
toward higher,490,4.5981
able reduce,191,4.5969
two reasons,173,4.5968
improving productivity,119,4.5967
key strategic,650,4.5962
number factors,385,4.5958
reflecting broad,121,4.5957
thing keep,175,4.5957
costs related,915,4.5953
are struggling,141,4.5952
deal activity,208,4.5948
extremely low,100,4.5944
given volatility,162,4.5943
property tax,113,4.5934
see uptick,211,4.5933
current state,162,4.5924
strong balance,2139,4.592
thoughts how,585,4.5918
significant improvements,327,4.5918
early access,288,4.5916
mean obviously,909,4.5907
couple thoughts,130,4.5907
optimization plan,125,4.5906
strong performance,3919,4.5903
focused accelerating,153,4.5896
ability offer,115,4.5895
not lose,117,4.5875
delivering best,218,4.5873
returned approximately,140,4.5867
commercial engine,105,4.5867
great color,761,4.5866
commercial agreements,107,4.5865
everyone congrats,101,4.5864
continue navigate,212,4.5862
ability invest,188,4.5858
deliver meaningful,268,4.5856
fits all,113,4.5855
hit record,108,4.585
being sold,205,4.5846
historically seen,158,4.5839
meaningful way,446,4.5839
lease term,360,4.5837
are thrilled,353,4.5836
let give,668,4.5833
efficient operations,116,4.5829
had anticipated,501,4.5822
new roles,113,4.582
key categories,196,4.5814
power solutions,365,4.5811
turnaround time,146,4.581
future quarters,620,4.581
tom mentioned,181,4.5808
fee revenues,124,4.5806
value creating,251,4.5805
smaller scale,107,4.5797
acquisition retention,148,4.5795
significantly improve,155,4.5794
gaap opex,102,4.5791
any indication,142,4.5783
take closer,161,4.5782
any specific,740,4.5782
are pleased,5825,4.5779
revising our,162,4.5778
prior cycles,121,4.5777
system integration,137,4.5772
price declines,113,4.577
curious whether,146,4.5763
financing plan,113,4.5763
private companies,133,4.5758
finally turning,138,4.5748
being said,1217,4.5743
people love,110,4.5743
gas power,171,4.5742
other sources,139,4.5741
doing extremely,105,4.574
growing double,344,4.574
booking com,174,4.5736
flat versus,370,4.573
capture additional,138,4.5729
open scott,219,4.5717
profit decreased,114,4.5716
continuing deliver,297,4.5715
inc website,126,4.5714
nearly flat,135,4.5713
over last,14578,4.5712
had nice,401,4.5707
larger percentage,123,4.5707
continue maintain,567,4.5707
share compares,111,4.5703
diversification across,158,4.5703
gone down,150,4.5702
open ryan,144,4.5698
wide open,107,4.5694
long lead,337,4.5694
higher frequency,107,4.5693
entering new,238,4.5693
full funnel,162,4.5686
get better,2004,4.5684
any notable,167,4.567
other levers,147,4.5668
provided operations,140,4.5663
slightly ahead,411,4.5663
digit increases,187,4.566
roll forward,176,4.5653
reported net,1091,4.5649
previously reported,168,4.5644
capture opportunity,178,4.564
now pass,577,4.5635
delivering meaningful,149,4.5634
exceeding billion,226,4.5632
point tailwind,145,4.5631
improved basis,1122,4.5631
billion returned,204,4.563
project backlog,141,4.5628
ahead anthony,101,4.5624
sounds good,389,4.5622
diversified across,211,4.5621
execution across,1032,4.5615
guidance includes,611,4.5614
one strongest,240,4.5612
lead time,601,4.5607
number two,1368,4.5605
corporate average,188,4.5604
performance compute,104,4.5595
ahead michael,616,4.5593
further improve,427,4.5593
approximately annualized,219,4.5587
able pass,126,4.5587
holding back,172,4.5586
not guiding,276,4.5581
higher volumes,785,4.5574
not exist,114,4.5574
how played,109,4.5574
rose over,860,4.5573
totaled increase,187,4.5573
lot confidence,734,4.5571
yeah sorry,163,4.5569
build own,182,4.5568
underlying performance,388,4.5566
giving guidance,263,4.5562
specialty segment,155,4.5561
bit uptick,103,4.556
give details,158,4.5559
happy progress,162,4.5551
head global,125,4.5551
growth vector,127,4.5547
does change,422,4.5544
compelling opportunity,119,4.5543
best selling,169,4.5542
right away,317,4.5542
even without,226,4.5542
number risks,294,4.5536
hoping maybe,168,4.5534
wondered you,222,4.5533
measures such,142,4.5532
level set,391,4.553
despite lower,394,4.5529
major changes,180,4.5528
spend few,289,4.5527
phone net,107,4.5524
cross platform,162,4.5523
com replay,117,4.5522
instructions take,256,4.5519
high touch,198,4.5518
compared loss,572,4.5512
meaningful impact,602,4.5505
robust free,214,4.5501
rmb prior,110,4.5499
development projects,331,4.5495
flows through,413,4.5495
active pipeline,200,4.5495
improving trends,168,4.5495
fully operational,203,4.5491
representing roughly,101,4.5488
refer today,205,4.5485
big opportunity,698,4.5484
quarterly run,146,4.548
deliver solid,223,4.5479
meaningfully higher,196,4.5477
improved visibility,137,4.5473
actions taking,283,4.5472
committed building,116,4.5463
industrial solutions,168,4.5455
ahead brian,395,4.5451
prior reflecting,578,4.545
yes definitely,278,4.5449
dynamic pricing,193,4.5446
did hear,178,4.5446
phase two,563,4.5445
similar amount,110,4.5443
percentage revenue,1647,4.5429
management reported,769,4.5428
statements including,543,4.5411
quarterly basis,674,4.5409
management commentary,235,4.5409
these risks,792,4.5407
technology solutions,552,4.5406
opening price,142,4.5405
takes little,301,4.5398
continue manage,647,4.5398
risk adjusted,1106,4.5397
able serve,183,4.5393
decision made,148,4.5389
expense associated,158,4.5389
new innovations,209,4.5386
continue engage,216,4.5385
deliver profitable,117,4.5377
domestic production,111,4.5376
track close,127,4.5369
financial projections,116,4.5356
continued execution,590,4.5354
didn see,567,4.535
earnings materials,263,4.5348
dividend increase,504,4.5341
made progress,556,4.5337
managing costs,161,4.5334
new restaurants,262,4.5333
providing update,117,4.5333
unique opportunity,266,4.5332
noi net,164,4.5332
those pieces,249,4.5331
global supply,459,4.5318
approval rates,146,4.5317
filed today,149,4.5306
fuel price,207,4.5302
investor community,113,4.53
customers communities,217,4.5295
favorable development,197,4.5292
end users,418,4.5291
loans loans,149,4.5285
today joined,102,4.5284
nothing has,362,4.5274
development efforts,236,4.5272
good congratulations,199,4.5271
hey chris,126,4.527
starting off,312,4.5268
detailed financial,211,4.5267
getting close,238,4.5266
example recently,121,4.5263
enterprise deals,107,4.5262
keep improving,109,4.526
factors such,169,4.525
quarterly active,104,4.5249
different options,107,4.5241
sales grew,1451,4.5237
utilization rate,328,4.5233
help reduce,147,4.523
efforts improve,170,4.5227
record high,843,4.5221
are hopeful,288,4.5217
well above,1285,4.5215
had previously,526,4.5212
specific areas,167,4.5212
backlog backlog,111,4.521
get clarity,161,4.521
iii data,123,4.5209
open season,162,4.5209
full ownership,118,4.5204
exceptional customer,135,4.5204
lot folks,167,4.5195
manage through,557,4.5184
wondering you,5409,4.5178
grew faster,151,4.5173
representing over,1783,4.5169
diluted loss,161,4.5166
selling expenses,218,4.5165
various different,116,4.5165
pushing out,116,4.5165
verticals including,106,4.5163
others who,107,4.5153
federal level,120,4.515
reflecting higher,837,4.5148
relative expectations,255,4.5148
let hand,228,4.5145
driven largely,345,4.5144
lot discussion,246,4.5143
one largest,945,4.5141
represent total,138,4.5141
continued support,885,4.5139
can apply,165,4.5137
remains committed,114,4.5135
saw sequential,214,4.5132
ebitda totaled,148,4.513
fee rate,344,4.5126
ratio declined,112,4.5123
stay within,138,4.5121
sharpen our,251,4.512
without any,450,4.5117
don see,3316,4.5117
per cap,154,4.5117
reflect continued,235,4.5116
inventory build,379,4.5115
these developments,210,4.5114
years come,1441,4.5112
consumables revenue,133,4.5111
ability win,131,4.5106
curious why,162,4.5099
through cycles,242,4.5097
around country,191,4.5095
reaching billion,177,4.5092
results reflected,254,4.5084
remained focused,139,4.5083
license revenue,285,4.5083
bringing date,129,4.5081
nice see,762,4.5081
stronger position,163,4.508
focused expanding,277,4.5073
everyone pleased,294,4.5073
ahead doug,102,4.5072
exceeding guidance,199,4.5065
risks management,414,4.5065
open stephen,101,4.5063
revenue synergies,513,4.5062
little detail,392,4.506
remains below,164,4.5057
kind alluded,114,4.5057
assumptions expectations,104,4.5057
cash dividend,740,4.5056
class service,154,4.5055
new administration,295,4.5055
keep growing,235,4.5054
delivery system,120,4.505
foundation model,114,4.5039
gave guidance,216,4.5038
gaap metrics,241,4.5032
supported continued,298,4.5031
delivering value,548,4.5027
portfolio yield,281,4.5025
customer adoption,434,4.5021
five months,295,4.5021
customer segments,465,4.5016
end range,2097,4.5015
range midpoint,287,4.5014
remain below,220,4.5009
expectations reflected,102,4.5008
maintenance expense,100,4.5007
solutions group,253,4.5005
over medium,554,4.5003
growth outpacing,175,4.5002
average order,313,4.4997
continued strengthen,142,4.4994
value created,153,4.4989
equity investments,344,4.4988
biggest impact,225,4.4987
move throughout,244,4.498
fair share,432,4.4978
deal flow,397,4.4976
seen any,1584,4.4973
updating you,903,4.4973
deployment strategy,179,4.4972
compensation related,166,4.4964
eps grew,265,4.4958
hoping you,1855,4.4949
continuing trend,129,4.4944
ebitda ratio,544,4.4944
returning value,142,4.4943
improving quality,167,4.4937
quite quickly,100,4.4935
average annual,297,4.4935
expense base,432,4.4929
thoughtful how,155,4.4921
those folks,264,4.492
conversion ratio,110,4.4919
you bet,517,4.4918
implied these,163,4.4916
solid results,581,4.4909
side things,1145,4.4907
asset based,584,4.4894
earnings joined,106,4.4894
sold out,437,4.4892
are seeing,18600,4.4891
significantly less,137,4.4891
price point,1306,4.489
full outlook,1513,4.4889
marketing investments,474,4.4886
its history,101,4.4884
month announced,163,4.488
incremental investments,399,4.4872
operating cash,4744,4.4872
risk exposure,119,4.4871
want understand,502,4.487
focused building,447,4.4858
trade partners,105,4.4856
favorable product,480,4.4855
normally see,110,4.485
early thoughts,150,4.4849
required support,106,4.4849
gaap basis,1775,4.4847
wondering anything,113,4.4832
didn want,216,4.4829
financial framework,235,4.4828
comprehensive portfolio,107,4.4828
ahead eric,217,4.4827
profit dollar,101,4.4823
further reductions,101,4.4822
star two,154,4.482
finished strong,170,4.4816
commitment return,111,4.4816
you heard,3435,4.4815
rate reductions,193,4.4814
open andrew,212,4.481
above expectations,290,4.4809
can give,2551,4.4807
has led,684,4.4803
wouldn want,128,4.48
roughly basis,574,4.4793
small mid,198,4.4793
generated approximately,376,4.4792
delivering solid,120,4.4787
digit sequential,145,4.4785
improvement reflects,207,4.4778
demand backdrop,133,4.4774
had tough,120,4.4773
macro level,208,4.4771
each these,1240,4.4765
strengthens our,569,4.4763
significant opportunity,1046,4.4762
significant step,308,4.4756
discussed before,167,4.4756
gross retention,268,4.4749
sequential growth,1745,4.4748
generated billion,555,4.4741
trade down,326,4.474
remains key,443,4.4739
financial commitments,194,4.4738
labor cost,264,4.4733
deliver consistent,304,4.4732
thousands customers,108,4.4725
other items,561,4.4722
cash provided,516,4.4721
recent events,107,4.4715
months ending,126,4.4714
all participating,204,4.4714
reflecting lower,559,4.4712
even further,731,4.4711
push out,229,4.471
continued investment,1056,4.47
demand softness,113,4.4699
not dependent,198,4.4696
remain consistent,360,4.4689
demand fundamentals,104,4.4677
channel partner,120,4.4676
platforms such,100,4.4674
same true,119,4.4672
infrastructure software,149,4.467
public markets,272,4.467
shared services,110,4.4669
base dividend,189,4.4669
comments earlier,206,4.4668
manufacturing network,126,4.466
growth outpaced,121,4.4658
committed making,117,4.4658
public service,152,4.4649
improve patient,140,4.4648
during discuss,247,4.4648
balanced across,187,4.4648
payments volume,184,4.4646
website before,188,4.4645
doesn work,146,4.4641
working toward,190,4.464
health plan,241,4.4638
reaffirm our,215,4.4637
wrong but,197,4.4637
any update,753,4.4636
who provide,432,4.4635
grew led,148,4.4633
together these,991,4.4631
solutions address,126,4.4628
reflecting strength,245,4.4626
most cases,208,4.4625
capital efficiency,976,4.4617
want buy,233,4.4616
estate assets,145,4.4614
include statements,134,4.4614
ongoing headwinds,126,4.4613
pretty flat,261,4.4609
can save,111,4.4606
increased compared,1504,4.4606
answered but,191,4.46
existing customer,676,4.4598
home loan,147,4.4594
below average,207,4.4591
expect achieve,496,4.4584
exciting time,450,4.458
consolidated operating,340,4.458
equity securities,120,4.458
tremendous opportunities,113,4.458
large deal,256,4.4579
versus traditional,135,4.4579
center construction,100,4.4576
manufacturing distribution,103,4.4574
making investments,507,4.4573
price increase,1607,4.4572
largely reflecting,112,4.4567
increasingly focused,104,4.4557
second piece,339,4.4553
given current,587,4.455
revenue rose,571,4.4549
cloud service,232,4.4549
continue see,9085,4.4547
service coverage,119,4.4546
opportunities enhance,160,4.4537
segments starting,139,4.4534
goes down,264,4.4527
increase compared,1698,4.4526
another successful,114,4.4525
expected grow,873,4.4518
industrial base,156,4.4516
number reasons,120,4.4515
negative positive,210,4.4511
whole industry,187,4.4508
period decrease,233,4.4504
talked lot,1187,4.4502
continued trust,136,4.4495
through cycle,767,4.4494
store productivity,126,4.4491
remains focused,438,4.4487
such risks,126,4.4482
third fourth,1489,4.4479
across channels,343,4.4477
need press,294,4.4476
four segments,116,4.4472
high return,704,4.4472
joining review,102,4.4471
product availability,165,4.4462
are projecting,389,4.4455
platforms inc,107,4.4454
focus execution,477,4.4454
private loan,162,4.4449
already seeing,1005,4.4446
does happen,124,4.4446
managing expenses,112,4.4443
bit easier,144,4.4441
sales fell,118,4.4434
definitely something,120,4.4431
open peter,136,4.443
coming years,1470,4.4427
capture opportunities,151,4.4426
sure heard,139,4.4417
mean clearly,198,4.4416
allows deliver,100,4.4415
michael michael,255,4.4415
launch later,110,4.4414
higher employee,137,4.4408
opportunity expand,428,4.4405
growth drivers,1554,4.4402
good congrats,377,4.4396
brand building,378,4.4388
weather impact,212,4.4384
during course,504,4.4384
teens range,115,4.4382
forward talking,556,4.4376
despite near,120,4.4373
best path,101,4.4364
already achieved,166,4.4358
australia new,207,4.4355
meet customer,289,4.4354
funding mix,178,4.435
offset headwinds,146,4.435
decreased approximately,299,4.435
see pickup,164,4.4338
cash balance,2012,4.4335
yes sorry,195,4.4335
big portion,116,4.4334
are unable,123,4.433
early adoption,228,4.4329
additional upside,150,4.4328
thought was,976,4.4327
was mainly,740,4.4323
under agreement,101,4.4318
don need,893,4.4314
yes sure,1066,4.4314
grew mid,304,4.4313
services segment,737,4.4309
past quarters,372,4.4307
help improve,319,4.4307
acquire new,193,4.4303
expense percentage,258,4.4303
program launches,102,4.4299
healthy levels,124,4.4299
decreased reflecting,100,4.4298
full guide,614,4.4297
improve quality,232,4.4294
includes approximately,411,4.4294
was evident,144,4.4292
price competition,147,4.4287
vertical markets,122,4.4278
pretty nice,157,4.427
stated earlier,133,4.4265
seen nice,188,4.4263
end spectrum,101,4.4261
speak little,255,4.4256
margin dilution,111,4.4251
lot sense,551,4.4251
push forward,151,4.425
cash inflows,103,4.4241
play important,176,4.4239
other industries,144,4.4233
competitive set,176,4.4229
ahead matt,238,4.422
term goal,383,4.4217
alone basis,172,4.4217
step forward,500,4.4214
multiple quarters,219,4.4214
low risk,377,4.421
march may,310,4.4207
adjusted noninterest,139,4.4207
spot rate,175,4.4206
products sold,206,4.4202
but reality,295,4.4201
grow mid,386,4.42
believe positions,131,4.4192
discussed during,211,4.4191
creates value,103,4.4188
positive effect,128,4.4178
proceeds approximately,158,4.4177
conversations customers,308,4.4173
discussed prior,237,4.4172
date april,130,4.417
not include,1089,4.4163
building out,1262,4.4162
infrastructure investments,362,4.4162
finance team,160,4.416
position ended,192,4.4156
local markets,214,4.415
organically through,153,4.4148
previous years,355,4.4148
positive trajectory,113,4.4147
geographic markets,103,4.4146
inventory management,850,4.4146
can sustain,153,4.414
sets well,186,4.4135
continue face,178,4.4134
cash impairment,125,4.4132
got appreciate,411,4.4132
other comprehensive,154,4.4131
initial target,106,4.4125
put perspective,239,4.4119
high priority,207,4.4114
does reflect,128,4.4114
lower cost,1936,4.4106
additional commentary,124,4.4104
let add,470,4.4103
since june,105,4.4101
coming back,1677,4.4101
management indicating,118,4.4099
agentic platform,102,4.4095
put numbers,138,4.4085
adjusted effective,434,4.4083
last months,1725,4.4082
bit headwind,336,4.4081
month basis,710,4.4078
five below,108,4.4077
cost efficiency,744,4.4075
differentiated product,234,4.4075
announced sale,103,4.4073
initiatives including,558,4.4072
high reliability,114,4.4071
key initiatives,402,4.4069
other geographies,153,4.4069
further upside,144,4.4068
billion rmb,173,4.4068
made during,692,4.4067
good visibility,567,4.4063
unit cost,430,4.4061
value accretive,176,4.406
solutions meet,122,4.4057
expects continued,107,4.4054
drove significant,137,4.4052
excited future,461,4.4048
results benefited,134,4.4045
guess wondering,152,4.4044
has always,1195,4.4044
are constantly,404,4.4043
resources support,115,4.4036
customer success,462,4.4036
these projects,1185,4.4033
three percent,118,4.4032
generating significant,129,4.4031
big drivers,150,4.4029
organic orders,153,4.4028
before interest,665,4.4024
sequentially primarily,256,4.4023
engage customers,158,4.402
expenses related,592,4.4015
was driven,7170,4.4015
emerging products,121,4.4011
being built,326,4.4008
beginning slide,157,4.4003
not mention,250,4.4001
all attending,129,4.4001
are poised,233,4.4001
surprised see,104,4.4
all participants,1110,4.3997
other matters,110,4.3997
existing partners,223,4.3996
said opening,138,4.3996
under management,729,4.3993
seasonal working,100,4.3991
last six,615,4.399
system record,257,4.3989
most difficult,133,4.3989
given strength,423,4.3989
see playing,215,4.3988
instructions after,109,4.3985
brought down,133,4.3979
margin uplift,104,4.397
level confidence,344,4.3968
tax bill,126,4.3967
does allow,103,4.3966
appreciate all,1356,4.3965
retail store,163,4.3963
reflects ongoing,133,4.3963
flat over,1972,4.3949
ahead ryan,182,4.3948
close deal,114,4.3946
wondering whether,106,4.3943
over decade,509,4.3939
digit gains,142,4.3937
better sense,337,4.3935
productivity benefits,120,4.3935
among most,135,4.3932
you dialed,163,4.3932
term profitable,297,4.393
competitive pricing,378,4.3928
want clear,500,4.3926
points versus,1093,4.3924
volume mix,681,4.3909
not unusual,124,4.3905
percent sales,354,4.3904
pricing models,196,4.3902
works well,231,4.3901
low levels,347,4.3899
continued pressure,301,4.3897
noi increased,104,4.3896
help offset,371,4.3888
due primarily,648,4.3887
during his,165,4.3886
great examples,100,4.3883
control system,121,4.3883
prior reserve,113,4.3881
margin declined,614,4.3881
remain robust,187,4.388
loss negative,132,4.3879
fourth fiscal,1040,4.387
any comments,629,4.3866
products launched,265,4.3866
open michael,383,4.3865
asset sales,1217,4.3861
manufacturing operations,193,4.3857
tier two,143,4.3855
queue time,224,4.3855
help address,125,4.3851
opening new,443,4.3848
benefit ratio,225,4.3848
same amount,285,4.384
cloud enterprise,113,4.3838
top end,1309,4.3834
savings program,197,4.3834
guess wanted,280,4.3828
today include,487,4.3824
digits low,171,4.3823
ahead david,556,4.3822
meaningful change,225,4.3822
across cycles,173,4.3822
percent revenue,567,4.3822
are embracing,114,4.3821
prior attributed,143,4.3821
never better,115,4.382
still expecting,233,4.3819
share details,442,4.3814
internal operations,105,4.3814
lot work,1594,4.3813
international group,164,4.3811
profit increased,638,4.3807
product portfolio,2025,4.3806
able get,1401,4.3804
financial position,1169,4.3798
well diversified,284,4.3792
products introduced,101,4.3792
progress throughout,274,4.3789
projected range,182,4.3789
get back,3117,4.3781
flow through,2868,4.378
large projects,353,4.3772
planned investments,183,4.377
technology enabling,117,4.3763
encouraging see,317,4.3761
mean sounds,117,4.3758
due elevated,169,4.3758
investment portfolio,1107,4.3757
enhancing customer,127,4.375
over weekend,115,4.3745
new mexico,368,4.374
bit better,1568,4.3737
open eric,141,4.3735
talked prepared,308,4.3734
talked fact,228,4.3733
other ones,215,4.3732
announced deal,118,4.3732
spread out,247,4.373
these calls,268,4.373
flexibility support,168,4.3728
equity investment,339,4.3718
driven lower,1544,4.3716
are cautiously,167,4.3715
trying keep,106,4.3713
key account,126,4.3712
development program,458,4.3701
was compared,5461,4.3696
enhance customer,223,4.3694
adjusted returns,546,4.3693
new indications,240,4.3683
gonna take,326,4.3682
lower freight,106,4.368
following prepared,132,4.368
are willing,580,4.3677
negative compared,276,4.3672
provide greater,211,4.3668
per metric,172,4.3667
was named,134,4.366
few items,179,4.3659
focus driving,546,4.3655
based assumptions,152,4.3655
winning new,235,4.3655
rate volatility,257,4.3653
forward providing,410,4.3653
attributable higher,131,4.3652
wanted talk,377,4.3651
net neutral,118,4.3648
momentum built,192,4.3646
dave mentioned,123,4.3646
generated adjusted,460,4.3643
good ladies,190,4.3637
earlier today,946,4.3637
medical cost,308,4.3636
are nearing,131,4.3636
making meaningful,215,4.3628
supply side,577,4.3627
executing well,469,4.3624
consumer experience,303,4.3623
continue make,2736,4.3622
before discuss,175,4.3615
actively looking,145,4.3605
distribution capabilities,140,4.3599
development plans,199,4.3599
focus improving,304,4.3597
good traction,274,4.3594
after excluding,187,4.3593
achieved its,163,4.359
quarterly distribution,100,4.3586
declined compared,264,4.3585
excited bring,151,4.3583
continues drive,505,4.3582
expected reach,241,4.3582
commercial activities,136,4.358
understanding how,308,4.358
fill out,109,4.3579
earnings power,939,4.3578
these measures,731,4.3576
opportunities ahead,1049,4.357
those elements,179,4.3565
provide updated,140,4.3561
through combination,560,4.3557
willing share,107,4.3556
billion dollar,395,4.3553
examples how,183,4.355
goal remains,115,4.355
open jason,119,4.3546
provided operating,386,4.3543
even after,473,4.354
uncertainty remains,102,4.3539
early success,246,4.3538
benefited higher,133,4.3538
accretive opportunities,112,4.3538
reflecting favorable,119,4.3535
price per,1418,4.3534
resulting lower,192,4.3534
across countries,219,4.3532
cash generative,120,4.3518
keep doing,206,4.3513
range between,728,4.3513
commercial property,149,4.351
last fall,208,4.3509
highlighted slide,129,4.3508
benefited strong,174,4.3508
any difference,190,4.3507
two components,151,4.3499
capital returned,182,4.3499
expenses partially,183,4.3487
not giving,474,4.3486
bit tailwind,159,4.3483
positive outcomes,113,4.3478
evolved over,133,4.3472
our website,5353,4.3472
investor website,128,4.347
find additional,138,4.3468
pretty meaningful,256,4.3466
already built,199,4.3463
performance obligation,104,4.345
assemble our,265,4.3446
home sales,622,4.3443
residential segment,105,4.3437
see signs,230,4.3433
lower interest,960,4.3431
global network,221,4.3427
made sense,217,4.3426
never had,177,4.3426
percentage revenues,193,4.3426
sorry ahead,156,4.3424
remains relatively,112,4.3421
are progressing,758,4.3416
strong demand,2969,4.3414
ahead christopher,133,4.3412
kind touched,103,4.3409
not enough,486,4.3401
are expecting,2217,4.3397
seeing green,105,4.3394
funds rate,188,4.3394
exposure management,270,4.3392
top head,120,4.339
talked little,1090,4.3388
limited supply,101,4.3387
delivery model,141,4.3387
helping people,108,4.3386
gaap tax,460,4.3384
might add,217,4.3384
three key,595,4.3368
these initiatives,1293,4.3365
one biggest,431,4.3363
continues lead,128,4.3361
you envision,240,4.3355
prior comparable,197,4.3353
color appreciate,167,4.3347
yeah happy,184,4.3343
continued acceleration,169,4.3332
generate strong,430,4.3331
win rate,317,4.3321
bank ahead,389,4.3319
again stand,108,4.3318
terms conditions,288,4.3314
become even,174,4.3313
broad portfolio,273,4.3312
reported organic,237,4.3306
balanced portfolio,111,4.3306
ultimately drive,159,4.3301
visibility future,189,4.33
provides opportunity,159,4.33
center projects,180,4.3298
are guiding,717,4.3297
yeah alex,108,4.3294
maybe speak,250,4.3286
supporting future,187,4.3283
ebitda rose,172,4.3281
momentum across,1106,4.3274
interesting things,159,4.3263
annualized cost,226,4.3262
launches including,146,4.3257
here united,159,4.3251
team delivered,501,4.3247
other retailers,140,4.3244
continuing ramp,109,4.3241
shares under,157,4.3237
ahead george,116,4.3237
regional performance,164,4.3233
reduce leverage,133,4.3232
timing related,344,4.3225
interest paid,144,4.3224
eps guide,143,4.3215
ahead adam,111,4.3214
defense commercial,137,4.3214
can help,2170,4.3211
significant reduction,314,4.321
management fee,279,4.3207
seeing hearing,108,4.3203
can elaborate,169,4.32
short run,116,4.3198
limited number,144,4.3194
flow totaled,122,4.3193
project activity,220,4.3189
within existing,367,4.3184
offset reduction,192,4.3183
companies inc,181,4.3178
annual basis,672,4.3178
loan facility,146,4.3177
single day,469,4.3175
remains active,143,4.3174
solidifying our,118,4.3172
clinical benefit,172,4.3171
related impacts,153,4.317
getting back,990,4.3166
offset tariff,159,4.316
couple different,460,4.3154
remain excited,352,4.3146
declined over,1336,4.3146
two months,860,4.3144
approximately flat,462,4.3139
idea how,190,4.3135
flat down,530,4.3129
remains disciplined,165,4.3129
continue identify,142,4.3129
shareholders equity,142,4.3129
done great,710,4.3128
since its,312,4.3126
software service,222,4.3125
markets operate,169,4.3125
local level,135,4.3124
another way,546,4.312
over comparison,323,4.3111
financial profile,459,4.3108
efficiencies across,325,4.3107
follow wanted,270,4.3096
any other,3126,4.3094
brand partners,319,4.3092
great deal,444,4.3092
was fueled,180,4.3091
decline sequentially,151,4.309
ability scale,306,4.309
huge part,110,4.309
summary delivered,116,4.3089
risk reduction,186,4.3088
generate additional,154,4.3078
companies who,207,4.3077
expanding its,206,4.3076
progress executing,118,4.3066
working through,1642,4.3063
oem customers,182,4.3062
branded product,106,4.3058
measures available,116,4.3055
bookings grew,111,4.3054
final come,148,4.3053
significant driver,199,4.3052
innovative product,143,4.3048
based information,287,4.3045
real life,120,4.3042
are inherently,101,4.3039
arr growth,906,4.3038
keep close,105,4.3036
net dollar,375,4.3036
increased rmb,111,4.3034
provide flexibility,159,4.303
new equipment,870,4.3028
client assets,207,4.3027
points compared,1187,4.3024
making decision,107,4.3023
results included,454,4.3015
revenue decreased,784,4.3015
exciting things,200,4.3007
office portfolio,180,4.3002
previous expectations,143,4.2985
comment whether,102,4.2984
outstanding under,100,4.2982
dollar terms,247,4.2976
executing plan,105,4.2976
okay follow,318,4.2976
find right,301,4.2974
focus executing,147,4.2973
has consistently,260,4.2972
can quantify,168,4.2971
during remainder,133,4.2964
other categories,383,4.2963
revenue recognized,403,4.2954
higher quality,750,4.2953
forward reporting,144,4.2953
are listen,709,4.2953
technology platform,742,4.2943
care services,251,4.2942
lot easier,132,4.2939
confidence delivering,131,4.2937
originations billion,122,4.2936
seeing traction,155,4.2933
metrics such,100,4.2932
countries around,145,4.2932
are excited,5541,4.2927
particularly excited,205,4.2926
effective way,228,4.2925
road ahead,108,4.2923
coming down,1339,4.2906
are observing,102,4.2899
commercial side,658,4.2896
after initial,125,4.2891
digital solutions,262,4.289
continued improvement,729,4.2888
ability sell,136,4.2887
continue generate,516,4.2885
mentioned previous,221,4.2884
guys wanted,280,4.2884
said past,582,4.2882
retail distribution,118,4.2879
any sort,1427,4.2874
move slide,333,4.2873
consolidated results,263,4.2873
but nothing,698,4.2872
hey john,195,4.2871
track launch,125,4.2864
delivered robust,121,4.2861
final today,293,4.2859
penetration rate,187,4.2854
prior decrease,273,4.285
change fair,102,4.2847
earlier lines,146,4.2847
director yes,152,4.2845
technology investments,633,4.2835
fourth repurchased,111,4.2835
income operations,616,4.2833
demonstrating strong,158,4.2828
come out,1865,4.2824
acquisition costs,546,4.2821
advanced capabilities,112,4.2818
slightly sequentially,118,4.2815
great congrats,204,4.2811
didn get,266,4.2811
exceeding prior,107,4.2809
energy solutions,224,4.2806
ceo david,103,4.2803
these programs,851,4.2802
used operations,200,4.2801
achieved several,104,4.2796
three major,249,4.2789
other oems,107,4.2783
additional closing,249,4.278
any evidence,125,4.2776
consumer environment,375,4.2759
helpful wanted,180,4.2755
leverage below,175,4.2755
new patient,876,4.2755
bottom end,279,4.2754
inventory days,178,4.2753
especially europe,108,4.2749
are confident,3777,4.2749
how manage,560,4.2746
serve customers,422,4.2746
deposit rates,163,4.2739
told you,539,4.2739
brands such,139,4.2737
able keep,222,4.2733
segment profit,429,4.2729
last five,827,4.2729
leverage profile,160,4.2725
mainly related,100,4.2725
program wins,110,4.2724
cash dividends,299,4.2714
industrial businesses,102,4.2713
current tariff,185,4.271
last summer,189,4.2705
recall had,113,4.27
particularly pleased,174,4.2692
any sense,550,4.2691
international operations,238,4.2688
below levels,136,4.2688
week period,205,4.2688
deliver value,825,4.2681
tim mentioned,111,4.268
key accounts,138,4.2678
inventory position,342,4.2675
good progress,1749,4.2674
claims data,122,4.2674
driven continued,1345,4.2674
head start,168,4.2665
already seen,487,4.266
reduce cost,310,4.266
seasonal demand,174,4.2658
aftermarket sales,141,4.2655
bit difficult,195,4.2654
nearly half,385,4.2654
meaningful reduction,124,4.2654
want address,221,4.2648
revenue contribution,858,4.2643
able grow,516,4.2643
particularly given,320,4.2642
durable growth,556,4.2632
particularly north,153,4.2632
despite decline,114,4.2631
continue deliver,1538,4.263
can match,143,4.2628
tariff changes,127,4.2628
longer period,284,4.2627
back shares,520,4.262
between billion,1332,4.262
hearing lot,111,4.2618
automation technology,114,4.2615
platform provides,142,4.261
driving meaningful,207,4.261
prior primarily,690,4.2607
growth driver,1236,4.2603
improved operational,292,4.2602
not bad,195,4.2601
before close,263,4.2596
guys hear,122,4.2595
chris mentioned,260,4.2594
probably little,799,4.2591
gaap metric,100,4.2584
billion marking,108,4.2582
digit eps,203,4.2579
two factors,397,4.2576
declined low,156,4.2574
continue implement,101,4.2568
expect complete,346,4.2565
repurchases during,205,4.2564
represents important,117,4.2564
are initiating,131,4.256
multiple programs,112,4.2554
small part,314,4.2553
focused continuing,306,4.2553
adjusted earnings,3019,4.255
customers suppliers,149,4.2544
lot people,1022,4.2542
reduce inventory,112,4.2539
maintenance capital,265,4.2538
across firm,161,4.2534
liquidity remains,135,4.2532
companies world,177,4.2526
offsetting these,151,4.2526
range reflects,254,4.2525
favorable trends,112,4.252
need make,825,4.251
all together,1100,4.2509
won get,182,4.2508
starting ramp,107,4.2506
every step,142,4.25
similar level,255,4.2499
corporate debt,140,4.2498
resulting net,300,4.2497
had another,818,4.2497
interest coverage,126,4.2496
margin reached,374,4.2491
comps get,127,4.249
third fiscal,917,4.2489
yes happy,226,4.2489
although still,129,4.2486
maybe clarify,105,4.2479
how performed,162,4.2479
despite recent,129,4.2474
excited opportunities,451,4.2473
discussions around,153,4.2469
outlook includes,213,4.2466
number different,664,4.2459
found today,157,4.2457
you participating,993,4.2455
doesn come,109,4.2452
service fee,131,4.2451
sales volumes,895,4.2449
available capacity,266,4.2446
focused making,403,4.2434
these items,679,4.2433
not require,254,4.2431
results followed,107,4.2429
term debt,1000,4.2425
further acceleration,115,4.2425
further information,203,4.2424
construction costs,203,4.2423
leverage times,217,4.2422
roughly billion,542,4.242
ahead patrick,109,4.242
joining appreciate,130,4.2408
include any,453,4.2405
cannot get,121,4.2403
still feel,653,4.2403
demonstrate value,111,4.2403
representing decline,112,4.2402
congrats results,214,4.2401
different channels,120,4.2397
customer response,203,4.2395
mid april,108,4.2394
continue actively,283,4.2393
any updated,313,4.2393
performance metric,163,4.2393
additional capacity,498,4.2392
favorable price,239,4.2391
initiatives such,205,4.239
already place,227,4.239
guys talked,398,4.2389
positive impacts,135,4.2388
segment delivered,451,4.2388
months post,108,4.2388
investment securities,250,4.2382
right places,125,4.2382
maybe give,1025,4.2375
cloud platform,283,4.2364
don enough,115,4.2362
open david,352,4.2356
revenue cagr,100,4.2355
get too,441,4.2355
income increased,1379,4.2353
serving customers,151,4.2348
core eps,294,4.2346
early wins,121,4.2346
approximately square,146,4.2343
other competitors,219,4.2342
operational initiatives,264,4.234
significantly expand,100,4.2339
ability expand,195,4.2338
advertising revenue,561,4.2333
feedback has,247,4.2328
are headed,211,4.2325
investor events,110,4.2321
are resonating,298,4.232
lease rate,250,4.2312
certain markets,405,4.2312
excellent results,171,4.2312
guess maybe,874,4.2309
revenue fell,164,4.2305
customers prospects,119,4.2304
data security,275,4.2298
lot levers,101,4.2293
expense declined,152,4.2292
increase midpoint,362,4.2292
incremental investment,359,4.2289
all stuff,320,4.2288
significantly better,255,4.2288
portfolio fair,204,4.2287
can offer,568,4.2282
other components,204,4.2281
strengthen our,2580,4.2281
insight how,132,4.228
restaurant margin,205,4.2276
growth engine,612,4.2272
pretty attractive,110,4.2272
within range,787,4.2269
gas production,203,4.2269
back normalized,156,4.2268
leverage targets,110,4.2268
percentage sales,821,4.2263
got quick,196,4.226
different things,823,4.2258
carry through,120,4.2257
debt pay,125,4.2254
current forecast,106,4.2253
cut out,152,4.2248
industrial markets,270,4.2247
store experience,180,4.2245
types products,132,4.2238
another thing,255,4.2237
driving incremental,231,4.2233
multiple years,478,4.2229
higher commodity,129,4.2228
positioned drive,252,4.222
study patients,129,4.2217
share compared,1995,4.2214
become important,136,4.2205
revenue growth,20646,4.2205
point decrease,282,4.2202
drove increase,201,4.2199
definitely seeing,257,4.2199
only date,381,4.2195
estate services,114,4.2192
doing well,1794,4.2189
out covid,196,4.2189
estimated impact,115,4.2188
ahead thomas,125,4.2184
profit grew,228,4.2179
always trying,149,4.2167
probably best,269,4.2164
procedure growth,130,4.2164
you joining,6139,4.2162
positive response,104,4.2161
demonstrates how,107,4.215
parts services,127,4.2149
guys nice,123,4.2148
solutions inc,265,4.2144
transition period,183,4.2141
record level,408,4.2141
give detail,137,4.2139
bit context,239,4.2137
global scale,322,4.2135
want everybody,194,4.2135
few key,437,4.2135
power systems,163,4.2133
investment required,108,4.2131
sustained growth,708,4.2129
chain efficiency,122,4.2117
see tremendous,309,4.2117
ahead dan,126,4.2116
capture value,195,4.2116
ahead richard,131,4.2114
well aligned,254,4.2109
front half,330,4.2106
actions improve,141,4.2106
got lot,1434,4.2102
open matt,144,4.2099
towards higher,373,4.2099
team doing,647,4.2098
those areas,958,4.2097
was largely,1110,4.2094
four key,255,4.209
wage growth,147,4.209
happy talk,135,4.2086
ahead chris,267,4.2081
offset negative,136,4.208
run rates,261,4.208
management introduced,110,4.2078
has approved,289,4.2078
ongoing tariff,125,4.2077
commercial launches,100,4.2076
raised guidance,223,4.2075
acv growth,197,4.2074
bit clarity,116,4.2074
initial outlook,168,4.2067
yeah yeah,871,4.2066
key markets,850,4.2065
continue deploy,275,4.2064
integration process,117,4.2062
helpful guys,222,4.206
went back,213,4.2058
added another,118,4.2055
portfolio occupancy,138,4.2051
updated full,305,4.2044
growing demand,874,4.2042
little less,631,4.2041
are delighted,131,4.2039
margin decreased,449,4.2039
enterprise level,263,4.2038
continuing work,377,4.2037
can comment,818,4.2034
significant acceleration,132,4.2032
always case,110,4.2028
materials segment,112,4.2027
right win,350,4.2026
new product,4988,4.202
efficiency efforts,128,4.2018
form fiscal,124,4.2016
you touched,882,4.2012
new openings,156,4.201
ahead paul,159,4.2009
open brian,218,4.2004
design build,116,4.1999
session today,311,4.1996
capital deployed,167,4.1995
since march,126,4.1994
transaction model,181,4.1993
products features,106,4.1988
get details,319,4.1987
has developed,198,4.1984
deployed across,152,4.1973
ahead joseph,114,4.1972
already done,276,4.1969
seen anything,296,4.1969
resulted higher,153,4.1965
level detail,167,4.1964
achieve positive,133,4.1957
not assume,424,4.1955
you gotta,245,4.1951
liquidity including,260,4.1951
efforts expand,111,4.1944
gaap profitability,361,4.1944
outlook detail,157,4.1942
now ready,547,4.1941
details around,234,4.1939
margins remained,116,4.1937
access care,103,4.1935
things stand,108,4.1923
higher average,1038,4.1918
expense side,503,4.1915
provide information,182,4.191
operating efficiency,744,4.1907
maybe little,2319,4.1907
sequentially driven,450,4.1906
platform allows,136,4.1902
during second,1730,4.1901
revenue producers,105,4.1901
rapid growth,482,4.1899
product features,153,4.1897
give flexibility,136,4.1897
any way,1579,4.1897
reserve rate,130,4.1893
better economics,106,4.1891
can speak,477,4.1885
capital needs,515,4.1884
expected remain,748,4.1884
bring down,405,4.1883
representing annual,103,4.1881
acquisitions organic,121,4.188
kind walk,237,4.1879
new technologies,600,4.1872
reinforces our,626,4.1872
want ensure,154,4.1871
estimated approximately,108,4.1871
commitment operational,108,4.1865
add additional,381,4.1858
higher prices,476,4.1857
ahead craig,109,4.1855
almost all,619,4.1855
growing quickly,159,4.1852
any details,320,4.1844
glad you,375,4.1841
pretty hard,163,4.1841
month ago,173,4.1838
cash breakeven,116,4.1834
expand its,227,4.1829
income reached,168,4.1825
accounting total,134,4.1821
particularly around,481,4.182
operational priorities,102,4.1814
always appreciate,163,4.1814
pass over,659,4.1812
still fairly,108,4.1811
demand dynamics,282,4.1808
new erp,108,4.1807
launched new,685,4.1806
typically see,579,4.1805
planned acquisition,112,4.1796
you asked,1688,4.1793
consumer loans,188,4.179
given macro,164,4.1789
solid momentum,174,4.1787
quote one,469,4.1783
form other,263,4.1782
manufacturing supply,188,4.178
did see,2032,4.1779
its ability,319,4.1769
across enterprise,577,4.1769
rose due,120,4.1769
health inc,142,4.1766
substantially all,181,4.1759
ahead john,477,4.1754
high volume,1042,4.1752
not repeat,243,4.1752
are preparing,320,4.1751
without need,179,4.1749
people understand,227,4.1747
gentlemen now,263,4.1746
totaled per,136,4.1746
big deals,140,4.1745
quality assets,314,4.1741
turning now,1503,4.1741
having success,111,4.1739
are narrowing,147,4.1739
contracted basis,103,4.1735
cost efficient,240,4.1734
reported double,178,4.1733
investment activity,462,4.1733
order ask,160,4.1732
well placed,101,4.173
high value,1779,4.1728
allocation remains,126,4.1725
current trends,270,4.1722
changing way,104,4.1719
demonstrate strong,160,4.1718
marketing programs,157,4.1717
tier capital,202,4.1712
safety performance,281,4.1711
elevated interest,126,4.1706
disciplined pricing,253,4.1704
improved retention,104,4.1703
trend continues,146,4.169
who review,130,4.1689
improved productivity,149,4.1684
not gonna,918,4.1684
these dynamics,532,4.1683
being impacted,216,4.1683
internal development,101,4.1682
way saying,141,4.1681
capital raised,245,4.168
steady demand,169,4.1677
data set,540,4.1676
probably most,462,4.1673
insurance costs,196,4.1669
moving along,134,4.1668
most effective,202,4.1663
dollars per,251,4.166
before open,515,4.166
multiple factors,104,4.1659
tax items,126,4.1657
throughout fiscal,270,4.1656
instructions now,608,4.1651
mix partially,174,4.1649
declined mid,119,4.1646
entered new,184,4.1646
driving efficiency,227,4.1645
delivered sequential,118,4.1644
strength flexibility,101,4.1641
confident delivering,104,4.1639
able drive,579,4.1632
received positive,100,4.162
asset allocation,118,4.1618
want get,1874,4.1616
want talk,846,4.1616
need invest,227,4.1611
yeah let,727,4.1609
quality content,135,4.1606
areas focus,337,4.1605
generated operations,133,4.1604
are forecasting,431,4.1604
full reconciliation,103,4.1603
medical costs,162,4.1603
similar trends,130,4.1602
healthcare costs,103,4.1601
quality care,150,4.1601
sustainable value,210,4.1599
across region,264,4.1582
both internally,110,4.1575
relatively early,145,4.1573
points attributed,129,4.1572
billings growth,252,4.1565
same level,692,4.1564
let open,564,4.1564
consumer deposits,101,4.1561
investments support,535,4.156
management expecting,237,4.156
ebitda decreased,233,4.1552
let pass,102,4.1545
billion worth,155,4.1537
two ways,201,4.1536
drive adoption,201,4.1529
pretty small,202,4.1529
risk associated,103,4.1528
incremental capex,115,4.1527
software platform,282,4.1525
ready mix,115,4.152
payments related,138,4.1511
look ahead,1966,4.151
income declined,245,4.1507
increasing sequentially,132,4.1507
fleet management,235,4.1501
marketing initiatives,226,4.1501
our ability,11250,4.1495
building construction,103,4.1494
commercial loan,356,4.1493
remains critical,108,4.149
improve operational,233,4.1488
you alluding,103,4.1486
legacy products,164,4.1482
commercial teams,220,4.1477
joe mentioned,116,4.1473
given recent,326,4.147
wanted double,171,4.1467
large part,669,4.1465
rates remained,106,4.1458
well balanced,229,4.1456
loans increased,427,4.1455
software solutions,176,4.1454
improve sequentially,156,4.1448
store base,200,4.1448
other pieces,136,4.1447
long time,2819,4.1446
good handle,105,4.1444
expand beyond,145,4.1442
net realized,167,4.1441
serve patients,102,4.1439
economic value,215,4.1431
customer demand,1669,4.1431
forward continuing,571,4.1431
experienced significant,114,4.143
range billion,1722,4.1427
few dollars,106,4.1421
are gaining,576,4.142
ahead scott,232,4.142
new geographies,235,4.1418
three priorities,137,4.1414
decided not,120,4.1414
pricing model,471,4.1412
bit softness,103,4.141
operating discipline,345,4.1408
touch little,169,4.1407
rate cases,257,4.1406
these transactions,435,4.1405
commercial loans,248,4.1399
new information,814,4.1397
continues ramp,136,4.1393
right way,1563,4.1391
talked previously,180,4.1385
delivering another,164,4.138
data showing,155,4.1377
consumer health,169,4.1376
doing quite,216,4.1371
had excellent,154,4.1366
accelerating demand,197,4.1354
record delivering,158,4.1352
brings end,122,4.1347
texas capital,173,4.1345
financial foundation,270,4.1345
metrics including,217,4.1345
position remains,282,4.1343
level thoughts,125,4.1338
insurance segment,193,4.1337
card portfolio,134,4.1336
retail sales,845,4.1334
offset reduced,111,4.1332
recurring non,146,4.133
realize full,118,4.1329
improve margins,325,4.1328
similar saw,200,4.1323
higher levels,746,4.1311
complements our,133,4.1301
okay guess,279,4.1296
non cash,1956,4.1292
let provide,527,4.1292
versus historical,104,4.1285
acquisition activity,292,4.1282
couple ways,100,4.128
down low,851,4.1278
bank debt,198,4.1277
exciting opportunities,142,4.1271
improving operational,158,4.1269
authorized new,116,4.1257
bringing new,591,4.1249
follow comments,174,4.1249
roll through,198,4.1246
infrastructure investment,318,4.1234
point out,2389,4.1231
new store,1097,4.1228
dollar basis,302,4.1226
done yet,109,4.1225
give any,1012,4.1225
across both,2587,4.1221
mortgage rate,205,4.1221
likely come,121,4.122
create significant,201,4.122
number patients,470,4.1214
current expectation,111,4.1214
biggest opportunities,120,4.1212
want keep,311,4.1211
yeah definitely,159,4.1209
retail segment,347,4.1206
always gonna,110,4.1205
thanking our,205,4.1204
higher dose,104,4.1198
continue opportunistic,156,4.1193
sales increased,2740,4.1191
rent growth,611,4.1187
deliver best,279,4.1185
gonna give,159,4.1181
global manufacturing,168,4.1181
has brought,178,4.1178
want stay,152,4.1176
enter new,226,4.1174
already completed,133,4.1174
full fiscal,1267,4.1171
capital equipment,462,4.1171
diversifying our,339,4.1168
field team,122,4.1166
outlook rest,174,4.1165
worked well,195,4.1161
meaningfully lower,100,4.1156
marking first,167,4.1143
are adopting,216,4.1139
margins improved,372,4.1135
all segments,835,4.1133
debt levels,281,4.1133
strength across,800,4.1131
overview our,859,4.1117
high risk,647,4.1116
advantage opportunities,200,4.1113
clinical pipeline,168,4.1111
information services,168,4.1109
two consecutive,154,4.1108
mix between,475,4.1103
putting out,247,4.1102
mean seems,142,4.1099
period ago,367,4.1096
nice improvement,131,4.1095
opportunity ahead,957,4.1086
anything different,257,4.1083
are anticipating,396,4.1079
everyone wanted,243,4.1078
private assets,189,4.1077
take longer,343,4.1075
impacted lower,238,4.1074
remarks robert,102,4.1073
other ways,286,4.1066
spoke last,100,4.1062
during session,171,4.1061
one things,2997,4.1059
flat low,196,4.1052
not huge,365,4.1052
per community,217,4.105
grow significantly,164,4.1046
goes through,323,4.1043
expect modest,273,4.1042
demonstrated strong,197,4.1038
cost base,821,4.1038
improved efficiency,205,4.1036
strong presence,148,4.103
profitability improvements,111,4.1029
can bring,867,4.102
assumptions around,153,4.102
driving adoption,135,4.1018
are exploring,277,4.1015
productivity improvement,183,4.1015
expenses included,175,4.1012
gonna continue,635,4.101
services agreement,112,4.1009
different dynamics,147,4.1009
international businesses,162,4.1008
results highlight,206,4.1004
estimate approximately,132,4.1001
our belief,578,4.0998
you talk,12507,4.0997
lot flexibility,301,4.0996
creation opportunity,100,4.0995
support future,540,4.0987
delivering strong,626,4.0986
generate approximately,221,4.0983
loss loss,197,4.0982
focus reducing,116,4.0981
quite well,859,4.0978
come along,192,4.0972
currently working,168,4.097
work through,1962,4.097
acquisition completed,121,4.0966
nine years,150,4.0963
however given,130,4.0957
service contracts,130,4.0957
basis constant,253,4.095
funded through,142,4.0947
glp one,122,4.0947
current visibility,124,4.0945
pretty unique,128,4.0942
done lot,640,4.0934
can achieve,582,4.0931
bit different,976,4.0919
different models,133,4.0914
full adjusted,2586,4.091
consumer side,423,4.091
consolidated ebitda,177,4.0909
second highest,324,4.0908
remind you,2482,4.0907
ahead peter,152,4.0906
statements such,164,4.0903
down basis,2250,4.0899
drove strong,262,4.0899
remind how,370,4.0896
first pillar,109,4.0893
capital ratio,665,4.0888
target date,201,4.0886
decreased over,949,4.0885
these tools,443,4.0885
doubling over,206,4.0878
yeah matt,170,4.0877
encouraging results,136,4.0874
make meaningful,315,4.0868
three areas,270,4.0866
was impacted,1067,4.0866
eps representing,109,4.0863
plus plus,120,4.0857
across united,206,4.0854
being done,403,4.0854
under private,124,4.0846
experienced team,122,4.0845
ways working,110,4.0845
anticipate continued,253,4.0842
homes com,176,4.0839
sense whether,111,4.0831
quality service,265,4.0831
ahead rob,104,4.0828
others industry,136,4.0827
regulatory capital,468,4.0817
relationship based,123,4.0816
range reflecting,374,4.0815
better reflect,160,4.0814
maybe help,874,4.0813
good idea,143,4.0811
but anyway,103,4.0807
stage assets,104,4.0806
returned capital,151,4.0806
five percentage,117,4.0805
loss prior,455,4.0802
sustained long,147,4.0801
increased nearly,365,4.0797
gets back,166,4.0794
plus years,474,4.0793
pricing standpoint,148,4.0792
points over,5304,4.079
cost effectively,159,4.0789
higher freight,126,4.0786
potential impact,831,4.0779
close out,691,4.0777
currently expect,533,4.0772
strategic transactions,115,4.077
these challenges,388,4.077
saw strength,297,4.0768
sales outstanding,400,4.0766
stock average,175,4.0766
shares during,262,4.0765
points below,274,4.0755
continue roll,219,4.0754
strong liquidity,494,4.0753
made comments,190,4.0748
increase attributed,157,4.0742
how progressing,156,4.0741
limited time,308,4.0739
these deals,577,4.0738
always done,185,4.073
ahead robert,178,4.0727
production levels,329,4.072
four major,101,4.0718
revenues billion,834,4.0714
creating significant,112,4.071
quick service,121,4.0708
excited potential,302,4.0707
early march,185,4.0705
order rates,254,4.0698
continue focus,2079,4.0697
lot traction,142,4.0689
loan pipeline,269,4.0689
global inc,241,4.0687
better position,503,4.0684
well defined,150,4.0683
say generally,220,4.0679
help meet,101,4.067
per piece,197,4.0669
complementing our,129,4.0663
focused helping,100,4.066
time attention,147,4.0659
give specific,198,4.0658
cause results,150,4.0658
ongoing investment,354,4.0656
find opportunities,136,4.0655
quarterly revenues,141,4.0648
revenue retention,674,4.0644
financial details,310,4.0644
industry whole,143,4.0638
are leaning,436,4.0637
incremental capacity,239,4.0636
compared comparable,148,4.0636
now introduce,148,4.0636
are uniquely,366,4.0632
industrial side,171,4.0632
product engineering,161,4.0631
accelerate development,133,4.063
well understood,195,4.0628
compared fourth,1008,4.0627
not changing,361,4.0627
decreased prior,197,4.0626
between two,732,4.0625
ways drive,127,4.0625
above target,141,4.0625
demand pull,146,4.0625
another double,190,4.0624
pipeline opportunities,496,4.0624
during first,2772,4.0618
conversations around,141,4.0616
lower end,1763,4.0611
momentum continues,298,4.0611
diversify our,511,4.0608
prior guidance,1670,4.0608
get deeper,123,4.0604
continued execute,191,4.0601
third results,1548,4.0598
was awarded,143,4.0596
those two,2591,4.0596
demand remains,590,4.0596
has already,1288,4.0593
volume increases,228,4.0584
said previously,253,4.0584
you recall,1180,4.058
supported improved,111,4.0574
done before,302,4.0573
industrial production,151,4.0571
deliver outstanding,100,4.0567
center power,172,4.0564
commercial defense,114,4.0563
gas pipeline,148,4.0559
equipment sales,516,4.0554
execute deliver,106,4.0554
initiatives include,114,4.055
comparable basis,253,4.0544
yes jeff,185,4.0544
core categories,128,4.0543
digital platform,355,4.0542
tracking well,188,4.0533
higher fuel,257,4.0531
week ago,103,4.053
big thing,237,4.0528
expenses decrease,148,4.0523
these studies,200,4.0517
service model,338,4.0516
revenue representing,920,4.0508
due weather,114,4.0505
improve throughout,139,4.0501
liquidity end,413,4.0501
commodity cost,110,4.0498
all three,2118,4.0498
dollar value,236,4.0497
continued expansion,681,4.0495
inc delivered,192,4.0492
its largest,152,4.0489
other sec,185,4.0488
nice momentum,108,4.0488
day count,101,4.0488
network expansion,228,4.0481
interesting opportunities,105,4.0481
measures believe,246,4.0481
you ladies,1157,4.0477
these enhancements,122,4.0476
delivering double,114,4.0474
facts are,138,4.0474
margin pressures,193,4.0474
but certainly,2349,4.0471
approximately remaining,229,4.047
industry dynamics,178,4.0464
focus operational,427,4.0461
digital channel,151,4.046
driven combination,251,4.0459
annual revenue,1203,4.0459
segment generated,206,4.0458
ago started,116,4.0457
good bad,112,4.0453
far beyond,136,4.0451
does help,326,4.045
before get,1079,4.045
completed its,131,4.045
gave lot,138,4.043
fiscal third,795,4.0429
try take,173,4.0427
big change,275,4.0426
income was,4665,4.0422
fast forward,161,4.0419
can solve,110,4.0418
can unpack,111,4.0417
improving sequentially,100,4.0417
stay same,112,4.0415
are interested,605,4.0414
contribution margins,154,4.0412
though management,213,4.0412
across whole,277,4.0411
doesn impact,153,4.041
team hard,224,4.0409
bolstering our,100,4.0406
strategy designed,111,4.04
debt position,318,4.0398
increased penetration,143,4.0398
daily rate,110,4.0396
substantial increase,185,4.0395
cash used,666,4.0394
executing strategy,119,4.0393
build order,190,4.0392
comment earlier,115,4.0392
taking actions,199,4.0392
travel demand,102,4.0389
service quality,257,4.0389
annualized rate,172,4.0387
term investments,1137,4.0387
certainly something,245,4.0385
always hard,101,4.0385
another important,327,4.0381
corporate level,157,4.0377
private brand,159,4.0375
consumer needs,133,4.0375
long game,111,4.0374
fees related,115,4.0373
clear view,113,4.0372
power distribution,122,4.0365
any further,1109,4.0363
has tremendous,218,4.0359
since joining,139,4.0358
those decisions,265,4.0355
operating losses,245,4.0355
expenses compared,596,4.0354
maybe shifting,131,4.0353
volume gains,192,4.0353
decrease was,1063,4.0352
tells you,211,4.0348
greater value,335,4.0347
generated revenues,107,4.0347
payment terms,154,4.0342
already discussed,102,4.0338
are dealing,267,4.0338
little conservative,102,4.0336
larger customers,491,4.0334
work towards,194,4.0333
large majority,125,4.0331
completely new,146,4.0325
leading companies,118,4.0323
was curious,1298,4.0322
had guided,118,4.0321
mix toward,154,4.0321
historically had,208,4.032
center capacity,223,4.032
income grew,479,4.0315
decrease prior,229,4.0314
present both,101,4.0314
economic outlook,107,4.0312
new role,411,4.031
risk based,468,4.0308
active customer,313,4.0308
representing growth,1404,4.0303
maybe frame,120,4.0303
seeing any,2089,4.0299
higher level,1113,4.0297
cost headwinds,314,4.0296
new construction,605,4.0293
all elements,186,4.0289
ebitda representing,298,4.0287
good day,1447,4.0284
lot different,950,4.0283
almost billion,328,4.028
estate portfolio,170,4.0272
capital budget,150,4.0265
sources capital,106,4.0263
following acquisition,141,4.0262
between midpoint,147,4.026
prudent capital,118,4.0259
most part,759,4.0259
tend see,210,4.0254
entire platform,139,4.0253
rose compared,114,4.0252
ongoing productivity,118,4.0251
growth midpoint,1207,4.0251
transformation strategy,125,4.0248
whom are,121,4.0242
new launches,375,4.0236
you characterize,520,4.0236
point decline,398,4.0235
core operations,337,4.0235
back house,112,4.0235
taking maybe,986,4.0234
major markets,326,4.0228
way operate,113,4.0225
transaction related,209,4.0219
safety data,251,4.0218
demand remained,175,4.0217
over sequentially,1626,4.0216
energy costs,299,4.0212
platform built,243,4.0208
expand capacity,207,4.0208
these changes,965,4.0206
fiscal beyond,291,4.0201
leading technology,239,4.02
pleased see,1078,4.02
was originally,162,4.02
compensation plan,100,4.02
across verticals,131,4.0197
most interesting,104,4.0195
reflect current,105,4.0194
premium products,238,4.0191
contracted revenue,200,4.0189
great progress,889,4.0186
additional shares,200,4.0185
want give,656,4.0181
open chris,164,4.0178
developing new,244,4.0177
profit percentage,138,4.0177
resulting higher,221,4.0176
driving operational,262,4.0176
able buy,110,4.0173
out field,253,4.0173
directly related,129,4.0167
world most,375,4.0162
forward meeting,147,4.0158
lower prices,291,4.0146
billion reflecting,695,4.0146
new verticals,237,4.0141
points annualized,135,4.014
gas supply,150,4.0139
not affect,162,4.0139
today event,182,4.0135
are watching,400,4.0132
recent launch,158,4.0132
spend time,766,4.0131
setting new,293,4.0117
after closing,142,4.0115
recorded net,185,4.0114
not intend,206,4.0113
end session,297,4.0112
managing through,273,4.0111
poll our,212,4.0111
performance metrics,283,4.011
product category,382,4.0106
strong traction,189,4.0105
strategy remains,377,4.0103
able address,119,4.0102
but definitely,847,4.0099
eps between,251,4.0097
potential tariff,165,4.0095
future success,218,4.0092
huge impact,126,4.0092
are introducing,320,4.0091
one offs,179,4.009
vehicle sales,246,4.0088
commercial construction,140,4.0087
ahead mike,254,4.0087
are committed,1728,4.0084
continued strong,1870,4.0079
defense side,121,4.0079
marketing teams,130,4.0077
achieved positive,143,4.0069
trend continue,590,4.0067
sheet cash,928,4.0066
improving margins,205,4.0065
initial production,144,4.006
had tremendous,135,4.0058
down debt,767,4.0057
customer relationship,156,4.0056
technology innovation,270,4.0056
generated cash,470,4.0054
marketing efficiency,180,4.0052
international segments,100,4.005
these headwinds,496,4.0043
already starting,219,4.0041
expected recognized,101,4.0037
service revenues,277,4.002
related tariffs,205,4.0019
you withdraw,497,4.0016
customer requirements,114,4.0015
add too,115,4.0014
space systems,116,4.0013
important keep,169,4.001
operating metrics,348,4.0008
ebitda reached,169,4.0008
even challenging,100,4.0005
operating costs,1432,4.0005
recognize value,103,4.0004
unit sales,478,4.0002
incredible value,101,4.0001
integrated services,102,3.9998
bigger impact,181,3.9997
can produce,211,3.9995
capital sources,104,3.9988
phase data,465,3.9987
maybe start,1302,3.9987
strengthening our,1863,3.9985
ongoing operational,213,3.9984
create additional,160,3.9982
resulting adjusted,229,3.9979
access program,169,3.9979
primarily impacted,124,3.9978
why excited,186,3.9975
billion dividends,211,3.9973
things play,216,3.9965
reflected continued,118,3.9961
taking care,216,3.9961
not expecting,574,3.9958
come through,1589,3.9955
brought back,116,3.9953
five plan,194,3.9953
team place,310,3.9951
seeing ground,106,3.9951
description earnings,222,3.9949
drive further,511,3.9949
navigate these,134,3.9947
strengthened our,1005,3.9947
previous range,178,3.9946
sure everybody,107,3.9946
hope see,344,3.9943
portfolio trading,102,3.994
are energized,173,3.9939
who are,4898,3.9938
average assets,412,3.9937
markets outside,203,3.9935
are pursuing,454,3.9925
cycle management,326,3.9924
events including,175,3.9923
care system,132,3.9922
off balance,405,3.9911
capex guidance,427,3.991
got follow,454,3.9898
shared last,260,3.9897
broader portfolio,238,3.9894
invest future,200,3.9894
loss operations,221,3.9893
cash shareholders,705,3.9891
insurance services,126,3.9888
expected begin,249,3.9885
gaap results,1160,3.9884
you pointed,719,3.9882
was referring,177,3.9876
strategic accounts,106,3.9872
expansion efforts,193,3.9872
several large,271,3.9868
full rollout,106,3.9861
ended total,278,3.986
other segments,419,3.9856
are aware,536,3.9855
reported quarterly,126,3.9853
additionally during,120,3.9852
opportunities expand,288,3.9849
able hit,104,3.9848
cost management,1732,3.9848
drive long,873,3.9847
increasing number,294,3.9842
services revenues,283,3.984
reiterating our,426,3.9838
other stuff,148,3.9835
organic basis,678,3.9833
talk how,1721,3.983
appropriate time,162,3.9828
able create,156,3.9827
growth oriented,168,3.9821
approximately midpoint,263,3.9814
two major,321,3.9813
new drug,263,3.981
due ongoing,361,3.9808
margin targets,327,3.9808
operating environment,980,3.9801
volume decline,268,3.9798
hey brian,101,3.9798
partners shareholders,148,3.9797
move beyond,203,3.979
healthy margins,140,3.9786
had planned,260,3.9783
around tariffs,326,3.9779
continue learn,104,3.9779
compared december,201,3.9776
volume growth,3879,3.9773
eps growth,2016,3.977
seeing tremendous,125,3.9767
grow double,222,3.9763
spent years,103,3.9758
take time,2160,3.9758
affirming our,103,3.9754
regarding potential,121,3.9753
deliver greater,133,3.975
results may,1289,3.975
record annual,162,3.975
versus others,119,3.9748
incremental spend,134,3.9748
saw solid,176,3.9743
approach capital,619,3.9742
kind puts,141,3.9741
distribution model,139,3.974
gonna come,183,3.9736
provide further,438,3.9736
may remember,102,3.9731
most significant,688,3.9728
all depends,126,3.9728
deliver strong,1016,3.9726
advanced solutions,118,3.972
whole portfolio,172,3.9719
can hear,563,3.9716
maybe even,1089,3.9713
lower average,613,3.9708
any meaningful,513,3.9708
decreased versus,145,3.9704
negative free,149,3.9703
continue work,2056,3.9699
outstanding approximately,208,3.9697
additional comments,214,3.9697
categories including,178,3.9697
brand equity,192,3.9697
growth lever,145,3.9694
went out,235,3.9694
are telling,207,3.9689
best use,259,3.9687
offset increase,668,3.9686
finally want,236,3.9684
higher utilization,250,3.9682
above prior,350,3.968
focus creating,105,3.968
was down,6135,3.968
ebitda guidance,1737,3.968
multiple areas,110,3.9679
grew low,271,3.9678
things together,325,3.9675
enter second,116,3.9668
materially these,342,3.9666
combination both,294,3.9657
ratio was,1574,3.9657
can see,8250,3.9652
don ever,126,3.9649
had solid,388,3.9649
solidify our,119,3.9647
global industrial,113,3.9647
reflecting strong,749,3.9639
came better,184,3.9638
growing adoption,150,3.9638
strong start,1693,3.9634
product family,110,3.9634
high levels,549,3.9632
take rate,1326,3.963
feel quite,167,3.9627
can choose,109,3.9623
manufacturing efficiency,109,3.9615
shipments per,138,3.9614
color guys,201,3.9614
are entering,529,3.9612
increased over,5550,3.9611
does play,111,3.9611
delivering record,140,3.9607
lot upside,214,3.9603
encouraged continued,114,3.9599
expanding profitability,108,3.9593
trying put,124,3.9592
multiple different,198,3.9585
gonna get,368,3.9579
across each,620,3.9575
are doing,6027,3.9573
team focused,604,3.9573
manage costs,155,3.9572
debt reduced,111,3.957
brand marketing,264,3.9564
load growth,382,3.9562
past week,112,3.9561
real quickly,103,3.956
accelerated share,277,3.9557
fiscal fourth,771,3.9553
let clear,254,3.9546
are grateful,184,3.9545
further along,159,3.9542
remains under,205,3.9542
existing programs,116,3.9541
smaller part,118,3.9537
moved through,164,3.9534
execute plan,109,3.9531
large amount,174,3.9528
due increased,1002,3.9524
you baking,122,3.952
don guide,239,3.9519
continuing make,321,3.9518
day everyone,332,3.9515
delivered organic,186,3.951
sequentially over,1548,3.9507
probably gonna,114,3.9506
previously talked,158,3.9504
rest industry,187,3.9498
two biggest,138,3.9497
every deal,114,3.9493
expenditures range,116,3.9492
backlog grew,129,3.949
further time,1430,3.9483
give quick,109,3.948
results include,342,3.948
whole team,144,3.948
billion plus,565,3.9475
better anticipated,204,3.9475
revenue totaled,304,3.9472
why feel,215,3.9468
margin rose,246,3.9467
teams delivered,120,3.9465
being disciplined,242,3.9464
focus profitable,120,3.9461
yes joe,126,3.9461
record revenues,210,3.946
commercial infrastructure,247,3.9459
can create,668,3.9458
lower volume,740,3.9457
talked previous,119,3.9456
previous outlook,133,3.9456
new nuclear,112,3.9452
new ways,472,3.9452
story here,105,3.9449
price selling,197,3.9448
cycle businesses,102,3.9447
spending lot,312,3.9447
get bigger,219,3.9445
markets such,406,3.9442
load customers,140,3.9441
normal level,111,3.944
revenues representing,115,3.9437
current run,195,3.9435
increasing demand,408,3.9426
high confidence,419,3.9424
ahead kevin,123,3.9419
can get,4541,3.9418
generated operating,365,3.9416
term commitments,122,3.9416
half fiscal,802,3.9415
during transition,177,3.9415
management system,480,3.9415
are increasingly,1077,3.9407
beginning see,620,3.9405
website turn,147,3.9404
today meeting,154,3.9404
telling you,337,3.9404
are proud,1324,3.94
potential become,112,3.94
its way,496,3.9389
down mid,607,3.9381
good thing,934,3.9379
clear example,106,3.9372
since start,368,3.9368
additional opportunities,576,3.9367
color how,908,3.9363
cagr over,114,3.9361
target leverage,213,3.9361
fee revenue,589,3.9357
bigger opportunity,130,3.9357
was partly,125,3.9355
compared net,1492,3.9355
value adjustments,121,3.9353
these investments,1624,3.9352
can provide,1889,3.9351
are optimistic,1044,3.935
grow low,339,3.9349
toward lower,213,3.9349
trends remain,241,3.9348
compared third,895,3.9346
strong returns,504,3.9342
nice progress,122,3.9341
critical part,172,3.9331
looking closely,116,3.9331
costs decreased,155,3.9329
something unique,100,3.9327
even larger,180,3.9323
pleased performance,493,3.9322
these pressures,197,3.9319
margins declined,153,3.9318
ahead expectations,536,3.9316
including dividends,109,3.9316
see slight,159,3.9312
selling opportunities,193,3.9312
eps outlook,258,3.931
private capital,446,3.9309
commercial team,608,3.9307
wanted come,304,3.9307
started see,662,3.9306
you unpack,562,3.9305
production facility,166,3.9304
driving innovation,188,3.9303
continued discipline,172,3.9301
care patients,159,3.93
any potential,955,3.9296
robust balance,157,3.9295
proud say,151,3.9294
prior estimate,100,3.9291
offset impact,584,3.9289
dividends during,103,3.9286
made clear,195,3.9284
technology transformation,103,3.9279
shift timing,102,3.9279
raising guidance,124,3.9279
transcript robert,113,3.9278
build stronger,102,3.9276
low range,491,3.9276
current dynamics,118,3.9274
remain flat,190,3.9274
capture share,234,3.9272
commercial lines,165,3.9267
continued adoption,222,3.9266
definitely seen,115,3.9264
value capture,160,3.9262
same way,712,3.9261
such forward,509,3.9261
any detail,294,3.926
digit loan,189,3.9259
remarks good,1135,3.9258
unit development,125,3.9249
increased slightly,328,3.9248
driven mostly,103,3.9248
demand drivers,250,3.9242
continue receive,110,3.9234
broad base,103,3.9232
contributions both,115,3.9231
has held,182,3.9229
consolidated level,104,3.9223
frame how,191,3.9222
biggest part,107,3.9221
cornerstone our,187,3.922
specifics but,164,3.9219
yet but,1109,3.9219
seeing anything,446,3.9217
total assets,682,3.9211
learn how,104,3.921
can compete,159,3.921
mid enterprise,138,3.9209
despite continued,238,3.9205
chain solutions,137,3.9202
need keep,195,3.9199
several major,110,3.9197
help investors,108,3.9189
net bookings,303,3.9189
large accounts,111,3.9188
platform adoption,199,3.9187
improved margins,325,3.9186
supporting continued,173,3.9185
after sale,105,3.9185
feel great,677,3.9182
see acceleration,365,3.9181
material cost,301,3.9177
guidance raise,127,3.9169
generating strong,219,3.9159
lead industry,150,3.9157
exciting new,431,3.9157
plan expand,190,3.9154
gas price,206,3.9153
debt free,345,3.9151
hopefully get,153,3.915
cost trend,328,3.9149
outlook projected,102,3.9149
are updating,363,3.9142
pricing increases,218,3.9138
difference terms,102,3.9138
based strength,398,3.9138
improved conversion,103,3.9137
invested approximately,109,3.9137
continue enhance,312,3.9136
prices remain,168,3.9134
credit trends,226,3.9131
confidence level,246,3.913
bit pressure,312,3.9128
can utilize,103,3.9126
represents total,153,3.9121
currently being,208,3.9121
our stakeholders,826,3.912
experienced during,106,3.9118
higher gold,101,3.9114
yeah add,386,3.9112
was flat,1380,3.9112
pipeline continues,280,3.9109
under development,245,3.9107
greater scale,122,3.9107
ongoing success,111,3.9102
percentage range,281,3.91
enhances our,359,3.9097
portfolio transformation,155,3.9093
capabilities built,108,3.9089
average interest,426,3.9083
earlier comment,105,3.9079
production profile,144,3.9076
see stabilization,113,3.9075
lower shipments,105,3.9075
using technology,202,3.9074
achieved significant,167,3.9074
loss continuing,151,3.9072
today concludes,232,3.9072
totaled down,118,3.907
able use,359,3.9064
level uncertainty,117,3.9064
develop new,248,3.9063
raising our,1605,3.9062
reflecting solid,106,3.9062
product launch,516,3.9061
segment experienced,103,3.9061
get done,617,3.906
kind break,104,3.9058
technologies segment,144,3.9057
today issued,120,3.9055
statements under,167,3.9047
those businesses,840,3.9047
before move,342,3.9046
platforms including,164,3.9046
customer deposits,206,3.9046
happened last,161,3.9042
tend get,108,3.904
term framework,143,3.9032
grew driven,525,3.903
revenue increased,3799,3.9028
investment cycle,199,3.9026
note being,174,3.9024
arpu growth,200,3.902
discipline around,200,3.902
good indication,126,3.9014
strong underlying,358,3.9013
flat prior,296,3.9012
cash charges,144,3.901
second thing,699,3.901
unique value,240,3.9009
yes steve,189,3.9006
continued ramp,207,3.9003
one example,775,3.9002
driven broad,221,3.8993
value add,567,3.8993
points headwind,181,3.8987
further supported,142,3.8983
expected decrease,216,3.8981
performance highlights,140,3.8978
are enthusiastic,102,3.8977
amount work,210,3.8976
occupancy rate,138,3.8972
snyder you,129,3.8971
these elements,132,3.8969
customers love,218,3.8968
point time,2158,3.8964
you thinking,6082,3.8963
across broad,310,3.8963
help create,119,3.896
venture capital,102,3.8959
partnerships including,125,3.8958
potential future,465,3.8955
open session,112,3.8955
not entirely,115,3.8952
building success,121,3.8952
increase reflects,302,3.8952
built around,293,3.8951
increased basis,1748,3.8948
financial stability,118,3.8945
was negative,1015,3.8941
generate cash,333,3.8941
driving towards,104,3.8938
relations team,270,3.8937
gaap earnings,1222,3.8936
almost half,191,3.8935
whether not,1105,3.893
technology companies,224,3.8929
already made,306,3.8928
couple factors,156,3.8916
today review,335,3.8909
technology inc,275,3.8908
digits versus,166,3.8906
record billion,773,3.8905
ahead jim,113,3.8904
not stop,133,3.8902
resulted net,143,3.8901
these partnerships,303,3.89
approved increase,144,3.8894
achieved another,100,3.8887
significant role,102,3.8885
are intended,408,3.8884
try drive,112,3.888
path ahead,138,3.8878
don yet,183,3.8877
wins across,226,3.8875
expanding beyond,101,3.8873
one hand,518,3.8871
john david,179,3.8868
including statements,345,3.8867
expect contribute,133,3.8867
why believe,368,3.8866
spent last,150,3.8866
pricing changes,305,3.8864
encouraged see,312,3.8864
below low,131,3.8859
progressing through,115,3.8857
end curve,108,3.8856
not sure,2142,3.8856
done far,136,3.8855
yeah mike,210,3.8854
leverage ended,143,3.8854
ebitda contribution,217,3.8852
release slide,153,3.8852
over thousand,227,3.885
volume recovery,122,3.885
seems lot,225,3.8848
average transaction,166,3.8847
first wave,105,3.8843
guys good,1113,3.8842
subscription gross,124,3.8842
quite strong,574,3.8841
these issues,259,3.8841
continued improve,369,3.884
products such,359,3.8837
those projected,326,3.8832
pretty quick,105,3.8831
how might,838,3.8818
but importantly,875,3.8815
was comprised,138,3.8813
continue rise,149,3.8811
opportunity grow,521,3.8811
positive contribution,127,3.881
items including,217,3.8807
our inaugural,130,3.8805
different way,542,3.8803
prior mainly,109,3.8801
raised approximately,131,3.8801
wanted back,603,3.88
taking nice,119,3.88
significant changes,312,3.8797
believe combination,183,3.8794
one element,108,3.879
level since,291,3.8788
cash short,517,3.8785
added new,566,3.8784
additional thoughts,101,3.8783
attractive margins,102,3.8782
let tell,132,3.8779
these properties,188,3.8776
congrats all,340,3.8773
appreciate support,208,3.8773
operating system,620,3.8772
provided guidance,267,3.8772
gonna see,622,3.8771
you gave,1471,3.8768
don any,1210,3.8765
model built,137,3.8765
related items,161,3.876
margin contracted,111,3.876
timing perspective,158,3.8759
now approaching,126,3.8756
able accelerate,141,3.8756
new ones,281,3.8753
came back,307,3.8747
continued grow,539,3.8744
grew approximately,518,3.8741
bit stronger,265,3.8741
yield improvement,106,3.874
turning profitability,149,3.8736
any issues,175,3.8734
partner program,132,3.8732
added additional,134,3.8731
leverage metrics,113,3.8729
spend lot,456,3.8729
these patients,1075,3.8724
are mindful,186,3.8722
might change,171,3.8714
driven stronger,224,3.871
deepened our,105,3.8709
gains offset,114,3.8709
able take,656,3.8708
due combination,164,3.8706
driven strength,481,3.8705
matter how,184,3.8704
between negative,137,3.8701
gonna able,157,3.8697
big focus,390,3.8696
how trending,112,3.8694
operational capabilities,190,3.8692
why did,248,3.8691
unit growth,1088,3.8688
confident able,197,3.8687
everyone who,238,3.8684
last four,613,3.8682
opportunity bring,221,3.8681
billion midpoint,360,3.8674
rate savings,298,3.8671
creating opportunities,101,3.867
margin recovery,332,3.8669
approximately weighted,132,3.8667
rate base,647,3.8666
not lost,145,3.866
jeff mentioned,130,3.8659
expect deliver,985,3.8657
are laser,316,3.8655
increased primarily,628,3.8653
these things,2214,3.8653
able give,379,3.8651
presence across,106,3.8651
corporate strategy,151,3.8651
start see,2239,3.865
strategy working,458,3.865
pretty strong,1063,3.8649
particularly china,113,3.8643
saas revenue,182,3.8637
today cover,130,3.8635
back pre,193,3.8635
unlock new,169,3.8632
these areas,764,3.8631
loss compared,355,3.863
several areas,131,3.8626
debt liquidity,124,3.8626
its primary,155,3.8616
differentiated portfolio,118,3.8615
want start,882,3.8613
positioned help,150,3.8605
higher interest,998,3.8603
within days,193,3.8602
discipline focus,141,3.8601
our goal,3641,3.8598
run off,171,3.8597
data storage,128,3.8596
customer contracts,228,3.8595
eps was,1648,3.8594
ebitda grew,485,3.8592
its core,338,3.8591
sales lift,112,3.8588
inc team,349,3.8588
updated may,140,3.8586
consistently strong,170,3.8585
but curious,1238,3.8582
continue ramp,506,3.8579
based care,277,3.8574
rate adjustments,118,3.857
capture rate,157,3.8569
global energy,168,3.8568
seen recently,173,3.8566
dividends per,142,3.8564
being efficient,120,3.8562
across portfolio,1591,3.8561
strong double,646,3.8561
roughly same,201,3.8552
volume grew,327,3.8552
recognized revenue,297,3.8551
services revenue,1922,3.8548
team working,520,3.8548
are currently,2274,3.8547
driven strong,2055,3.8547
price cost,1107,3.8546
ongoing cost,547,3.8543
beginning fiscal,159,3.8541
showed strong,104,3.8537
ebitda adjusted,1567,3.8537
queue any,113,3.8531
one final,375,3.8531
via share,154,3.853
zero one,178,3.8526
core segments,151,3.8524
focused bringing,112,3.8523
growth rate,6262,3.8521
validates our,160,3.8521
cetera but,172,3.8518
cost recovery,226,3.8518
offset continued,432,3.8517
infrastructure build,169,3.8513
three month,214,3.8512
liquidity debt,123,3.851
hardware sales,157,3.8505
follow comment,108,3.8502
but wouldn,380,3.8496
existing base,189,3.8488
guys thinking,191,3.8488
compared decrease,183,3.8488
get ready,208,3.8488
reaching out,130,3.8482
months later,121,3.8478
quarterly revenue,901,3.8477
gains across,368,3.8474
peak demand,102,3.8472
bit below,305,3.847
not aware,160,3.847
those lines,504,3.8468
has exceeded,195,3.8467
saw broad,114,3.8463
are familiar,154,3.8463
say never,105,3.8461
ebitda dollars,173,3.8455
healthy demand,217,3.8455
largest customers,438,3.8454
attributed increased,118,3.8453
meaningful changes,125,3.8449
end life,302,3.8446
taking longer,185,3.8445
eps per,454,3.8444
mike mentioned,213,3.8443
our own,4551,3.8441
revenues compared,372,3.8439
first priority,339,3.8438
number units,132,3.8434
seeing benefits,393,3.8428
seen yet,151,3.8425
you remove,477,3.8425
large project,214,3.8425
expects full,118,3.8424
had indicated,113,3.8423
doing better,483,3.8423
day week,128,3.842
disciplined investment,202,3.842
does give,298,3.8417
size opportunity,167,3.8415
congrats good,249,3.8412
project pipeline,172,3.8411
each segment,303,3.8411
held back,122,3.8411
doing nice,107,3.8406
able put,256,3.8405
last thing,815,3.8404
direct sales,529,3.84
additional flexibility,127,3.8398
profit per,472,3.8395
getting too,111,3.8384
right thing,630,3.8383
helping customers,242,3.8382
pipeline robust,113,3.838
ebitda declined,225,3.8375
funding side,131,3.8375
work toward,170,3.8374
negative mix,145,3.8372
pull ahead,100,3.8371
already announced,171,3.8368
data cloud,330,3.8367
can pull,318,3.8366
new feature,119,3.8366
generated net,351,3.8363
capex investments,178,3.8358
potential acquisitions,139,3.8358
annual revenues,140,3.8357
still track,249,3.8355
first ever,406,3.8354
margin percentage,618,3.8353
each those,784,3.8352
outlook remains,290,3.835
look ways,269,3.835
any forward,1917,3.8346
those who,981,3.8345
teams who,123,3.834
new car,170,3.8338
beyond current,205,3.8338
concludes our,3040,3.8336
lot conversations,149,3.8336
refine our,362,3.8327
shift mix,168,3.8326
acquisition pipeline,259,3.8325
revenue decline,1088,3.8322
are executing,1308,3.8322
bring new,699,3.8321
last two,2022,3.8313
not waiting,135,3.8313
gone well,167,3.831
rising basis,119,3.8307
metrics remain,118,3.8306
healthy level,131,3.8305
property management,182,3.8303
shareholders turn,236,3.8298
health services,166,3.8298
fixed expenses,105,3.8294
pleased share,645,3.8293
all geographies,187,3.8293
periods time,189,3.8291
non comp,115,3.8291
offset partially,100,3.8291
client service,134,3.829
third priority,116,3.829
yeah steve,138,3.8289
pipeline conversion,112,3.8288
key focus,496,3.8284
upside opportunity,128,3.8279
paid out,279,3.8274
global expansion,332,3.8272
clinical program,151,3.8271
both domestic,144,3.8271
eps excluding,104,3.827
keep getting,119,3.8261
digital initiatives,157,3.8255
able leverage,364,3.8252
equivalents billion,126,3.8252
account management,156,3.825
able move,333,3.8248
single largest,131,3.8247
added approximately,215,3.8246
over constant,636,3.8244
other side,1100,3.8243
open robert,105,3.824
over trailing,268,3.8236
existing portfolio,371,3.8235
other charges,108,3.8231
new menu,106,3.8228
power efficiency,157,3.8228
good wanted,824,3.8226
annual guidance,486,3.8225
patient support,139,3.8223
average deposit,109,3.8219
return spend,132,3.8213
retail side,249,3.8209
commercial operations,321,3.8208
marketing investment,321,3.8204
across every,639,3.8203
did nice,112,3.8197
those deals,477,3.8194
investing future,146,3.819
real opportunity,388,3.8189
margin improved,887,3.8187
value per,1467,3.8185
drive innovation,250,3.8184
product adoption,313,3.8182
regulatory progress,142,3.8182
one time,4953,3.818
you mentioned,13412,3.8178
time budget,154,3.8172
organic operational,194,3.8172
billion annualized,194,3.817
assuming any,146,3.8169
given everything,125,3.8167
recent changes,151,3.8167
prior expectation,150,3.8165
total deposit,189,3.8162
potentially even,132,3.8159
being taken,121,3.8158
expect trend,436,3.8158
statements are,3524,3.8158
segment performance,1025,3.8156
new locations,282,3.8156
back online,226,3.8154
kind frame,126,3.8151
these priorities,361,3.8151
rpo growth,141,3.8144
you combine,401,3.8139
yet come,156,3.8138
those levers,122,3.8137
these include,495,3.8135
strategic relationships,100,3.8131
second largest,376,3.8126
strategic partners,240,3.8125
debt structure,122,3.8122
stated before,122,3.8122
add couple,231,3.8121
yes matt,183,3.812
segment revenues,348,3.812
last three,1259,3.8119
decline primarily,182,3.8118
generation capacity,180,3.8117
fourth results,1343,3.8114
environment continues,280,3.8114
appreciate guys,167,3.8113
new accounts,442,3.8113
encouraged seeing,141,3.8112
are prioritizing,320,3.8108
tax assets,266,3.8107
center network,103,3.8107
can wait,168,3.8106
estate investment,109,3.8106
invite you,120,3.8103
can learn,118,3.8096
cash cash,3654,3.8096
largely related,127,3.8094
ahead jeff,133,3.8092
say probably,488,3.8092
bolster our,203,3.8089
does feel,262,3.8086
projected approximately,161,3.808
marketing strategy,318,3.808
provide meaningful,189,3.8077
deliver another,231,3.8075
through details,332,3.8069
talk specifically,173,3.8068
engagement across,335,3.8065
coming through,1491,3.8064
industry trends,291,3.8062
trading down,113,3.8061
almost three,112,3.806
range includes,203,3.8058
focused investing,127,3.8058
generating cash,213,3.8056
include non,188,3.8052
digit top,230,3.8052
deal pipeline,131,3.8051
highlights fourth,104,3.8045
mix towards,131,3.8042
underpins our,165,3.8041
ahead plan,495,3.8041
terms how,2479,3.804
has accelerated,291,3.8039
outstanding balance,115,3.8038
marketing services,250,3.8036
strong position,928,3.8034
expanded margins,153,3.8034
cost per,1609,3.8033
execution disciplined,105,3.8033
flow free,592,3.803
remain strong,1073,3.803
consolidated financial,214,3.8027
raising full,111,3.8027
trends seen,250,3.8024
positive operating,944,3.8022
exciting part,116,3.8016
are making,4391,3.8016
keep driving,118,3.8015
saw strong,1060,3.8015
yeah great,1012,3.801
actually pretty,348,3.801
goal here,179,3.8009
reduction program,164,3.8005
keep building,107,3.8004
global brands,140,3.8004
later today,283,3.8
want follow,490,3.7998
back stock,367,3.7992
corporate credit,109,3.7991
further expanding,172,3.799
resulted adjusted,122,3.7989
medical segment,127,3.7982
ahead steve,150,3.7981
strong bookings,316,3.7977
right path,215,3.7976
pressure margins,148,3.7975
comment little,280,3.7974
liquidity billion,365,3.7973
mitigate these,101,3.7971
nearly basis,391,3.7967
meaningful opportunity,268,3.7965
continue expect,4244,3.7962
bring additional,162,3.7962
can fill,112,3.7961
open john,257,3.796
appreciate follow,157,3.7959
continued uncertainty,141,3.7958
big area,111,3.7958
talk drivers,132,3.7956
section our,1813,3.7949
decline mid,147,3.7947
maybe comment,293,3.7944
has produced,106,3.7943
long cycle,276,3.794
focus safety,133,3.7936
pricing strategy,549,3.7934
rest portfolio,215,3.7928
any insights,121,3.792
works out,123,3.7915
three days,170,3.7915
open james,127,3.7914
was essentially,379,3.7913
specifically around,279,3.7912
finding new,129,3.7908
focused growing,372,3.7907
points mainly,108,3.7905
yeah chris,180,3.7904
further improvements,159,3.7897
direct impact,298,3.7896
yes mike,256,3.7891
since last,769,3.789
broader consumer,100,3.7889
higher compensation,215,3.7885
expense related,347,3.7883
outstanding results,225,3.7882
least one,525,3.7879
yeah jeff,118,3.7877
operations teams,127,3.7874
broader range,173,3.7867
off solid,138,3.7865
reported adjusted,578,3.7863
not completely,137,3.7859
development manufacturing,142,3.7858
billion represents,229,3.7854
congratulations good,119,3.7853
expect exit,148,3.7853
fell over,169,3.7853
terms cadence,105,3.7852
expense increased,593,3.7851
saw healthy,108,3.7848
note during,161,3.7846
lot volatility,182,3.7844
pipeline includes,125,3.7843
guidance calls,124,3.7839
industry conditions,145,3.7835
outstanding performance,208,3.7835
these businesses,783,3.7832
volume standpoint,114,3.7826
acquisitions made,122,3.7825
still working,560,3.7821
efforts drive,180,3.7816
related headwinds,130,3.7815
improved performance,558,3.7814
attractive markets,146,3.7813
period reflecting,259,3.7809
yeah makes,138,3.7807
are trending,425,3.7802
shares since,103,3.7802
bit bigger,175,3.7801
our revolving,720,3.7801
bit too,288,3.78
execute strategy,131,3.7795
sales teams,511,3.7789
excited progress,252,3.7789
term outlook,887,3.7789
outside core,103,3.7788
consumer brands,131,3.7784
expanding basis,383,3.7782
was selected,119,3.7781
recent example,112,3.7779
non compensation,126,3.7779
those categories,374,3.7779
asset value,489,3.7778
are seeking,290,3.7774
way thinking,296,3.7773
core markets,594,3.7771
revenue generating,346,3.7769
fourth quarters,484,3.7767
focused supporting,112,3.7767
end june,260,3.7762
third ended,232,3.7762
america retail,121,3.7762
you foresee,135,3.7761
raising capital,126,3.7757
can generate,461,3.7755
technology infrastructure,220,3.7754
annualized revenue,366,3.7754
units per,193,3.7753
expense excluding,147,3.7752
higher occupancy,142,3.7751
faster expected,195,3.775
other options,155,3.7749
infrastructure support,203,3.7746
yes chris,232,3.7745
reinforce our,705,3.7744
only partially,126,3.7743
all noise,117,3.7742
manage expenses,101,3.7736
positive phase,196,3.7736
time welcome,312,3.7735
growth fueled,140,3.7734
had strong,2306,3.773
both internal,192,3.7728
financial strength,632,3.7728
provide investors,111,3.7725
diversified product,108,3.7724
proud how,292,3.7723
priorities including,144,3.7723
note today,272,3.7718
significant change,359,3.7713
same day,462,3.7711
made changes,207,3.7698
create better,169,3.7697
back over,6300,3.7696
cost side,934,3.7689
offerings including,130,3.7686
putting all,284,3.7686
technology adoption,146,3.7679
capital investment,1223,3.7677
early june,108,3.7676
during paid,118,3.7676
several important,215,3.7675
yeah good,1637,3.7674
lines credit,127,3.7673
volumes grew,147,3.767
center space,116,3.7669
its launch,188,3.7666
provide little,762,3.7661
billion respectively,113,3.766
months after,260,3.7657
raised per,133,3.7655
previously expected,233,3.7654
points prior,902,3.7654
are approaching,370,3.7653
capture demand,134,3.7652
relatively high,196,3.7651
equity markets,303,3.7651
help clients,185,3.765
current backlog,142,3.7647
fall through,141,3.7647
new restaurant,214,3.7646
start talking,226,3.7646
quite time,581,3.7644
activity remains,205,3.7639
you alluded,643,3.7637
day december,122,3.763
historically has,273,3.763
are feeling,415,3.763
ratio above,105,3.7627
authorization billion,121,3.7626
grow sequentially,176,3.7625
positioned continue,596,3.7623
investment opportunities,574,3.7622
different factors,170,3.7621
said beginning,183,3.762
those countries,200,3.7614
due planned,139,3.7614
expected reduce,159,3.7612
can deliver,1384,3.7604
growth initiatives,1981,3.7603
perhaps little,132,3.7598
sounds maybe,147,3.7593
set capabilities,127,3.7589
currency impact,236,3.7589
plan includes,129,3.7588
new guests,157,3.7584
term trajectory,164,3.7584
quarterly cash,511,3.7581
participating you,708,3.7575
start ramp,175,3.757
great traction,109,3.757
steve mentioned,137,3.7569
growth objectives,260,3.7568
continued gain,132,3.7568
average contract,150,3.7567
remains clear,139,3.7566
our guests,1102,3.7565
toward high,226,3.7561
closing want,266,3.7558
those tend,143,3.7555
strong results,2369,3.7554
basis excluding,396,3.7551
these metrics,406,3.7551
you may,12870,3.7548
all those,5624,3.7548
open steve,102,3.7546
expenditures during,101,3.7544
may ask,301,3.7544
high profile,233,3.7544
domestic demand,114,3.7543
said times,242,3.7542
capitalize these,110,3.7534
sales totaled,165,3.7533
else being,106,3.7532
say nothing,112,3.7531
seeing acceleration,155,3.7531
measures provide,135,3.7531
commercial strategy,470,3.7526
remarks david,201,3.7523
sounds great,134,3.7522
wins including,118,3.752
high performance,1382,3.7517
being driven,874,3.7515
guys done,196,3.7513
investment spending,155,3.7511
first part,2177,3.7509
tariff expense,123,3.7508
end end,2303,3.7503
initiatives drive,278,3.7502
now represent,243,3.75
terms timing,374,3.7496
across several,543,3.7494
transition costs,150,3.7494
expect see,4700,3.7494
short long,276,3.7493
are proving,118,3.7492
expansion projects,226,3.7491
ability build,208,3.7491
want put,374,3.7489
efficiency programs,101,3.7488
higher oil,191,3.7487
reached approximately,150,3.7487
growing dividend,135,3.7483
until end,201,3.7483
backlog billion,407,3.7481
ebitda was,4341,3.7481
are applying,189,3.7481
our shareholders,6124,3.7478
financial planning,216,3.7476
all color,938,3.7476
exchange impact,139,3.7475
statements make,294,3.7474
continue capitalize,115,3.7472
costs declined,164,3.747
flow negative,207,3.7467
how deploy,208,3.7466
ahead tom,108,3.7463
infrastructure solutions,166,3.7462
putting lot,133,3.7452
drive stronger,130,3.745
slide let,318,3.7449
income excluding,245,3.7449
statements during,296,3.7445
creating new,326,3.7444
expect continue,4094,3.7443
things doing,545,3.7434
believe represents,122,3.7427
does make,413,3.7425
night growth,119,3.7425
driven sustained,114,3.7422
heard lot,172,3.7419
expanding capacity,142,3.7419
all major,729,3.7418
software inc,104,3.7418
drive operational,311,3.7418
decrease due,161,3.7418
drove higher,157,3.7417
volumes increased,361,3.7415
great super,141,3.7412
ahead james,175,3.7411
deliver least,103,3.741
consistent recent,142,3.7407
order momentum,162,3.7405
direct costs,203,3.7405
per transaction,317,3.7402
modest impact,128,3.7401
existing markets,355,3.7399
power infrastructure,138,3.7398
gross debt,478,3.7395
expense was,2222,3.7395
board has,468,3.7392
funding cost,227,3.7388
yeah ryan,104,3.7386
make efficient,110,3.7376
strategic investment,421,3.7376
diluted net,375,3.7375
margin dollars,299,3.7372
still pretty,516,3.737
opportunity ask,301,3.7368
expanded use,113,3.7367
less less,129,3.7366
decisions around,108,3.7363
improved execution,172,3.7362
phase program,179,3.736
curious you,3817,3.735
reflecting increase,448,3.7348
capacity under,223,3.7345
yes let,705,3.7345
gigawatts new,112,3.7344
great story,113,3.7344
yet still,201,3.7344
decline due,259,3.734
sales team,1591,3.7338
continues robust,100,3.7335
existing assets,220,3.7333
delight our,101,3.733
being made,432,3.7328
through buybacks,152,3.7325
sales cycle,466,3.7325
began see,155,3.7321
teams are,2379,3.7312
comments today,389,3.7309
over decades,185,3.7307
relations david,117,3.73
elevated due,108,3.7298
want speak,123,3.7298
built out,466,3.7288
additional funding,112,3.7282
least billion,334,3.7277
accelerate growth,954,3.7277
still below,210,3.7277
underwriting results,118,3.7272
deep customer,111,3.7271
still targeting,117,3.7267
these agreements,193,3.7265
reflecting decline,118,3.7265
billion authorization,118,3.7263
plan place,166,3.7262
provide quick,101,3.7259
digit low,207,3.7258
doing great,679,3.7257
was slightly,1105,3.7257
service center,184,3.7256
website during,148,3.7254
volume trends,248,3.7254
adding value,169,3.7251
loss improved,172,3.7251
direct marketing,106,3.7245
push back,105,3.7243
announced today,427,3.7243
appreciate continued,276,3.7243
everything need,129,3.7241
make investments,541,3.724
flow positive,566,3.724
good example,578,3.7239
further hand,122,3.7237
incremental costs,274,3.7236
since closing,103,3.7236
positive note,113,3.7235
things changed,118,3.723
deployed capital,120,3.7227
significant flexibility,135,3.7226
raise guidance,111,3.7226
operating segments,358,3.7224
continue find,304,3.7224
real change,203,3.7223
why confident,106,3.7215
key items,140,3.7212
updated fiscal,105,3.7211
similar last,497,3.7209
focus discipline,128,3.7205
stable credit,109,3.7205
infrastructure place,103,3.7202
you standing,704,3.7201
our intention,408,3.7201
across different,898,3.7198
despite significant,177,3.7198
results show,196,3.7195
global distribution,118,3.7195
improvements across,359,3.7194
pick back,119,3.7192
our ambition,248,3.7191
management provided,184,3.7189
led way,163,3.7181
well covered,115,3.7178
resulting total,129,3.7173
able reach,104,3.7169
significant shareholder,114,3.7167
slide three,289,3.716
positioning well,252,3.716
say hey,348,3.7155
these awards,105,3.7154
repurchased billion,123,3.7154
highest value,189,3.7149
our original,1327,3.7147
okay let,307,3.7147
key part,484,3.7143
health consumer,126,3.714
rose driven,118,3.714
down prior,1111,3.7137
first class,436,3.7134
confident strength,114,3.7133
levels remain,238,3.713
got great,968,3.7129
add little,539,3.7128
growing significantly,128,3.7128
community based,120,3.7128
trying drive,189,3.7126
other states,256,3.7126
don expect,1405,3.7124
finally let,136,3.7124
delivered positive,235,3.7123
relative strength,113,3.7123
nice results,230,3.7122
term headwinds,264,3.7122
enhance value,145,3.7118
our franchisees,407,3.7117
positioned grow,147,3.7117
early part,492,3.7115
investment behind,106,3.7115
key area,137,3.7114
driven improved,464,3.711
was mostly,353,3.7109
channels including,118,3.7104
through process,774,3.7102
being added,150,3.7101
material improvement,114,3.7095
adoption across,328,3.7091
revenue declines,244,3.7089
outlook fiscal,424,3.7087
drive engagement,141,3.7084
remain solid,148,3.7082
investing technology,122,3.7082
increased annualized,124,3.7081
expect maintain,263,3.7079
annualized net,177,3.7079
are performing,907,3.7077
billion annual,490,3.7075
new innovative,194,3.7074
continue investing,418,3.7071
who want,432,3.707
curious any,348,3.7066
overall pleased,268,3.7065
revenue reached,419,3.7065
move along,104,3.7064
remaining focused,105,3.7064
patient base,106,3.7061
center development,173,3.7061
still quite,269,3.7054
expect similar,483,3.7053
increased adoption,239,3.7042
during today,1105,3.7042
accelerating growth,635,3.704
yes dan,104,3.7039
revenue synergy,113,3.7037
end september,241,3.7036
different approach,189,3.7034
able build,291,3.7032
significant increase,907,3.7028
eps adjusted,496,3.7027
based pricing,607,3.7021
segment revenue,2395,3.702
are using,2521,3.7012
three phase,198,3.7009
discuss our,3418,3.7005
sales volume,1284,3.7003
ability provide,253,3.7003
help support,298,3.7002
obviously lot,908,3.7001
appreciate time,607,3.6999
supply base,254,3.6999
result lower,339,3.6998
middle income,157,3.6992
didn make,102,3.6991
another major,119,3.6989
you talked,8434,3.6989
certainly appreciate,129,3.6989
help build,235,3.6987
couple points,478,3.6986
across segments,349,3.6986
new contracts,485,3.6985
decline low,169,3.6982
etc but,173,3.698
can add,1176,3.6977
can unlock,155,3.6977
pleased momentum,168,3.6977
margins expanding,164,3.6975
great spot,107,3.6975
per active,256,3.6972
probably less,153,3.6972
growth pillars,145,3.697
driven robust,214,3.6967
prior due,701,3.6966
steadfast our,127,3.6965
those contracts,367,3.6964
even beyond,236,3.6964
differ those,193,3.6963
managed through,163,3.6962
relations michael,112,3.6961
expense approximately,546,3.696
continued interest,574,3.6959
runway growth,246,3.6957
enterprise solutions,136,3.6955
opportunities invest,178,3.6954
continues benefit,214,3.6952
mean certainly,279,3.6951
detail around,182,3.6951
does take,464,3.6947
included approximately,243,3.6947
add value,492,3.6947
income generated,181,3.6947
debt balance,334,3.6945
remained high,142,3.6945
great follow,560,3.6944
maybe remind,164,3.6944
benefit having,142,3.6943
kind normal,226,3.6943
right track,350,3.6936
are tracking,590,3.6934
client demand,242,3.6933
detailed guidance,115,3.6932
plan launch,180,3.6931
profit was,1532,3.6931
flow profile,191,3.6929
full consolidated,188,3.6924
per test,137,3.692
decrease versus,142,3.6919
remain fully,141,3.6918
record number,326,3.6916
you limit,814,3.6916
spending time,399,3.6914
expectations plans,126,3.691
presentation opportunity,140,3.6906
was compares,149,3.6905
equity debt,150,3.6904
along those,432,3.6901
expenditures including,102,3.6899
historically high,145,3.6896
portion today,203,3.6893
capacity available,181,3.6892
rate synergies,114,3.6891
you referring,520,3.6891
effective income,165,3.6891
mix headwinds,120,3.6888
two segments,232,3.6885
want spend,311,3.6884
final point,138,3.6879
center build,151,3.6876
margin stability,129,3.6875
commercial success,157,3.6874
mentioned comments,225,3.687
other folks,108,3.6866
ahead mark,266,3.6863
lower anticipated,198,3.6852
are realizing,186,3.6842
eps expected,326,3.6835
center project,101,3.6835
almost two,163,3.6833
expectations despite,123,3.6832
each day,200,3.6832
maybe following,312,3.6827
loss was,1599,3.6825
fees increased,154,3.6822
moving balance,295,3.6822
fiscal fiscal,451,3.682
increase sequentially,369,3.6817
you called,1685,3.6815
gaming revenue,137,3.6811
clear focus,231,3.6809
trends improved,155,3.6805
traction across,127,3.6805
months since,217,3.6802
attractive investment,100,3.68
ended third,217,3.6798
too big,101,3.6793
lot things,1191,3.6791
driving improved,200,3.6791
strong holiday,105,3.6791
expected yield,154,3.6789
bring back,328,3.6788
lot moving,566,3.6787
bit challenging,145,3.6785
remaining balance,110,3.6783
new tenants,129,3.6782
through october,200,3.678
those relationships,325,3.6778
time items,428,3.6777
can deploy,243,3.6774
quite positive,167,3.6769
hear talk,104,3.6768
here today,1305,3.6767
segment ebitda,774,3.6766
decision make,123,3.6764
are targeting,1107,3.6763
announced strategic,172,3.6759
volume declined,136,3.6759
set out,586,3.6756
ability continue,930,3.6756
take pay,155,3.6756
expands our,426,3.6754
disconnect time,232,3.6752
has improved,850,3.6752
are continuing,3029,3.6751
other platforms,240,3.6751
guess how,1020,3.6751
want try,142,3.675
across categories,253,3.6749
don happen,110,3.6746
credit performance,643,3.6745
improvement compared,453,3.674
particularly within,224,3.6733
comment made,108,3.6732
down significantly,267,3.6728
estimated billion,112,3.6727
not happen,432,3.6727
far less,108,3.6725
increased mainly,113,3.6725
open mike,141,3.6724
has built,486,3.6723
strong free,1002,3.6718
projected billion,217,3.6717
expense run,154,3.6716
improvement versus,391,3.6707
grew reflecting,151,3.6706
capacity support,307,3.6705
eps above,111,3.6703
are implementing,253,3.6702
incremental volume,230,3.6701
small base,129,3.6699
plan invest,121,3.6692
can talk,1697,3.6691
delivered adjusted,544,3.6688
costs resulting,101,3.6684
second third,1390,3.6682
financial outlook,903,3.6676
sold during,109,3.6675
our teammates,198,3.6673
performance exceeded,105,3.6671
these milestones,133,3.667
cost pressure,272,3.6668
term nature,120,3.6666
corporate other,267,3.6666
good place,600,3.6665
remain above,179,3.6664
teens growth,394,3.6662
limited impact,133,3.6661
reducing cost,149,3.6659
thing want,380,3.6659
quarterly earnings,381,3.6654
has posted,127,3.6651
lower deposit,163,3.6651
way too,171,3.665
large number,465,3.6647
over marking,195,3.6647
has benefited,122,3.6643
total backlog,235,3.6642
represented revenue,178,3.6642
focused providing,125,3.6638
time lines,420,3.6638
last piece,238,3.6629
few companies,151,3.6625
specific number,212,3.6624
has encouraging,154,3.6619
rates remain,335,3.6619
are working,5047,3.6616
continue show,314,3.6612
acquisition opportunities,349,3.6612
people want,525,3.6608
down little,1486,3.6608
high utilization,167,3.6607
billion liquidity,332,3.6605
new leasing,271,3.6601
however believe,129,3.6601
foundation long,141,3.66
loan bank,116,3.6599
fair way,114,3.6598
sales leaders,108,3.6596
running ahead,122,3.6596
provided additional,102,3.6596
normal range,111,3.6594
large orders,145,3.6588
close rates,171,3.6584
broaden our,375,3.6583
one lowest,113,3.658
increased reflecting,374,3.6574
today appreciate,419,3.6574
margin improvements,434,3.6572
issued guidance,106,3.6568
backlog remains,103,3.6566
how impacting,175,3.6564
let quickly,131,3.6564
decrease approximately,207,3.6562
across broader,290,3.6562
are announcing,183,3.6557
accretive earnings,132,3.6556
term view,370,3.6554
inc has,730,3.6548
above guidance,448,3.6546
production lines,133,3.6546
providing further,126,3.6545
income consumers,155,3.6543
signed new,251,3.6541
target set,108,3.654
are concerned,245,3.6535
enhance long,129,3.6532
tax equity,116,3.653
statements may,283,3.6528
ask another,153,3.6524
extent can,215,3.6524
sell off,101,3.652
percentage net,450,3.6517
moved out,128,3.6517
any incremental,471,3.6516
pretty pleased,182,3.6515
add another,184,3.6515
these results,2598,3.6512
two items,216,3.651
able make,485,3.6509
are investing,1688,3.6508
are facing,408,3.6506
statements related,218,3.6504
anticipate being,174,3.6502
solid balance,164,3.65
grew compared,343,3.6498
management teams,273,3.6498
come off,332,3.6496
those projects,693,3.6495
participation you,1157,3.6494
consumer direct,114,3.6493
return assets,223,3.6491
revenue per,3430,3.649
focus maintaining,102,3.6488
maintaining high,152,3.6485
reflecting confidence,110,3.6482
current view,148,3.6474
yeah say,790,3.6471
add something,194,3.6469
starting come,230,3.6467
any feedback,117,3.6466
all lines,572,3.6464
applications including,140,3.646
focus disciplined,182,3.6459
invested lot,108,3.6459
key brands,157,3.6457
saw meaningful,164,3.6448
first solar,120,3.6447
since acquisition,175,3.6446
profit improvement,199,3.6444
another big,201,3.6443
debt adjusted,689,3.6443
per account,145,3.6443
see inflection,123,3.6441
course always,134,3.6438
ebitda range,778,3.6433
within each,228,3.643
part broader,152,3.6427
closed out,253,3.6423
rose approximately,113,3.642
initiatives place,119,3.6419
core operating,826,3.6416
new member,158,3.6416
might look,520,3.6416
other channels,193,3.6414
continues scale,212,3.6414
want say,985,3.6413
doing anything,172,3.6412
same pace,118,3.6409
margins improve,231,3.6402
approximately compared,834,3.64
well excess,205,3.6398
historical performance,126,3.6396
highlighted significant,127,3.6394
etcetera but,124,3.6392
customer orders,258,3.6391
seen since,241,3.6384
service revenue,1599,3.6383
yes scott,192,3.6381
grown over,251,3.638
two percent,110,3.6379
profitability improvement,189,3.6375
through puts,132,3.6374
had couple,601,3.6373
due tariff,171,3.6368
due decreased,126,3.6365
you look,23935,3.636
takes get,178,3.6357
are hearing,518,3.6355
want note,177,3.6354
nearly three,155,3.6354
lower rates,531,3.6351
great success,289,3.6347
has returned,135,3.6346
net profit,543,3.6344
continued improvements,197,3.6342
partners ahead,323,3.634
was predominantly,119,3.634
income eps,296,3.634
team did,461,3.6339
liquidity leverage,110,3.6338
alright you,649,3.6337
ebitda negative,203,3.6336
better ever,104,3.6333
already using,134,3.633
remains important,234,3.6329
decrease basis,271,3.6326
mix changes,222,3.6324
instructions our,2763,3.6321
those factors,529,3.6318
annual target,101,3.6316
times before,164,3.6311
wondering any,272,3.631
themselves one,110,3.6308
continue accelerate,410,3.6308
had outstanding,194,3.6308
team ability,341,3.6302
delivered meaningful,114,3.6302
income diluted,198,3.6301
gratitude our,142,3.6297
significant increases,184,3.6297
each one,790,3.6297
not material,574,3.6295
program announced,161,3.6294
continued show,122,3.6292
most active,162,3.629
outperformance was,241,3.6287
strong contributions,126,3.6283
versus same,514,3.6283
given timing,216,3.6281
rate loans,329,3.628
open mark,179,3.6277
higher realized,101,3.6274
slide provide,252,3.6267
thinking potential,193,3.6256
during fiscal,516,3.6256
cost improvements,292,3.6253
yeah fair,109,3.6251
government services,100,3.6249
our minds,115,3.6245
points due,703,3.6244
update progress,177,3.6243
guidance reflect,212,3.6241
per week,222,3.6238
positioned future,175,3.6237
true value,101,3.6236
level engagement,132,3.6233
one peers,159,3.6233
things done,349,3.6231
help grow,268,3.6231
small scale,119,3.6226
bit later,227,3.6223
impacted higher,247,3.6222
ongoing strength,147,3.6219
prior driven,902,3.6217
rose billion,165,3.6213
these numbers,448,3.6213
therefore expect,141,3.621
let ask,226,3.621
everything can,470,3.6206
drive improved,276,3.6206
are waiting,355,3.6205
before moving,263,3.6204
hard get,283,3.6202
most excited,295,3.62
future performance,800,3.6196
along continued,174,3.6196
guidance assumptions,154,3.6182
fiscal guidance,918,3.6177
global retail,153,3.6175
but generally,693,3.6175
changed all,305,3.6174
during presentation,129,3.617
feet new,188,3.6168
increased approximately,1083,3.6164
ongoing strategic,206,3.6164
you quantify,573,3.616
capital investments,1023,3.616
new vehicle,266,3.6153
announced last,538,3.6149
increase over,4954,3.6142
nearly two,242,3.6141
energy projects,102,3.6137
you spoke,577,3.6132
favorable prior,181,3.6132
range negative,161,3.6132
projected increase,163,3.6127
momentum continuing,154,3.6127
years ahead,984,3.6125
nearly all,648,3.6122
remains competitive,130,3.6121
saw continued,457,3.612
lower risk,381,3.6119
website now,489,3.6118
evolve over,224,3.6117
guidance expects,103,3.6116
new users,399,3.6115
new partnerships,325,3.6112
financial statements,497,3.611
still elevated,119,3.6109
still case,183,3.6107
had quick,201,3.6107
equity capital,452,3.6103
anticipate further,132,3.6103
good position,924,3.6103
fiscal outlook,396,3.6101
annual free,170,3.61
our favor,339,3.61
exceeded our,1581,3.6099
focused getting,266,3.6093
due tariffs,192,3.6092
return profitability,125,3.609
core brands,144,3.6086
number days,182,3.6084
transaction expenses,143,3.6083
during completed,148,3.6082
ago reflecting,134,3.6074
three categories,102,3.6074
another great,505,3.6074
share representing,376,3.6073
remarks john,180,3.6073
our associates,540,3.607
prescription growth,106,3.6067
ebitda free,548,3.6066
all right,3591,3.6064
execute well,366,3.6063
opportunity accelerate,154,3.6058
adjusted funds,133,3.6058
disciplined focus,177,3.6057
global markets,449,3.6057
our teams,4524,3.6057
due normal,103,3.6056
even importantly,110,3.6051
term strategy,905,3.6047
particularly strong,553,3.6047
launch timing,113,3.6046
pipeline programs,130,3.6044
these trials,138,3.6043
yes fair,140,3.6042
had negative,248,3.604
anticipate any,296,3.604
was attributable,242,3.604
flow reached,121,3.6038
not saying,357,3.6037
are evaluating,512,3.6035
price actions,190,3.6033
headwind approximately,164,3.6032
growth opportunities,3377,3.6031
over trillion,130,3.6024
levers can,143,3.6019
invested billion,130,3.601
two largest,210,3.6006
sounds you,1513,3.5994
set expectations,160,3.5991
activities was,533,3.599
able invest,137,3.5989
largest single,112,3.5986
capital commitments,116,3.5986
slightly offset,109,3.5978
expectations due,380,3.5975
our employees,1963,3.5974
new developments,145,3.5971
way manage,124,3.5967
revenue accounted,109,3.5965
had record,502,3.5962
total subscription,107,3.5962
within organization,175,3.5961
before end,849,3.5959
customers employees,181,3.5957
reflects strong,350,3.5956
happening right,171,3.5955
accelerated growth,601,3.5955
segment level,483,3.5949
segment adjusted,1024,3.5946
cash operations,800,3.5943
came little,226,3.5943
significant investments,457,3.5941
are benefiting,401,3.594
another key,254,3.5939
add incremental,137,3.5938
maybe broadly,136,3.5935
doing something,243,3.5935
consumer small,118,3.5935
wide sales,169,3.5934
distribution segment,173,3.5932
continuing focus,233,3.5932
enhanced customer,112,3.5932
making changes,156,3.5931
early december,117,3.5931
excluding non,198,3.5929
yet seen,127,3.5928
our flagship,455,3.5926
actions offset,110,3.5926
has made,968,3.5922
taken out,236,3.5921
other income,1188,3.5918
still too,189,3.5915
delivered its,193,3.5914
those described,245,3.5912
are focused,5200,3.5912
remember last,178,3.5911
terms size,173,3.5906
open ended,134,3.5905
couple follow,217,3.5904
approximately per,1145,3.5904
yes hey,311,3.5899
important point,524,3.5899
kind stuff,124,3.5898
declined versus,134,3.5893
see nice,403,3.5891
broader environment,101,3.5888
amount inventory,101,3.5887
completed during,146,3.5886
points reflecting,314,3.5884
includes impact,239,3.5884
three things,553,3.5881
targeted pricing,114,3.5881
see green,131,3.5879
production rates,343,3.5878
providing guidance,277,3.5874
second priority,162,3.587
decreased driven,165,3.5869
statements these,682,3.5868
sales organization,486,3.5863
multi product,138,3.5863
got nice,129,3.5861
amount time,415,3.586
all these,5072,3.5856
convert revenue,136,3.5852
phone not,106,3.585
trends saw,187,3.5849
manufacturing scale,109,3.5848
those indicated,154,3.5847
excess billion,137,3.5847
core industrial,102,3.5846
any major,346,3.5844
talking earlier,108,3.5842
these contracts,344,3.5829
you hearing,829,3.5824
offset increased,450,3.5817
growing backlog,131,3.5811
happy see,346,3.581
towards lower,166,3.5807
consumer trends,154,3.5803
gets little,105,3.5801
pricing structure,146,3.58
margin trajectory,201,3.5793
drive future,430,3.5787
good stuff,153,3.5776
price environment,384,3.5776
ebitda increased,997,3.5771
one main,187,3.5764
bill mentioned,144,3.5754
lot success,291,3.575
not willing,110,3.5749
might come,205,3.5748
representing basis,306,3.5747
sequential revenue,604,3.5745
areas including,257,3.5744
looks good,299,3.5739
opportunities accelerate,139,3.5738
not too,601,3.5737
might little,376,3.5727
reflects impact,217,3.5724
deepen our,419,3.5721
america international,109,3.5719
reflect impact,157,3.5719
let close,180,3.5718
programs including,214,3.5718
management targeting,125,3.5716
our expectations,9077,3.5716
continue produce,123,3.5714
expected approximately,907,3.5711
down payment,133,3.5708
results discuss,215,3.5707
augment our,136,3.5707
results demonstrated,101,3.5705
folks are,623,3.5702
points higher,1165,3.5702
made earlier,210,3.57
gentlemen time,116,3.5699
building infrastructure,127,3.5697
organic loan,149,3.5693
bringing down,182,3.5693
bit lower,1045,3.569
low power,193,3.5684
overall feel,338,3.5684
stronger performance,208,3.5683
though still,129,3.5682
offset increases,108,3.568
through april,304,3.5679
allow continue,250,3.5676
grew organic,156,3.5675
total dollar,140,3.5674
approximately annual,300,3.5666
came through,335,3.5666
parts portfolio,138,3.5663
get traction,110,3.5659
further improvement,320,3.5656
commercial government,107,3.5656
wish you,431,3.565
made solid,124,3.565
seeing far,334,3.565
overall profitability,245,3.5648
are advancing,570,3.5644
find out,229,3.5642
may make,594,3.5639
share respectively,106,3.5638
targeted price,121,3.5638
four strategic,152,3.5626
are ready,1119,3.5624
system level,221,3.5623
too long,214,3.5621
everyone let,296,3.562
are pushing,299,3.562
has contributed,192,3.5617
fourth compared,712,3.5612
example how,584,3.5611
customers needs,358,3.5606
guess specifically,107,3.5605
performance marketing,450,3.5604
these trends,674,3.5603
are becoming,608,3.5603
future growth,3004,3.5601
reported eps,124,3.5599
team done,287,3.5598
new bookings,411,3.5596
gives great,206,3.5592
any given,819,3.5588
these non,1479,3.5588
slide number,315,3.5588
has incredibly,137,3.5587
double down,365,3.5587
information technology,128,3.5582
moving beyond,142,3.5581
our analysts,590,3.5577
grew excluding,106,3.5576
see huge,207,3.5572
seeing play,197,3.5571
growth rates,2580,3.5571
little too,249,3.5571
higher volume,821,3.5568
improvement initiatives,205,3.5568
results materially,162,3.5566
you attribute,186,3.5566
able access,142,3.5564
prior years,984,3.556
position deliver,214,3.5559
not included,623,3.5555
insurance industry,124,3.5555
begin let,133,3.5555
quite different,156,3.5554
margin was,7076,3.5553
own brand,106,3.5551
down previous,198,3.5551
continue win,336,3.5544
commercial contracts,103,3.5541
customers partners,613,3.5538
making significant,299,3.5537
across ecosystem,158,3.5531
markets ahead,768,3.5531
second fiscal,935,3.553
tax asset,146,3.5529
looking information,206,3.5529
liquidity approximately,208,3.5528
our commitment,2904,3.5527
back historical,138,3.5527
hard make,155,3.5525
specific initiatives,104,3.5523
reported revenue,1067,3.5522
consumer credit,228,3.5519
factors driving,114,3.5519
contributed basis,136,3.5517
organic decline,116,3.5517
supporting both,203,3.5515
you wish,427,3.5515
doesn get,137,3.5515
modest growth,480,3.5514
those dynamics,342,3.5511
multiple products,225,3.5509
add capacity,206,3.5509
continued confidence,249,3.5508
best interest,262,3.5507
faster rate,213,3.5504
say broadly,105,3.5502
one area,474,3.5499
offset tariffs,107,3.5499
record low,202,3.5496
conversations had,121,3.5495
through various,188,3.5492
has started,405,3.5491
back book,297,3.5491
earnings before,806,3.5485
everyone before,266,3.5485
not simply,180,3.5485
top deals,106,3.5478
our colleagues,438,3.5477
brought new,163,3.5477
across key,815,3.5476
higher percentage,362,3.5466
times past,118,3.5462
specific guidance,370,3.5461
was representing,890,3.5458
right hand,249,3.5456
bit faster,221,3.5452
shareholders turning,106,3.5449
store level,181,3.5446
don believe,589,3.5446
pleased how,705,3.5445
solid operational,105,3.5445
before start,442,3.5444
may not,2201,3.5443
early launch,191,3.5442
key thing,218,3.5442
has established,138,3.5442
ongoing momentum,166,3.5442
keep working,121,3.5439
point reduction,243,3.5438
reinforcing our,642,3.5436
switching over,119,3.5436
margin benefited,106,3.5435
day march,119,3.5435
now moving,1171,3.5433
tax rates,219,3.5429
seven basis,129,3.5427
focus expanding,171,3.5426
expansion project,172,3.5425
become part,115,3.5424
these facilities,238,3.5423
capital group,434,3.542
higher labor,144,3.542
yes tom,110,3.5419
not something,1268,3.5419
first six,489,3.5418
push through,125,3.5417
came ahead,151,3.5415
yes good,1824,3.5414
again ask,275,3.5414
repurchase approximately,144,3.5409
ongoing focus,254,3.5409
these days,472,3.5407
first thing,953,3.5397
speaking you,1098,3.5395
sell opportunities,142,3.5394
systems segment,197,3.5394
solid financial,342,3.5392
results speak,143,3.5391
still running,120,3.539
commercial momentum,273,3.539
pretty well,1094,3.5386
ability move,189,3.538
key segments,129,3.5376
not assuming,256,3.5375
optimizing our,857,3.5374
has incredible,125,3.5374
broadened our,118,3.5374
presentation today,208,3.5369
three factors,152,3.5366
development teams,119,3.5363
september compared,118,3.5361
these discussions,189,3.5358
debt service,249,3.5357
are navigating,188,3.5356
remember had,115,3.5356
want maintain,125,3.5355
yeah appreciate,220,3.5355
has impacted,344,3.5352
progress across,781,3.5348
color follow,142,3.5338
seen recent,215,3.5333
end march,305,3.5328
point sequential,188,3.5328
currency revenue,557,3.5325
new standard,232,3.5324
despite these,436,3.5323
investments technology,376,3.532
definitely see,335,3.5317
our mission,1289,3.5315
incremental cost,396,3.5313
better better,556,3.531
improve overall,257,3.5308
margin rising,128,3.5305
come later,117,3.5304
underpin our,174,3.5302
launch new,816,3.5298
wanted focus,250,3.5296
other businesses,463,3.5295
can connect,114,3.5295
provide any,725,3.5293
primarily lower,423,3.5292
opportunity create,150,3.529
actions including,198,3.5286
stable pricing,126,3.5279
give you,7204,3.5273
has potential,1016,3.5271
are finding,364,3.5269
center demand,318,3.5265
despite higher,281,3.5265
decline approximately,306,3.5264
reasons first,223,3.5262
opportunity improve,277,3.526
events results,194,3.5258
don give,362,3.5252
amount capital,335,3.5244
provide specific,147,3.524
how sustainable,263,3.524
efficient cost,153,3.5239
continued invest,178,3.5238
say exactly,130,3.5235
let shift,147,3.5231
these wins,245,3.5229
gonna help,100,3.5229
always competitive,107,3.5229
highlighted continued,137,3.5223
operating performance,1593,3.5223
points improvement,474,3.5222
saw significant,367,3.522
everyone order,139,3.5219
are happy,1219,3.5219
cycle time,410,3.5217
all pieces,161,3.5211
segment operating,1035,3.5211
feedback customers,133,3.5209
eps increased,337,3.5208
far off,138,3.5208
segment achieved,136,3.5206
total shares,213,3.5203
shareholders including,235,3.5202
execution risk,149,3.5199
continuing see,741,3.5198
net revenue,4159,3.5198
are winning,443,3.5197
maybe slightly,301,3.5196
last november,138,3.5195
closed end,190,3.5194
exceeded guidance,113,3.5192
work commitment,118,3.5191
number transactions,104,3.5186
inc fourth,321,3.5186
regarding forward,189,3.5184
major change,109,3.5184
strategy includes,148,3.5182
these technologies,290,3.5182
service capabilities,180,3.5182
margin target,562,3.5181
other factor,120,3.518
potential sale,105,3.5166
additionally continue,234,3.5165
significantly increased,213,3.5159
providing significant,135,3.5158
maybe add,493,3.5157
itself out,137,3.5156
has reached,238,3.515
expectation continued,116,3.515
retail environment,157,3.5142
create opportunities,137,3.5141
relative last,452,3.5137
reflect management,151,3.5135
led strong,310,3.5129
those sites,165,3.5129
gone out,108,3.5128
higher shipments,116,3.5125
same facility,154,3.5125
one most,1607,3.5123
capital spend,456,3.5121
you hear,2239,3.512
sales funnel,105,3.5119
not ready,355,3.5117
incremental benefit,136,3.5114
gonna make,155,3.5114
employees around,100,3.5113
are planning,1128,3.5113
are extremely,827,3.5108
aligns our,326,3.5107
color maybe,394,3.5105
small commercial,151,3.5105
has successfully,135,3.5105
relations good,503,3.5101
ways can,359,3.5096
roster our,315,3.5095
are excluded,132,3.5095
get approved,125,3.5092
new pool,102,3.509
time nature,154,3.5089
floor now,142,3.5087
return projects,117,3.5082
still maintaining,116,3.5082
forth but,167,3.5081
overall macro,123,3.508
declined driven,188,3.5078
higher tier,105,3.5078
compared fiscal,485,3.5076
still small,222,3.5076
over attributed,369,3.5074
those facilities,229,3.5068
important information,113,3.5066
most people,372,3.5063
wanted give,178,3.5059
smaller markets,108,3.5057
reasons one,194,3.5057
best place,117,3.5054
clear strategy,198,3.5053
continue stay,220,3.5049
continue contribute,121,3.5048
has ever,238,3.5048
you compare,646,3.5045
expected deliver,392,3.5045
all else,296,3.5043
any kind,1969,3.5041
production tax,217,3.504
takes lot,148,3.504
say biggest,107,3.5039
chain team,173,3.5039
during generated,145,3.5035
including without,135,3.5029
getting access,100,3.5029
marketing costs,279,3.5026
midpoint adjusted,250,3.5025
are starting,2776,3.5025
driving higher,541,3.502
attractive opportunity,102,3.502
representing improvement,116,3.502
lot opportunity,914,3.5017
can buy,338,3.5016
ratio increased,295,3.5014
reduced interest,106,3.501
smaller customers,192,3.5008
accounted revenue,102,3.5007
may discuss,129,3.5007
but doesn,429,3.5003
across europe,361,3.4997
cash generated,331,3.4996
increased driven,992,3.4993
new lease,339,3.4993
one big,963,3.499
you sir,262,3.4981
time effort,125,3.498
today announced,365,3.498
bit higher,1445,3.4978
broader strategy,126,3.4976
net effective,254,3.4975
are engaging,297,3.4973
only small,140,3.4972
those investments,1182,3.4971
network services,142,3.4965
net spread,114,3.4965
segment reported,264,3.4962
guess first,1071,3.4959
help bring,105,3.4955
might see,705,3.4953
through disciplined,419,3.495
are bullish,266,3.4947
posted strong,100,3.4945
revenue arr,334,3.4944
content per,267,3.4944
bit closer,102,3.4939
these folks,134,3.4936
portfolio continues,401,3.4935
quite significant,184,3.4934
relationship management,107,3.4933
matter time,121,3.4931
revenue guidance,3799,3.4928
these sites,165,3.4927
significant majority,101,3.4926
consumer channel,134,3.4925
additional savings,123,3.4925
digit revenue,1033,3.4923
drive additional,369,3.4923
times leverage,129,3.4919
new clients,807,3.4918
always talked,179,3.4911
these conversations,192,3.4911
our roster,311,3.4911
due stronger,127,3.4909
large customer,613,3.4908
new members,324,3.4905
understand little,322,3.4903
total bookings,140,3.4902
described management,124,3.4902
any impact,1343,3.4901
are embedding,123,3.4901
mainly higher,123,3.4901
development costs,351,3.49
bit light,107,3.4899
end weighted,143,3.4899
last years,1936,3.4897
number three,411,3.4897
complement our,396,3.4896
number years,790,3.4894
approximately units,144,3.4892
store expansion,163,3.4884
any final,173,3.4882
expected flat,230,3.4882
driven decrease,183,3.4879
can take,2210,3.4879
digit volume,229,3.4879
had mentioned,882,3.4876
who use,187,3.4871
modernizing our,153,3.487
guidance updated,190,3.487
say general,216,3.4869
running through,236,3.4869
get efficient,161,3.4862
happen again,110,3.4862
point increase,1035,3.4859
lot competition,125,3.4859
was concentrated,104,3.4857
administration has,107,3.4854
price inflation,109,3.4854
demonstrate how,128,3.4853
reaching new,149,3.4849
maybe ask,401,3.4847
core capabilities,185,3.4845
progress expanding,131,3.4844
flow yield,136,3.484
gaap adjusted,883,3.4839
yes add,374,3.4836
don control,134,3.4833
number active,144,3.4833
global partners,164,3.4831
not interested,135,3.4831
new client,518,3.4831
remain competitive,160,3.483
lot reasons,102,3.4828
followed one,115,3.4827
won see,191,3.4824
everyone today,569,3.4822
roughly two,202,3.4821
expansion opportunities,408,3.482
higher margin,2148,3.482
see happening,272,3.4818
consolidated sales,219,3.4816
capital plan,739,3.4809
time takes,222,3.4809
capex outlook,130,3.4808
two areas,281,3.4802
can math,120,3.4801
quality remains,135,3.4801
these impacts,280,3.4798
capital position,687,3.4797
building off,182,3.4797
december had,217,3.4793
capabilities support,187,3.4792
credit lines,104,3.479
even before,360,3.4787
bringing back,197,3.4783
hey wanted,107,3.4782
pleased results,388,3.478
expected accelerate,159,3.4778
slide slide,179,3.4777
want entire,120,3.4776
confidence long,295,3.4771
yes yes,892,3.4769
slower growth,235,3.4766
continues progress,243,3.4762
why important,186,3.4762
cloud data,257,3.476
believe best,321,3.476
under investor,157,3.4754
segment results,873,3.4754
every time,655,3.4752
leading way,207,3.4751
ebitda between,493,3.475
other brands,332,3.4746
strong operational,679,3.4743
related services,306,3.4743
fast can,242,3.4742
you asking,900,3.4741
expense guidance,635,3.4738
say though,136,3.4737
make clear,215,3.4736
can mitigate,108,3.473
focused increasing,167,3.4728
global teams,107,3.4727
time goes,212,3.4727
incremental color,101,3.4721
above top,150,3.4718
two primary,223,3.4718
end fiscal,860,3.4712
able expand,166,3.4711
changed terms,106,3.471
dollars increased,144,3.4708
not sitting,104,3.4708
you exclude,374,3.4708
reported results,430,3.4704
remains same,275,3.4704
comparisons are,280,3.4702
let comment,120,3.4701
technology corporation,117,3.4697
review our,3448,3.4689
near long,278,3.4687
unchanged continue,131,3.4687
yes exactly,122,3.4685
narrowing our,187,3.4685
net effect,174,3.4685
per store,302,3.4682
but again,3327,3.4681
enterprise segment,187,3.4679
are paying,596,3.4676
third earnings,1155,3.4673
increased utilization,143,3.4671
senior management,161,3.4667
nothing out,160,3.4665
seems little,167,3.4664
momentum throughout,119,3.4663
operational changes,144,3.4657
might mean,190,3.4654
advancing our,1104,3.4654
sequentially improved,113,3.4653
sales channels,222,3.4653
major global,111,3.4651
does come,292,3.465
corporate segment,125,3.465
seeing terms,1026,3.4647
lot detail,192,3.4646
pull out,162,3.4645
growth story,367,3.4642
marketing approach,110,3.4642
supported higher,225,3.4641
due uncertainty,101,3.4638
results delivered,437,3.4637
continued expand,226,3.4635
keypad you,330,3.4634
our expectation,2454,3.4632
such big,139,3.4625
technology initiatives,216,3.4623
revenue earned,102,3.462
testament our,441,3.4619
are listening,196,3.4617
events future,100,3.4609
get access,293,3.4607
doing lot,593,3.4606
flattish over,100,3.4604
over reflecting,1289,3.4598
fourth ended,192,3.4598
volume favorable,122,3.4593
negative per,209,3.4592
you remind,1602,3.4591
getting done,150,3.4588
makes most,109,3.4588
representing margin,374,3.4588
confident long,253,3.4587
capex expected,192,3.4585
its annual,138,3.4581
our belt,116,3.4581
assets declined,105,3.4581
lower expected,728,3.4579
cash pay,265,3.4577
enterprise side,164,3.4577
excluding acquisition,107,3.4574
financial review,268,3.4572
digital services,171,3.4566
expected completed,155,3.4563
discussions customers,151,3.4563
spend marketing,111,3.4561
are comfortable,651,3.4558
its potential,257,3.4556
need execute,103,3.4556
turning guidance,457,3.4553
incremental margin,546,3.4549
investment bank,175,3.4546
side slide,267,3.4543
you speak,1568,3.4541
adoption rates,112,3.4536
increased significantly,204,3.4536
incremental demand,317,3.4536
earnings joining,350,3.4535
profitability perspective,117,3.4533
invest grow,109,3.4532
product profile,224,3.4526
interest savings,125,3.4517
big big,184,3.4515
yet again,154,3.4503
sheet position,169,3.4503
these steps,119,3.45
base rates,245,3.4499
down versus,726,3.4498
one off,1002,3.4497
reduce overall,105,3.4495
has received,205,3.4493
does impact,467,3.4491
higher normal,159,3.4491
customer agent,101,3.449
expenses down,589,3.4487
seen significant,401,3.4485
shipments down,101,3.4483
current period,313,3.4481
kinda how,132,3.448
new communities,158,3.4475
those proceeds,155,3.4474
maybe bigger,147,3.4472
website today,208,3.447
segment grew,285,3.4469
low point,426,3.4466
showing any,113,3.4465
mike said,164,3.4462
coming later,118,3.4454
our competitors,1644,3.4451
percent net,150,3.4445
able offset,238,3.4444
taking follow,234,3.444
materially lower,106,3.4435
good gentlemen,110,3.4435
significant headwind,102,3.4434
last seven,159,3.4434
total net,1243,3.4432
fully expect,381,3.443
data analysis,115,3.4427
guide does,111,3.4426
another one,885,3.4425
customers increasingly,146,3.4423
make certain,191,3.4422
align our,795,3.4419
versus rest,124,3.4418
previous earnings,220,3.4414
who might,120,3.4412
march had,240,3.441
david michael,130,3.4404
good momentum,806,3.4403
goal get,200,3.4402
are continually,114,3.4399
who may,300,3.4399
bring people,109,3.4398
negative prior,160,3.4397
happening here,103,3.4395
level profitability,194,3.4393
increased versus,641,3.4393
other reasons,114,3.4393
all channels,306,3.4392
property portfolio,121,3.439
fair bit,152,3.4378
through summer,108,3.4378
september had,168,3.437
importantly believe,123,3.4369
semiconductor revenue,127,3.4367
hey michael,107,3.4362
reflects higher,239,3.4359
billion remaining,222,3.4354
continues strong,700,3.4354
how performing,186,3.4351
operational improvement,212,3.435
sales growth,7436,3.435
increase primarily,529,3.4347
average equity,136,3.4343
digit annual,101,3.4343
both traditional,122,3.4335
near top,138,3.4334
help expand,131,3.4334
its best,190,3.4324
ratio remains,110,3.4322
you give,6744,3.4321
confidence ability,116,3.4319
leveraging our,1911,3.4314
congratulations all,124,3.4314
reported gaap,235,3.4313
price pressure,139,3.4307
remains top,192,3.4304
wanted add,134,3.4304
currency adjusted,239,3.4303
goal make,114,3.4302
approximately total,845,3.4301
combined basis,250,3.4301
rightsizing our,105,3.4298
half times,234,3.4296
net yield,214,3.4294
development plan,229,3.4293
likely see,272,3.4291
drive better,437,3.4289
yes say,885,3.4289
actually started,113,3.4289
order drive,180,3.4287
confident our,4358,3.4287
remains core,202,3.4285
these events,288,3.4279
john mentioned,267,3.4278
loss trends,115,3.4273
strategy delivering,161,3.4272
excited launch,114,3.4272
deliver better,314,3.4271
since end,479,3.4269
distribution costs,153,3.4269
progress improving,127,3.4267
better manage,109,3.4267
points midpoint,161,3.4266
was issued,263,3.4264
future plans,140,3.4256
but still,3463,3.4256
down over,4304,3.4252
volumes down,326,3.4252
getting lot,481,3.4251
remarks michael,157,3.425
commercial efforts,133,3.4247
change anything,124,3.4241
ensure can,256,3.4236
quickly can,457,3.4232
few different,247,3.4227
position leading,123,3.4221
assets such,176,3.422
kind normalized,102,3.4213
full effect,153,3.4212
gonna start,147,3.421
are partnering,190,3.4209
first step,540,3.4207
need get,808,3.4201
drive toward,108,3.4197
last eight,134,3.4197
but feels,156,3.4196
net investment,914,3.4192
customer outcomes,114,3.4191
organic investments,217,3.419
expecting see,319,3.4187
total sales,1497,3.4186
right mean,810,3.4182
increase average,558,3.4181
service area,100,3.4181
transcript michael,196,3.4179
third piece,100,3.4179
days compared,172,3.4175
portfolio construction,142,3.4175
capabilities across,454,3.4172
backlog increased,223,3.417
are deploying,366,3.4164
energy services,143,3.4163
management projects,320,3.4162
compared per,785,3.4162
fee per,157,3.416
you consider,990,3.416
ahead remain,407,3.4159
value money,129,3.4157
consumer group,114,3.4156
number stores,131,3.4155
driven increased,936,3.4155
additionally expect,184,3.4152
way through,1244,3.4151
potential tariffs,125,3.4143
oil per,132,3.4141
those markets,1634,3.4137
how engage,103,3.4132
new baseline,100,3.4131
already mentioned,340,3.4131
down constant,136,3.4126
our clients,5368,3.4125
rising over,270,3.4122
already talked,232,3.412
ongoing efficiency,111,3.4118
lot times,291,3.4109
investment plans,142,3.4109
those regions,185,3.4108
service contract,117,3.4108
start thinking,231,3.4103
sales pace,250,3.4101
significant opportunities,461,3.41
eps free,168,3.4095
continue hold,159,3.4093
billion raised,140,3.4091
towards high,177,3.409
ones are,689,3.4088
offset ongoing,141,3.4087
strong relationships,232,3.4087
teams remain,119,3.4083
something different,231,3.4082
okay maybe,484,3.4079
approach remains,109,3.4079
not fully,608,3.4074
still lot,960,3.4073
these goals,129,3.4071
drive significant,401,3.4069
offset improved,161,3.4068
rate approximately,1033,3.4068
clear strategic,147,3.4065
let put,203,3.4064
core assets,286,3.4064
our peers,1092,3.4064
increase versus,711,3.4058
well managed,159,3.4056
early comment,106,3.4055
guidance fiscal,792,3.4047
continued shift,173,3.4046
you flagged,111,3.4045
are developing,540,3.4034
these companies,521,3.4032
those issues,183,3.4031
reviewing our,269,3.4028
right place,361,3.4021
further expansion,315,3.4018
see benefits,608,3.4017
costs excluding,171,3.4015
our customers,26801,3.4013
awesome you,287,3.4009
remain under,188,3.4007
average number,341,3.4004
volume leverage,292,3.4003
new existing,771,3.3996
over speaker,167,3.3994
grew billion,552,3.399
delivering results,286,3.399
system sales,564,3.3989
comment around,173,3.3987
you seeing,14504,3.3986
earnings profile,241,3.3986
strong pipeline,717,3.3981
drive towards,106,3.3981
not anticipate,546,3.3977
two days,205,3.3976
expenses flat,133,3.3976
yes ryan,107,3.3976
ongoing operations,145,3.3972
provided during,107,3.397
relative other,326,3.3969
these charges,114,3.3969
ask one,679,3.3967
leverages our,168,3.3967
order value,306,3.3963
run through,467,3.3961
significant impact,659,3.3961
expected later,146,3.396
excited momentum,158,3.396
average deal,108,3.3959
products offer,104,3.3959
revenue projected,348,3.3958
across industry,902,3.3956
those items,372,3.3954
additional acquisitions,113,3.3952
these agents,238,3.3951
high power,364,3.3951
discussion these,185,3.3949
ability leverage,187,3.3946
these forward,2075,3.3939
lower fuel,112,3.3936
those components,160,3.3935
good outcome,107,3.393
expenses fourth,445,3.3928
growth levers,211,3.3922
time charges,106,3.3921
not quite,697,3.3921
color terms,282,3.392
margin midpoint,308,3.3916
past due,293,3.3915
those targets,237,3.3914
gaap numbers,135,3.3913
rest fiscal,114,3.3907
customer support,533,3.3907
deliver long,416,3.3904
member growth,233,3.3902
reflecting operational,130,3.3898
past month,116,3.3894
weighted second,137,3.3892
result higher,397,3.3889
outlook management,556,3.3889
support ongoing,180,3.3886
development project,130,3.3885
thinking terms,289,3.3884
shift between,114,3.3879
one piece,250,3.3879
talked last,837,3.3875
don feel,296,3.3875
eps reflecting,101,3.3874
improvement throughout,131,3.3871
too high,195,3.387
quarters ahead,336,3.3869
improved gross,321,3.3868
after several,125,3.3866
saw double,150,3.3864
our latest,1006,3.3864
generated revenue,507,3.3862
above levels,107,3.3859
demand continues,419,3.3858
sustain growth,128,3.3857
capital projects,460,3.3856
helpful john,101,3.3849
margins above,165,3.3843
yes great,988,3.3843
includes both,245,3.3842
management targets,128,3.3841
materially impact,122,3.3834
expected drive,501,3.3834
drive higher,716,3.3832
global operations,184,3.3828
yeah john,248,3.3828
risk return,134,3.3828
opportunities outside,104,3.3826
our factories,280,3.3826
reflecting increased,309,3.382
was led,676,3.3817
headcount growth,251,3.3817
profit gross,269,3.3816
field sales,169,3.3813
team commitment,112,3.381
new aircraft,127,3.3806
five average,132,3.3801
opportunities improve,231,3.38
how cadence,175,3.3795
positioned take,195,3.3795
technology capabilities,189,3.3794
continuing momentum,131,3.3794
financial operational,537,3.3792
greater focus,136,3.379
growth accelerated,517,3.3783
expected improve,282,3.3778
software side,147,3.3777
revenue declining,112,3.3774
queue now,166,3.3771
continued investments,460,3.377
risks gross,156,3.3764
materially higher,147,3.3764
reflecting impact,314,3.3762
margin standpoint,237,3.376
benefit patients,165,3.3756
demand profile,176,3.3753
again delivered,274,3.3747
open ask,172,3.3738
deposits billion,198,3.3734
has raised,172,3.3732
technology development,263,3.3726
both top,568,3.3723
talked being,356,3.3722
digits driven,172,3.3719
strategy focused,352,3.3717
plans further,120,3.3703
are receiving,162,3.37
honest you,194,3.37
locations across,114,3.3699
lot ways,149,3.3699
great relationship,107,3.3696
how big,839,3.3693
current plans,104,3.3693
higher anticipated,231,3.3688
potential partners,179,3.3688
continue believe,1486,3.3687
was positively,102,3.3686
time turn,1054,3.3685
back end,1663,3.3685
our financials,1017,3.3683
development process,168,3.3682
fourth earnings,1111,3.3678
billion shareholders,391,3.3675
prior expectations,377,3.3674
but fundamentally,129,3.3674
big impact,410,3.3673
continues provide,221,3.3671
great rest,200,3.3671
investment gains,128,3.3668
net new,3298,3.3667
strategic asset,181,3.3665
pretty low,223,3.3657
now discuss,412,3.3651
large growing,282,3.365
are getting,3323,3.3648
are sitting,294,3.3644
ongoing support,177,3.3643
positive adjusted,655,3.3639
term growth,5035,3.3639
benefit risk,156,3.3638
exactly expected,104,3.3635
paying out,111,3.3633
review financial,251,3.3627
long takes,114,3.3626
shows how,141,3.3624
you might,3918,3.3622
provided today,178,3.3619
take look,1211,3.3618
was marked,129,3.3616
different times,133,3.3612
key regulatory,107,3.3612
consumers want,141,3.3606
these categories,284,3.3606
sec today,108,3.3605
simply not,158,3.3604
sense maybe,274,3.3604
significant value,675,3.3603
today being,867,3.3601
within broader,108,3.3599
now represents,312,3.3597
stores open,101,3.3594
great opportunity,789,3.3592
cash tax,588,3.3592
get approval,149,3.3591
expand little,306,3.359
reflects both,221,3.3589
seen before,313,3.3588
current rates,258,3.3586
annual growth,1156,3.3582
product led,208,3.3574
any pull,116,3.3573
improved operating,515,3.3573
access capital,319,3.3571
are putting,732,3.357
industry leadership,132,3.3568
color why,101,3.3565
incremental revenue,832,3.3561
orders increased,203,3.356
new logo,587,3.3558
you wanna,734,3.3553
times end,330,3.3546
build throughout,105,3.3544
class team,104,3.3542
any context,149,3.354
ramp costs,128,3.3537
are track,1747,3.3537
pleased execution,105,3.3536
grew reported,132,3.3532
great quick,162,3.3531
credit actions,112,3.3527
made today,568,3.3524
done good,604,3.3521
don typically,100,3.352
not seen,1524,3.3519
outlined last,112,3.3519
are allocating,103,3.3519
opportunity invest,152,3.3517
disciplined way,160,3.3517
already delivering,108,3.3513
has provided,255,3.3512
investment management,624,3.351
fourth consolidated,101,3.3508
ended fourth,178,3.3506
customer mix,552,3.3504
said previous,117,3.35
sure got,393,3.3499
reflects lower,155,3.3499
initiatives improve,119,3.3497
better experience,255,3.3497
current prices,108,3.3495
still anticipate,164,3.3493
you commented,263,3.3491
potential launch,155,3.3487
shares total,189,3.3479
power demand,346,3.3477
new homes,141,3.3475
higher margins,669,3.3475
opportunities grow,332,3.347
returned through,106,3.3469
consumer base,176,3.3468
two different,464,3.3463
great guys,463,3.3463
complete end,150,3.346
development activity,189,3.346
those verticals,113,3.3456
make comment,130,3.3451
robust cash,293,3.3448
all plays,105,3.3444
sure yeah,385,3.3442
excluding interest,141,3.3441
employees customers,152,3.3438
mentioned past,298,3.3434
enterprise strategy,157,3.3432
our homebuilding,101,3.3431
slightly compared,166,3.3427
quite large,141,3.3424
gas side,124,3.3424
low leverage,215,3.3423
generated total,155,3.3423
you concludes,1730,3.3414
curious kind,308,3.3414
certain level,148,3.341
development expense,210,3.3408
record free,196,3.3407
these decisions,166,3.3405
our session,2364,3.3404
back february,141,3.3403
services inc,168,3.3401
drive top,284,3.3397
services software,117,3.3395
acquisition strategy,262,3.3394
value drivers,178,3.3393
driven timing,290,3.3393
middle part,109,3.3392
always want,283,3.3391
review key,102,3.3387
expecting any,171,3.3384
capex plan,100,3.338
continued efforts,171,3.3379
decrease over,670,3.3379
specifically within,135,3.3377
half versus,554,3.3376
deepening our,327,3.3376
clinical commercial,123,3.3374
important area,100,3.3371
over decline,1083,3.3371
making good,697,3.3371
gives you,2216,3.3366
want provide,442,3.3363
those patients,731,3.3362
focus innovation,199,3.3361
drive improvements,124,3.3361
you can,32490,3.3351
relations great,269,3.3346
strategic plans,107,3.3345
carry over,146,3.3344
full results,1417,3.334
best thing,134,3.334
got couple,310,3.3339
billion invested,108,3.3336
one item,100,3.3335
aftermarket revenue,119,3.333
group ahead,201,3.3329
underwriting margin,129,3.3329
income adjusted,957,3.3326
start seeing,737,3.3325
those programs,435,3.3322
rate exposure,145,3.332
building solutions,159,3.332
enhancing our,1030,3.3317
billion total,1169,3.3315
are talking,1895,3.3314
get little,1349,3.3313
growth profile,742,3.3312
days sales,374,3.3312
all way,1644,3.3302
guidance does,560,3.33
how far,542,3.3299
brands including,175,3.3296
declining over,152,3.3294
glossary adjusted,136,3.3293
lot exciting,135,3.3292
advantage opportunity,126,3.3288
off strong,682,3.3284
share thoughts,183,3.3283
coming board,130,3.328
its current,220,3.3277
both companies,312,3.3274
strategy continues,266,3.3271
maintain high,122,3.327
opportunity serve,104,3.3269
same last,1095,3.3267
low prices,102,3.3265
same ago,236,3.3265
benefits scale,107,3.3263
enhance our,1808,3.3257
loss rates,180,3.3256
great position,458,3.3252
our wholly,105,3.3251
faster overall,117,3.325
demand generation,260,3.3248
right size,203,3.3247
operational financial,517,3.3245
price changes,223,3.3243
our objective,581,3.324
global demand,410,3.3236
third quarters,343,3.3234
stronger demand,158,3.3233
was saying,411,3.323
lease terms,114,3.3225
can use,1052,3.3222
corporate side,100,3.3222
fourth generated,152,3.3219
improved pricing,241,3.3212
remains seen,211,3.3208
current pipeline,210,3.3208
annualized adjusted,123,3.3207
high pressure,184,3.3205
these improvements,380,3.3204
investment returns,135,3.3203
recognize revenue,169,3.32
pipelines are,247,3.3199
our existing,5127,3.3198
but rather,363,3.3197
today hope,119,3.3196
due improved,261,3.3196
quite lot,280,3.3194
these models,269,3.3194
arr increased,105,3.3192
always had,356,3.3187
underscores our,306,3.3186
was published,102,3.3186
cost productivity,243,3.3182
generated strong,278,3.3181
are competing,171,3.318
strategic execution,168,3.3175
improving customer,225,3.3173
needed get,100,3.3168
excluding these,428,3.3166
scott mentioned,123,3.3161
are staying,256,3.3159
returned over,234,3.315
maybe starting,352,3.315
unit level,104,3.3149
had pretty,518,3.3149
annual production,146,3.3148
premium segment,127,3.3143
positive outlook,281,3.3142
cash liquidity,306,3.3141
order volume,169,3.3139
since early,185,3.3134
those leases,102,3.3134
share price,1003,3.3134
seen date,223,3.3128
brian mentioned,158,3.3127
reach billion,196,3.3126
digit rate,357,3.3123
points primarily,377,3.3123
mean guess,240,3.3122
three primary,126,3.3122
own data,199,3.3119
people are,3831,3.3119
continued deliver,316,3.3119
guidance represents,151,3.3115
confident can,588,3.3112
other members,155,3.311
modestly over,181,3.3108
decreased during,104,3.3105
initial investment,104,3.3105
teams working,111,3.3104
are still,6465,3.3103
solid demand,214,3.3103
existing products,243,3.31
was modestly,177,3.3099
places can,126,3.3099
facility expansion,109,3.3098
update these,497,3.3092
improve customer,325,3.3092
here wanted,280,3.3092
progress date,203,3.3089
large client,107,3.3087
bit earlier,413,3.3085
yes david,310,3.3085
nii growth,116,3.3083
pipeline activity,178,3.3082
win new,351,3.3078
loan side,218,3.3074
costs reduced,108,3.3071
david mentioned,248,3.3071
only few,225,3.3067
current outlook,257,3.3056
yeah scott,117,3.3055
margin gains,319,3.3054
step further,116,3.305
not break,128,3.3048
certainly seen,202,3.3047
existing capacity,144,3.3046
ebitda excluding,206,3.3045
revenue generated,479,3.3042
obviously big,255,3.3035
fairly well,143,3.3035
was relatively,539,3.3035
consumer products,319,3.3034
can cause,188,3.3029
both legacy,132,3.3028
shortly but,120,3.3025
revenue outperformance,140,3.3022
let now,1471,3.3017
high retention,144,3.3016
shareholders continued,205,3.3016
marketing side,216,3.3015
third compared,577,3.3013
data points,864,3.3012
but tell,591,3.3012
over rmb,219,3.3011
our relentless,206,3.301
these assets,954,3.3009
discipline across,191,3.3007
doing things,401,3.3007
seeing lot,1133,3.3006
sales decline,467,3.2998
lead way,104,3.2997
great place,281,3.2996
yes john,305,3.2993
long period,560,3.2991
rates come,312,3.2983
data foundation,122,3.2979
average cost,537,3.2979
can address,319,3.2976
demand recovery,130,3.2974
are ramping,456,3.2972
these features,130,3.2971
opportunities drive,386,3.2971
period end,776,3.2968
was observed,122,3.2965
used operating,323,3.2964
led increase,187,3.296
guys had,464,3.2959
can assume,210,3.2957
continue realize,102,3.295
significant shift,137,3.2945
interesting see,202,3.2945
validating our,129,3.2944
almost years,151,3.2941
down compared,753,3.2934
outlook slide,215,3.2934
two categories,130,3.2933
new starts,199,3.293
short yes,191,3.2927
opportunity drive,417,3.2926
substantial value,104,3.2922
shareholders during,190,3.2922
had talked,526,3.2921
else can,266,3.2921
consistent performance,337,3.2921
are calling,226,3.2916
speak how,209,3.2915
sold through,198,3.2912
pleased able,165,3.2909
marketing team,254,3.2904
remain low,223,3.2902
one two,1766,3.2901
yeah brian,149,3.2897
these products,1402,3.2895
generated during,125,3.2894
products technologies,108,3.2893
can happen,306,3.2892
part why,221,3.2888
comment how,354,3.2886
seeing positive,523,3.2885
recap our,218,3.2882
gross net,1059,3.2874
cost funding,166,3.2873
consistent past,130,3.287
great partner,192,3.287
simplifying our,193,3.2868
trend seen,107,3.2868
rollout new,125,3.2867
performance reflected,101,3.2866
number deals,123,3.2864
forma revenue,112,3.2864
elevating our,138,3.2864
sounded you,118,3.2861
those studies,116,3.286
expect happen,202,3.2859
months months,241,3.2851
number four,167,3.2851
level activity,230,3.2845
lot activity,439,3.284
now walk,227,3.2839
pricing trends,193,3.2838
don comment,119,3.2837
demand conditions,148,3.2837
two companies,230,3.2836
however expect,211,3.2835
sales reached,194,3.2833
continue lead,279,3.2832
decline versus,173,3.2831
are aiming,132,3.283
update how,533,3.2829
types customers,133,3.2828
flow ended,168,3.2828
leveraging data,109,3.2827
fiscal compared,415,3.2827
total contract,188,3.2827
later part,113,3.2825
pricing initiatives,216,3.2824
second regarding,198,3.2822
fiscal period,348,3.2818
new models,341,3.2816
put position,136,3.2815
debt expense,197,3.2813
potential changes,162,3.2813
thought maybe,138,3.2805
expenditures full,127,3.2804
expect close,399,3.2804
operations team,287,3.28
continued build,297,3.2798
you willing,453,3.2796
digital technology,169,3.2793
doing work,325,3.2792
first time,3863,3.2789
yes makes,127,3.2788
but ultimately,518,3.2784
time participation,114,3.2782
feel better,285,3.2781
cash rent,133,3.2778
guidance full,1507,3.2777
revenues between,176,3.2776
management current,447,3.2775
team board,141,3.277
period included,118,3.276
repurchases approximately,137,3.2759
attractive long,113,3.2758
expense outlook,240,3.2755
prior excluding,182,3.2753
ratio approximately,247,3.2753
driving top,189,3.2753
stable compared,121,3.2752
operating ratio,348,3.2751
set record,105,3.2751
sales mix,877,3.2746
positive results,570,3.2742
customers using,359,3.2739
synergies across,106,3.2738
quite good,428,3.2737
updating our,483,3.2735
sheet perspective,120,3.2734
our largest,3191,3.273
significant liquidity,119,3.2725
those reasons,142,3.272
over decrease,640,3.2719
organic volume,199,3.2717
partially due,117,3.2714
nothing new,206,3.271
investing long,153,3.2708
are located,160,3.2707
continue add,686,3.2705
prior adjusted,943,3.2705
mean always,188,3.2704
turning expenses,161,3.2703
systems services,118,3.2702
portfolio actions,188,3.27
hear little,157,3.2699
has continued,1265,3.2697
having impact,261,3.2694
improved compared,266,3.2693
ongoing process,115,3.2692
both europe,271,3.269
can meet,315,3.2689
expense guide,101,3.2688
best position,159,3.2688
not affected,101,3.2687
let spend,160,3.2687
help people,208,3.2675
build inventory,160,3.2674
continued robust,130,3.2669
total available,242,3.2669
evidenced our,326,3.2669
kind cadence,115,3.2668
membership growth,184,3.2664
after date,146,3.2661
technology services,265,3.2652
data driven,931,3.2652
continue anticipate,361,3.2652
both organic,381,3.2652
incremental opportunities,196,3.265
both businesses,345,3.2647
expected increase,850,3.2644
tax income,263,3.2644
store portfolio,217,3.2642
slightly versus,136,3.2642
want use,358,3.2638
percentage gross,203,3.2637
operational progress,198,3.2636
deal volume,121,3.2632
see upside,259,3.263
higher fee,162,3.2628
other markets,1052,3.2625
happy say,117,3.2624
potentially being,105,3.2624
new sites,183,3.2622
invest technology,109,3.2621
not present,136,3.262
product design,172,3.2619
balancing growth,114,3.2616
starting get,358,3.2616
finally continue,320,3.2615
made lot,492,3.261
cash generating,146,3.2607
puts good,107,3.2606
group people,121,3.2605
first human,116,3.2605
growing pipeline,211,3.2604
capital flexibility,216,3.2601
mentioned remarks,293,3.2601
factored our,268,3.2601
else has,186,3.2599
years since,344,3.2599
see meaningful,553,3.2598
but wasn,132,3.2593
positioned continued,167,3.2587
team remains,256,3.2585
always focused,168,3.258
taking two,437,3.258
share based,1055,3.2579
several initiatives,105,3.2578
good enough,153,3.2578
has huge,134,3.2573
these countries,143,3.2572
back january,182,3.2571
net cash,2092,3.257
increase quarterly,241,3.2564
middle range,106,3.2562
new facilities,254,3.2562
bringing full,169,3.2561
sure clear,146,3.2561
contributed higher,105,3.2559
anticipated future,112,3.2556
time periods,127,3.2556
trends seeing,312,3.2554
teams across,278,3.2553
tier customers,115,3.2553
particular focus,105,3.2553
improvement profitability,145,3.2552
performance across,1312,3.2552
not seem,114,3.2551
number times,157,3.2549
lower capex,164,3.2545
fda has,181,3.2543
able support,270,3.254
reflected our,1547,3.254
initial results,181,3.2539
prior guide,175,3.2538
growing mid,176,3.2528
across world,423,3.2525
every since,113,3.2523
already doing,206,3.2522
every part,228,3.2521
improvement gross,376,3.2516
profit growth,1272,3.2516
result expect,494,3.2515
measures gaap,120,3.2513
under existing,105,3.2511
are pointing,113,3.2511
everyone delivered,140,3.251
teams continue,406,3.2504
increased visibility,138,3.2499
real strength,128,3.2498
production costs,350,3.2498
executing high,106,3.2498
now shifting,166,3.2494
conditions including,113,3.2493
people come,275,3.2492
experienced strong,146,3.2492
hear lot,156,3.249
total operating,1050,3.2487
yes andrew,151,3.2478
was slight,167,3.2478
tariff cost,216,3.2477
billion sequentially,349,3.2475
has come,987,3.2472
might need,169,3.2471
off ratio,115,3.2469
full effective,194,3.2469
something done,133,3.2467
believe can,1741,3.2467
our presence,881,3.2461
not providing,455,3.246
early benefits,137,3.2456
but haven,383,3.2455
december compared,121,3.2454
see significant,1334,3.2454
remain place,128,3.2454
expect begin,291,3.2452
are focusing,578,3.2445
development opportunities,291,3.2443
yes certainly,305,3.2442
higher conversion,198,3.2439
are deeply,199,3.2436
revenues down,364,3.243
representing adjusted,242,3.2426
strategic approach,131,3.2423
end february,140,3.2422
are helping,836,3.2421
continues support,204,3.2419
full capex,248,3.2418
decline was,992,3.2418
are trying,1862,3.2414
over square,296,3.2412
additional liquidity,101,3.2412
commercial operational,208,3.2411
fiscal second,753,3.2407
focused approach,141,3.2396
lower funding,115,3.2396
target remains,105,3.2395
target model,120,3.2394
most companies,174,3.2394
provide incremental,146,3.2393
customer accounts,125,3.2391
margin perspective,537,3.2389
taking appreciate,137,3.2386
you viewing,112,3.2385
help patients,171,3.2385
per patient,185,3.2384
improved outlook,198,3.2384
inventory channel,113,3.2384
importantly these,257,3.2383
jim good,165,3.2382
especially around,192,3.2381
those properties,119,3.238
things talked,387,3.2378
other applications,181,3.2377
expenses non,330,3.2376
term care,287,3.2375
premium pricing,110,3.2371
although not,206,3.2371
included within,113,3.237
least two,150,3.2369
yeah andrew,115,3.2369
primarily focused,231,3.2368
liquidity cash,290,3.2366
project development,117,3.2365
take one,1589,3.2364
time concludes,205,3.2364
large small,124,3.2363
third generated,139,3.2363
time deposits,221,3.2362
not asking,151,3.236
are pulling,186,3.2356
continue executing,206,3.2356
industry headwinds,106,3.2356
industry average,301,3.2355
platform capabilities,210,3.2354
new customers,3399,3.2353
consistent expectations,141,3.235
finally expect,265,3.2349
execute our,2363,3.2344
margin basis,1909,3.2343
customers shareholders,396,3.2342
outlook full,634,3.234
thing wanted,109,3.2338
higher end,1443,3.2334
new programs,536,3.2333
you joey,111,3.2333
here guess,322,3.2332
reflect strong,197,3.2329
one particular,330,3.2328
order get,327,3.2323
decline compared,193,3.2319
first results,2522,3.2315
late third,103,3.2313
got got,458,3.2313
ability support,184,3.2311
able help,232,3.2308
capital invested,104,3.2307
majority those,233,3.2306
our eyes,190,3.2302
information may,132,3.2301
higher tariffs,254,3.23
continuing add,104,3.2299
little longer,253,3.2296
sort curious,120,3.2293
seeing strength,346,3.2292
expansion existing,158,3.229
sure mean,310,3.2289
these capabilities,556,3.2286
month date,100,3.2285
large companies,140,3.2284
both sequentially,286,3.2283
represents over,424,3.2282
made far,118,3.2278
all types,195,3.2277
are shaping,138,3.2274
quarterly net,297,3.2272
are continuously,168,3.2271
management closing,208,3.2267
inc platform,213,3.2262
are incredibly,501,3.2259
might want,231,3.2258
marketing perspective,117,3.2253
term profitability,340,3.2251
pricing productivity,127,3.2248
steady growth,382,3.2243
all options,193,3.2241
three different,269,3.2238
based models,103,3.2233
investments drive,320,3.2232
sure let,305,3.2232
through bottom,171,3.223
not reflect,334,3.2225
had successful,136,3.2223
thing important,165,3.2221
couple areas,119,3.2221
yeah helpful,179,3.2219
utilization across,165,3.2218
strong adoption,277,3.2217
opportunity here,576,3.2217
completed end,210,3.2216
continued trend,136,3.2215
still expect,1221,3.2212
ended net,263,3.2208
additional investments,306,3.2207
compared second,901,3.2204
yield approximately,127,3.2203
time remind,173,3.2202
who has,622,3.22
given its,242,3.2197
several different,152,3.2197
versus previously,121,3.219
both those,1904,3.219
industrial end,205,3.2186
broad markets,128,3.2184
demand across,1151,3.218
billion arr,142,3.2178
continued growth,2911,3.2173
don get,756,3.2167
term relationships,156,3.2165
are showing,624,3.2164
industrial demand,149,3.216
talked quite,115,3.216
project based,187,3.2158
model continues,166,3.2158
forward working,505,3.2158
bit elevated,121,3.2158
record adjusted,433,3.2155
way look,945,3.2152
all reasons,178,3.215
those dollars,227,3.2148
margins expand,141,3.2148
approximately percentage,228,3.2144
made strategic,215,3.2143
decreased per,141,3.2142
all levers,105,3.2142
tariff rate,196,3.214
was affected,136,3.214
scalable growth,122,3.2138
focus building,223,3.2137
profitability free,146,3.2135
improving overall,142,3.2134
hope get,112,3.2134
driving significant,244,3.2133
was offset,1348,3.2132
still seeing,784,3.2132
fuel cost,138,3.2129
significant contribution,100,3.2128
discuss financial,191,3.2127
asking how,112,3.2124
stock during,140,3.2123
meaningful value,250,3.2122
our stockholders,225,3.2121
back comments,278,3.2121
seeing early,525,3.212
yes brian,184,3.212
continuing scale,111,3.2119
term opportunity,796,3.2118
price volume,374,3.2117
volume price,374,3.2117
new deals,413,3.2114
order make,185,3.2114
segment declined,114,3.2113
broadly how,179,3.2112
segment margins,357,3.2109
kind mid,483,3.2107
opportunities create,111,3.2105
support long,447,3.2103
optimize our,1255,3.2103
bookings growth,566,3.2095
comments before,121,3.2094
right decision,161,3.2092
billion increase,1373,3.2088
equipment side,105,3.2087
transcript david,173,3.2087
unique data,153,3.2082
are occurring,119,3.2079
external growth,241,3.2078
can make,1567,3.2077
expected ramp,139,3.2074
sales declines,107,3.2073
division revenue,100,3.2071
create opportunity,120,3.2071
total loan,282,3.2065
generating revenue,233,3.2065
how impacts,253,3.2064
new buyers,109,3.2062
can read,132,3.2061
early phase,140,3.2061
deliver incremental,118,3.2061
generated per,171,3.206
put lot,331,3.205
see opportunity,1460,3.2048
revenue rmb,146,3.2046
quite high,226,3.2045
growing quite,116,3.2042
lower price,505,3.2042
annual interest,147,3.204
higher rates,572,3.2036
ability get,429,3.2034
remains low,156,3.2033
position well,790,3.2033
believe these,1262,3.2032
customers trust,116,3.2027
flow shareholders,210,3.2026
improve performance,322,3.2024
building products,269,3.2022
results events,155,3.202
but clearly,553,3.2017
you referenced,745,3.2014
points lower,621,3.2013
confidence future,159,3.2012
capital management,1271,3.2009
reported significant,202,3.2006
taking guys,208,3.2004
revenue billion,3386,3.1999
being generated,117,3.1998
record profitability,107,3.1996
half life,130,3.1996
over gigawatts,123,3.1995
compared first,1555,3.1992
management tools,128,3.199
points excluding,182,3.199
user growth,403,3.1988
but seems,498,3.1984
months ahead,348,3.198
new applications,325,3.198
remain pleased,140,3.1976
was broad,540,3.1974
without being,103,3.1971
mix improvements,105,3.1967
are exposed,108,3.1966
further closing,115,3.1964
executing our,1746,3.1962
drivers including,118,3.1959
potential benefits,123,3.1959
taking curious,104,3.1956
future acquisitions,108,3.1956
you notice,213,3.1955
driven increase,912,3.195
leave you,501,3.1947
lowering our,421,3.1943
those funds,145,3.1935
are essential,216,3.1935
commercial model,215,3.1932
acquisition announced,101,3.1928
better conversion,113,3.1927
capabilities drive,175,3.1922
operational momentum,154,3.1917
current future,267,3.1916
not least,439,3.1914
totaling over,133,3.191
seeing healthy,150,3.1908
program continues,186,3.1907
see ourselves,156,3.1901
less half,250,3.19
income representing,146,3.1897
was strongest,164,3.1896
are asking,445,3.1896
put all,688,3.1895
impressive growth,168,3.1894
both near,278,3.1892
given amount,105,3.1892
pricing perspective,199,3.1892
continue closely,147,3.1888
after launch,105,3.1887
thing point,272,3.1883
real assets,184,3.1882
quarterly guidance,269,3.188
total amount,157,3.1879
did want,404,3.1877
further progress,259,3.1877
success had,220,3.1876
are launching,382,3.1875
early results,568,3.1872
quite low,105,3.1871
overall health,144,3.1871
product set,300,3.187
are looking,6524,3.1869
sold approximately,103,3.1868
are carrying,152,3.1868
walk you,1117,3.1868
management directly,127,3.1867
are transforming,116,3.1867
higher returns,229,3.1867
great start,679,3.1859
solutions help,174,3.1859
yes appreciate,225,3.1859
discussing our,464,3.1857
appreciate maybe,290,3.1856
today instructions,147,3.1853
can move,939,3.1852
capital partners,442,3.1851
nearly years,218,3.1845
cost trends,323,3.184
remarks today,466,3.1835
was decrease,589,3.1834
look back,1622,3.183
due continued,468,3.183
has extremely,143,3.1824
revenue mix,1325,3.1822
are underway,465,3.182
ended period,114,3.1819
thinking how,553,3.1819
these communities,101,3.1819
consumer segment,255,3.1817
expectations future,257,3.1814
secured new,162,3.1813
our strongest,736,3.1812
number people,292,3.1811
looking beyond,246,3.1809
improvement over,1679,3.1808
growing number,301,3.1807
ebit was,123,3.1806
increased demand,820,3.1805
matt good,231,3.1805
lower fixed,107,3.1804
sure keep,104,3.1803
led continued,121,3.1799
portions our,122,3.1798
can operate,218,3.1798
results achieved,178,3.1792
billion free,638,3.1791
team delivering,155,3.1791
most sense,142,3.1791
total outstanding,109,3.179
our dna,190,3.1789
even higher,639,3.1788
disciplined working,101,3.1787
gonna drive,103,3.1785
commercial initiatives,177,3.1785
margin headwinds,253,3.1782
overall portfolio,515,3.178
talking here,181,3.1779
capital levels,468,3.1779
pricing gains,112,3.1778
quarterly performance,224,3.1777
different companies,129,3.1775
world best,118,3.1775
higher tariff,214,3.1774
billion decrease,220,3.1772
few areas,115,3.1772
well beyond,543,3.177
ongoing expansion,165,3.1766
how play,289,3.1765
class products,101,3.1764
decline average,125,3.1762
continue serve,245,3.1755
product sales,1724,3.1755
new street,114,3.1754
actually saw,235,3.1753
team available,194,3.1753
shareholders let,147,3.1752
before closing,111,3.1748
dividend increased,173,3.1744
remains available,100,3.1743
see steady,194,3.1742
strong retention,209,3.1739
saw improvement,220,3.173
date free,182,3.1725
through targeted,226,3.1722
others are,876,3.1721
these acquisitions,313,3.1716
top three,237,3.1715
grew versus,213,3.1715
stated expect,234,3.1713
count increased,103,3.1709
progress through,777,3.1707
portfolio size,122,3.1704
meaningful part,164,3.1701
now pay,339,3.1699
reminder today,161,3.1699
everyone start,269,3.1696
ultimately get,148,3.169
certainly not,849,3.1686
provide access,100,3.1685
expansion beyond,148,3.1684
upgrading our,162,3.1683
revenue sharing,132,3.1683
new plant,164,3.168
ability use,149,3.168
effectiveness our,403,3.1679
transactions per,125,3.1678
advance our,1232,3.1678
included today,218,3.1677
consumer loan,133,3.1676
solutions including,286,3.1676
specifically related,112,3.1675
operating results,1343,3.1673
approximately times,206,3.1671
solutions such,118,3.1668
significant advantage,100,3.1661
expense leverage,189,3.1655
march compared,130,3.1653
here recently,160,3.1653
likely continue,198,3.1651
move around,342,3.1648
three brands,115,3.1648
private investment,116,3.1645
good story,126,3.164
drove basis,111,3.164
still work,504,3.1639
durability our,590,3.1635
has expanded,304,3.1635
support services,228,3.1634
transcript john,166,3.1633
approximately reflecting,260,3.1629
off great,418,3.1627
but feel,1499,3.1627
new orders,441,3.1626
demonstrates our,432,3.1625
aligned our,1026,3.1625
rate remained,106,3.1615
you noticed,260,3.1615
both existing,317,3.1613
validate our,164,3.1611
supports our,682,3.161
given ongoing,169,3.161
say majority,114,3.1605
our seventh,137,3.1605
build scale,146,3.1604
drive profitability,161,3.1602
are running,904,3.1598
are expected,5860,3.1597
whole new,273,3.1592
continued sequential,128,3.1591
through february,168,3.159
sure mike,102,3.159
wanted see,647,3.1589
through september,210,3.1588
these platforms,238,3.1588
resulting increase,112,3.1588
reduced operating,187,3.1587
increases both,235,3.1585
ask little,305,3.1584
those accounts,213,3.1582
strategic opportunities,300,3.1581
new players,120,3.1577
provided last,210,3.1576
doing right,548,3.1575
might take,208,3.1574
has fairly,113,3.1573
continued headwinds,115,3.1572
today begin,205,3.1571
deliver improved,144,3.1571
see modest,192,3.1569
prior outlook,387,3.1568
make forward,679,3.1568
expand our,4004,3.1559
take rates,383,3.1557
instructions today,144,3.1555
may may,460,3.1554
fairly strong,100,3.1553
two businesses,243,3.1552
remain positive,230,3.1551
forward equity,252,3.1549
expect sequential,271,3.1548
see path,237,3.1548
commercial space,145,3.1545
revenue exceeded,186,3.154
continue benefit,665,3.1539
margin remained,165,3.1537
margin expanding,329,3.1535
any impacts,152,3.1534
are building,2627,3.1534
cost capital,1429,3.1532
rents are,200,3.1528
give take,340,3.1528
term strategic,526,3.1526
digits compared,115,3.152
further increases,112,3.1517
enterprise value,222,3.1513
lot momentum,418,3.1509
generated significant,104,3.1503
trying give,103,3.1501
lot pressure,187,3.1497
down roughly,197,3.1496
mentioned couple,280,3.1494
low level,235,3.1491
are lapping,166,3.1491
you signoff,361,3.1491
taking share,693,3.1491
our core,7426,3.1489
those opportunities,1064,3.1488
maintaining financial,144,3.1488
real value,341,3.1487
you argue,103,3.1486
only one,954,3.1484
different businesses,146,3.1483
has asked,108,3.1481
contained our,293,3.148
found our,1011,3.1472
international side,162,3.1472
prior levels,255,3.1467
implementation new,104,3.1467
talk bit,531,3.1466
hear you,1738,3.1466
need build,222,3.1464
sequentially versus,147,3.1464
stated management,139,3.1463
increased due,573,3.1462
sure hey,141,3.1462
strength our,5223,3.1459
solid growth,830,3.1458
predict but,123,3.1457
steve good,219,3.1457
progress far,125,3.1453
brand portfolio,353,3.1449
took out,139,3.1446
data generated,168,3.1443
those assets,844,3.1443
flow was,2693,3.1443
still believe,545,3.144
organic investment,193,3.144
shares approximately,181,3.1439
due decline,172,3.1434
further support,248,3.1432
several other,351,3.1432
was asking,198,3.143
coming along,106,3.1429
share dividend,265,3.1429
reflected guidance,109,3.1427
implemented new,120,3.1426
long track,178,3.1425
add one,685,3.1424
full price,738,3.1422
approximately sequentially,219,3.1421
you saw,5791,3.142
especially within,119,3.1418
guidance update,308,3.1417
ebitda came,132,3.1414
segments including,136,3.1411
maybe one,2114,3.141
reported revenues,108,3.1406
probably not,878,3.1405
term volatility,124,3.1403
happening across,128,3.1396
you remember,1057,3.1395
transaction value,208,3.1393
increasing over,921,3.139
highlights first,184,3.1387
want invest,155,3.1385
total capex,158,3.1384
better faster,106,3.1383
are outperforming,147,3.1375
affect our,557,3.1372
rates decline,133,3.1371
june had,140,3.137
most impacted,102,3.1366
not issue,216,3.1364
primarily higher,468,3.1363
ratio improvement,119,3.1363
fact got,138,3.1363
our talented,210,3.1361
trend down,181,3.1359
capex approximately,174,3.1359
integration work,108,3.1355
get update,296,3.1352
generate value,124,3.1352
ending cash,162,3.135
headwind gross,102,3.1349
broader platform,106,3.1347
inventories are,284,3.1347
portfolio remains,276,3.1346
operational focus,227,3.1345
you parse,102,3.1345
impact acquisitions,163,3.1342
evaluate all,123,3.1338
along other,210,3.1336
project management,231,3.1334
terms actual,109,3.1333
remains high,316,3.1331
drive value,522,3.1327
generation products,189,3.1327
gaap information,110,3.1326
new tools,297,3.1318
you walk,1075,3.1315
through july,150,3.1307
are already,3115,3.13
expenses grew,168,3.1298
wanna see,103,3.1297
broadening our,276,3.1296
bit seasonality,102,3.129
core profitability,136,3.1289
measures are,1375,3.1288
yeah david,210,3.1287
people use,183,3.1284
mean look,760,3.1283
growth mode,139,3.1276
headwinds including,111,3.1276
seen lot,551,3.1272
delivering better,144,3.1272
our revolver,414,3.1272
share updates,108,3.1269
revenue was,8580,3.1268
capital generation,339,3.1268
team who,242,3.1268
closing remain,100,3.1266
improving basis,246,3.1265
see traction,145,3.1264
control costs,107,3.1264
having positive,126,3.1264
below industry,112,3.1263
was recognized,246,3.1261
increased billion,1142,3.1261
seeing broad,145,3.1254
trying balance,124,3.1251
far ahead,181,3.1237
those transactions,212,3.1237
expense expected,324,3.1236
full expectation,144,3.1227
further reduction,116,3.1225
say anything,227,3.1224
today does,462,3.1222
midpoint full,192,3.122
begin today,200,3.1215
itself has,113,3.1207
excited see,670,3.1207
capabilities including,212,3.1207
current plan,192,3.1206
despite being,127,3.1204
great thing,320,3.12
pretty high,400,3.12
comparable net,145,3.12
follow here,302,3.1199
net asset,413,3.1199
guidance despite,228,3.1198
all details,289,3.1197
got pretty,288,3.1196
projects including,200,3.1196
revenue represented,122,3.1192
growth acceleration,399,3.1192
care segment,154,3.1191
expect grow,678,3.119
pressure gross,132,3.1185
close want,191,3.1183
our views,468,3.1181
happy performance,122,3.118
queue you,730,3.1178
average debt,188,3.1177
average rate,440,3.117
volume production,278,3.1165
change competitive,101,3.1165
everybody has,183,3.1165
challenging operating,118,3.1164
volume perspective,179,3.1164
regarding these,238,3.116
new customer,2028,3.116
hardware revenue,152,3.116
increase approximately,869,3.1158
billion debt,534,3.1156
posted our,829,3.1155
thinking sort,158,3.1154
related timing,149,3.1154
changes making,112,3.1151
process technology,171,3.1151
contract terms,178,3.115
improvements both,208,3.115
end december,201,3.1149
guess why,115,3.1148
you describe,276,3.1145
our conviction,454,3.114
only slightly,102,3.1138
our history,1400,3.1137
quality products,223,3.1137
invest long,167,3.1136
new capabilities,668,3.1134
take little,773,3.1131
you expecting,1573,3.113
caution you,232,3.113
place work,161,3.1126
years experience,329,3.1124
development spend,111,3.1123
total cost,822,3.1123
are useful,132,3.1122
can pick,154,3.112
chain costs,125,3.1119
new units,281,3.111
seeing strong,1377,3.111
investment plan,253,3.1109
demand side,500,3.1107
delivering positive,106,3.1106
strong track,284,3.1105
amount data,185,3.1104
similar prior,158,3.1103
jeff good,188,3.1101
continued its,301,3.11
land sales,157,3.11
now fully,475,3.1099
continuing move,109,3.1099
all time,3401,3.1092
over billion,4460,3.1089
rate paid,111,3.1089
might impact,240,3.1089
supporting long,123,3.1082
stronger second,192,3.108
wanted provide,146,3.1079
margin outlook,773,3.1078
portfolio review,137,3.1077
don view,143,3.1069
during include,118,3.1067
favorable terms,144,3.1065
need understand,139,3.1065
forward seeing,972,3.1061
term challenges,129,3.1061
play here,118,3.1058
see healthy,297,3.1057
both cases,137,3.1056
development strategy,248,3.1055
opportunities within,343,3.1051
opportunities across,750,3.1051
but don,2270,3.105
sequentially down,245,3.1048
big projects,109,3.1048
restructuring other,109,3.1046
management solution,128,3.1044
but love,325,3.1043
those stores,283,3.1043
trying grow,103,3.1042
not exactly,278,3.1041
return opportunities,192,3.1035
delivering high,198,3.1031
revenues range,219,3.1031
three strategic,236,3.1027
still healthy,111,3.1022
beginning second,214,3.1019
are addressing,236,3.1006
largely expected,115,3.1005
center side,151,3.1004
revenue came,390,3.1001
seeing similar,205,3.1
total funding,109,3.1
due increase,630,3.0999
loan value,316,3.0997
capex investment,115,3.0996
post end,129,3.0996
can execute,315,3.0995
share rose,124,3.0992
ability take,266,3.0989
has relatively,221,3.0989
due reduction,142,3.0989
not meet,303,3.0989
offset incremental,103,3.0987
capabilities deliver,118,3.0987
has achieved,256,3.0987
perfect you,746,3.0986
targets management,105,3.0984
lastly continue,134,3.0981
higher mix,548,3.0979
ask couple,117,3.0978
hopefully can,173,3.0978
performance detail,142,3.0977
can you,27560,3.0977
new generation,550,3.0976
take few,305,3.0975
data show,117,3.0974
over bob,164,3.0971
results outlook,534,3.0969
commentary today,107,3.0967
expand further,127,3.0966
focus growing,277,3.0965
able run,126,3.0962
prior despite,141,3.096
given success,106,3.0958
current level,236,3.0957
eps non,183,3.0955
value based,645,3.0955
back track,225,3.0955
margins improving,109,3.0952
products sell,123,3.0951
reported its,134,3.095
can manage,303,3.0949
underlying growth,551,3.0943
loss ago,102,3.0941
second results,1309,3.0939
guess thinking,106,3.0937
capabilities help,125,3.0937
was attributed,271,3.0935
sales flat,354,3.0933
under program,147,3.0924
made great,417,3.0921
platform offering,102,3.092
financial outcomes,119,3.0918
our outlook,7730,3.0915
down reflecting,284,3.0911
those discussed,213,3.091
higher expected,820,3.0908
third largest,138,3.0904
excited share,448,3.0904
had thought,115,3.0904
want begin,140,3.0904
these adjustments,120,3.0899
majority our,1960,3.0899
sort mid,187,3.0895
incremental value,263,3.0894
execute high,125,3.0893
understood you,664,3.089
transaction expected,162,3.0887
through transition,231,3.0882
different levels,162,3.0881
combination those,250,3.088
perspective feel,125,3.088
stuff but,246,3.0879
take actions,159,3.0878
range per,615,3.0877
beat was,106,3.0876
build rates,182,3.0873
want bring,152,3.0868
our sixth,182,3.0866
date basis,415,3.0865
our collective,133,3.086
capacity coming,256,3.0857
made investments,230,3.0856
things are,5685,3.0855
over basis,3942,3.0853
driven ongoing,263,3.0852
share excluding,299,3.0851
all detail,310,3.0847
balanced growth,229,3.0844
potentially impact,128,3.0844
share annualized,126,3.0844
every customer,293,3.0844
out exactly,167,3.0837
acquisitions including,121,3.0836
equipment segment,109,3.0836
but wondering,596,3.0834
since mid,107,3.0829
moving right,427,3.0828
anticipate significant,108,3.0826
pretty every,140,3.0825
increased dollars,110,3.0822
dedication our,472,3.0821
term pressure,190,3.0821
moment our,2408,3.0821
generation technology,128,3.0817
again don,430,3.0813
extend our,760,3.081
helpful you,3136,3.0809
aligning our,302,3.0805
are hitting,187,3.0804
continue reduce,230,3.0802
reflecting both,302,3.0801
continued operational,254,3.08
yes okay,299,3.0796
cost associated,143,3.0795
net gain,148,3.0794
attending you,294,3.0794
before tax,161,3.0791
party capital,128,3.0789
are engaged,340,3.0788
expanding our,3159,3.0787
based conditions,100,3.0787
expected result,224,3.0785
are playing,316,3.0784
these regions,149,3.0784
these larger,300,3.0783
provide clear,119,3.0781
full approval,124,3.0778
measures can,403,3.0778
help deliver,159,3.0777
consumers are,1077,3.0776
support continued,327,3.0775
color guess,102,3.0773
again feel,272,3.0771
significant ramp,100,3.0771
sheet capacity,142,3.0769
was interesting,293,3.0768
our strategy,8806,3.0764
infrastructure segment,168,3.0764
capital liquidity,229,3.0763
measures during,117,3.0761
able add,174,3.0761
within enterprise,123,3.0758
are thinking,2074,3.0758
can push,132,3.0753
class customer,118,3.0747
down due,613,3.0744
billion resulting,135,3.0744
extending our,473,3.0743
down approximately,836,3.0739
growth supported,606,3.0737
flow guidance,881,3.0736
generate higher,137,3.0736
three percentage,122,3.0736
not seeing,2291,3.0735
certain assets,113,3.0733
customers globally,107,3.0732
are likely,780,3.073
already working,187,3.0728
not perfect,145,3.0727
nature these,122,3.0727
both public,138,3.0727
how goes,188,3.0721
are contained,134,3.072
penetration across,100,3.072
you see,24290,3.0719
new account,225,3.0719
one competitors,159,3.0717
people don,271,3.0716
slide delivered,117,3.0716
expenses approximately,395,3.0715
doesn look,117,3.0712
key programs,109,3.0712
gas demand,161,3.0707
why not,726,3.0705
lot interest,546,3.0704
led higher,174,3.0703
driven reduced,124,3.0702
not read,130,3.0701
path get,125,3.0699
place start,160,3.0698
begin want,138,3.0696
combination two,120,3.069
innovation across,330,3.0686
statements after,101,3.0686
these relationships,216,3.0682
moving target,100,3.0681
term contract,227,3.068
recorded time,120,3.0679
taking first,1037,3.0679
today coming,646,3.0679
cost advantage,163,3.0677
actions drive,113,3.0677
new leadership,386,3.0674
might not,632,3.0673
ebitda midpoint,132,3.0668
being flat,147,3.0667
companies are,1819,3.0667
our cfo,1410,3.0667
lot visibility,142,3.0666
fact able,104,3.0666
create new,353,3.0664
its position,167,3.0664
guys did,186,3.0662
are designed,717,3.066
reached new,237,3.0659
significantly increase,177,3.0658
make changes,192,3.0657
drive growth,2028,3.0655
profitability cash,416,3.0655
course past,113,3.0652
hope you,1101,3.065
figures are,122,3.0645
meaningful increase,239,3.0636
period primarily,229,3.0634
plan continue,739,3.0631
bit behind,117,3.0629
enterprises are,207,3.0628
due fact,128,3.0627
enterprise data,215,3.0619
ended fiscal,103,3.0617
full revenue,2751,3.0617
invest drive,100,3.0616
give guidance,496,3.0615
pipeline projects,114,3.0604
making forward,358,3.0604
markets including,533,3.0604
can accelerate,352,3.0603
both brands,223,3.0601
kind thinking,361,3.0597
number things,466,3.0596
end guidance,1376,3.0596
expect consolidated,158,3.0595
had historically,106,3.0595
sequentially basis,275,3.0583
lower levels,244,3.0576
has challenging,150,3.0575
process improvement,146,3.0569
pleased continued,192,3.0567
see encouraging,127,3.0564
still remains,252,3.0562
meaningful opportunities,148,3.0558
use technology,200,3.0554
has experienced,144,3.0551
follow earlier,130,3.0551
remain key,223,3.055
prices come,111,3.0545
segment sales,949,3.0542
certain things,175,3.0542
our strengths,305,3.0541
strategy execution,176,3.0538
new renewal,137,3.0538
adjusted basis,1266,3.0537
are leveraging,709,3.0536
majority these,209,3.0536
who need,198,3.0536
refer our,1003,3.0536
those locations,126,3.0534
you talking,2595,3.0534
understand sort,128,3.0532
follow guess,137,3.0531
any follow,419,3.0529
certain products,165,3.0527
previously said,126,3.0527
term trend,189,3.0524
all along,362,3.0521
bolstered our,121,3.052
active customers,245,3.0517
dividend income,129,3.0514
world who,109,3.0513
our revised,477,3.0512
guess start,236,3.0512
management systems,198,3.0508
point negative,132,3.0505
other people,511,3.0502
see anything,512,3.0502
start getting,236,3.0502
improvement sequentially,109,3.05
capital required,109,3.05
core systems,103,3.0498
increased confidence,221,3.0498
loan balance,173,3.0491
mean don,331,3.0488
sales down,1467,3.0487
incremental improvement,124,3.0486
towards back,175,3.0485
commercial bank,116,3.0484
points favorable,129,3.0483
reached increase,107,3.0483
our ipo,331,3.048
sequentially fourth,185,3.048
combination things,114,3.0478
new relationships,277,3.0472
how long,1542,3.0469
asset side,176,3.0468
return positive,142,3.0465
rebuilding our,111,3.0463
margin guide,313,3.0454
encouraged strong,123,3.0453
address these,200,3.0448
management capabilities,262,3.0447
productivity cost,201,3.0444
revenue diversification,113,3.0443
contributor growth,121,3.0443
need add,191,3.0443
put work,184,3.0441
included guidance,210,3.0441
reflected strong,124,3.0434
increased activity,318,3.0432
margin projected,167,3.0431
number shares,121,3.0427
result new,628,3.0426
increasing capacity,108,3.0425
core portfolio,352,3.0423
these materials,132,3.0422
management software,186,3.0422
different brands,101,3.0416
relations strategic,104,3.0416
was encouraging,212,3.0414
something always,111,3.0412
debt ratio,101,3.0412
two key,384,3.041
now expect,3331,3.041
yeah taking,297,3.0408
term loans,247,3.0408
want close,181,3.0407
within months,243,3.0407
you referred,173,3.0404
guess ask,103,3.0402
didn any,114,3.0399
higher effective,160,3.0396
gmv was,104,3.0395
above industry,153,3.0394
over ten,127,3.0394
organic net,386,3.0392
acquired through,133,3.0391
middle portfolio,109,3.039
ask you,3385,3.0388
full run,270,3.0387
gross loss,223,3.0387
growth constant,407,3.0387
over reaching,174,3.0386
ways get,130,3.0385
products including,484,3.0383
economic data,103,3.0382
shipment growth,123,3.038
new offerings,248,3.0374
margins remain,230,3.0372
percentage average,105,3.0372
expenditures billion,120,3.0372
pleased say,230,3.037
new money,230,3.0366
those headwinds,250,3.036
points sequential,130,3.0359
time period,837,3.0357
these two,1292,3.0355
deliver significant,223,3.0355
single use,165,3.0354
whenever you,110,3.0353
throughout balance,120,3.0351
sort thing,169,3.0347
see any,2201,3.0346
want build,285,3.0346
core asset,145,3.0341
are maintaining,818,3.0337
contributions new,128,3.0337
higher value,977,3.0337
roughly per,174,3.0332
high margin,1301,3.0331
capital priorities,165,3.0331
our vision,947,3.0331
new cfo,196,3.0331
heard today,114,3.0327
okay yeah,222,3.032
was pivotal,100,3.032
disciplined investments,107,3.0312
distribution per,174,3.0304
team execution,198,3.0303
significant number,352,3.0302
positioned well,374,3.0298
improved quality,102,3.0297
numbers around,147,3.0296
capex range,123,3.0295
rob good,115,3.0294
fiscal earnings,621,3.029
five period,129,3.029
work every,196,3.0289
revenue guide,505,3.0289
factors drive,114,3.0288
top clients,119,3.0287
patient demand,149,3.028
continues move,146,3.0275
net losses,126,3.0272
execution operational,109,3.0271
turning our,4462,3.0269
segment includes,115,3.0267
midpoint billion,201,3.0266
ability improve,103,3.0263
actually getting,173,3.026
currently seeing,166,3.0254
expect continued,988,3.0253
improvement basis,497,3.025
give perspective,133,3.0248
building pipeline,133,3.0247
better returns,121,3.0244
two big,290,3.0239
those companies,395,3.0239
activity across,429,3.0235
discuss today,155,3.0232
our abl,122,3.0231
those efforts,325,3.0229
these launches,144,3.0227
delivering long,182,3.0225
can ask,612,3.0224
improved inventory,128,3.0223
new residential,144,3.0219
other products,821,3.0218
growth profitability,1035,3.0217
full service,480,3.021
want sell,127,3.021
increase prior,694,3.0209
points driven,627,3.0207
strong engagement,230,3.0203
five key,114,3.0203
enabling customers,126,3.0201
america segment,170,3.02
how you,21306,3.0199
global team,251,3.0192
take first,1549,3.0192
momentum continued,260,3.0192
lastly expect,107,3.019
two acquisitions,135,3.0185
gaap loss,176,3.0181
cash available,390,3.0181
other major,242,3.018
further improving,101,3.018
brand strength,136,3.0178
safe well,100,3.0175
side side,299,3.0174
fourth included,137,3.0172
decline gross,185,3.0172
buy now,251,3.017
investment made,236,3.0168
results came,157,3.0168
fundamentals are,319,3.0161
continues its,157,3.0161
vehicle margin,122,3.0158
moving down,344,3.0157
deployment capital,145,3.0157
these strategies,160,3.0156
enterprise customer,197,3.0156
other issues,100,3.0154
through automation,144,3.0154
back towards,171,3.0151
context how,189,3.015
number quarters,227,3.0149
approximately representing,156,3.0149
not possible,251,3.0148
innovative new,120,3.0144
exciting see,213,3.0144
results provide,469,3.0139
you confirm,235,3.0136
off price,242,3.0135
don don,360,3.0134
guidance reflecting,318,3.0134
orders come,101,3.0133
ongoing supply,125,3.0133
probably another,120,3.0133
was filed,159,3.0133
are aligned,446,3.0133
are available,1924,3.0132
all categories,287,3.013
activity continues,138,3.0128
hyperscalers are,194,3.0125
you kinda,654,3.012
competitors are,587,3.012
segments management,162,3.012
client segment,109,3.0119
better place,151,3.0116
first repurchased,129,3.0114
need bring,104,3.0114
trends across,330,3.0111
impact inflation,112,3.0111
these activities,175,3.0108
not reflected,207,3.0106
was released,101,3.0106
targeted cost,137,3.0106
costs expenses,278,3.0104
win share,180,3.0102
see evolving,128,3.0097
increased investment,482,3.0097
between gaap,260,3.0096
not historical,202,3.0093
able improve,147,3.0091
tariff driven,150,3.0091
production volume,258,3.0088
remainder expect,124,3.0087
outline our,129,3.0086
such large,136,3.0081
soon can,128,3.0081
digits over,543,3.0081
real momentum,129,3.008
income expense,281,3.0079
markets particularly,204,3.0079
organic base,118,3.0078
based timing,185,3.0074
investor base,135,3.0073
ensure right,100,3.0072
was somewhat,173,3.007
talk through,735,3.007
reach approximately,107,3.0062
probably mid,113,3.0062
underpinning our,133,3.0062
elevate our,206,3.0061
energy supply,100,3.006
pressure due,104,3.0059
building brand,140,3.0059
dividend share,241,3.0059
new categories,289,3.0059
provide best,156,3.0057
use cash,562,3.0056
digit increase,297,3.0052
expectations set,106,3.0051
almost basis,145,3.005
these funds,129,3.0047
new opportunities,1270,3.004
coming days,115,3.0035
environment remain,190,3.0034
both channels,111,3.003
but sounds,298,3.0029
comment any,181,3.0029
revenue range,1517,3.0025
can serve,277,3.0022
still trying,161,3.0021
said comments,142,3.0021
midpoint our,2377,3.0015
key competitive,123,3.0013
has reduced,222,3.0012
first all,4392,3.0011
changes working,131,3.0002
you said,7720,3.0001
expectations reflecting,115,2.9998
results impacted,156,2.9991
can drive,1135,2.9991
but wanted,1051,2.9988
gains both,180,2.9987
our proprietary,1050,2.9986
potential expand,110,2.9983
robust performance,151,2.9979
lower unit,116,2.9978
evident our,241,2.9977
good portion,183,2.9976
first off,830,2.9976
chris said,110,2.9975
spend per,229,2.9973
expected mid,243,2.997
driven solid,167,2.9966
segment profitability,169,2.9964
other smaller,113,2.996
potential further,222,2.996
challenges had,111,2.9959
key operational,170,2.995
saw last,644,2.9949
earlier remarks,130,2.9948
talked having,109,2.9946
ratio end,286,2.9945
two percentage,183,2.9945
grow expand,105,2.9945
inc continues,112,2.9941
but not,8265,2.9939
giving customers,108,2.9937
using same,129,2.9933
great momentum,357,2.993
per dollar,114,2.993
these updates,120,2.993
remain near,106,2.9924
our suppliers,673,2.9923
includes non,113,2.9922
still growing,323,2.992
cash items,254,2.9918
until see,198,2.9918
find new,227,2.9914
over increase,3217,2.9913
talk lot,485,2.9912
can contribute,108,2.9903
happen but,405,2.99
acquisition cost,368,2.9893
arr guidance,111,2.9893
approximately excluding,175,2.9892
large customers,668,2.9891
equity based,153,2.9889
prior included,127,2.9881
update forward,239,2.9879
you seen,5983,2.9877
financial corporation,196,2.9873
lot companies,239,2.9872
costs percentage,143,2.9871
markets remain,340,2.9869
products solutions,268,2.9869
you suggested,103,2.9862
take off,284,2.9859
generate revenue,294,2.9858
delivered mid,102,2.9856
last quarters,545,2.9855
but say,2873,2.9854
include impact,149,2.9852
numbers here,135,2.9851
long range,528,2.9847
approximately patients,298,2.9843
commerce sales,140,2.9842
teams around,159,2.9842
nearly over,675,2.984
revenue rising,143,2.9838
price productivity,116,2.9837
debt capital,504,2.9837
fact had,195,2.9835
tenants are,270,2.9834
bookings billion,161,2.9834
lot investors,140,2.9833
portion our,1716,2.9833
gentlemen you,606,2.983
can touch,167,2.9829
marketing support,146,2.9825
outlook range,306,2.9825
remarks before,181,2.9825
diversity our,231,2.9823
guidance remains,370,2.981
over prior,2350,2.9809
declined prior,112,2.9806
potential opportunities,269,2.98
continues remain,166,2.98
noted last,221,2.9799
improved working,151,2.9798
month free,109,2.9795
capex side,102,2.9793
largest segment,108,2.9787
channel expansion,125,2.9787
robust growth,583,2.9786
production capabilities,139,2.9786
talking lot,206,2.9785
provide guidance,506,2.9782
premium product,168,2.978
adjusted return,323,2.9777
terms pricing,444,2.9776
expected slightly,147,2.9775
phase development,100,2.9774
dividends billion,104,2.9767
due changes,176,2.9766
hey great,240,2.976
deliver positive,171,2.9758
driven productivity,157,2.9754
across states,156,2.9747
billion adjusted,1334,2.9746
strategic areas,114,2.9745
dynamics around,115,2.9745
confidence around,198,2.9744
impacted approximately,125,2.9744
order able,124,2.9741
can actually,1003,2.9739
couple other,442,2.9739
don gonna,102,2.9739
down cycle,177,2.9733
grow top,183,2.9729
discuss results,142,2.9722
little context,102,2.9722
orders coming,105,2.9721
generating billion,102,2.9721
our internal,1597,2.972
plan use,158,2.9718
new record,700,2.9716
strategy drive,289,2.9714
potential incremental,121,2.9712
sequentially fiscal,124,2.9711
margin increased,1220,2.9706
every one,567,2.9705
equity income,157,2.9704
mid long,274,2.9704
returning growth,201,2.9704
numbers but,622,2.9704
interest expenses,232,2.9703
investments innovation,139,2.9701
joining look,283,2.97
had remaining,128,2.9694
growing sequentially,104,2.9693
kind hit,131,2.9692
savings approximately,142,2.9691
welcome back,130,2.9686
are testament,151,2.9684
media segment,113,2.9682
continues increase,355,2.9682
bring those,291,2.9679
who already,134,2.9675
joe good,125,2.9672
first fiscal,1091,2.9672
contributed revenue,196,2.967
response has,147,2.9669
deliver high,319,2.9664
you michelle,126,2.9663
continued disciplined,132,2.9659
term visibility,141,2.9659
not hearing,107,2.9659
monthly revenue,114,2.9656
units down,115,2.9656
contribute revenue,117,2.9651
implies growth,111,2.965
new facility,372,2.9646
revenue visibility,319,2.9646
breadth our,516,2.9644
return growth,1075,2.9637
are driving,2536,2.9625
see reflected,166,2.9625
returns capital,238,2.9618
you laid,473,2.9617
global brand,158,2.9617
actually doing,199,2.9615
had lot,948,2.9615
end third,829,2.9614
international sales,389,2.9606
over years,3081,2.9604
not having,571,2.9604
are translating,114,2.9604
higher tax,324,2.9603
total gross,525,2.9603
build off,139,2.9602
fiscal reflecting,144,2.9602
here near,176,2.9601
are equally,123,2.9599
certain forward,213,2.9598
making process,109,2.9595
similar seen,102,2.9595
mark mentioned,151,2.959
continued innovation,178,2.9586
you clarify,494,2.9586
over dave,243,2.9585
sure yes,384,2.9584
contributed strong,112,2.9584
contributing approximately,128,2.9583
who had,328,2.9582
positive organic,139,2.958
cost standpoint,122,2.9578
taking want,351,2.9577
scale production,169,2.9577
those channels,168,2.9571
time since,447,2.9569
clearly lot,131,2.9566
expenses primarily,178,2.9565
long way,513,2.9563
driven double,208,2.9561
third generation,172,2.956
two additional,378,2.9558
product revenues,321,2.9555
build brand,148,2.9554
ongoing progress,135,2.9554
resilience our,737,2.9553
supported increased,128,2.955
shift focus,109,2.9548
beginning third,117,2.9547
approximately incremental,219,2.9546
term deposits,127,2.9545
specific customer,193,2.9544
dave good,113,2.9543
relationships across,143,2.9542
half second,917,2.954
both short,193,2.9538
growth moderate,137,2.9537
billion consolidated,126,2.9537
certainly feel,118,2.9535
drive organic,157,2.9535
change way,221,2.9533
commercial segment,295,2.9532
continue scale,595,2.9532
premium growth,595,2.9531
one else,180,2.9531
focused trying,103,2.9527
cash investments,732,2.9527
can grow,913,2.9524
are follows,103,2.9523
ships are,141,2.9521
closed billion,135,2.9518
wanted take,209,2.9517
are signing,118,2.9517
changing how,126,2.9516
efficiencies cost,110,2.9516
core products,309,2.9512
done pretty,124,2.9509
points previous,102,2.9505
health segment,125,2.9503
driving organic,109,2.9502
services such,118,2.95
services solutions,164,2.95
four points,166,2.9499
efficiency across,312,2.9499
least basis,175,2.9498
three businesses,133,2.9497
probably pretty,139,2.9496
opportunities further,284,2.9494
investment areas,141,2.9492
actually seen,231,2.9492
continue support,753,2.949
phase one,445,2.9488
share paid,141,2.9486
full potential,483,2.9486
but hopefully,254,2.9482
was above,799,2.9479
you strip,121,2.9478
decrease gross,109,2.9477
ebitda guide,157,2.9476
continue play,237,2.9472
agree you,324,2.947
outstanding end,144,2.9469
end january,156,2.9469
shareholders remain,106,2.9466
lower gross,498,2.9465
pipeline development,156,2.9464
great confidence,229,2.9463
sell opportunity,102,2.9462
certainly help,124,2.9461
making great,321,2.946
anything out,350,2.9459
strong relationship,116,2.9455
order provide,112,2.9453
two four,172,2.9451
lead customer,115,2.9448
effective cost,144,2.9444
project work,144,2.9444
strong organic,410,2.9444
over long,2722,2.944
can lean,100,2.9434
increased led,129,2.9434
chain management,158,2.943
operational perspective,106,2.9426
base continues,137,2.9424
things might,185,2.9424
deliver mid,120,2.9423
including recent,187,2.9422
different markets,346,2.9421
was raised,270,2.9421
add few,126,2.9421
yeah mark,143,2.942
you break,503,2.942
day rates,206,2.9412
carriers are,195,2.9411
per treatment,100,2.9411
sense given,100,2.9409
capital resources,116,2.9409
other technologies,137,2.9406
impact tariff,150,2.9406
slightly due,119,2.9402
highest margin,178,2.9401
lower costs,423,2.9399
not matter,128,2.9394
see stability,102,2.9392
now complete,218,2.9389
kind interesting,102,2.9389
flows billion,112,2.9385
remains significant,184,2.9385
greater share,229,2.9384
yeah okay,208,2.938
share midpoint,204,2.938
even longer,113,2.9379
focus efficiency,155,2.9378
fiscal expect,729,2.9375
investment strategy,304,2.937
loans total,164,2.9367
core areas,112,2.9365
did last,645,2.9364
anticipate full,186,2.9362
did talk,217,2.9362
single low,162,2.936
was tough,138,2.9359
margin headwind,182,2.9358
operators are,327,2.9352
helpful second,287,2.9347
strong financial,1527,2.9346
continue encouraged,141,2.9346
can say,1703,2.9345
multiple large,102,2.9344
same lines,100,2.9335
impact middle,116,2.9333
don specific,128,2.9327
margin guidance,1579,2.9327
budgets are,149,2.9323
details our,1805,2.9323
between quarters,162,2.9322
segment continues,221,2.9322
down ago,287,2.9321
combined portfolio,121,2.932
together believe,143,2.9319
strong backlog,258,2.9319
are assuming,512,2.9318
particularly large,124,2.9314
consistent seen,141,2.9313
demand visibility,111,2.9313
five points,167,2.9312
exceed our,546,2.9307
over rick,136,2.9302
was exceptional,166,2.93
follow david,109,2.9298
good start,941,2.9292
already had,372,2.9289
any significant,607,2.9286
being put,173,2.9283
has significantly,259,2.9283
expect capex,260,2.9278
scale scale,124,2.9277
was billion,3849,2.9277
getting little,338,2.9277
sequentially compared,146,2.9275
always look,359,2.9274
built strong,257,2.9274
actually had,439,2.927
good understanding,101,2.927
launched last,199,2.9268
future development,214,2.9268
last days,278,2.9266
new projects,554,2.9265
board management,149,2.9265
cloud revenue,448,2.9261
view how,374,2.926
even slightly,104,2.9259
maybe couple,386,2.9256
store basis,251,2.9254
sense kind,247,2.9252
future results,533,2.9251
allows continue,158,2.9247
actually seeing,414,2.9243
new agreements,144,2.924
beginning fourth,118,2.9235
grow above,104,2.9235
included non,106,2.9233
compared adjusted,672,2.9227
has nothing,119,2.9223
are capturing,145,2.9222
backlog end,218,2.922
things keep,132,2.9216
talk whether,118,2.9215
still need,383,2.9215
guys are,2607,2.9214
was designed,298,2.921
gaap income,374,2.9206
yeah certainly,187,2.9205
based solutions,240,2.9204
not showing,167,2.9204
our thesis,184,2.9203
our sweet,113,2.9201
summarize our,269,2.92
right middle,150,2.9193
first phase,494,2.919
seen meaningful,114,2.9188
you correctly,227,2.9186
conversion adjusted,166,2.9186
commercial channel,122,2.9184
yes helpful,189,2.9183
mix within,245,2.9183
flow outlook,343,2.9182
saw positive,193,2.9182
range adjusted,659,2.9181
commercial activity,170,2.918
can optimize,150,2.9179
full free,476,2.9179
has increased,1245,2.9178
those metrics,224,2.9173
put number,163,2.9173
are proactively,126,2.9173
can put,593,2.9172
increased spending,131,2.9172
was approximately,2579,2.9169
improved mix,158,2.9164
new normal,221,2.9162
hear how,221,2.916
debt billion,465,2.916
improvement plan,173,2.9159
those products,1067,2.9158
continue move,611,2.9157
out marketplace,167,2.9149
margin decline,353,2.9149
quarters positive,164,2.9147
significant expansion,265,2.9143
results fourth,721,2.914
these locations,116,2.914
star time,101,2.9135
continued solid,129,2.9134
mentioned few,237,2.9133
lenders are,107,2.9132
other opportunities,646,2.913
ended strong,241,2.9129
over sean,142,2.9127
transforming our,199,2.9126
get benefit,360,2.9125
reinforced our,198,2.9125
retailers are,329,2.9124
had great,873,2.9123
indicators are,190,2.9122
had favorable,154,2.9122
particularly important,113,2.912
continue pay,214,2.9119
leverage levels,127,2.9116
aspects our,400,2.9113
yeah don,345,2.9113
achieve higher,124,2.9112
meaningful free,102,2.9111
transcript mark,109,2.9099
planned capital,161,2.9099
moment time,218,2.9099
are supportive,132,2.9099
you got,6962,2.9095
our arms,110,2.9094
see sequential,310,2.9093
good joe,120,2.9083
most meaningful,135,2.9083
ramp second,185,2.9082
nice growth,478,2.9079
given comments,103,2.9074
are involved,210,2.9073
large opportunity,300,2.9072
strongest growth,152,2.9068
during may,380,2.9067
platform continues,215,2.9065
continuing support,114,2.9064
sales productivity,269,2.9063
lower margin,992,2.9062
place right,256,2.9062
markets europe,158,2.9059
our current,5903,2.9059
has pretty,617,2.9059
software segment,120,2.9058
led growth,548,2.9057
always talk,134,2.9057
stable demand,124,2.9055
thinking pricing,145,2.9054
address those,179,2.905
benefit related,163,2.9048
delivered significant,168,2.9047
key financial,522,2.9046
projected full,114,2.9045
see continued,1232,2.9041
yeah look,746,2.9041
key partners,137,2.9037
industry specific,124,2.9037
guys mentioned,231,2.9037
one month,420,2.9035
new gold,101,2.9035
chris good,248,2.9032
pipeline expansion,180,2.9031
provides strong,125,2.9029
significant momentum,205,2.9028
you taking,5213,2.9025
period prior,358,2.9025
statements future,144,2.9022
are creating,616,2.902
recent investments,143,2.9019
see opportunities,1092,2.9018
simplify our,230,2.9018
continue delivering,338,2.9018
higher retention,132,2.9016
pillar our,337,2.9015
achieved through,214,2.9014
most competitive,145,2.9012
last reflecting,381,2.9011
both ways,111,2.9009
exceeding our,859,2.9006
seeing pressure,147,2.9005
lower effective,100,2.9003
consistent saw,120,2.9
has successful,172,2.8997
impact currency,130,2.8986
lowered our,263,2.8981
industrial customers,192,2.8979
mid low,126,2.8973
making strategic,147,2.8972
total return,209,2.897
all four,446,2.8969
acceleration second,111,2.8968
underscore our,181,2.8966
was prudent,139,2.8962
approximately includes,142,2.8962
underlying operating,152,2.8961
prior turning,195,2.8961
week two,114,2.8959
showcase our,131,2.8958
want everyone,271,2.8956
returned growth,193,2.8954
teams work,115,2.8954
benefits related,109,2.8954
good jeff,162,2.8954
areas within,128,2.8954
information these,264,2.8951
new hardware,115,2.8951
let get,536,2.8948
geographic revenue,112,2.8948
expenses increase,405,2.8945
last nine,101,2.8942
using data,189,2.8941
big changes,100,2.8939
network volume,112,2.8938
number initiatives,175,2.8937
great visibility,120,2.8935
project mix,110,2.8932
you explain,226,2.8932
cash payments,168,2.893
additional benefits,110,2.8929
ebitda eps,202,2.8925
high visibility,110,2.8925
last comment,222,2.8922
certainly saw,132,2.8922
loan volume,160,2.892
remarks talked,155,2.8917
obviously always,152,2.8916
taking here,331,2.8915
term priorities,124,2.8912
starting top,109,2.8908
seen improvement,208,2.8907
other programs,229,2.8907
can keep,374,2.8906
first one,3624,2.8903
expenses including,279,2.8902
addition during,146,2.8901
driving strong,464,2.8899
was below,529,2.8899
best experience,102,2.8896
area opportunity,105,2.8891
can build,727,2.889
good trajectory,133,2.8888
liquidity total,119,2.8888
leverage scale,139,2.8886
remains positive,142,2.888
always say,221,2.8878
sorry was,274,2.8876
over primarily,1260,2.8871
our vertically,124,2.887
management plans,152,2.8867
potential risk,145,2.8867
costs including,376,2.8863
bottom right,103,2.8863
expansion initiatives,142,2.886
international revenue,595,2.886
either through,163,2.886
healthy growth,485,2.8858
care costs,130,2.8857
revenue contributions,131,2.8856
but overall,1964,2.8855
higher yield,127,2.8855
discuss how,232,2.8854
contemplated our,215,2.8853
ended being,108,2.8852
grow between,181,2.8852
pretty positive,181,2.8849
strategic acquisition,152,2.8847
help make,231,2.8847
another significant,187,2.8843
full benefit,357,2.8841
lower margins,334,2.8841
collaboration revenue,123,2.8841
are considering,250,2.8841
streamline our,261,2.8839
during prepared,158,2.8835
are flowing,131,2.8835
probably something,116,2.8833
potential additional,210,2.883
its full,419,2.8829
over tom,292,2.8824
strong profitability,349,2.8824
expect full,1457,2.8814
use capital,455,2.8813
large percentage,107,2.8812
batteries are,100,2.8812
cash returns,255,2.881
strong visibility,173,2.8806
all above,484,2.8805
increases across,220,2.8804
billion backlog,223,2.8801
can sell,325,2.88
delivering significant,113,2.8795
services provide,186,2.8794
continue keep,291,2.879
margin came,205,2.8788
saw increase,392,2.8787
here too,120,2.8784
number areas,142,2.878
see how,3168,2.8779
repurchases billion,154,2.8778
loss fourth,209,2.8776
love see,153,2.8774
seen throughout,106,2.8771
new talent,133,2.877
during same,346,2.8768
happy share,145,2.8766
remarks ahead,239,2.8766
extends our,176,2.8765
relative basis,220,2.8758
driven increases,156,2.8757
our philosophy,295,2.8753
available today,263,2.875
our unwavering,132,2.8749
started out,234,2.8748
incremental sales,370,2.8747
development investor,133,2.8743
those trends,413,2.8739
both north,226,2.8739
even excited,156,2.8735
adjusted constant,108,2.8734
see improvement,787,2.8733
costs increased,475,2.8731
new contract,396,2.8731
incremental capital,317,2.8729
above level,120,2.8727
way run,137,2.8724
out home,216,2.8723
got good,895,2.8723
ebitda non,446,2.8721
guess couple,130,2.872
driving increased,283,2.8719
new markets,1481,2.8718
pipeline progress,168,2.8718
product pipeline,372,2.8717
large global,173,2.8716
are highly,795,2.8706
based approach,150,2.8706
shareholders now,507,2.8704
net capex,211,2.8704
across major,222,2.8703
each brand,106,2.8703
decrease net,175,2.8703
rules are,137,2.8702
follow after,115,2.8699
oems are,252,2.8695
new partnership,266,2.869
billion available,300,2.8684
rate percentage,202,2.8683
made several,105,2.868
strong leasing,102,2.8677
change mix,162,2.8671
thing did,131,2.8671
new platforms,253,2.867
project level,115,2.8669
lower tax,209,2.8666
reduced net,158,2.8666
conjunction our,149,2.8666
strong cash,1810,2.8663
our assortment,481,2.866
are referring,177,2.8659
rate decline,218,2.8657
those loans,331,2.8655
are beginning,1080,2.8652
power supply,120,2.8652
cost initiatives,290,2.8647
thoughts maybe,103,2.8646
margins basis,505,2.8643
ability add,104,2.864
last decrease,210,2.8638
you comment,1767,2.8633
billion cash,1618,2.8631
offerings across,121,2.863
announced new,461,2.8624
driving improvement,146,2.8617
within segment,297,2.8617
improving performance,175,2.8613
assumptions are,577,2.8608
beyond core,111,2.8606
terms overall,438,2.8606
you dig,224,2.8606
dealers are,189,2.8605
digital only,118,2.8605
our fifth,306,2.8602
reported sales,410,2.8601
expectation full,120,2.8596
through december,214,2.8591
yeah guess,201,2.859
not change,775,2.8588
growth strategy,1891,2.8583
you shouldn,116,2.8583
lot time,1360,2.8579
industry volumes,136,2.8579
not trying,469,2.8578
doing pretty,167,2.8577
before getting,157,2.8573
delivered revenue,673,2.8573
off rate,335,2.8568
ahead anticipate,109,2.8567
sales comparable,148,2.8567
product quality,271,2.8563
good amount,259,2.8562
sales trends,379,2.8561
other property,122,2.8559
portfolio mix,334,2.8549
get stronger,146,2.8548
infrastructure services,104,2.8548
continue try,178,2.8548
another follow,116,2.8544
approximately negative,125,2.854
these markets,1124,2.8538
bring value,153,2.8537
flat last,295,2.8536
off top,153,2.8534
equity interest,110,2.8534
yeah michael,170,2.853
through course,396,2.8529
customer pay,107,2.8522
looks little,114,2.8522
growth internationally,106,2.8521
coverage across,106,2.852
strong growth,4595,2.8516
reiterate our,441,2.8508
comp growth,349,2.8506
generate lot,111,2.8503
scale across,378,2.85
expectations remain,166,2.8498
environment particularly,101,2.8497
was described,301,2.8494
has delivered,434,2.8489
multiyear growth,212,2.8489
time talking,287,2.8488
transaction based,124,2.8486
are adding,723,2.8484
trying take,144,2.8478
agents can,218,2.8477
those cases,179,2.8476
bookings increased,101,2.8475
expect adjusted,1423,2.847
approach pricing,125,2.8463
every other,320,2.8459
organizations are,219,2.8456
revenues increase,279,2.8454
onto our,288,2.8453
sort thinking,131,2.845
streamlining our,185,2.845
relative value,177,2.8449
second generation,263,2.8448
see lot,1735,2.8447
those processes,102,2.8446
relative overall,117,2.8445
technology used,100,2.8443
grew adjusted,336,2.8439
product service,396,2.8437
all earnings,2147,2.8434
investment innovation,137,2.8433
are gonna,1115,2.8432
now underway,116,2.8432
five point,161,2.8431
are holding,340,2.843
allows customers,120,2.8424
positioned long,156,2.8422
things come,360,2.8419
driven reduction,161,2.8415
statements due,153,2.8415
big number,196,2.8413
was impressive,117,2.8406
achieve full,124,2.8406
billion capex,210,2.8404
these stores,239,2.8403
done well,480,2.8396
these savings,253,2.8396
tremendous growth,227,2.8394
larger opportunity,102,2.8392
was talking,619,2.839
annual increase,210,2.8389
not case,345,2.8387
ratio net,266,2.8385
offset pricing,178,2.8385
confidence able,111,2.838
quality portfolio,197,2.8379
times net,239,2.8378
not buying,155,2.8374
continue create,243,2.8373
development capabilities,107,2.8372
one reason,175,2.8367
versus other,568,2.8364
turning capital,336,2.8363
over exceeding,186,2.8363
new unit,303,2.8363
full eps,272,2.8363
cash offer,144,2.8363
increased engagement,125,2.836
across rest,170,2.8357
team efforts,115,2.8356
priorities are,807,2.8354
below guidance,175,2.8354
don talk,262,2.8353
today come,514,2.8353
americas revenue,104,2.8352
was asked,184,2.8351
record net,366,2.8351
trends continue,428,2.8349
great maybe,870,2.8344
over longer,656,2.8342
expect return,381,2.8341
period increase,464,2.8341
plan build,134,2.8339
but general,591,2.8334
commercial clients,120,2.8332
behalf our,285,2.833
get color,260,2.833
fourth was,2194,2.833
substantial cash,120,2.8324
all different,871,2.832
great detail,118,2.8319
proud our,1274,2.8318
you spoken,143,2.8318
important strategic,181,2.8315
versus expectations,204,2.8313
shareholder capital,136,2.8307
results reported,276,2.8307
our omnichannel,226,2.8305
income margin,899,2.8305
experienced last,116,2.8297
are keeping,294,2.8294
make significant,321,2.8291
are increasing,1582,2.8291
future years,461,2.8289
all verticals,103,2.8289
you answered,207,2.8285
all participation,115,2.8278
percentage basis,232,2.8272
mike good,257,2.8272
sure get,477,2.827
take opportunity,419,2.827
mentioned last,831,2.8269
differentiate our,223,2.8268
operations was,1069,2.8268
quarters come,179,2.8267
higher cost,938,2.8264
time history,117,2.8261
through june,171,2.8255
both terms,727,2.8254
significant benefits,121,2.8251
rate return,247,2.825
among those,120,2.825
goes out,128,2.8248
based diluted,109,2.8247
over driven,2456,2.8245
consumption growth,205,2.8244
maintaining our,1467,2.8237
full forecast,104,2.8235
kevin good,130,2.8234
sell out,206,2.8231
our iconic,139,2.8229
touched but,101,2.8224
probably better,186,2.8223
thinking through,362,2.8221
significant investment,288,2.822
performance based,555,2.8219
higher return,276,2.8218
between different,187,2.8218
reflect higher,113,2.8216
curious get,186,2.8216
over summer,159,2.8215
years later,126,2.8212
two half,541,2.8211
point care,156,2.8209
another positive,143,2.8206
points percentage,156,2.8202
currency growth,526,2.8196
management announced,184,2.8189
saw record,132,2.8189
income reported,185,2.8188
dollar per,101,2.8183
floor over,131,2.8183
software revenue,439,2.818
our diversified,804,2.818
enterprise platform,118,2.8177
our fastest,383,2.8177
annual rate,201,2.8173
full size,139,2.8167
other risks,169,2.8166
point solutions,258,2.8166
can play,276,2.8166
are capable,131,2.8163
can walk,158,2.8163
development team,232,2.8159
reps are,120,2.8156
ago had,272,2.8155
manage cost,116,2.8154
anticipated impact,130,2.8153
fiscal adjusted,514,2.8152
both online,105,2.8151
had several,240,2.8149
volumes remain,100,2.8148
financial guidance,1153,2.8147
percentage overall,125,2.8147
center related,113,2.8146
might get,246,2.8144
are picking,136,2.8137
doing same,228,2.8136
importantly continue,201,2.8134
until second,108,2.8134
four half,159,2.8132
high percentage,180,2.8131
those segments,260,2.813
established new,113,2.8129
all things,1372,2.8121
are establishing,104,2.8119
had good,1348,2.8116
advertising other,100,2.8111
understand kind,257,2.811
portfolio management,576,2.8109
revenues approximately,235,2.8108
best guess,108,2.8107
time tell,180,2.8105
over jim,263,2.8103
chains are,110,2.8103
back comment,158,2.8103
ended compared,105,2.8102
pleased early,117,2.81
asset acquisition,101,2.8097
diversified revenue,129,2.8097
our entire,1456,2.8096
commercial capabilities,127,2.8093
different products,291,2.8093
solutions delivered,104,2.8093
those changes,411,2.8093
driven approach,179,2.8091
one key,781,2.8088
side obviously,268,2.808
execution strategic,118,2.8078
across north,245,2.8074
period used,106,2.8072
had success,169,2.8072
increase driven,697,2.8071
global technology,167,2.8071
incremental ebitda,187,2.8068
bit further,418,2.8066
forward basis,943,2.8066
spreads are,328,2.8066
down almost,109,2.8064
expansion basis,471,2.8064
continued decline,151,2.8062
volumes pricing,125,2.8062
advancement our,170,2.8061
our initial,1928,2.8059
center customers,310,2.8058
fiscal non,287,2.8058
significant free,231,2.8056
gave you,700,2.8055
debt end,409,2.8054
decrease driven,114,2.8051
consumer commercial,158,2.8046
single platform,221,2.8045
decreased billion,143,2.804
includes forward,156,2.804
are ones,453,2.8038
such important,109,2.8035
fourth adjusted,721,2.8031
position cash,487,2.8029
increase was,2762,2.8027
was fantastic,100,2.8027
cost perspective,273,2.8027
growth targets,365,2.8025
above billion,271,2.8025
margins mid,145,2.8024
can remember,153,2.8023
expect total,944,2.8023
five basis,226,2.8022
talk sort,227,2.8013
eight new,126,2.8013
increased prior,525,2.8013
cash stock,241,2.8012
provide better,246,2.801
one way,1015,2.8009
over remainder,251,2.8009
last october,107,2.8009
delivering great,175,2.8004
substantial growth,301,2.8003
offset volume,164,2.8003
are rolling,275,2.8002
our strategic,5781,2.8
was cited,159,2.7999
terms getting,252,2.7997
talk why,126,2.7997
meaningful long,174,2.7994
help better,216,2.7993
solutions grew,113,2.7993
services delivered,120,2.799
seen quite,100,2.7986
all metrics,269,2.7985
investment spend,123,2.7982
total number,391,2.7981
better best,184,2.7975
core strength,125,2.7975
return program,112,2.7974
mortgage revenue,209,2.7972
particular product,135,2.7972
able talk,211,2.7967
segment specific,120,2.7964
reflects increase,141,2.7963
how often,119,2.7962
economic growth,344,2.796
rates improved,141,2.796
focused operational,149,2.796
end april,140,2.7955
not directly,262,2.7952
several new,509,2.7952
after end,349,2.7948
new commitments,110,2.7946
several strategic,108,2.7944
fees other,112,2.7943
higher revenues,293,2.7943
greater impact,135,2.794
positive price,243,2.7936
cash yield,164,2.7935
any such,263,2.7935
ways one,187,2.793
see strong,2320,2.793
use non,208,2.7929
growth across,3726,2.7928
feel got,205,2.7928
these opportunities,843,2.7927
lower sales,929,2.7927
interest support,208,2.7925
our dealers,374,2.7925
are buying,457,2.7917
midpoint expect,199,2.7915
higher energy,219,2.7915
inventory balance,164,2.7911
risks other,166,2.7907
improving demand,150,2.7905
multiple markets,144,2.7902
energy markets,160,2.7899
driven volume,380,2.7898
hit those,147,2.7897
are not,14508,2.7896
consecutive over,266,2.7893
had big,311,2.7892
are accelerating,650,2.7891
costs lower,381,2.789
driving demand,268,2.7888
not comment,332,2.7885
core infrastructure,101,2.7882
conversations are,520,2.7882
are managing,562,2.7881
sure can,925,2.7881
guess sort,165,2.788
money back,101,2.7876
recent progress,117,2.7871
opportunity further,275,2.787
asset mix,132,2.787
commercial pipeline,169,2.7868
customers arr,117,2.7868
larger share,201,2.7865
made date,126,2.7865
but won,214,2.7864
organic expansion,130,2.7862
value bring,146,2.7861
are utilizing,141,2.7861
full generated,154,2.786
parallel are,122,2.7859
rate debt,323,2.7857
increased marketing,236,2.7854
number projects,142,2.785
capital improvements,206,2.7846
want grow,288,2.7845
partners including,175,2.7841
expectations driven,293,2.7837
those savings,240,2.7836
all parts,221,2.7836
see biggest,154,2.7835
guys talk,163,2.7833
might actually,104,2.7831
efforts around,138,2.7829
our team,8215,2.7828
level investment,252,2.7827
cloud customers,232,2.7825
compared ended,103,2.7824
points basis,712,2.7824
credit portfolio,277,2.7823
increase previous,117,2.7822
look rest,183,2.782
one best,545,2.7817
activity during,197,2.7815
now anticipate,342,2.7815
consolidated cash,131,2.781
flexibility continue,207,2.7809
reported gross,187,2.7808
applications across,134,2.7807
you repeat,467,2.7804
come michael,141,2.7803
based off,225,2.7801
our culture,651,2.7799
core customer,344,2.7798
sure getting,153,2.7797
are tightening,105,2.7797
see changing,123,2.7797
our divisions,157,2.7795
range despite,101,2.7792
within target,122,2.779
over multiyear,183,2.7784
substantial capital,102,2.7783
performance delivered,252,2.7782
are saying,613,2.778
enough time,106,2.778
growth excluding,673,2.7779
seen pretty,185,2.7779
outlook starting,115,2.7778
compared previously,103,2.7776
being little,530,2.7775
see benefit,586,2.7774
are lowering,152,2.7773
new home,298,2.7765
prices increased,145,2.7756
sales compared,818,2.7756
off platform,206,2.7754
commercial scale,153,2.7751
data phase,199,2.7742
was pretty,1192,2.7742
segment organic,163,2.7739
new user,171,2.7738
approach has,328,2.7736
operating structure,174,2.7736
statements additional,120,2.7735
point benefit,230,2.7732
has generated,215,2.7731
part process,167,2.773
want create,105,2.773
had expected,615,2.7722
related projects,117,2.7721
why made,104,2.772
are delivering,1297,2.7719
taking couple,158,2.7719
therefore not,128,2.7716
move past,119,2.7716
expect ramp,201,2.7714
growth americas,154,2.7713
make better,331,2.7713
within portfolio,343,2.7712
initial data,119,2.7711
guidance detail,135,2.7709
director well,118,2.7708
only today,425,2.7707
kind give,452,2.7707
value create,124,2.7704
was roughly,521,2.7704
increase basis,910,2.77
revenue decrease,322,2.7694
increased percentage,171,2.7693
room continue,107,2.7691
not materially,216,2.769
create lot,135,2.7679
growth respectively,170,2.7676
you cannot,475,2.7676
two points,495,2.7674
physicians are,253,2.7673
other cases,121,2.7668
over respectively,154,2.7667
revenue expected,1493,2.7659
demonstrating our,595,2.7654
rate was,2615,2.7654
across footprint,116,2.7653
was supported,434,2.7652
these brands,288,2.7652
our atm,232,2.7651
anything you,2561,2.7651
revenues grow,119,2.7649
reduced approximately,101,2.7647
under gaap,155,2.7646
great wanted,239,2.7644
continue bring,269,2.7641
dan good,106,2.7639
something important,143,2.7638
help get,370,2.7634
you instructions,1211,2.7632
roughly total,119,2.7631
copy our,133,2.7631
see positive,763,2.7627
within our,6678,2.762
last shared,111,2.7618
those are,9687,2.7617
fourth representing,118,2.7615
reach new,229,2.7613
ability help,116,2.7612
are yielding,132,2.7612
active management,127,2.7611
play through,182,2.7609
digital sales,353,2.7608
are aggressively,163,2.7606
however continue,174,2.7599
revenue adjusted,2232,2.7598
sequentially third,147,2.7597
meet those,163,2.7593
headwinds management,112,2.7591
new vehicles,111,2.759
firms are,114,2.7588
guess kind,384,2.7588
higher costs,542,2.7587
reported total,194,2.7586
annual sales,306,2.7586
rates above,101,2.7583
feel positive,148,2.7582
are able,2986,2.7582
pipeline potential,152,2.7581
continues make,199,2.758
based model,213,2.7576
slightly prior,122,2.7575
sales representing,233,2.7572
these applications,184,2.7572
further remarks,158,2.7569
statements based,157,2.7567
our sec,980,2.7567
ended second,189,2.7566
you guiding,400,2.7562
brian said,109,2.7562
one factor,115,2.756
performance improvements,150,2.756
our updated,1504,2.7559
loss improvement,113,2.7556
scalability our,206,2.7551
additional capital,539,2.7551
today available,242,2.755
are generating,509,2.7549
kind similar,219,2.7549
investment tax,151,2.7548
term commitment,119,2.7545
themselves but,114,2.7544
need able,231,2.7544
pretty early,175,2.7543
maybe expand,211,2.7542
new technology,883,2.7539
trend lower,105,2.7535
percentage increase,192,2.7534
course last,363,2.7527
unit basis,150,2.7524
similar way,109,2.7523
has largely,191,2.7522
generation platform,125,2.7515
being down,505,2.7515
across most,593,2.7514
not big,725,2.7511
leverage improved,120,2.7505
progress building,129,2.7503
enable continue,118,2.7503
major customer,156,2.7502
asset level,137,2.7501
inc brand,106,2.75
ratio down,197,2.7498
portfolio brands,133,2.7498
center segment,134,2.749
appreciate you,2464,2.749
future financial,537,2.7487
through partnerships,126,2.7485
sure people,179,2.748
broader customer,118,2.7479
one third,1135,2.7478
materially any,100,2.7476
are definitely,714,2.7474
set new,454,2.7473
billion end,1210,2.7473
tom good,124,2.7472
represents growth,335,2.7466
result these,393,2.7463
those three,658,2.7463
including stock,107,2.7458
appendix our,140,2.7456
our headquarters,101,2.7455
rmb over,149,2.7454
driven improvements,130,2.7452
today may,579,2.7449
detail how,208,2.7446
understand better,121,2.7444
flow margin,911,2.7443
get through,1357,2.7443
can develop,114,2.7442
cover all,116,2.7439
projected adjusted,102,2.7437
offer customers,128,2.7435
sales billion,1532,2.7435
sure sure,204,2.7434
other initiatives,302,2.7427
gross tariff,108,2.7425
focus profitability,134,2.7423
but didn,297,2.7421
now happy,224,2.7421
including tariffs,115,2.7419
underlying basis,129,2.7418
getting benefit,106,2.7417
only way,243,2.7417
say too,118,2.7412
may seen,273,2.7407
arr billion,102,2.7405
show strong,134,2.7403
manufacturers are,136,2.7403
customers want,879,2.74
are adjusting,175,2.7397
has quite,293,2.7396
today pleased,245,2.7393
efficiencies through,140,2.739
early say,335,2.7388
sheet leverage,111,2.7388
got guess,188,2.7386
hit all,185,2.7385
spend little,206,2.7382
wondering maybe,137,2.7381
record results,288,2.7381
helpful one,387,2.738
see similar,335,2.7379
getting people,130,2.7379
how did,681,2.7379
power capacity,112,2.7378
underscoring our,279,2.7377
one point,1187,2.7375
something working,138,2.7375
long life,101,2.7374
projects coming,132,2.737
time delivery,185,2.7367
early progress,189,2.7363
results starting,233,2.7362
cost impacts,104,2.7359
industry continues,185,2.7357
always important,110,2.7356
yes don,398,2.7354
those platforms,175,2.7354
provide significant,219,2.7354
growing over,1244,2.7353
among all,147,2.7348
but does,1161,2.7348
can hold,127,2.7346
over rob,201,2.7345
though not,233,2.7344
segment income,353,2.7342
full basis,1014,2.7338
execution plan,104,2.7336
gives little,121,2.7335
reached all,186,2.7335
super strong,102,2.7334
months fiscal,196,2.7333
space based,145,2.7324
not putting,156,2.7324
contributor our,390,2.7315
you want,7577,2.7315
excited work,162,2.7314
both direct,169,2.7314
billion net,1240,2.7313
was fairly,178,2.7312
both metrics,126,2.731
trial results,110,2.7302
platform approach,125,2.7302
change strategy,170,2.7299
management solutions,275,2.7295
few other,372,2.7295
margin approximately,1011,2.7295
has completed,198,2.7293
sales pipeline,487,2.729
ask open,110,2.7289
those synergies,100,2.7289
shift higher,168,2.7287
against our,1905,2.7286
portfolio includes,115,2.7284
half ramp,107,2.7281
outlook does,160,2.7281
drive consistent,126,2.7275
revenue reflecting,553,2.7274
see trend,278,2.7271
mix change,147,2.7269
improved versus,158,2.7268
lower production,288,2.7268
given period,225,2.7263
sales decrease,194,2.7261
make few,203,2.726
are happening,591,2.7253
continued double,145,2.7248
ebitda improved,223,2.7244
new leader,116,2.7243
new experiences,119,2.7243
achieved strong,175,2.7242
including potential,250,2.7242
number clients,134,2.724
strategic pricing,208,2.724
flow balance,316,2.7235
capacity investments,182,2.7234
did come,204,2.7232
margin percent,110,2.723
momentum continue,533,2.7229
had positive,374,2.7228
look historically,111,2.7226
here north,151,2.7225
meet customers,136,2.7222
sequential margin,205,2.7221
marketing technology,132,2.7219
actually did,179,2.7219
range full,575,2.7217
clearly seeing,104,2.7216
global commercial,157,2.7215
higher gross,619,2.7215
build pipeline,118,2.7214
data platform,471,2.7213
achieve these,168,2.7213
toward back,140,2.7211
given strong,571,2.7209
productivity across,185,2.7209
negative adjusted,151,2.7209
banks are,287,2.7208
income net,689,2.7207
those orders,246,2.7206
base grew,106,2.7201
expect subscription,111,2.72
supported both,131,2.7197
driving better,186,2.7197
capabilities within,128,2.7194
progress each,105,2.7192
early process,128,2.7192
after years,267,2.7191
session you,1230,2.7189
serving our,572,2.7189
our addressable,433,2.7189
yes look,855,2.7188
through end,1432,2.7187
flow liquidity,104,2.7178
inventory inventory,111,2.7176
after today,304,2.7176
expect meaningful,280,2.7175
part due,308,2.7173
bring forward,149,2.717
over greg,159,2.717
loss expense,101,2.7167
put little,234,2.7163
full impact,784,2.716
limited those,127,2.7158
best value,255,2.7156
defense sales,135,2.7155
increase percentage,187,2.7153
now cover,123,2.7152
trial data,100,2.715
lower level,308,2.715
our intellectual,114,2.7147
expectations around,271,2.7147
eps compared,146,2.7145
particular customer,110,2.7142
other key,450,2.714
fourth delivered,191,2.7139
due mix,244,2.7136
impact lower,513,2.7135
can start,1123,2.7131
date may,186,2.7131
real positive,128,2.7131
currency driven,109,2.7129
paid cash,130,2.7126
our guidance,13708,2.7125
new powered,102,2.7124
global platform,192,2.7124
answered you,191,2.7124
momentum seen,158,2.7119
get running,101,2.7119
platform used,112,2.7118
final one,170,2.7117
quarters years,291,2.7117
volume increased,370,2.7117
record revenue,663,2.7117
against those,203,2.7116
only two,295,2.7115
our reputation,117,2.7115
these assumptions,118,2.7113
access data,150,2.7112
operating days,192,2.7111
drive improvement,189,2.711
you lose,161,2.7108
brand momentum,131,2.7107
digits full,145,2.7106
being offset,182,2.7106
driving further,146,2.7106
roughly around,122,2.7105
but guess,1043,2.7102
any plans,171,2.71
customers are,8000,2.7098
are muted,131,2.7097
product capabilities,246,2.7097
can maintain,199,2.7096
high returns,136,2.7095
driven disciplined,135,2.709
prior increase,559,2.7088
through march,219,2.7088
coupled our,407,2.7087
credit side,189,2.7082
customers added,163,2.7067
healthy cash,167,2.7066
share represents,117,2.7066
through acquisitions,208,2.7063
little better,498,2.706
our footprint,1421,2.7059
increase number,469,2.7058
between adjusted,405,2.7055
these increases,272,2.7055
quarterly adjusted,188,2.7054
saw pretty,153,2.7053
points margin,894,2.7053
well advance,107,2.7051
energy segment,121,2.7051
further color,107,2.7047
pricing side,249,2.7043
producers are,112,2.7043
you saying,967,2.7041
results slide,298,2.7041
second phase,243,2.7039
partially driven,107,2.7039
release earnings,216,2.7038
make comments,111,2.7038
its impact,291,2.7035
these loans,300,2.7035
revenues adjusted,289,2.7035
low income,229,2.7035
positive cash,543,2.7034
core part,226,2.7033
plan provide,154,2.7032
kind wondering,163,2.7032
performance date,272,2.7031
income continuing,149,2.703
team built,103,2.7026
thirds our,244,2.7026
serve well,184,2.7023
did experience,121,2.7017
momentum seeing,286,2.7014
seems maybe,103,2.7008
congrats well,128,2.7003
development initiatives,105,2.7003
operating earnings,1093,2.7002
innovations are,198,2.7002
had past,292,2.7001
thoughts kind,112,2.6999
talked couple,140,2.6997
especially during,104,2.6995
was another,935,2.6995
bring these,245,2.6995
whether through,306,2.6995
terms driving,237,2.6988
opportunity build,191,2.6987
not able,941,2.6979
difficult time,102,2.6978
signed not,144,2.6977
margin excluding,252,2.6976
technology spend,101,2.6974
deployment across,106,2.6972
maybe update,207,2.6971
property sales,142,2.6969
between reflecting,102,2.6968
plan open,161,2.6966
seeing real,254,2.6966
second earnings,1118,2.6965
proud share,104,2.6961
customer activity,261,2.6955
still see,1150,2.6953
between non,226,2.6953
maybe specifically,168,2.6949
cost profile,130,2.6949
cohorts are,172,2.6941
uncertainty out,139,2.6938
rates return,114,2.6938
positive side,203,2.6935
future opportunities,267,2.6932
our focus,6975,2.6932
through numbers,216,2.6932
development work,204,2.6931
not currently,334,2.6931
may change,189,2.6926
core earnings,419,2.6924
reach full,114,2.6923
are taking,2714,2.6923
who don,166,2.692
general rate,142,2.6918
guess does,115,2.6914
expect majority,144,2.6914
positive mix,182,2.6911
new brands,356,2.691
report strong,125,2.6909
are bringing,741,2.6908
its global,128,2.6906
certainly don,155,2.6905
corporation fourth,103,2.6905
base plan,127,2.6903
global investor,110,2.6901
fiscal date,151,2.6899
its strategic,149,2.6898
over mainly,226,2.6898
such strong,305,2.6896
thinking around,178,2.6896
results despite,153,2.6894
adjusted tax,282,2.689
over coming,1551,2.689
achieve those,162,2.689
moderate growth,114,2.6886
same approach,119,2.6881
plan deliver,126,2.6877
increase productivity,150,2.687
innovation coming,125,2.687
review results,138,2.6869
but remember,230,2.6869
little faster,123,2.6868
seen positive,189,2.6867
whether any,225,2.6865
good fit,105,2.6865
created new,101,2.6864
means can,195,2.6858
increased tariffs,141,2.6856
rate changes,221,2.6854
say couple,260,2.6854
better performance,472,2.6853
resiliency our,217,2.6853
framework how,103,2.6849
made big,122,2.6849
annual ebitda,154,2.6845
got maybe,518,2.6844
happy how,169,2.6844
industry has,736,2.6843
month two,151,2.6841
both reported,250,2.684
bookings revenue,254,2.6838
note all,248,2.6833
these offerings,149,2.6823
points relative,130,2.6823
nearly total,123,2.6821
search results,121,2.6821
share eps,295,2.682
first months,751,2.682
strong top,473,2.6817
impact recent,203,2.6814
patients need,161,2.6813
our portfolio,8995,2.6812
able scale,143,2.6811
meet our,1431,2.6802
multiple customers,238,2.6801
full net,1070,2.68
related acquisition,146,2.6798
levels saw,115,2.6798
revenue outlook,937,2.6788
related tax,126,2.6788
need see,864,2.6787
opportunities beyond,130,2.6783
here but,2147,2.6782
positive net,448,2.678
seeing success,146,2.678
obviously pleased,123,2.6779
large clients,107,2.6778
better together,110,2.6777
sheet management,222,2.6775
happened over,158,2.6775
production system,111,2.6774
giving you,752,2.6772
are absolutely,512,2.6767
those benefits,302,2.6767
take disciplined,116,2.6766
are producing,196,2.6766
strong progress,510,2.6764
tell how,192,2.6763
yes mark,155,2.6763
mix higher,409,2.6759
guys guess,111,2.6758
momentum saw,134,2.6756
strategic progress,166,2.6756
still being,366,2.6755
may come,275,2.6755
expected expand,142,2.6747
total spend,151,2.6746
time hand,182,2.6746
guess given,145,2.674
energy management,167,2.674
you embedding,116,2.6739
said remarks,198,2.6738
need order,113,2.6738
our balance,6100,2.6735
target margins,107,2.6735
take second,696,2.6735
expect non,709,2.6733
end guide,193,2.6732
its first,692,2.6726
lot progress,367,2.6726
our bankers,167,2.6726
few points,234,2.6725
bit above,196,2.6721
other metrics,135,2.6709
range non,312,2.6707
points adjusted,656,2.6707
days but,563,2.6707
low price,197,2.6705
guide here,125,2.6703
are providing,929,2.6701
costs offset,172,2.67
loan pricing,145,2.67
had significant,451,2.6696
announced price,116,2.669
driving growth,1072,2.6689
nicely over,101,2.6685
over andy,101,2.6685
timing impact,191,2.6684
but vast,103,2.6684
description these,125,2.6683
help move,121,2.6682
take share,767,2.6679
little different,367,2.6678
profit before,110,2.6676
help customers,435,2.6676
see recovery,192,2.6674
even within,227,2.6674
during month,121,2.6663
probably saw,119,2.6662
investment technology,222,2.6659
growth emea,139,2.6659
brand new,706,2.6657
costs tariffs,100,2.6657
initiatives remain,112,2.6655
flat due,108,2.6652
asked but,176,2.6652
things one,1104,2.6651
value consumers,103,2.665
opportunities come,255,2.6649
efforts continue,270,2.6649
announcing our,191,2.6647
march was,469,2.6645
don care,109,2.6638
overall performance,451,2.6638
leading industry,111,2.6637
inform our,159,2.6637
other expenses,409,2.6632
always remain,103,2.6632
better every,153,2.663
ones first,121,2.6628
extent you,592,2.6625
guess two,222,2.6624
footprint across,108,2.6622
last one,2148,2.6622
spread over,177,2.662
thing doing,107,2.662
wanted maybe,243,2.6619
fiscal results,428,2.6619
now starting,489,2.6618
results greater,145,2.6611
pretty large,165,2.661
equity portfolio,139,2.6609
does look,405,2.6608
full contribution,130,2.6606
are monitoring,297,2.6603
committed capital,121,2.6602
utilizing our,268,2.6599
lot details,100,2.6597
can access,335,2.6595
want able,300,2.6592
profit adjusted,251,2.6591
term potential,379,2.6591
seeing significant,423,2.659
based recent,153,2.6584
annual net,233,2.6583
improvements gross,106,2.6581
let make,261,2.6575
say least,106,2.6573
prices higher,165,2.6572
expect reach,145,2.6571
how run,333,2.6567
our filings,788,2.6567
our board,2111,2.6564
same center,122,2.6564
expansion strategy,216,2.6563
had follow,283,2.6563
months quarters,132,2.6562
flow after,201,2.6561
look everything,144,2.6558
term headwind,108,2.6555
customers understand,251,2.6554
players are,287,2.6553
growing momentum,133,2.6549
program changes,100,2.6548
changed over,252,2.6548
date performance,263,2.6545
sure thing,121,2.6544
sure don,232,2.6542
seeing meaningful,173,2.654
good jim,110,2.6532
conditions continue,191,2.6531
remain same,210,2.6528
hopefully see,114,2.6525
due recent,140,2.6524
reported period,129,2.6519
mix perspective,119,2.6517
color great,199,2.6515
projects are,1551,2.6513
these accounts,152,2.6513
let slide,149,2.6512
despite increased,124,2.6511
control over,423,2.651
kind macro,142,2.6509
excluded our,151,2.6508
focus making,161,2.6508
new news,130,2.6506
premium rate,122,2.6502
disconnect good,118,2.6502
ebitda profitability,170,2.6502
efforts are,1122,2.65
might make,126,2.65
per fully,140,2.6498
over dan,210,2.6498
large commercial,191,2.6495
higher risk,284,2.6493
performance despite,138,2.6492
did say,297,2.6492
hard look,172,2.6491
those tools,161,2.6485
here curious,115,2.6485
kind bigger,103,2.6484
grow scale,123,2.6479
dynamic operating,108,2.6475
guess say,232,2.6473
customer specific,156,2.6473
factors first,352,2.6472
out china,263,2.6471
back toward,133,2.6471
buildings are,129,2.6471
things working,262,2.647
expected add,192,2.647
our convertible,292,2.6469
drive continued,277,2.6467
margin performance,1086,2.6466
leverage range,206,2.6463
loss gaap,136,2.6461
fourth revenues,189,2.6459
last primarily,464,2.6455
was presented,113,2.6453
count growth,312,2.6453
key international,101,2.6448
seeing improvements,136,2.6443
share reflecting,290,2.6436
share common,109,2.6428
seeing good,1133,2.6428
continues key,141,2.6422
expect material,177,2.6421
you pointing,123,2.6418
revenue base,707,2.6418
services gross,248,2.6417
eps increase,208,2.6416
outperformed our,268,2.6413
focus core,205,2.6413
added net,138,2.6413
ago driven,203,2.6412
customer who,238,2.641
average revenue,808,2.641
did great,340,2.6409
day one,656,2.6403
operational scale,100,2.6403
continued benefit,185,2.64
significant decline,115,2.6398
strategic operational,124,2.6398
improved customer,237,2.6395
volumes lower,143,2.6395
our accomplishments,102,2.6394
are scheduled,208,2.6394
always little,223,2.6393
segment gross,343,2.6393
seeing stronger,107,2.6391
color you,2476,2.6388
right amount,161,2.6388
ended first,305,2.6386
relating our,137,2.6385
these various,109,2.6385
team continued,339,2.6385
can become,217,2.6382
looks maybe,103,2.6374
new design,229,2.6373
revenue compared,1197,2.6371
real progress,122,2.637
commercial services,171,2.6367
growth accelerating,303,2.6366
sales channel,301,2.6366
gonna say,111,2.6364
operating conditions,130,2.6364
those actions,256,2.6363
over excluding,553,2.6363
seeing benefit,253,2.6363
maintain our,1292,2.6361
customers buy,117,2.6361
rate effective,108,2.6359
projects come,115,2.6353
can cover,112,2.6353
those activities,133,2.635
need spend,108,2.6347
fee growth,370,2.6347
across fleet,110,2.6343
commercial opportunity,250,2.6342
approved new,132,2.6342
are recognizing,116,2.634
three core,172,2.6339
deliver results,298,2.6336
see clear,374,2.6334
obviously something,162,2.6333
drive strong,558,2.6329
perspective how,426,2.6326
incremental opportunity,137,2.6324
operational results,281,2.6321
see slide,541,2.6321
performance continues,276,2.6319
better quality,140,2.6318
per order,181,2.6317
other statements,248,2.6316
trends within,116,2.6315
operations free,130,2.6314
brand continues,123,2.6313
third date,199,2.6312
but broadly,239,2.6311
these gains,221,2.6308
arr customers,105,2.6307
portfolio grew,199,2.6305
excited able,121,2.6304
highlight how,129,2.6301
expansion within,200,2.6299
annual cost,190,2.6297
starting take,154,2.6296
expenses expenses,158,2.6296
second ended,173,2.629
close end,207,2.6289
highlighted strong,150,2.6288
itself but,183,2.6288
might expect,285,2.6282
those impacts,153,2.6281
growth outlook,1400,2.6278
both retail,205,2.6277
technology partners,117,2.6276
increased supported,102,2.6275
our extensive,240,2.6273
not place,438,2.6273
still confident,123,2.6269
fourth last,846,2.6264
can capture,155,2.6263
start building,161,2.6261
developed over,144,2.6259
below last,196,2.6257
across network,203,2.6253
better pricing,269,2.6251
lower prior,395,2.6249
those customers,1687,2.6248
actually put,105,2.6247
growth potential,1297,2.6246
range flat,109,2.6244
liquidity management,114,2.6241
significant incremental,121,2.624
signals are,185,2.6239
ffo growth,124,2.6239
actually get,395,2.6239
utilize our,288,2.6237
typically higher,106,2.6233
expect accelerate,172,2.6231
reduced cost,111,2.623
result increased,189,2.6229
engines are,154,2.6229
come david,129,2.6228
period adjusted,458,2.6226
effective rate,107,2.6225
flow representing,106,2.6225
higher longer,177,2.6223
investments marketing,130,2.6222
other drivers,136,2.6219
expected roughly,105,2.6214
guidance anticipated,148,2.6213
strategy expand,105,2.621
volume pricing,230,2.6207
getting right,314,2.6205
new emerging,105,2.6203
three points,282,2.6197
technology investment,215,2.6197
due course,138,2.6187
markets activity,214,2.6183
our highest,1440,2.6181
way approach,119,2.6177
segment focused,228,2.6176
are being,3444,2.6172
actions are,1129,2.6167
efficiency cost,215,2.6165
yes michael,188,2.6162
growing segment,210,2.6162
get detail,117,2.6154
overall industry,272,2.6153
amongst our,104,2.6153
tariffs impact,137,2.6152
our historical,970,2.6146
driving long,235,2.6145
leveraged our,162,2.6144
things can,1245,2.6141
term returns,155,2.6134
see substantial,139,2.613
are correct,316,2.6126
decrease adjusted,133,2.6122
overall gross,329,2.6119
goal continue,176,2.6118
plus range,115,2.6118
digit rates,111,2.6112
are expanding,1101,2.6107
pay out,146,2.6107
months before,163,2.6106
current guidance,366,2.6102
why able,111,2.6102
our goals,679,2.6101
opportunity continue,845,2.6099
our disposal,106,2.6098
peers are,303,2.6096
high efficiency,184,2.6095
are included,984,2.6092
portfolio quality,168,2.6082
expanded product,137,2.6081
our leadership,1973,2.608
sequentially prior,129,2.608
month adjusted,203,2.608
may ahead,334,2.6076
margin structure,194,2.6076
off good,471,2.6075
since fiscal,123,2.6075
our travelers,116,2.6069
continue provide,590,2.6068
pricing mix,209,2.6068
under its,100,2.6065
modernize our,126,2.6063
pleased overall,125,2.6062
developers are,128,2.6061
provide few,136,2.606
changes interest,117,2.6059
are encouraging,341,2.6054
seeing across,819,2.6051
let let,213,2.6048
range plan,200,2.6047
range excluding,102,2.6044
happens but,163,2.6044
higher price,484,2.6042
strategy clear,106,2.6039
through balance,583,2.6036
points ago,179,2.6034
increased volumes,164,2.6032
decline over,651,2.6028
competitive price,118,2.6028
future profitability,115,2.6026
guidance representing,159,2.6024
core platform,209,2.6024
shifting now,106,2.6023
ensure are,477,2.6019
forward visibility,101,2.6018
debt investments,159,2.6017
time high,995,2.6013
offset price,163,2.6012
our previous,1587,2.6011
you assuming,676,2.6011
remain important,154,2.6007
addressed you,229,2.6005
base rate,269,2.6005
adjust our,417,2.6005
protecting our,142,2.6003
inflation higher,102,2.6003
experience across,284,2.6001
correctly you,182,2.5998
investment pipeline,169,2.5998
full non,517,2.5998
add new,534,2.5995
aspect our,253,2.5993
level service,169,2.599
returns through,216,2.5987
one highest,178,2.5987
are coming,3102,2.5987
lower income,377,2.5984
digit price,141,2.598
expecting get,101,2.5975
thinking kind,262,2.5972
every segment,145,2.5971
those risks,203,2.5969
reflection our,199,2.5967
look opportunities,589,2.5965
one step,269,2.5958
expecting full,102,2.5954
around timing,168,2.5954
versus maybe,434,2.5953
net positive,423,2.5952
perspective obviously,132,2.5946
bringing those,155,2.5941
accelerates our,136,2.594
put way,137,2.594
accretive growth,204,2.5939
potential opportunity,223,2.5936
maybe another,273,2.5935
expand strategy,103,2.5932
billion compared,598,2.5932
but obviously,1501,2.5926
add top,108,2.5922
can hit,174,2.5921
talked investor,117,2.592
growth areas,723,2.5918
great guess,257,2.5915
revenues fourth,182,2.5915
per client,121,2.5915
only getting,126,2.591
things need,313,2.591
loss rate,214,2.5909
cash debt,435,2.5909
initiatives support,109,2.5908
priority continue,115,2.5906
revenues versus,135,2.5906
any comment,136,2.5906
out front,195,2.5903
bit early,359,2.5902
leverage remains,104,2.5902
income compared,334,2.5901
part our,6858,2.5901
growth exceeding,173,2.59
environment has,495,2.5897
was per,2259,2.5893
result continued,147,2.5892
but cannot,125,2.5892
believe important,231,2.5892
mean pretty,171,2.5888
volumes across,222,2.5883
combination higher,116,2.5881
anticipate total,100,2.5879
outlook second,442,2.5879
businesses within,112,2.5874
our nation,119,2.5873
levels seen,124,2.5871
higher capex,150,2.587
cost plus,180,2.5862
can show,190,2.586
our differentiated,955,2.5859
team here,367,2.5857
segment margin,677,2.5857
period due,247,2.5857
online sales,130,2.5856
momentum build,103,2.5856
results highlighted,108,2.5855
costs such,126,2.5854
seasonality expect,103,2.5854
but sit,106,2.5853
increased dividend,115,2.5853
underlying earnings,120,2.585
opportunity pipeline,193,2.5847
specifically how,267,2.5846
nearly increase,147,2.5846
demonstrate our,574,2.5844
additional cost,379,2.5844
benefits segment,109,2.5838
early momentum,139,2.5836
rates move,135,2.5835
highlights our,882,2.5835
margin recurring,118,2.5826
position able,143,2.5823
well against,206,2.5821
but did,1220,2.5819
essentially all,104,2.5814
ability make,160,2.5814
period period,218,2.5809
evening you,257,2.5808
ramp back,135,2.5804
doing doing,141,2.5804
turning positive,102,2.5803
core product,347,2.5799
you noted,1360,2.5798
you need,4917,2.5798
had opportunity,477,2.5797
obviously had,413,2.5797
else out,107,2.5793
innovation strategy,114,2.5792
execution continued,152,2.5788
activity level,141,2.5785
follow maybe,282,2.5782
expense growth,1120,2.578
across platforms,114,2.5779
are doubling,154,2.5777
might start,121,2.5777
points distribution,104,2.5775
baked our,242,2.5774
you referencing,123,2.5773
couple key,141,2.5771
ongoing work,138,2.577
target billion,246,2.577
those assumptions,106,2.5768
better way,290,2.5759
overall demand,382,2.5759
achieve our,1389,2.5758
any early,402,2.5755
driven both,630,2.5755
standpoint but,328,2.5754
these large,594,2.5754
new countries,116,2.5754
thinking right,232,2.5749
obviously got,262,2.5747
plus basis,196,2.5747
had already,291,2.5746
new channels,170,2.5741
sizes are,110,2.5741
need improve,122,2.5738
initiatives across,273,2.5737
wondering kind,149,2.5737
see improvements,272,2.5737
start fiscal,249,2.5732
started seeing,123,2.573
other lines,149,2.5728
order flow,141,2.5728
combined impact,108,2.5726
significant competitive,110,2.5724
billion includes,168,2.5719
other part,522,2.5718
reducing our,1026,2.5717
provide perspective,105,2.5717
plants are,204,2.5715
higher previous,110,2.5714
these new,2541,2.5713
give ability,107,2.5708
good steve,147,2.5706
lot less,205,2.5705
over represented,117,2.5703
not done,527,2.5702
continue buy,139,2.5701
having lot,184,2.5695
start come,251,2.5694
conclude our,618,2.5694
begin see,247,2.5692
plan add,103,2.5692
need put,119,2.569
looking opportunities,357,2.5687
towards second,137,2.5686
yes taking,279,2.5686
not paying,105,2.5683
businesses are,1487,2.5682
following last,204,2.5679
providing high,105,2.5676
solutions across,329,2.5676
specific product,171,2.5673
ongoing basis,246,2.567
definitely not,207,2.5668
total organic,173,2.5666
those units,146,2.5665
guys made,118,2.5663
diluted basis,152,2.5661
cost dynamics,109,2.5661
are completely,179,2.566
today includes,146,2.5659
all employees,135,2.5656
give bit,304,2.5654
over steve,314,2.5651
need move,156,2.5645
you learned,222,2.5645
people need,177,2.5644
investments including,258,2.5643
generate billion,113,2.5637
has hit,122,2.5637
kind put,269,2.5634
certain financial,193,2.5634
you feeling,300,2.5633
our opinion,172,2.5633
great you,8290,2.5633
flow used,123,2.5632
related revenues,118,2.5632
last earnings,1239,2.5627
one interesting,116,2.5623
management actions,132,2.5622
those partnerships,119,2.5618
might even,102,2.5616
one priority,123,2.5616
grew total,189,2.5612
vessels are,119,2.5611
yeah take,329,2.5608
execution team,143,2.5608
move down,268,2.5607
start using,101,2.5606
revenue acceleration,175,2.5605
lower stock,102,2.5604
buyers are,236,2.5603
capital fund,101,2.5602
these levels,388,2.56
change terms,215,2.5591
due part,276,2.5591
part strategy,255,2.559
off point,223,2.559
prices are,1050,2.5588
kind gives,137,2.5587
who can,550,2.5587
our engineers,154,2.5586
over sequential,419,2.5583
you listening,174,2.5583
six basis,130,2.5578
growing global,126,2.5576
yeah couple,178,2.5574
trying work,100,2.5574
direction but,154,2.5564
significant potential,193,2.5559
provision was,109,2.5557
products segment,320,2.5557
saw during,205,2.5556
john said,148,2.5556
you looked,430,2.5554
remain well,583,2.5551
pursue growth,116,2.5551
best industry,148,2.5549
strong order,258,2.5541
saw benefit,114,2.5541
capex was,459,2.5539
expectation continue,150,2.5539
was unchanged,134,2.5531
you adjust,323,2.5531
innovation drive,104,2.553
toward second,136,2.5526
cases across,106,2.5526
these benefits,281,2.5526
providing value,109,2.5525
increased excluding,132,2.5523
those brands,245,2.552
type thing,175,2.552
presentation you,1160,2.5519
loss adjusted,245,2.5518
programs are,1132,2.5515
relatively strong,134,2.5514
accelerate second,137,2.5513
strong client,177,2.5512
revenue forecast,187,2.5511
results third,544,2.551
key points,263,2.5509
continue look,1618,2.5508
ebitda expected,423,2.5507
mix pricing,201,2.5505
our newly,348,2.5505
overall mix,215,2.5503
guidance management,717,2.5503
progress here,258,2.5502
strategy has,640,2.5502
quarterly financial,178,2.5502
fourth reported,167,2.5501
reported fourth,167,2.5501
hospitals are,111,2.5501
engagements are,105,2.55
tax expenses,105,2.5496
lot factors,155,2.5489
are truly,213,2.5488
share prior,690,2.5488
these targets,134,2.5486
noticed you,170,2.5485
cost debt,295,2.5484
are having,1306,2.5483
may add,157,2.5483
continues important,125,2.5483
expected offset,190,2.5483
product life,108,2.5482
sequential over,416,2.548
costs improve,132,2.5479
lot information,127,2.5477
sure take,262,2.5477
total portfolio,417,2.5477
close billion,206,2.5474
total expenses,249,2.5474
mix impact,309,2.5472
debt capacity,123,2.5471
capital efficiencies,105,2.5471
are considered,188,2.5469
less two,158,2.5466
you decide,146,2.5465
unique product,106,2.5461
obviously talked,180,2.5458
demand perspective,193,2.5457
day every,103,2.5451
increase nearly,143,2.5448
little early,351,2.5447
consistent last,310,2.5446
can improve,468,2.5446
product delivery,110,2.5441
services grew,110,2.5437
rates are,2466,2.5433
actions take,109,2.5431
can reduce,202,2.5425
our merchants,397,2.5423
demand supply,256,2.5418
across our,12535,2.5417
didn expect,105,2.5416
reduce operating,109,2.5413
bit step,136,2.5411
liquidity capital,158,2.5409
lot focus,420,2.5408
excited ahead,157,2.5405
has paid,124,2.5404
potential benefit,116,2.5402
performance achieved,106,2.5401
said hey,122,2.5395
success rate,134,2.5393
account growth,273,2.539
meanwhile our,130,2.539
slightly over,496,2.5387
give opportunity,199,2.5386
want focus,325,2.5385
approximately below,105,2.5384
had two,554,2.5383
team excited,148,2.5382
view opportunity,105,2.5378
our efforts,2153,2.5375
revenue profitability,478,2.5374
resonate our,119,2.5367
was almost,311,2.5367
only did,155,2.5366
make statements,127,2.5364
revenue between,782,2.5363
work ahead,305,2.5361
reduce our,1374,2.5361
better view,100,2.5361
has declined,180,2.5359
strong sequential,169,2.5357
continue throughout,280,2.5353
return investments,113,2.5353
one other,1538,2.5349
bit timing,196,2.5348
significant benefit,147,2.5347
continue target,330,2.5346
make big,166,2.5336
center opportunity,122,2.5334
updated financial,101,2.5333
expectations primarily,121,2.5333
relatively new,203,2.5333
churn was,107,2.5331
approximately adjusted,663,2.5328
incorporated our,235,2.5322
range expect,657,2.5319
any visibility,109,2.5317
team making,164,2.5309
last weeks,134,2.5305
technology improve,106,2.5304
curious maybe,144,2.5301
lead higher,102,2.5298
offset part,157,2.5293
rate reduction,147,2.5293
related activity,130,2.5291
record performance,231,2.5286
conversion revenue,275,2.5284
actually wanted,101,2.5283
lower percentage,123,2.528
significant growth,1543,2.528
customers need,547,2.5279
not want,1302,2.5278
better service,192,2.5277
similar type,114,2.5277
lot faster,111,2.5271
now includes,298,2.5268
need take,290,2.5268
core core,147,2.5267
our diverse,365,2.5263
incremental pricing,110,2.526
increase effective,103,2.5259
traffic sales,105,2.5259
not tied,103,2.5258
revenue excluding,365,2.5255
over mike,447,2.5253
growth led,421,2.5253
can reach,200,2.5251
cars are,108,2.5251
revenue cycle,325,2.5249
future expectations,163,2.5245
per case,108,2.5242
inventory related,131,2.5242
other expense,333,2.5241
flow excluding,113,2.5232
are moving,1830,2.5231
over matt,314,2.523
trying say,130,2.5228
had done,213,2.5223
first come,810,2.5222
costs primarily,178,2.5221
including major,100,2.5218
ryan good,114,2.5216
better execution,134,2.5213
again everyone,185,2.5212
okay good,397,2.5211
number companies,104,2.5211
okay yes,203,2.5209
date total,191,2.5209
software portfolio,113,2.5208
unit revenue,276,2.5201
how execute,172,2.5201
billion shares,174,2.5201
shifting over,149,2.5196
major product,154,2.5192
find those,124,2.5192
all maintaining,167,2.519
had few,276,2.519
income non,306,2.5189
fueling our,127,2.5189
see strength,444,2.5183
expected annual,128,2.5183
expectations full,325,2.5183
end second,1007,2.5181
billion excluding,187,2.518
against these,180,2.5179
guidance given,407,2.5178
strategic expansion,156,2.5176
start slide,162,2.5175
digit adjusted,242,2.5171
everyone you,3217,2.5171
first regarding,204,2.5168
merchants are,188,2.5166
has clearly,151,2.5164
fiscal turning,112,2.5163
jobs are,110,2.5161
things change,195,2.5156
third thing,162,2.5155
ffo was,102,2.5152
points total,403,2.5151
our prepared,2876,2.5147
customer care,146,2.5146
loans down,155,2.5145
global basis,304,2.5144
terms capex,109,2.5139
our transformation,1154,2.5133
reached over,257,2.5128
want come,294,2.5128
delivered total,167,2.5124
little stronger,104,2.5117
generated over,388,2.5117
today reminder,102,2.5114
september was,296,2.5111
higher sales,1110,2.5107
hear any,104,2.5107
satisfied our,100,2.5106
record sales,358,2.5104
low base,110,2.5101
share loss,287,2.509
phone you,254,2.5086
was challenging,217,2.5086
these systems,254,2.5085
are projected,562,2.5083
our communities,579,2.5081
regarding our,1428,2.5079
target markets,146,2.5076
results ended,135,2.5074
driven decline,150,2.5073
compared end,535,2.5072
high potential,280,2.5071
today earnings,877,2.507
say overall,351,2.5069
say again,397,2.5067
priorities continue,153,2.5064
great work,414,2.506
probably around,193,2.5055
look out,1318,2.5054
operating profitability,229,2.5053
data point,510,2.5053
these segments,213,2.5052
numbers are,911,2.5049
other information,142,2.5048
are priced,153,2.5048
top global,117,2.5048
don even,228,2.5047
value deliver,243,2.5047
eps fiscal,104,2.5044
stated all,214,2.5044
remarks made,112,2.5044
now concludes,184,2.5043
positive development,134,2.5037
helpful terms,142,2.5034
expect pay,136,2.5034
costs higher,454,2.5031
meaningfully over,152,2.503
off base,106,2.5029
category growth,484,2.5027
cover our,698,2.5027
years now,1507,2.5026
world data,203,2.5025
not consider,104,2.5024
continue disciplined,241,2.5024
asset portfolio,168,2.5023
prices lower,102,2.5021
related earnings,403,2.5018
said last,673,2.5017
seen strong,495,2.5016
flow perspective,163,2.5016
decrease operating,131,2.5014
off between,126,2.5013
color here,144,2.5012
flow per,480,2.5011
reduction approximately,128,2.501
got right,500,2.5009
obviously important,181,2.5008
billion senior,117,2.5005
but perhaps,198,2.5005
strategy deliver,150,2.5004
robust capital,144,2.5004
expect another,356,2.5002
are complementary,110,2.5001
end month,200,2.5
revenue exceeding,105,2.4999
comments here,117,2.4995
outstanding share,120,2.4993
running well,142,2.4993
term health,157,2.4993
count was,250,2.4988
delivered net,266,2.4988
real focus,139,2.4988
expect fully,198,2.4987
between now,718,2.4986
loss same,128,2.4984
overall volume,226,2.498
deliver top,114,2.498
decline driven,149,2.4977
consistency our,292,2.4976
help scale,102,2.4975
clearly see,187,2.4974
product experience,234,2.4973
set products,128,2.4968
ebitda reflecting,155,2.4967
portfolio approach,132,2.4966
earlier expected,177,2.4965
excluding any,165,2.4964
testing new,120,2.4962
get ahead,524,2.496
sorry can,138,2.496
including those,751,2.496
portion those,132,2.496
part ongoing,130,2.4959
expect report,114,2.4959
between those,508,2.4956
built over,465,2.4956
was solid,469,2.4955
performance was,2190,2.4948
times higher,163,2.4945
certain other,181,2.4943
ability able,119,2.4941
eps approximately,162,2.4941
increased representing,111,2.4939
yes did,260,2.4939
good success,217,2.4939
impact overall,367,2.4938
well track,239,2.4937
previously had,129,2.4935
customer spending,102,2.4935
was nice,318,2.4931
everyone great,252,2.4927
relations you,1883,2.4921
transaction margin,214,2.4921
look beyond,247,2.4921
two part,336,2.492
new tech,116,2.492
our peer,268,2.4919
bank financial,185,2.4916
studies are,299,2.4915
times ebitda,122,2.4913
not factor,121,2.491
other public,103,2.491
different opportunities,198,2.4909
validation our,203,2.4906
saw fourth,233,2.4906
able work,214,2.4905
flow date,184,2.4904
expenses third,231,2.4903
any real,262,2.49
period fiscal,201,2.4899
average per,278,2.4896
drive increased,312,2.4896
priorities first,187,2.4894
certainly lot,224,2.4892
enrollment growth,136,2.489
quarters now,596,2.4889
continue trend,206,2.4887
continued positive,219,2.4879
ebitda outlook,270,2.4879
per available,171,2.4879
over twenty,114,2.4875
during past,162,2.4875
cost leverage,294,2.4875
increase dividend,122,2.4875
actually help,132,2.4872
sir you,130,2.4871
low margin,419,2.4871
was record,779,2.4871
given how,625,2.4867
cost benefits,167,2.4867
payers are,136,2.4865
production guidance,381,2.4865
see numbers,245,2.4863
yep you,232,2.4862
down percentage,158,2.4862
thinking maybe,199,2.486
those challenges,127,2.486
get front,138,2.485
rate increase,632,2.4849
ebitda approximately,458,2.4849
big way,161,2.4848
all various,126,2.4848
commercial production,167,2.4847
optimistic can,116,2.4846
markets especially,109,2.4846
continue offer,133,2.4842
its early,141,2.4837
driven organic,179,2.4837
experience drive,118,2.4833
people coming,173,2.4833
best people,103,2.4831
billion down,822,2.4826
customers manage,125,2.4826
including approximately,387,2.4822
having great,165,2.482
got big,160,2.4819
right front,143,2.4816
our playbook,220,2.4815
ahead confident,104,2.4815
versus second,467,2.4813
last september,129,2.4811
income loss,146,2.4811
turn around,302,2.481
representing net,157,2.4805
deals are,843,2.4804
our investor,3667,2.4802
work team,277,2.48
offset cost,249,2.48
show how,144,2.4796
additional investment,197,2.4795
sequentially non,103,2.4793
these smaller,112,2.4789
current fiscal,157,2.4788
inventory level,133,2.4783
ramp new,241,2.4781
how can,2676,2.478
infrastructure data,169,2.4776
increasing basis,192,2.4774
full expect,1101,2.4772
only couple,127,2.4772
combination these,166,2.4771
years built,129,2.4768
sheet support,102,2.4766
expected return,152,2.4765
even important,170,2.4762
here maybe,545,2.476
businesses including,130,2.4758
customers find,103,2.4756
don provide,189,2.4755
program remains,100,2.4754
positive thing,100,2.4754
important risk,109,2.4754
share increased,785,2.4753
full gross,548,2.4751
but recognize,139,2.4751
look numbers,162,2.4748
growth attributed,199,2.4748
those agents,124,2.4747
our forecast,1099,2.4746
but frankly,152,2.4746
insurance product,102,2.4737
certainly seeing,207,2.4734
protect our,330,2.4732
benefit lower,176,2.4732
over demonstrating,110,2.4731
take out,721,2.4729
margin range,644,2.4729
ratios are,158,2.4729
week basis,121,2.4724
under new,466,2.4722
approximately over,1936,2.4717
guests are,218,2.4715
guide full,158,2.4714
having right,196,2.4714
has definitely,128,2.4711
our canadian,297,2.4711
billion incremental,232,2.471
over todd,127,2.4702
software products,102,2.47
those costs,676,2.4696
reach across,103,2.4695
different use,126,2.4695
advertisers are,186,2.4694
overall cost,420,2.4694
broad product,102,2.4691
income fourth,358,2.4691
net unit,135,2.469
loss non,130,2.4689
got clear,107,2.4684
results operations,259,2.4681
now review,262,2.4679
growth strategies,250,2.4678
focused doing,145,2.4675
operations including,169,2.4674
little hard,115,2.4672
seen slide,126,2.4672
was approved,183,2.4669
deliver even,140,2.4668
had said,441,2.4667
not subject,125,2.4663
lower sequentially,119,2.4661
expected benefit,178,2.466
appreciation our,179,2.4659
trends are,1391,2.4653
compared reflecting,124,2.4652
good reason,114,2.4652
improvement prior,216,2.4646
something talked,112,2.4644
associated those,148,2.4644
associated these,150,2.4636
growth beyond,691,2.4635
recurring cash,107,2.4634
across four,184,2.4634
term plans,138,2.4634
looking expand,134,2.4634
material increase,105,2.4632
additional costs,211,2.4631
has not,2512,2.4631
change how,444,2.4627
here why,154,2.4625
yes guess,199,2.4625
was consistent,658,2.4622
institutions are,110,2.4622
yes start,348,2.4616
increased productivity,113,2.4614
expansion markets,257,2.4612
anticipate approximately,101,2.4606
who work,146,2.4605
data infrastructure,167,2.4604
over improvement,1019,2.4604
secondly you,328,2.4597
not getting,583,2.4596
half last,791,2.4587
recent performance,190,2.4586
first earnings,1660,2.4582
talk driving,123,2.4581
later but,367,2.4581
everybody time,113,2.458
agents are,548,2.458
something focused,123,2.4579
key performance,312,2.4579
uncertainty has,128,2.4578
bill was,340,2.4578
range due,265,2.4577
clients are,1335,2.4576
lot opportunities,409,2.4576
financial returns,153,2.4576
ratio total,127,2.4572
made important,129,2.4572
focus continuing,106,2.4569
was highlighted,318,2.4569
our frontline,131,2.4568
new loans,329,2.4567
volumes higher,183,2.4565
adoption rate,111,2.4563
those anticipated,187,2.4562
something can,552,2.4561
through least,167,2.4561
has recently,200,2.456
has put,308,2.4559
those comments,239,2.4558
are treated,114,2.4556
government customers,137,2.4555
new agreement,170,2.4552
current inventory,107,2.4548
related investments,178,2.4547
mark said,108,2.4546
time ever,112,2.4544
ahead expect,671,2.4543
full target,202,2.4541
combination all,210,2.4535
core consumer,113,2.4535
two step,102,2.4532
seeing continued,429,2.4528
you find,879,2.4526
statements today,206,2.4521
our distributors,222,2.452
further scale,121,2.4519
made good,443,2.4519
our preliminary,198,2.4515
half expect,773,2.4511
only other,362,2.4511
look similar,183,2.4509
rate change,233,2.4509
product perspective,218,2.4508
recently had,126,2.4508
already got,170,2.4507
three big,123,2.4506
top customers,401,2.4504
commercial perspective,105,2.4503
execute these,150,2.4499
sales excluding,215,2.4497
clear opportunity,110,2.4496
over chris,388,2.4485
equity earnings,182,2.4485
points average,221,2.4482
see momentum,504,2.4482
way another,150,2.4481
guidance least,126,2.4481
building strong,310,2.448
securities end,150,2.4478
measures today,129,2.4476
models are,648,2.4475
other revenues,251,2.4473
additional capabilities,100,2.4469
near end,190,2.4467
store performance,154,2.4467
several things,142,2.4462
thinking opportunity,122,2.446
current portfolio,219,2.4458
timing those,302,2.4457
quarterly operating,167,2.4456
other tools,100,2.4455
versus existing,105,2.4455
included net,149,2.4454
our midterm,104,2.4454
still ongoing,149,2.4453
position end,308,2.4453
believe significant,266,2.4451
increase adjusted,723,2.4447
clients across,215,2.4445
share adjusted,997,2.4445
either those,129,2.4444
day after,106,2.4442
these outcomes,106,2.4441
sure start,212,2.4441
consistent our,2933,2.444
growth exceeded,176,2.444
room revenue,120,2.4434
got little,418,2.4434
okay you,2852,2.4434
supported new,223,2.4433
are generally,621,2.4433
any contribution,112,2.4432
government has,154,2.4431
additional value,310,2.443
seeing increasing,157,2.4429
initiatives are,1534,2.4427
high capacity,248,2.4424
expectations given,141,2.4423
customer order,154,2.4423
flow billion,621,2.4422
during announced,103,2.4421
traffic growth,247,2.442
product improvements,131,2.4416
not anything,405,2.4416
margin adjusted,1097,2.4416
retail customers,241,2.4415
reported operating,242,2.4413
you reiterated,184,2.4412
anticipate adjusted,132,2.4411
income consumer,171,2.4408
surprised you,163,2.4408
fourth generation,124,2.4405
lower inventory,180,2.4403
inventory down,238,2.4401
happening now,153,2.44
support our,4609,2.44
dollar share,113,2.4398
look whole,102,2.4398
approximately versus,314,2.4397
growth despite,467,2.4397
income range,296,2.4395
time money,109,2.4394
these channels,119,2.4394
mean still,265,2.4393
new wells,125,2.4391
but extent,151,2.439
anything terms,138,2.4386
margin expected,729,2.4383
believe opportunity,298,2.4382
guess one,454,2.4382
expenses between,138,2.4381
improved over,780,2.4381
give additional,143,2.4379
higher manufacturing,143,2.4378
saw another,105,2.4378
impact gross,420,2.4378
continued demand,390,2.4372
invest growth,459,2.4371
always part,121,2.4369
can expand,356,2.4367
look towards,135,2.4367
our newer,323,2.4366
was completed,342,2.4362
overall remain,182,2.4362
our platform,6112,2.436
higher engagement,117,2.4359
income improved,160,2.4358
support growing,138,2.4357
operational commercial,119,2.4355
outlook expect,475,2.4353
core strategy,172,2.4349
want expand,126,2.4349
services including,200,2.4348
number opportunities,242,2.4348
turning point,153,2.4346
through january,139,2.4342
addition new,356,2.4342
customer interest,314,2.434
move back,283,2.434
actually grew,108,2.4339
actually able,157,2.4336
another opportunity,154,2.4334
want see,1011,2.4332
look overall,527,2.433
billion including,554,2.4329
our members,1094,2.4329
increasing value,153,2.4327
did take,226,2.4325
manage those,141,2.4322
brands are,1008,2.4322
our view,2224,2.4321
kind how,1502,2.4315
growth driven,2063,2.4312
things did,233,2.4306
growth maintaining,279,2.4305
our dtc,231,2.4296
tax related,106,2.4294
leverage technology,139,2.4294
over declines,141,2.4291
you had,7837,2.4287
kind run,202,2.4286
continue capture,106,2.4285
our vendors,304,2.4285
customer value,543,2.4283
those states,147,2.4282
strong ever,100,2.4281
are structured,127,2.4281
those resources,102,2.428
growth returning,138,2.4279
has positive,482,2.4275
end fourth,590,2.4273
better margins,209,2.427
short time,198,2.4269
see robust,209,2.426
power data,201,2.426
allocation capital,144,2.4259
over gary,102,2.4259
take couple,192,2.4254
negotiations are,130,2.4252
expectations continued,187,2.4252
over tim,162,2.425
customers ultimately,111,2.4246
able actually,156,2.4244
full advantage,114,2.4244
loan sales,323,2.4243
improve gross,142,2.4243
those larger,188,2.4242
clinical value,120,2.4242
not talking,332,2.4241
driven operational,197,2.4241
digital strategy,106,2.424
kind broad,121,2.4239
serve our,1267,2.4233
improvement adjusted,326,2.4232
vendors are,146,2.4231
attention but,110,2.4231
points better,311,2.4229
debt approximately,223,2.4226
driven innovation,150,2.4224
behind those,123,2.4223
our consolidated,1049,2.4222
improve our,2937,2.422
solid operating,159,2.4216
you dealing,145,2.4215
product side,374,2.4212
goes well,120,2.4211
execute those,145,2.4211
right people,327,2.4209
guys maybe,266,2.4203
reported non,126,2.4199
date results,241,2.4199
number customers,546,2.4197
grew high,197,2.4191
current demand,242,2.4188
performance during,399,2.4187
higher profitability,193,2.4184
drive volume,186,2.4181
believe are,3228,2.4178
today prepared,195,2.4177
strategy driving,137,2.4176
kind step,161,2.4175
side well,644,2.4172
building long,186,2.4171
new ceo,191,2.4169
achieving our,684,2.4164
billion equity,191,2.416
throughout second,182,2.4158
overall volumes,102,2.4155
three plan,136,2.4155
exceptional growth,131,2.4152
full earnings,843,2.4148
quickly get,114,2.4145
lower revenues,155,2.4144
saying how,118,2.4141
but maybe,2430,2.4139
store growth,589,2.4138
demand particularly,150,2.4132
few additional,131,2.4129
focus organic,120,2.4127
yeah maybe,422,2.4126
early talk,160,2.4125
reasons but,173,2.4124
you calling,204,2.4122
improvement across,341,2.412
mentioned during,269,2.4118
mean talked,156,2.4115
full organic,227,2.4115
trend has,178,2.4113
too but,404,2.4111
demand especially,115,2.4109
kind low,341,2.4107
was due,1331,2.4107
drive down,332,2.4101
strong unit,147,2.4101
end consumers,111,2.41
help provide,121,2.4097
service side,155,2.4096
reported third,147,2.4095
share grew,300,2.4093
fourth reflecting,139,2.4088
tough but,103,2.4082
remarks now,571,2.4082
guidance adjusted,825,2.4081
revenue headwind,206,2.4079
people get,312,2.4078
build capacity,101,2.4078
two phase,128,2.4075
amount cash,175,2.4072
still under,154,2.4068
our roadmap,244,2.4066
kind keep,155,2.4065
reminder these,143,2.4064
our final,1098,2.4063
corporation has,175,2.4061
other industrial,114,2.4058
kind broader,132,2.4056
adjusted non,452,2.4056
again another,158,2.4054
confidence our,2468,2.4052
may take,309,2.4052
around billion,654,2.4051
say feel,206,2.4051
far better,100,2.4048
high demand,489,2.4045
additional data,311,2.4044
see solid,261,2.4042
are acquiring,104,2.4042
are heavily,164,2.4041
mean say,291,2.4036
again saw,199,2.4032
refining our,243,2.4023
new capability,115,2.4023
you help,3138,2.4021
behind these,123,2.4021
who actually,107,2.4021
second one,1475,2.4019
initiatives management,181,2.4014
new category,257,2.4013
category has,189,2.4009
again appreciate,111,2.4009
reflect our,1193,2.4008
inherent our,113,2.4007
noted all,211,2.4007
part overall,244,2.4005
within three,172,2.4002
yes couple,208,2.4001
early development,132,2.4
remains well,389,2.4
negative net,133,2.3999
price levels,130,2.3997
now move,566,2.3997
operating revenues,249,2.3996
great good,976,2.3992
product initiatives,214,2.399
side mean,192,2.399
add mean,118,2.3987
third last,701,2.3986
centers are,678,2.3984
two large,252,2.3984
confidence continued,112,2.3981
but far,567,2.3978
existing new,385,2.3978
expected come,259,2.3973
product revenue,1619,2.3971
return cash,283,2.397
want point,388,2.3966
grow even,154,2.3965
inflation has,131,2.3964
expect further,463,2.3964
increase capacity,267,2.3962
rate actions,127,2.3962
reflects our,1643,2.3961
banking revenue,125,2.3957
record third,162,2.3957
sites are,340,2.3955
get out,1025,2.3953
got another,144,2.3953
turning gross,139,2.3951
new consumers,198,2.3946
ongoing demand,168,2.3946
financial perspective,237,2.3945
saw little,286,2.3941
are converting,104,2.3941
wanted kind,246,2.394
terms being,331,2.3939
not impacted,236,2.3938
higher gas,124,2.3938
one world,373,2.3937
other international,202,2.3932
talked how,509,2.3932
you covered,307,2.3929
has seen,518,2.3929
store revenue,375,2.3927
pipeline including,173,2.3927
emea was,102,2.3925
performance throughout,141,2.3924
added billion,118,2.3922
still remain,214,2.3918
high low,232,2.3916
sequentially lower,113,2.3914
given environment,140,2.3907
consistent said,124,2.3906
our global,3737,2.3905
economics are,351,2.3902
bring lot,121,2.39
both commercial,332,2.39
long ago,174,2.39
solutions provide,114,2.3899
point impact,435,2.3895
was function,121,2.3895
put those,303,2.3894
need additional,182,2.3894
global sales,374,2.3891
estimates are,188,2.3888
support further,147,2.3887
one bigger,127,2.3884
focused strategy,178,2.388
look toward,131,2.3879
international demand,150,2.3878
roughly one,226,2.3877
taking time,465,2.3877
values are,141,2.3876
pleased team,115,2.3874
was increase,2071,2.3873
tests are,108,2.3872
over kevin,206,2.3871
consistent results,194,2.3867
make available,109,2.3864
pleased our,2645,2.3862
had quite,145,2.3861
full ended,134,2.3861
over jeff,244,2.3858
achieved net,122,2.3855
direct cost,131,2.3849
able continue,549,2.3849
why said,125,2.3847
sheet capital,266,2.3843
don take,283,2.3843
annualized growth,216,2.3843
add back,240,2.384
significant operational,134,2.3839
good mike,189,2.3839
turn things,264,2.3839
rates down,295,2.3839
combination strong,132,2.3838
operational side,126,2.3837
terms profitability,144,2.3834
terms thinking,144,2.3834
focus getting,137,2.3832
continue take,806,2.3832
period turning,104,2.3832
said expect,609,2.3831
customers use,346,2.383
any initial,107,2.3825
end liquidity,130,2.3824
total investment,277,2.3822
confident right,161,2.3822
talked getting,103,2.3821
update our,2390,2.3819
invest capital,152,2.3818
changed how,110,2.3817
are giving,369,2.3816
expand bit,154,2.3814
sense terms,108,2.3813
annual cash,229,2.3813
sellers are,140,2.3807
ask during,114,2.3805
perspective expect,290,2.3802
net benefit,277,2.3799
area continue,193,2.3797
core focus,171,2.3797
end consumer,278,2.3793
others but,250,2.3791
seeing improvement,266,2.379
strong orders,167,2.3789
record fourth,165,2.3787
especially those,211,2.3785
important progress,137,2.3784
such great,169,2.3784
multiple product,145,2.3784
quarterly sales,202,2.3783
not planning,169,2.3783
high amount,103,2.3779
set opportunities,100,2.3778
terms whether,132,2.3778
billion organic,248,2.3777
our competitiveness,150,2.3776
uncertainties are,392,2.3774
note these,156,2.3773
three half,251,2.3772
margins range,206,2.3769
overall strategy,220,2.3767
done work,121,2.3765
activity has,366,2.3764
technology perspective,100,2.3764
points decline,124,2.3764
other projects,205,2.3764
yield growth,315,2.3763
disciplined around,104,2.3762
focus quality,110,2.3762
contracts are,657,2.376
average balance,145,2.376
percent over,198,2.3759
turning back,211,2.3759
page our,575,2.3757
even lower,252,2.3751
full financial,830,2.3751
likely not,158,2.3751
are scaling,285,2.3751
net product,808,2.375
maybe broader,106,2.3747
less total,136,2.3746
offset positive,106,2.3745
seeing momentum,228,2.3744
opex growth,143,2.3742
total annual,119,2.3742
portion these,123,2.374
all starts,104,2.3739
let share,456,2.3739
excluding one,255,2.3732
grew fourth,165,2.373
reduction cost,142,2.3729
deployed over,124,2.3726
seems kind,100,2.3725
driver growth,334,2.3725
those details,132,2.3721
turning cash,276,2.3721
digit sales,295,2.372
has anything,255,2.372
accordingly are,102,2.3716
continue fuel,130,2.3716
interest costs,207,2.3714
decline adjusted,182,2.371
across brands,157,2.3709
our organizational,190,2.3703
level interest,176,2.3702
talk maybe,328,2.3701
our plants,368,2.3699
services side,156,2.3699
again said,286,2.3698
continue test,102,2.3697
again pleased,120,2.3694
get specific,158,2.3694
are reporting,278,2.3691
turn positive,161,2.369
ebitda target,136,2.3688
rise over,103,2.3688
over joe,177,2.3685
due impact,341,2.3685
despite impact,104,2.3684
you gonna,1332,2.3681
ebitda times,112,2.3679
grow share,373,2.3676
areas believe,113,2.3675
higher prior,480,2.3673
our brands,1999,2.3672
revenue associated,207,2.3668
don always,112,2.3666
given all,677,2.3664
expansion opportunity,204,2.3661
second compared,498,2.365
ratio range,100,2.3648
alongside our,405,2.3648
use data,234,2.3646
continues focus,141,2.3646
decline basis,182,2.3645
operations during,149,2.3644
our annual,2324,2.3643
outlined our,573,2.3642
customer contract,117,2.3641
commercial risk,110,2.3638
but trying,501,2.3634
kind thing,252,2.3633
including record,145,2.3633
details but,290,2.3631
are forecasted,129,2.363
segment saw,175,2.363
growth reflects,401,2.3628
development side,143,2.3627
you stand,481,2.3626
higher production,325,2.3624
feel need,135,2.3622
ago was,665,2.3622
probably still,159,2.3621
way doing,175,2.3616
you read,402,2.3615
first compared,870,2.3614
energy demand,132,2.3613
these drivers,161,2.3611
core technology,144,2.361
increased during,344,2.3609
are strategically,196,2.3608
until now,148,2.3603
detail but,318,2.3599
down double,159,2.3598
other important,333,2.3594
absolutely not,135,2.3592
mean you,4078,2.3591
prior range,288,2.3591
working well,508,2.3589
saw big,104,2.3586
guidance due,441,2.3584
sheet strong,282,2.3584
our beer,121,2.3582
represented over,101,2.3582
measures financial,131,2.358
prior fiscal,241,2.3578
say something,195,2.357
far has,242,2.3569
due its,161,2.3566
above our,2394,2.3566
release today,159,2.3563
margin rate,879,2.3562
accelerate our,1476,2.3561
record gross,155,2.356
continue leverage,453,2.356
rigs are,121,2.3559
driving value,212,2.3558
share few,334,2.3558
below our,1649,2.3557
those models,136,2.3556
over brian,426,2.3552
don change,139,2.3551
good returns,192,2.355
place today,166,2.3547
today look,892,2.3544
credit solutions,104,2.3543
consumers across,106,2.3541
grow high,241,2.354
portfolio including,322,2.3534
loss third,141,2.3533
however these,125,2.353
expanded our,1656,2.3529
specific markets,110,2.3526
continued benefits,102,2.3522
through whole,110,2.352
position long,208,2.3519
factors impact,118,2.351
deliver great,227,2.351
recall was,100,2.3506
say okay,185,2.3503
addition continue,271,2.3503
sure right,356,2.3502
can enable,114,2.3501
level margins,166,2.35
are extending,138,2.3499
december was,332,2.3498
planned second,103,2.3497
our innovative,532,2.3496
are changing,335,2.3492
why are,1340,2.3491
versus third,258,2.3491
expanding product,132,2.3484
these are,7375,2.3482
third was,1521,2.3479
close second,175,2.3478
are always,1323,2.3478
pieces but,121,2.3475
work improve,116,2.3474
items adjusted,124,2.3473
other comment,119,2.3473
not give,629,2.3468
high interest,289,2.3468
all components,101,2.3468
each customer,155,2.3465
commercial consumer,115,2.3463
include both,113,2.3463
want move,186,2.3461
net tariff,139,2.3461
its long,221,2.3461
ebitda positive,231,2.346
upgraded our,141,2.3458
are predominantly,106,2.3453
margins down,304,2.3452
customers spending,142,2.3451
relevance our,143,2.3445
automotive revenue,117,2.3444
make any,438,2.3444
additionally are,436,2.3443
highlight one,111,2.3441
results generated,105,2.344
grateful our,125,2.344
stable over,331,2.3438
volume based,224,2.3438
can used,309,2.3436
said still,301,2.3433
investment making,126,2.3429
around how,900,2.3426
took over,187,2.3424
visit our,206,2.3422
technology driven,260,2.3422
net working,343,2.3419
dollar growth,294,2.3416
part world,119,2.3414
costs remain,173,2.3413
obviously don,213,2.3407
but want,1721,2.3407
industry perspective,116,2.3406
third performance,436,2.3404
pretty important,122,2.3401
two plus,117,2.3399
see reason,130,2.3399
improved prior,154,2.3399
obviously still,260,2.3397
contributed over,178,2.3395
first fit,111,2.3394
last quick,124,2.3391
financial model,279,2.3389
commercial opportunities,188,2.3389
our quarterly,1962,2.3388
keeping our,434,2.3385
deal value,109,2.3384
first wanted,396,2.3382
lot changes,184,2.338
providing strong,142,2.338
managing our,853,2.3374
fiscal delivered,104,2.3372
give better,165,2.3369
few people,107,2.3362
offset expected,164,2.336
margin non,573,2.3359
clients want,132,2.3357
product areas,168,2.3356
every industry,116,2.3352
bit hard,104,2.3352
our partners,2853,2.335
out rest,148,2.3349
seems you,919,2.3348
less impact,152,2.3345
start build,144,2.3345
over supported,329,2.3343
earnings contribution,108,2.3338
one ways,136,2.3336
before after,104,2.3335
follow last,337,2.3335
grow its,113,2.3335
our purpose,330,2.3333
certainly believe,137,2.3333
our target,2500,2.3332
discussions are,362,2.3331
mix lower,222,2.3331
down quite,136,2.3329
addition these,255,2.3328
expect least,148,2.3327
running out,102,2.3326
management platform,333,2.3326
experience better,126,2.3326
reduction net,166,2.3324
declined adjusted,111,2.3324
billion included,140,2.3323
versus non,217,2.3322
see play,177,2.3321
not always,430,2.332
you anticipating,192,2.3319
how serve,142,2.3317
brand brand,112,2.3315
decline prior,114,2.3314
you ask,2073,2.3314
four basis,160,2.3313
fiscal first,702,2.3311
color kind,212,2.3308
focus cost,369,2.3307
over paul,214,2.3307
revenue profit,434,2.3306
outlook given,155,2.3305
opex was,123,2.33
growing base,106,2.33
predictability our,106,2.3298
income billion,534,2.3298
disciplined management,109,2.3297
totaled over,139,2.3297
continue fund,115,2.3296
driving lot,227,2.3294
understand maybe,151,2.3294
enterprise sales,205,2.3293
don mean,201,2.3292
seven new,106,2.3289
good matt,128,2.3288
down days,120,2.3286
points since,143,2.3285
guidance expected,520,2.3285
total equity,110,2.3284
management services,242,2.3283
longer expected,101,2.3282
way down,376,2.3282
our former,131,2.3281
dynamics are,655,2.3281
believe drive,222,2.3275
our workforce,353,2.3275
stores across,120,2.3274
can stay,124,2.3272
consecutive growth,213,2.327
tariffs other,148,2.327
revenue run,358,2.3268
yes course,148,2.3266
fourth expect,675,2.3262
came higher,100,2.3261
one another,408,2.3254
per customer,508,2.3251
issue not,123,2.324
happened was,121,2.3239
are shifting,277,2.3238
range turning,117,2.3237
see pressure,207,2.3236
solutions revenue,572,2.3231
indications are,197,2.3231
those clients,272,2.323
sales users,115,2.323
day operations,104,2.3228
component our,687,2.3227
ask two,135,2.3227
being delivered,122,2.3227
side but,1201,2.3224
scaling our,570,2.3224
calls but,141,2.3221
margin side,498,2.3218
community has,107,2.3216
was returned,115,2.3215
different price,178,2.3212
delivered billion,239,2.3211
probably even,114,2.321
anticipated second,128,2.3208
improving operating,149,2.3207
achieved adjusted,106,2.3205
across platform,442,2.3205
higher expenses,296,2.3204
products are,3157,2.3203
driving positive,105,2.3202
bit how,1078,2.32
did make,180,2.32
strong customer,761,2.3192
between per,257,2.3187
drive demand,278,2.3186
terms competitive,128,2.3185
looks strong,110,2.3182
expense due,154,2.3181
serve those,127,2.318
discipline capital,106,2.3177
moving around,178,2.3174
ramp through,152,2.3174
are strengthening,280,2.3171
capital towards,122,2.3171
end solution,100,2.3171
decisions are,360,2.317
heard you,766,2.3167
maybe put,186,2.3167
our regular,265,2.3166
billion driven,634,2.3166
acquisition expected,168,2.3165
loss net,229,2.3165
parties are,102,2.3163
strong commercial,424,2.3163
rate expected,428,2.3162
great see,1146,2.3161
now expecting,172,2.3159
strategy focus,204,2.3158
contribution new,196,2.3157
driven part,316,2.3157
you didn,742,2.3155
grow over,908,2.3152
grow approximately,225,2.3152
getting those,359,2.3149
loss versus,105,2.3146
maybe take,466,2.3145
gaap expenses,161,2.3144
one percent,105,2.3144
residential revenue,100,2.3143
given significant,181,2.3141
our intent,323,2.314
approximately two,402,2.314
margin upside,101,2.3139
seen change,115,2.3138
improved cost,215,2.3138
results once,110,2.3137
confident continue,231,2.3137
yeah start,241,2.3136
quarters seen,119,2.3135
driving continued,153,2.3135
expect free,408,2.3134
want run,114,2.3133
has positioned,199,2.3131
guidance metrics,104,2.313
you put,2133,2.3128
element our,291,2.3122
how thought,121,2.3122
net operating,882,2.3119
new distribution,244,2.3119
those plans,188,2.3119
second area,130,2.3116
measures these,177,2.3115
seen over,1059,2.3115
first three,641,2.3115
said don,241,2.3112
first patient,224,2.3112
billion assets,365,2.3107
lot hard,104,2.3106
improvement both,280,2.3106
significantly over,365,2.3102
revenues driven,165,2.3101
lot deals,104,2.3101
now take,1015,2.3101
compared non,247,2.31
target approximately,138,2.3098
tools are,569,2.3093
seeing shift,111,2.3091
margin above,229,2.3088
lot these,996,2.3083
assets including,197,2.3082
pipeline assets,117,2.3082
strong interest,446,2.3077
still getting,163,2.3077
ebitda growth,1803,2.3073
transform our,213,2.3073
strategic capital,353,2.307
expenses adjusted,308,2.3068
relative total,101,2.3065
prior decline,112,2.3059
growing top,118,2.3057
growth came,348,2.3055
over peter,217,2.3054
including billion,507,2.305
already said,160,2.3047
increase production,287,2.3047
need help,137,2.3045
but let,1155,2.3044
signed but,165,2.3044
repurchased over,126,2.3043
team does,157,2.3043
did benefit,100,2.3043
good color,259,2.3042
increase gross,426,2.3041
continue expanding,212,2.3041
patients are,1598,2.304
new loan,422,2.3037
june was,263,2.3036
substitute our,109,2.3035
experienced first,116,2.3032
today are,4741,2.3032
john good,299,2.3031
easy but,107,2.3029
approximately fiscal,272,2.3028
years after,200,2.3022
things don,276,2.3022
talking how,230,2.3021
nature our,654,2.3021
margins approximately,257,2.302
inc third,134,2.3017
momentum coming,134,2.3013
again early,205,2.3013
starting second,203,2.3011
revenue down,1407,2.3007
say don,302,2.3006
gonna look,139,2.3006
expect reduce,113,2.3004
investing growth,343,2.3003
sales momentum,347,2.3003
point make,295,2.2999
accelerating revenue,155,2.2998
good appreciate,238,2.2995
make change,140,2.2993
efforts across,143,2.2993
margin dollar,113,2.299
our biggest,838,2.2989
reflecting growth,636,2.2989
mix continues,113,2.2988
excited get,212,2.2987
obviously pretty,147,2.2985
annual adjusted,165,2.2983
bet you,113,2.298
our ultimate,169,2.298
now provide,631,2.298
along higher,108,2.2979
not true,104,2.2978
was achieved,311,2.2978
relative performance,126,2.2977
but wanna,105,2.2975
say few,198,2.2968
lot better,378,2.2966
need grow,148,2.2962
support growth,1042,2.2962
put forward,173,2.2956
fourth net,558,2.2955
versus first,719,2.2954
continuing increase,157,2.2951
get lot,663,2.2949
additional debt,123,2.2949
customers serve,107,2.2949
versus fourth,256,2.2945
total volume,246,2.2945
approximately available,136,2.2939
mix improvement,132,2.2936
improved product,216,2.2932
major impact,111,2.2931
here obviously,262,2.293
terms percentage,116,2.2922
margin contribution,134,2.2921
less capital,217,2.2918
are positioned,903,2.2916
margin dynamics,131,2.2916
approximately net,617,2.2911
overall environment,156,2.291
end previous,101,2.2908
great mike,107,2.2906
leadership across,124,2.29
backlog approximately,100,2.2899
say pretty,213,2.2897
rate between,258,2.2893
everyone during,146,2.2892
years beyond,156,2.2892
last had,876,2.2889
manage our,1184,2.2889
drive even,172,2.2887
additional services,136,2.2887
make strategic,171,2.2884
revenue increasing,364,2.2883
approximately half,400,2.2882
yields are,241,2.2881
costs down,356,2.288
still able,220,2.288
over arr,203,2.2875
conviction our,256,2.2875
kind underlying,107,2.2875
meaningful growth,536,2.2874
those applications,131,2.2872
commercial expansion,147,2.287
total capital,586,2.2867
both consumer,228,2.2867
but probably,731,2.2865
build long,186,2.2865
across system,204,2.2865
sell product,102,2.2864
markets day,212,2.2862
prior development,177,2.2861
continue meet,125,2.2859
seasonality but,206,2.2858
billion target,201,2.2855
can leverage,550,2.2855
but absolutely,193,2.2852
get those,1061,2.2851
coming michael,107,2.285
here given,233,2.2847
actually see,558,2.2843
opportunities both,374,2.2842
down primarily,236,2.2842
today provide,298,2.2841
come john,101,2.284
has happen,109,2.2838
still little,437,2.2836
move ahead,158,2.2836
prior sequentially,103,2.2833
our actual,1118,2.2832
quite long,116,2.2832
these different,463,2.2831
certainly see,381,2.2829
initiatives continue,327,2.2828
grow grow,115,2.2827
transaction revenue,302,2.2825
all information,222,2.2824
segments adjusted,124,2.2817
else you,722,2.2815
good run,227,2.2815
three period,161,2.2814
average share,350,2.2814
but mostly,141,2.2812
being pretty,162,2.2811
are presented,191,2.2808
pipeline growing,107,2.2808
had seen,303,2.2806
number other,414,2.2804
launches new,112,2.2802
but encouraged,186,2.2802
loans billion,170,2.28
billion loans,170,2.28
experienced over,182,2.2799
management expectations,217,2.2798
our proven,447,2.2795
consistent across,205,2.2794
incremental gross,118,2.2794
looks you,924,2.2793
growth verticals,125,2.2793
given momentum,116,2.2793
across global,271,2.2791
supplement our,157,2.279
higher productivity,123,2.279
product marketing,201,2.2786
profitability adjusted,184,2.2786
our desire,145,2.2785
agencies are,148,2.2779
benefit costs,130,2.2779
remain within,144,2.2779
share range,510,2.2772
growth accelerate,349,2.277
commercial portfolio,227,2.2769
through dynamic,106,2.2768
included our,1621,2.2767
margin down,848,2.2767
done here,139,2.2765
timing customer,149,2.2763
equity value,128,2.2761
platform solutions,141,2.2757
other dynamics,101,2.2756
half beyond,129,2.2754
another good,332,2.2748
kind flat,170,2.2747
consumers continue,147,2.2745
david said,123,2.2745
opportunity within,209,2.2745
trend right,118,2.2741
doing good,411,2.2739
possible but,226,2.2738
expectations further,122,2.2737
driven record,169,2.2734
start costs,233,2.2734
details these,125,2.2733
costs due,225,2.2733
one place,271,2.273
through detail,126,2.2729
positive way,175,2.2727
innovation including,109,2.2726
other way,433,2.2725
china has,220,2.2724
half due,290,2.2724
was included,358,2.2723
was highest,251,2.2722
mean lot,321,2.2721
strong leadership,145,2.2721
our legacy,936,2.2718
doing here,199,2.2714
demand europe,113,2.2713
see big,431,2.2712
reduces our,121,2.2712
increasing our,2229,2.2711
become one,144,2.271
expect gross,620,2.271
great experience,184,2.2709
net loan,237,2.2705
our fleet,1091,2.2703
core services,121,2.2702
product cycle,117,2.27
was basis,2192,2.27
another point,162,2.2699
headcount was,103,2.2698
guess any,240,2.2698
yes maybe,498,2.2695
saw first,561,2.2694
look mean,419,2.2692
off pretty,101,2.2692
was basically,204,2.2689
continue reflect,125,2.2689
loss approximately,152,2.2688
maybe less,173,2.2688
despite increase,108,2.2687
third adjusted,483,2.2686
return strategy,101,2.2686
during saw,168,2.2685
our press,1736,2.2684
make those,602,2.2684
outlook fourth,221,2.2684
can lead,176,2.268
clarify you,306,2.2676
net price,443,2.2676
offset mix,104,2.2675
completed first,195,2.2674
strong operating,970,2.2674
providers are,279,2.2673
over five,473,2.2672
but anything,540,2.267
potential expansion,133,2.2669
over countries,149,2.2666
pleased way,103,2.2666
evolution our,354,2.2665
opportunity remains,130,2.2665
gross leverage,179,2.2664
retention was,266,2.2659
loan demand,166,2.2658
ways first,147,2.2654
investment levels,110,2.2654
demand strength,163,2.2652
these conditions,139,2.2649
price versus,203,2.2649
perspective but,659,2.2648
term perspective,197,2.2648
everyone want,175,2.2646
make even,202,2.2639
who take,150,2.2638
said done,118,2.2634
supply coming,142,2.2633
those consumers,137,2.2633
rate basis,622,2.2627
performance each,156,2.2623
fiscal end,372,2.2622
within industry,188,2.262
groups are,117,2.2619
good chris,159,2.2619
our unmatched,100,2.2619
guidance summary,102,2.2618
see competition,105,2.2617
solutions support,105,2.2616
power management,166,2.2615
now running,153,2.2614
total risk,156,2.2613
segment net,447,2.2609
success across,137,2.2609
strong contribution,123,2.2608
margins increased,255,2.2607
expense increase,234,2.2605
under billion,235,2.2604
such non,102,2.2604
end demand,597,2.2604
full production,318,2.2603
why you,2092,2.2601
believe able,200,2.26
our network,2011,2.2596
continued make,253,2.2592
management initiatives,164,2.2591
contribute growth,111,2.2589
adoption new,218,2.2588
are quite,967,2.2588
cost care,139,2.2586
luck you,188,2.2585
people talk,127,2.2585
way back,413,2.2584
guidance set,173,2.258
are fully,834,2.2577
believe provide,184,2.2577
furthermore our,122,2.2577
team focus,224,2.2574
sharing our,435,2.2572
biggest one,102,2.2572
moment but,324,2.2571
hope can,115,2.2571
get perspective,202,2.2569
two together,103,2.2569
organization has,202,2.2564
regarding capital,103,2.2552
but sometimes,106,2.2549
our pipeline,3499,2.2546
impact margins,259,2.2543
how approach,261,2.2537
meaningful share,188,2.2536
direct operating,139,2.2536
term opportunities,378,2.2533
only does,109,2.253
approximately full,546,2.253
these three,474,2.2529
share versus,441,2.2529
are evolving,278,2.2527
bringing these,124,2.252
numbers right,121,2.2518
number new,749,2.2515
good andrew,148,2.2513
opportunity leverage,161,2.2512
talked sort,138,2.251
higher pricing,351,2.251
additional products,211,2.2508
expect able,422,2.2508
data access,109,2.2506
information today,112,2.2506
incentives are,174,2.2505
results press,118,2.2504
expected low,178,2.2502
joining our,1963,2.2501
quality product,178,2.2499
everyone interest,118,2.2495
lower operating,503,2.2493
total cash,647,2.2492
increased ago,159,2.2492
our long,7427,2.249
significant part,211,2.2488
eps full,181,2.2487
major customers,170,2.2485
embedded our,668,2.2483
stores are,699,2.2483
strategic value,242,2.2482
ongoing capital,227,2.2481
add approximately,165,2.2479
increasing approximately,123,2.2472
available our,2347,2.2472
declined billion,117,2.2472
strategy around,268,2.2471
our guide,1820,2.2469
range versus,209,2.2465
are growing,1887,2.246
arr was,193,2.246
stronger operating,103,2.2459
base growing,100,2.2459
you normally,142,2.2458
increase net,693,2.2457
probably take,146,2.2457
income approximately,340,2.2453
bit competitive,148,2.2453
whether you,1782,2.2452
areas are,1097,2.2447
actually start,176,2.2446
has had,902,2.2446
last part,532,2.2445
had little,572,2.2443
down nearly,115,2.2443
half relative,101,2.2436
sell those,154,2.2434
quarters before,107,2.243
our installed,354,2.243
help further,116,2.2427
greater billion,131,2.2426
continuing take,114,2.2424
already being,148,2.2424
growing interest,138,2.2423
financial update,170,2.2422
looking slide,170,2.242
our lowest,338,2.242
move higher,236,2.2416
instructions one,132,2.2412
now behind,153,2.241
position provide,104,2.2409
rates lower,202,2.2407
based businesses,110,2.2406
how important,475,2.2404
positive top,117,2.2404
any risk,225,2.2402
great execution,168,2.2395
net negative,119,2.2394
expected plus,103,2.2392
had before,278,2.2392
gaap expense,137,2.239
operational costs,128,2.2382
projected revenue,156,2.2382
was tied,118,2.238
debt net,286,2.238
was versus,1078,2.2379
highlight our,823,2.2377
generating over,167,2.2375
service support,116,2.2375
services support,120,2.2374
dive our,193,2.2371
contributors our,101,2.237
may impact,328,2.2364
full tax,206,2.2363
flow margins,219,2.2362
model has,347,2.2359
revenue increase,1358,2.2356
guidance yet,110,2.2353
okay last,304,2.2352
are balancing,108,2.235
getting out,304,2.235
adjusted expenses,293,2.2348
confidence can,321,2.2348
give people,107,2.2347
given sort,157,2.2344
months seen,133,2.2343
perspective don,109,2.234
volume side,170,2.2336
over due,1203,2.2335
small impact,109,2.2332
countries are,310,2.2332
those capabilities,275,2.2331
slide want,162,2.2328
was actually,908,2.2325
front continue,181,2.2323
right helpful,166,2.2321
flow fiscal,231,2.2321
was recorded,146,2.232
investors are,599,2.2318
key point,216,2.2315
bit time,866,2.2314
was quite,436,2.2314
expenses total,200,2.2312
further build,104,2.2306
how are,7424,2.2305
said believe,258,2.2305
work around,290,2.2304
high range,322,2.2303
grew volume,106,2.23
today program,273,2.23
number large,172,2.2299
strength both,191,2.2296
lot talk,286,2.2293
businesses continue,280,2.2293
investing new,186,2.2292
still got,267,2.2289
across businesses,191,2.2288
add any,216,2.2286
was reduced,275,2.2284
trend higher,106,2.2284
over adam,128,2.2282
who come,108,2.2282
kind getting,266,2.2281
suppliers are,191,2.228
including impact,338,2.2279
increase efficiency,157,2.2278
rate since,167,2.2276
target management,136,2.2276
being part,226,2.2274
fund growth,233,2.2269
margin compared,552,2.2269
see material,180,2.2268
continued drive,207,2.2265
again not,935,2.2265
program has,393,2.2263
still low,174,2.2262
during time,558,2.2262
make couple,144,2.2262
any information,113,2.2259
certainly expect,270,2.2256
move further,109,2.2255
approximately cash,702,2.2253
need deliver,122,2.2253
growth opportunity,1408,2.2251
wang you,108,2.2248
options are,331,2.2248
advantage those,144,2.2242
achieved over,302,2.224
cash return,251,2.2239
can quickly,199,2.2238
within guidance,350,2.2238
portfolio expansion,215,2.2238
expect transaction,174,2.2237
having any,161,2.2235
reflective our,136,2.2232
our parks,113,2.2231
work did,166,2.2231
service costs,153,2.2227
talking little,121,2.2225
delivered over,608,2.2223
increase reflecting,157,2.2221
including several,108,2.2216
expect drive,438,2.2214
great team,355,2.2214
all other,1389,2.2214
has added,132,2.2211
sale margin,138,2.2207
those events,123,2.2206
our hands,188,2.2206
our investors,1233,2.2206
acceleration growth,214,2.2205
expected credit,182,2.2204
announced increase,135,2.2203
higher selling,103,2.2199
across its,279,2.2199
rate cycle,103,2.2199
changes terms,137,2.2197
invest our,1580,2.2191
billion over,2407,2.219
outlook expected,209,2.219
great hey,142,2.2189
get information,111,2.2188
difficult but,171,2.2187
those levels,302,2.2186
added over,285,2.2185
all hard,205,2.2185
ebitda improvement,202,2.2184
has decreased,120,2.2182
ongoing share,232,2.2179
standpoint expect,104,2.2178
you drill,118,2.2177
you imagine,263,2.2176
take another,148,2.2175
here terms,354,2.2175
manufacturing cost,118,2.2174
terms volume,248,2.2173
met our,255,2.217
new supply,506,2.2167
our partnership,1189,2.2161
days down,111,2.2161
liquidity net,120,2.2156
policies are,145,2.2153
good scott,140,2.2149
guess want,161,2.2148
segment slide,128,2.2145
prior net,499,2.2144
across nearly,137,2.2142
improved results,203,2.214
throughout expect,189,2.2138
last discussed,106,2.2137
billion increasing,178,2.2136
far how,250,2.2136
etcetera you,155,2.2135
within its,127,2.2132
adjusting our,252,2.2131
third financial,490,2.213
thing here,137,2.2125
those particular,140,2.2123
below operating,118,2.2121
give lot,242,2.2117
our confidence,2158,2.2116
expected due,259,2.2111
you highlighted,969,2.2111
you lisa,103,2.2111
see real,381,2.211
how visibility,140,2.2107
service level,129,2.2094
ratio basis,157,2.2093
factors are,882,2.2088
expect revenue,1984,2.208
costs come,189,2.208
increased interest,257,2.2078
get point,482,2.2073
you agree,194,2.2071
product strategy,334,2.2064
here first,922,2.2062
expansion across,326,2.2061
probably two,152,2.2051
can invest,229,2.2049
increase reported,169,2.2049
yes take,335,2.2048
number key,165,2.2048
right time,986,2.2047
want double,115,2.2047
volume related,152,2.2046
range primarily,148,2.2042
versus fiscal,170,2.2042
growth both,2182,2.2037
billion primarily,288,2.2037
all areas,311,2.2037
guidance based,431,2.2033
example one,239,2.203
based revenues,123,2.2029
these customers,1277,2.2029
can run,298,2.2029
believe most,236,2.2028
right price,395,2.202
again want,301,2.2019
need change,116,2.2015
net impact,604,2.2015
two new,943,2.2013
other big,241,2.2012
maybe something,220,2.2011
team taking,174,2.2011
improvement was,833,2.201
getting point,159,2.2005
respectively over,104,2.2004
lower net,503,2.2004
areas can,323,2.2003
momentum both,223,2.2001
such high,137,2.2001
growth plans,403,2.2001
assets increased,233,2.2
workloads are,112,2.1996
our supplemental,305,2.1996
support both,269,2.1982
positive pricing,149,2.1982
net favorable,116,2.1981
outperforming our,159,2.198
points gross,307,2.1978
start moving,129,2.1976
now expected,949,2.1976
see little,1099,2.1976
underpinned our,161,2.1976
other assets,313,2.1973
did get,288,2.1972
can count,134,2.197
increased investments,255,2.197
months compared,164,2.1969
management confidence,125,2.1965
get best,213,2.1963
steps are,220,2.1962
remarks turn,118,2.1961
benefit higher,211,2.1961
order management,127,2.1958
pricing offset,114,2.1956
may need,204,2.1955
certainly look,239,2.1955
end last,979,2.1954
sort how,537,2.1953
lot energy,137,2.195
core commercial,128,2.1945
use product,228,2.1945
are fairly,267,2.1944
mean does,121,2.1942
instructions time,104,2.1938
portfolios are,143,2.1935
expect slightly,167,2.1934
term plan,251,2.1933
are reasonable,154,2.1932
good sense,185,2.1928
energy cost,139,2.1925
are impacting,256,2.1921
run out,195,2.192
expenses billion,318,2.1918
across retail,172,2.1915
investments make,187,2.1914
looking back,504,2.1914
another part,123,2.1913
excited part,111,2.191
started strong,140,2.1909
focus continues,125,2.1908
was tailwind,120,2.1908
depth our,292,2.1907
may result,106,2.1907
prior result,117,2.1906
tariffs are,842,2.1906
seen last,424,2.1905
improvements cost,108,2.1903
lower base,156,2.1898
new partners,367,2.1895
sales increasing,211,2.1893
was little,1843,2.1892
these cases,115,2.1891
investments are,2134,2.1889
perhaps not,106,2.1888
inventory end,245,2.1888
can understand,288,2.1887
seeing solid,107,2.1884
improved financial,227,2.188
positive ebitda,207,2.1878
half given,226,2.1878
recent price,101,2.1876
revenue upside,151,2.1875
our success,1662,2.1875
three additional,140,2.1869
coming david,102,2.1868
continue increase,934,2.1868
financial health,139,2.1866
one major,221,2.1864
are critical,596,2.1862
international growth,567,2.1862
improvement overall,151,2.186
overall say,281,2.186
high energy,119,2.186
overall consumer,125,2.1858
was times,412,2.1857
customers pay,104,2.1855
way people,154,2.1855
further development,114,2.1854
margins are,2036,2.1848
seen big,106,2.1848
pricing volume,170,2.1846
how things,754,2.1841
consistently over,130,2.1841
said feel,140,2.1841
continued organic,119,2.184
needs across,117,2.1839
billion december,111,2.1837
actually growing,119,2.1837
started last,148,2.1833
new capacity,504,2.1831
compared billion,450,2.183
does provide,102,2.1828
move out,309,2.1826
our joint,463,2.1825
order growth,537,2.1825
way put,103,2.1825
you define,120,2.1824
full capacity,263,2.182
prices down,108,2.1814
has strong,1210,2.1813
sequentially total,102,2.1813
our underwriting,587,2.1808
our plans,1592,2.1807
opportunities continue,579,2.1805
mentioned several,101,2.1803
half particularly,118,2.1803
costs result,100,2.1802
over doug,100,2.1798
taken over,208,2.1797
got two,275,2.1794
new state,151,2.1794
key customers,372,2.1794
saying not,133,2.1792
our international,2259,2.1791
work progress,162,2.179
investment performance,302,2.179
was introduced,102,2.1786
including launch,101,2.1786
fourth total,320,2.1785
share decreased,100,2.178
expect relatively,108,2.178
profit billion,201,2.1775
during continued,241,2.1764
surprise you,125,2.1764
reason not,140,2.1764
customers especially,157,2.1761
first typically,156,2.176
new tariffs,246,2.1759
probably see,373,2.1758
capex capital,137,2.1757
sort low,122,2.1756
approach here,106,2.1752
plan grow,102,2.175
our relationship,733,2.1748
losses was,189,2.1744
growth projected,231,2.1743
growing share,334,2.1741
pillars our,202,2.174
important work,158,2.174
supporting our,1132,2.1739
our projections,288,2.1737
how view,222,2.1735
expense compared,147,2.1733
expenses lower,184,2.1733
our historic,142,2.1732
sheet end,211,2.1731
you feel,2535,2.1731
first week,187,2.1731
got number,210,2.1729
now available,339,2.1728
brian good,175,2.1722
clarification you,155,2.1716
expenditures are,382,2.1715
over mark,458,2.1714
fiscal due,182,2.1713
billion reported,211,2.1713
rate above,133,2.1711
sequentially adjusted,148,2.171
result believe,110,2.1709
our model,3169,2.1708
forward having,137,2.1706
you touch,520,2.1704
highlighted last,116,2.1703
margins low,115,2.1702
kind talk,348,2.17
full representing,115,2.1696
quarters expect,304,2.1689
kind longer,155,2.1687
expect organic,250,2.1686
normalized growth,126,2.1686
decline net,174,2.1683
environment given,120,2.1683
expected support,189,2.1683
now completed,195,2.1683
cash interest,425,2.1678
lower pricing,228,2.1673
new patients,429,2.1672
key things,202,2.167
transition new,173,2.1668
are exiting,109,2.1665
our restaurants,357,2.1665
invested over,131,2.1662
ebitda increasing,110,2.1661
situation but,137,2.1661
see potential,496,2.1652
through multiple,181,2.1651
spend approximately,117,2.1649
markets are,3074,2.1649
let look,385,2.1648
open pipeline,106,2.1646
well too,171,2.1646
month data,127,2.1645
increased profitability,131,2.1642
continuing look,193,2.1642
one last,1521,2.1642
well future,547,2.1641
one one,1933,2.164
end had,643,2.1637
top top,103,2.1637
you everyone,2518,2.1636
rates coming,152,2.1636
continues work,130,2.1636
margin slightly,167,2.1633
expected timing,114,2.1633
high double,126,2.1631
look different,341,2.1629
expected provide,187,2.1627
increased its,196,2.1622
updates our,617,2.1622
double prior,103,2.1621
out later,121,2.1619
financial impact,563,2.1616
based management,322,2.1615
see continuing,289,2.1614
over despite,349,2.1612
multiple new,256,2.161
things add,140,2.1609
pieces are,215,2.1608
around pricing,252,2.1608
lower due,246,2.1603
had multiple,119,2.1602
join our,225,2.1601
leases are,205,2.16
drive positive,135,2.1596
five half,103,2.1595
confirm you,130,2.1594
elements our,362,2.1593
said couple,143,2.1591
particularly those,236,2.159
improving our,1685,2.159
debt level,116,2.1583
guide but,408,2.1583
longer time,185,2.1582
represent over,120,2.1581
both gaap,327,2.1577
start move,134,2.1577
get close,139,2.1576
how consumers,141,2.1575
talk kind,345,2.1575
extension our,276,2.1574
back shareholders,151,2.1573
segment remains,114,2.1573
fiscal primarily,120,2.1573
now projected,139,2.1572
positive volume,137,2.1571
impact timing,134,2.1571
core sales,374,2.1568
other area,111,2.1562
you don,3949,2.1562
are largely,582,2.1562
ago due,107,2.156
due strong,467,2.1557
reflecting over,522,2.1557
during including,234,2.1554
kind get,763,2.1552
mean again,203,2.1551
through integration,132,2.1549
get right,686,2.1548
benefit both,200,2.1548
revenue subscription,125,2.1547
dividend growth,372,2.1545
expected double,106,2.1545
you dave,492,2.1542
you chuck,120,2.1541
across three,317,2.1535
following strong,144,2.1531
interest other,333,2.1531
systems revenue,293,2.1531
side guess,109,2.1528
requirements are,255,2.1527
maybe two,446,2.1525
over period,1007,2.1523
big three,100,2.1519
building future,101,2.1519
brand strategy,132,2.1516
are required,328,2.1515
stores end,107,2.1514
moving ahead,135,2.1514
grew during,119,2.1512
strategy grow,136,2.1512
last excluding,172,2.1511
over previous,263,2.151
sheet during,112,2.1507
fast growth,165,2.1507
across lines,113,2.1506
prospects are,147,2.1506
billion led,108,2.1502
michael mentioned,109,2.1502
program program,104,2.15
reminder expect,106,2.1497
strategies are,387,2.1496
management approach,119,2.1494
growing customer,219,2.1492
was excellent,130,2.1492
challenging but,182,2.1491
directly through,106,2.1487
plan remain,103,2.1486
world markets,130,2.1486
was modest,161,2.1486
today before,286,2.1482
got real,117,2.148
start get,381,2.148
improvement driven,202,2.1479
had approximately,452,2.1475
way other,397,2.1473
closely our,622,2.1472
expense net,272,2.147
you frame,374,2.1469
are super,353,2.1468
value clients,137,2.1468
scale out,286,2.1468
way always,101,2.1467
expect improve,235,2.1467
driving additional,101,2.1462
you couldn,120,2.1462
base production,101,2.1459
level debt,115,2.1458
say pleased,124,2.1457
hear now,165,2.1456
here mean,225,2.1455
best product,194,2.1454
includes billion,125,2.1454
but never,139,2.1452
range potential,159,2.145
our unsecured,144,2.145
ahead believe,255,2.1449
reported earnings,193,2.1448
but course,576,2.1448
data solutions,198,2.1442
driven demand,389,2.1442
january was,251,2.1439
but believe,1320,2.1437
overall revenue,795,2.1436
start first,734,2.1435
platforms are,519,2.1432
investment capacity,131,2.1431
both international,152,2.1426
growth was,6713,2.1425
standpoint continue,117,2.1422
our dealer,314,2.1421
increase since,162,2.1421
any case,100,2.1417
don actually,155,2.1414
increased adjusted,516,2.1411
expect benefit,278,2.1411
gaap gaap,181,2.141
deck you,201,2.1408
issues are,341,2.1406
building platform,111,2.1405
space has,225,2.1404
announced two,103,2.1403
see stronger,159,2.1399
strategy development,127,2.1399
performance outlook,255,2.1392
continue forecast,100,2.1392
our european,600,2.1392
terms ability,151,2.1388
value provide,228,2.1388
occupancy was,143,2.1386
our journey,564,2.1384
global production,102,2.1383
mean probably,100,2.1383
okay well,345,2.1376
products coming,223,2.1371
after two,147,2.137
probably range,118,2.1366
platform expansion,163,2.1366
strategy build,112,2.1363
but otherwise,109,2.136
right level,323,2.1358
new initiatives,366,2.1357
pleased seeing,139,2.1354
ebitda compared,278,2.135
well mean,522,2.1348
you welcome,786,2.1344
driven increasing,113,2.1344
good john,266,2.1344
early give,113,2.1342
four new,266,2.1342
cases are,488,2.1341
third delivered,124,2.1341
incremental growth,552,2.1339
impacting our,510,2.1337
you get,7091,2.1336
based demand,310,2.1333
new brand,488,2.1329
obviously seen,157,2.1328
europe has,187,2.1328
significant interest,166,2.1325
factor but,142,2.1322
one those,1627,2.1319
available cash,211,2.1319
our msr,111,2.1318
strategy remain,138,2.1318
has actually,400,2.1315
other partners,191,2.1315
continue active,161,2.1314
demonstrated our,541,2.1309
piece but,199,2.1307
commercial investments,142,2.1306
key customer,233,2.1301
results before,268,2.1298
available through,217,2.1295
lower loan,128,2.1293
any future,332,2.1292
refer you,423,2.1292
not even,691,2.129
lot experience,175,2.1289
month ebitda,104,2.1289
overall credit,140,2.1288
seen increase,268,2.1288
guess second,237,2.1284
was headwind,233,2.1284
was held,111,2.1279
performance relative,112,2.1278
don make,204,2.1278
our approach,2002,2.1271
expense range,140,2.1265
including new,767,2.1263
below end,111,2.1263
follow mean,107,2.126
acquisition side,109,2.1257
products within,205,2.1255
new subscription,108,2.1253
any time,910,2.1249
guidance projects,170,2.1248
conditions are,556,2.1246
representing revenue,242,2.1242
approximately primarily,184,2.1242
impact having,118,2.1242
actually even,138,2.1241
expect revenues,252,2.124
income guidance,424,2.1238
rate improved,175,2.1233
yeah only,155,2.123
get people,256,2.1224
was resulting,186,2.1222
approximately free,207,2.122
highest growth,255,2.1219
expected impact,346,2.1219
future potential,136,2.1219
included billion,121,2.1219
our corporate,1187,2.1217
these other,1008,2.1216
premium revenue,216,2.1216
billion non,415,2.1213
are heading,123,2.1213
not whole,148,2.1211
over john,565,2.1208
talk any,295,2.1206
states are,531,2.1205
make best,116,2.1204
share diluted,134,2.1197
materials are,307,2.1196
range consistent,100,2.1196
has stable,131,2.1196
marks our,257,2.1195
got off,134,2.1195
still significant,229,2.1195
having those,217,2.1194
increase excluding,111,2.1193
composition our,171,2.1189
management does,186,2.1188
are closely,294,2.1188
see attractive,117,2.1183
but always,558,2.1183
both enterprise,122,2.1182
plan make,141,2.1181
investment opportunity,199,2.118
during make,214,2.1179
our priorities,1018,2.1178
users are,480,2.1178
eps impact,130,2.1177
related expense,109,2.1177
performance fourth,385,2.1175
right around,492,2.1175
lower power,125,2.1174
portfolio assets,196,2.117
trials are,217,2.117
ago now,385,2.1163
all weather,102,2.1162
strategic financial,282,2.1162
our unique,1135,2.1161
our commitments,483,2.116
end reflecting,177,2.1158
programs across,136,2.1157
high impact,407,2.1153
around mid,144,2.1148
today versus,324,2.1146
stable net,102,2.1146
restaurants are,166,2.1145
time now,1846,2.1144
process has,267,2.1135
addition expect,194,2.1135
obviously getting,110,2.1134
new treatment,130,2.1133
profit fourth,117,2.113
our commercial,3970,2.1129
performance remains,170,2.1128
forward building,174,2.1124
are described,393,2.1124
sequentially second,155,2.1123
operating plans,120,2.1121
work way,209,2.1119
these units,108,2.1114
income reflecting,104,2.1113
details how,122,2.1111
gives good,125,2.111
integration across,100,2.111
production expected,191,2.1108
time today,878,2.1108
margin decrease,125,2.1108
data available,135,2.1106
sectors are,106,2.1105
opportunity take,255,2.1105
seeing increased,425,2.1105
sales process,255,2.1104
any numbers,107,2.1104
owners are,102,2.1103
brings our,380,2.1103
follow same,118,2.1102
savings through,140,2.1102
levers you,278,2.1098
guys can,451,2.1098
was big,650,2.1097
seen little,270,2.1097
but something,707,2.1095
early but,932,2.1093
david good,264,2.1093
people start,147,2.109
supporting margin,107,2.1088
who make,116,2.1087
ebitda above,107,2.1087
invest both,101,2.1086
how gonna,166,2.1086
came billion,101,2.1084
remain high,209,2.1081
scott good,130,2.108
asking you,349,2.1074
our financial,9278,2.1073
well ahead,652,2.1072
overall loan,105,2.107
see elevated,112,2.107
clinical results,108,2.1067
inventory increased,168,2.1067
buy one,110,2.1065
bulk our,186,2.1065
how investors,136,2.106
terms its,178,2.106
probably one,339,2.1059
software data,105,2.1058
strong productivity,143,2.1057
investment support,139,2.1057
current share,304,2.1056
portfolio products,288,2.1055
can try,135,2.1054
combined strong,124,2.1054
why say,130,2.1051
opportunity help,140,2.105
sales reflecting,223,2.105
further increase,254,2.1048
issue but,159,2.1047
but important,863,2.1046
are optimizing,153,2.1044
time record,275,2.1037
you brought,337,2.1036
additional share,358,2.1033
focus has,485,2.1032
further turn,142,2.1027
net book,120,2.1025
away but,181,2.1024
seeing right,563,2.1024
obviously not,710,2.1023
recent data,147,2.102
had number,314,2.1017
only three,122,2.1017
profit rate,145,2.1017
demonstrated over,120,2.1013
you addressed,162,2.1011
seeing pretty,211,2.101
lower expenses,175,2.1009
range given,171,2.1008
was extremely,143,2.1007
fiscal free,130,2.1006
prior full,419,2.1006
one comment,163,2.1006
products capabilities,111,2.1003
another basis,208,2.1003
invest new,207,2.1
drove over,161,2.1
lot innovation,144,2.0995
included earnings,111,2.0995
despite strong,137,2.0995
now slide,433,2.0992
anchored our,117,2.0986
plan further,109,2.0985
had impact,455,2.0981
our recent,2318,2.0978
you tony,160,2.0977
want back,453,2.0977
these orders,162,2.0977
extent are,241,2.0975
how people,409,2.0975
guys said,134,2.0971
decline total,103,2.0971
can win,156,2.097
scale data,181,2.0968
seeing today,533,2.0968
our merchandising,161,2.0968
through system,229,2.0966
sales execution,239,2.0964
perspective terms,133,2.0959
marketing platform,105,2.0958
further drive,137,2.0957
delivered approximately,138,2.0956
attractive growth,219,2.0953
faster growth,307,2.0948
related cost,267,2.0947
something continue,337,2.0946
you hit,674,2.0946
say certainly,141,2.0945
are somewhat,200,2.0945
term trends,159,2.0944
customers move,278,2.0942
significant cost,311,2.0938
reduction operating,136,2.0938
sales partially,126,2.0937
point future,225,2.0937
our formal,163,2.0937
did grow,107,2.0936
period driven,238,2.0935
revenue generation,311,2.0935
are difficult,317,2.0932
see step,199,2.093
term demand,480,2.0929
expect mid,254,2.0928
probably don,108,2.0928
manage these,113,2.0927
see incremental,282,2.0923
ongoing portfolio,121,2.0922
one week,156,2.0921
expenses gaap,138,2.092
was stable,272,2.0919
metrics are,565,2.0916
our overall,4751,2.0912
his first,112,2.091
contributions our,468,2.091
decline fourth,102,2.0908
discipline continue,121,2.0908
locations are,289,2.0906
measures not,220,2.0906
significant capital,392,2.0904
suggest you,140,2.0904
continue remain,405,2.0897
sales increase,762,2.0897
stronger growth,292,2.0894
things always,116,2.0893
rate risk,172,2.0891
over led,282,2.089
participants are,767,2.0889
you watching,175,2.0889
improvement operating,275,2.0888
how use,365,2.0887
lot value,480,2.0886
focused three,126,2.0886
innovation driven,119,2.0884
are actually,1788,2.0883
compared reported,104,2.088
demand levels,147,2.0879
you math,250,2.0878
margin front,141,2.0874
certainly part,105,2.0874
last point,595,2.0872
cause our,553,2.0871
better leverage,137,2.087
driven several,122,2.0867
quality data,145,2.0866
growing high,205,2.0864
reduced our,1125,2.0864
our midstream,138,2.086
last included,140,2.086
cost sales,795,2.086
everything has,116,2.0859
fourth saw,176,2.0859
first month,270,2.0856
new model,425,2.0854
again always,105,2.0851
kept our,108,2.0848
facilities are,382,2.0846
you did,2902,2.0845
although are,282,2.0845
actually make,156,2.0845
saw good,367,2.0844
end target,166,2.0841
further leverage,108,2.0841
outperform our,192,2.084
way help,133,2.0836
outlook based,172,2.0835
expense fourth,161,2.0835
are rapidly,211,2.0834
start let,177,2.0833
out little,746,2.0832
over growth,6584,2.0831
our loyalty,377,2.0831
increase total,385,2.0829
has lot,815,2.0821
benefits both,128,2.0821
evolving over,116,2.0821
years building,165,2.082
expansion plan,107,2.0817
are pretty,1605,2.0817
got better,205,2.0816
increased fourth,337,2.0816
expectations both,223,2.0815
part portfolio,246,2.0814
expected launch,104,2.0811
october was,146,2.081
mike maybe,101,2.0808
impact certain,103,2.0806
billion capital,830,2.0805
important things,180,2.0804
under our,2496,2.0803
north billion,157,2.0803
understand value,112,2.0802
are clearly,514,2.0802
levers are,164,2.08
results above,136,2.0798
strong competitive,186,2.0795
continue achieve,113,2.0789
beginning last,128,2.0784
over david,554,2.0782
expenses range,151,2.0782
maybe provide,248,2.0782
flow during,247,2.0781
data systems,109,2.0781
fiscal total,211,2.078
expect launch,203,2.0779
maybe can,1182,2.0778
increased production,216,2.0777
are puts,215,2.0766
first second,1334,2.0765
fourth gross,283,2.0765
billion supported,101,2.0764
capacity need,123,2.0764
brands across,128,2.0762
impact higher,479,2.0758
treasurer you,111,2.0756
but once,323,2.0755
sales came,119,2.0754
but given,938,2.0753
our turnaround,252,2.0753
great value,453,2.0748
people actually,107,2.0747
said something,127,2.0745
need work,180,2.0745
volume was,920,2.0745
kind help,265,2.0741
our upcoming,512,2.0736
out how,1333,2.0735
quality management,133,2.0735
however are,454,2.0734
may want,260,2.0733
see bigger,107,2.0731
does sort,110,2.073
through each,215,2.0729
shows our,483,2.0729
full operating,679,2.0728
expenses fiscal,126,2.0727
perspective say,134,2.0725
can enhance,111,2.0722
period net,344,2.0718
volume driven,231,2.0716
look across,792,2.0715
average sales,338,2.0714
net earnings,731,2.071
opportunity move,130,2.0707
across markets,468,2.0707
costs improved,110,2.0706
flow approximately,324,2.0705
before take,183,2.0703
was recently,324,2.0703
investments debt,110,2.0701
sales efforts,156,2.0701
profit increase,146,2.07
are typically,492,2.0696
modest revenue,111,2.0692
expect spend,189,2.0692
has unique,115,2.0692
maintained our,407,2.0691
prior fourth,279,2.0686
income between,163,2.0685
vehicles are,233,2.0683
sales led,123,2.0682
its kind,272,2.0681
are fundamentally,106,2.0681
again why,105,2.068
product teams,108,2.0678
bringing our,998,2.0677
compared increase,325,2.0673
fuel growth,229,2.067
are discussing,103,2.0669
last did,353,2.0668
see goes,103,2.0668
down excluding,106,2.0667
such data,135,2.0666
target end,164,2.0666
was difficult,143,2.0665
our overseas,120,2.0662
shaping our,128,2.0661
cost revenues,170,2.0658
bring all,203,2.0654
headwind but,240,2.0654
was strong,2363,2.0652
seen early,130,2.0648
little higher,540,2.0648
well prepared,252,2.0647
reduced sales,111,2.0644
was helpful,429,2.0643
fits our,140,2.0643
you kind,7803,2.0639
but looks,237,2.0638
high cost,457,2.0635
great results,504,2.0632
total adjusted,434,2.0631
significant scale,109,2.0631
far out,182,2.0629
full reported,175,2.0629
kind understand,153,2.0628
fact are,750,2.0621
maybe you,6394,2.0621
mark good,198,2.062
nature but,132,2.062
lower demand,321,2.0615
focused investments,132,2.0614
renewals are,134,2.0612
around potential,190,2.0611
strong fourth,538,2.061
pricing benefit,103,2.061
corporate sales,114,2.0609
today date,198,2.0609
provide value,216,2.0608
higher inventory,201,2.0607
represented our,363,2.0607
having good,204,2.0606
program focused,109,2.0601
you join,168,2.0598
invest back,105,2.059
low volume,113,2.0589
actually better,152,2.0584
building new,363,2.0584
commercial performance,244,2.0584
resonating our,137,2.0581
any shift,111,2.0578
revenues third,122,2.0578
you expect,8868,2.0577
including ongoing,104,2.0576
lot other,590,2.0572
say yes,342,2.0572
capital program,287,2.0572
expansion potential,115,2.0571
increased volume,235,2.0569
our businesses,2164,2.0568
you haven,564,2.0563
has nice,111,2.0563
mix volume,135,2.0562
initiatives believe,111,2.0561
can continue,1920,2.0559
approximately above,109,2.0554
expenses remain,105,2.0554
slides are,125,2.0553
between full,258,2.0553
our stores,1268,2.0548
strong credit,304,2.0546
you probably,2090,2.0545
something don,115,2.0545
last reminder,101,2.0544
you bought,203,2.0544
comps are,182,2.0541
continue track,169,2.0539
total reported,119,2.0535
terms potential,189,2.0531
rate excluding,103,2.053
people can,486,2.0528
approximately five,101,2.0525
full revenues,184,2.0525
any help,229,2.0525
couple here,155,2.0522
you aware,233,2.052
billion grew,217,2.052
savings across,105,2.0518
growing markets,177,2.0513
saw early,112,2.0511
got few,127,2.0508
coming due,181,2.0508
reminder our,1022,2.0507
out specifically,149,2.0505
our dedicated,361,2.0497
say still,310,2.0496
earlier expect,254,2.0495
one percentage,227,2.0489
meet these,101,2.0487
financial benefits,142,2.0486
position future,110,2.0485
grow again,153,2.0484
industry supply,126,2.0484
both clinical,104,2.0483
our disclosures,116,2.048
make additional,162,2.0479
points last,565,2.0479
places are,173,2.0477
further opportunities,152,2.0475
are usually,139,2.0475
net orders,117,2.0474
able see,497,2.0473
focus right,340,2.0467
earlier but,624,2.0466
happen over,200,2.0464
further grow,110,2.0463
guide down,102,2.0463
see happen,116,2.0462
close today,127,2.0461
perspective again,109,2.0455
side saw,124,2.0452
projections are,127,2.0452
remember was,137,2.0451
last talked,330,2.0448
inside our,376,2.0444
billion reflects,107,2.0444
actually come,130,2.0441
real impact,151,2.0439
expenses operating,273,2.0438
drive cost,272,2.0437
two important,182,2.0436
focused primarily,101,2.0432
take several,104,2.0428
you outlined,367,2.0426
mean not,648,2.0426
certain product,119,2.0426
management taking,210,2.0423
not expect,1736,2.0422
you gotten,228,2.0419
quality customer,133,2.0418
range approximately,271,2.0418
current pricing,123,2.0418
out here,559,2.0413
savings end,105,2.0413
opportunity deliver,126,2.0411
level performance,253,2.041
driven pricing,239,2.0408
billion fiscal,336,2.0408
get leverage,233,2.0408
management continues,168,2.0407
fourth performance,365,2.0405
our achievements,114,2.0405
share per,625,2.0401
update terms,102,2.0401
ratio adjusted,139,2.0401
share increase,659,2.0399
maybe sort,281,2.0396
sense you,1261,2.0394
maybe kind,667,2.039
great companies,118,2.0387
mean said,179,2.0387
our digital,2136,2.0386
opportunities add,103,2.0385
all work,660,2.0381
are integrating,119,2.038
through first,1607,2.0377
are unchanged,204,2.0377
noted expect,113,2.0377
basis organic,176,2.0376
end first,1264,2.0375
these solutions,318,2.0375
these costs,508,2.0373
pipeline has,315,2.0372
compared primarily,134,2.0372
our allowance,214,2.0369
seen prior,185,2.0367
full total,426,2.0366
segment mix,154,2.0362
other color,157,2.0358
yes pleased,112,2.0355
address first,129,2.0354
operations range,119,2.035
billion growing,281,2.0348
you sit,243,2.0346
years past,177,2.0345
properties are,231,2.0344
approximately three,209,2.0343
members are,400,2.0341
leading performance,115,2.0337
follow you,2223,2.0336
out terms,587,2.033
does get,220,2.033
got get,348,2.0327
increased per,397,2.0322
basis reflecting,158,2.0321
through innovation,206,2.0321
continues driven,159,2.032
industry best,103,2.032
prior loss,110,2.0318
work being,198,2.0316
arr over,170,2.0316
positive same,141,2.0314
our domestic,601,2.0314
connection our,216,2.0309
good nice,110,2.0306
seeing little,466,2.0305
example had,112,2.0303
excited continue,275,2.0301
quarterly increase,103,2.03
expenditures first,102,2.03
within same,162,2.03
but worth,102,2.0297
operating return,178,2.0291
off here,153,2.0291
over month,414,2.0291
ebitda fourth,301,2.0286
believe help,138,2.0286
new head,119,2.0284
last time,1127,2.0282
revenue gross,873,2.0281
income expected,258,2.0277
same prior,216,2.0276
are posted,188,2.0275
time ask,214,2.0274
typically not,157,2.0273
marketing sales,244,2.027
back little,552,2.0269
new innovation,291,2.0262
full range,355,2.026
core strategic,103,2.026
support potential,106,2.0259
invest those,149,2.0258
total inventory,141,2.0256
got work,196,2.0253
assume you,476,2.0251
pleased strong,191,2.025
all key,509,2.0247
experience platform,100,2.0247
higher marketing,172,2.0243
launch product,140,2.0242
date through,267,2.0241
specific data,107,2.0236
expansion its,102,2.0234
good guess,287,2.0233
terms number,243,2.023
based data,316,2.0229
certainly looking,131,2.0227
but even,966,2.0226
synergies are,274,2.0226
those parts,100,2.0225
gets you,430,2.0222
update you,1490,2.0213
might say,107,2.021
ebitda leverage,166,2.0208
again something,128,2.0206
offering customers,109,2.0205
best most,105,2.0205
increased reported,131,2.0205
anything kind,162,2.0203
thinking forward,136,2.0203
refined our,114,2.0202
new build,387,2.0202
outlook balance,128,2.0202
leverage within,112,2.0201
significant long,247,2.02
flow improved,129,2.0198
third reflecting,103,2.0198
was significantly,292,2.0197
lot those,804,2.0196
strategy believe,193,2.0193
benefit approximately,148,2.0192
things help,152,2.0191
our sellers,226,2.0189
teens over,114,2.0188
overall believe,206,2.0184
way get,346,2.0183
benefits these,194,2.018
forward getting,178,2.0176
momentum has,298,2.0175
has driven,649,2.0175
you provide,2734,2.0174
execution our,2258,2.017
down last,706,2.0169
something need,104,2.0168
different type,182,2.0167
achieved first,164,2.0163
guess you,2165,2.0162
operating companies,144,2.0161
mentioned had,318,2.0158
talked prior,157,2.0157
plans continue,163,2.0156
process being,101,2.0156
how create,143,2.0155
quality earnings,169,2.0154
items are,639,2.0154
things improve,112,2.0151
billion above,157,2.015
same number,180,2.0148
use same,117,2.0148
engagement customers,114,2.0147
quarters due,116,2.0147
leverage across,244,2.0147
those together,179,2.0144
are mostly,237,2.0144
but basically,184,2.0143
closing out,148,2.0142
volume increase,259,2.0141
believe still,249,2.0138
higher power,169,2.0137
sales adjusted,826,2.0134
last december,117,2.0133
revenue sequentially,288,2.013
help kind,254,2.013
environment still,156,2.0129
continued cost,344,2.0128
our backlog,1471,2.0128
due inventory,113,2.0128
drive margin,387,2.0127
during last,465,2.0126
yes actually,190,2.0123
goes but,180,2.0122
has generally,100,2.0121
well continued,605,2.012
see something,364,2.0117
provide high,199,2.0116
increasing share,167,2.0116
help through,300,2.0115
has significant,452,2.0114
how bring,166,2.0108
seeing same,279,2.0108
increased capacity,180,2.0104
new exciting,115,2.0096
driven mix,203,2.0095
driven incremental,113,2.0095
including both,343,2.0092
our objectives,310,2.0092
benefit being,111,2.009
capex billion,118,2.0088
has consistent,227,2.0085
don lot,298,2.0083
well within,474,2.0081
full scale,200,2.008
expect stronger,107,2.008
contributed growth,156,2.0074
solid cash,147,2.0074
well let,472,2.0072
ask maybe,144,2.0072
mean feel,102,2.007
debt was,660,2.0067
results second,616,2.0065
digits expect,116,2.0065
now having,283,2.0064
over same,1007,2.0063
guidance anticipate,100,2.0062
performance plus,113,2.0062
around whether,102,2.0062
performance improved,163,2.0061
expansion both,250,2.0061
are examples,145,2.006
group revenue,281,2.0059
over jason,164,2.0057
our pipelines,206,2.0053
big things,138,2.0053
lower overall,218,2.0052
continue hear,113,2.0052
related products,176,2.0048
off little,195,2.0047
full amount,101,2.0045
deliver full,208,2.0043
continue pleased,233,2.0041
results phase,127,2.004
april was,227,2.0036
fundamentals our,328,2.0035
sales leadership,130,2.0035
improved approximately,143,2.0034
great great,448,2.0033
does work,122,2.0032
need something,103,2.0029
rate range,297,2.0026
transaction growth,385,2.0025
bit sense,101,2.0021
how positioned,183,2.0019
down less,133,2.0017
having strong,172,2.0013
emerging growth,120,2.0012
higher operating,615,2.0006
was nearly,334,2.0003
sales nearly,151,1.9999
you soon,348,1.9999
say most,249,1.9998
you take,4308,1.9997
time press,147,1.9997
need support,127,1.9995
full delivered,171,1.9995
through regulatory,129,1.9994
expect net,870,1.9993
agreements are,257,1.9993
was lower,1185,1.9989
february was,166,1.9989
sometimes you,298,1.9986
time ago,238,1.9986
are necessary,161,1.9985
differentiator our,135,1.9984
disciplined operating,117,1.9983
slide total,135,1.9982
can potentially,151,1.9982
partners are,1089,1.9982
are enhancing,197,1.998
margin improving,149,1.9978
still looking,292,1.9976
growth initiative,115,1.9976
position drive,101,1.9976
continue decline,217,1.9975
everyone time,286,1.9975
those initiatives,252,1.9974
compared gaap,184,1.9974
see impact,842,1.9973
terms having,100,1.9971
any big,202,1.9971
get excited,172,1.997
being best,107,1.997
growth area,322,1.9967
see those,1553,1.9967
standpoint how,110,1.9964
front but,319,1.9959
mean how,473,1.9959
income gaap,197,1.9957
adjusted segment,338,1.9955
did did,106,1.995
results driven,420,1.9945
yeah actually,144,1.9944
any benefit,193,1.9944
last turning,215,1.9943
within commercial,131,1.9942
applications are,478,1.9941
how build,319,1.9941
still kind,457,1.9941
billion gross,439,1.9937
moving now,400,1.9936
increased focus,246,1.9936
shares full,108,1.9935
seeing opportunities,277,1.9934
grew net,205,1.9932
first ended,195,1.9932
was reflected,143,1.9931
our borrowers,127,1.9931
our multiyear,469,1.9931
strong consistent,199,1.9929
meaningful margin,173,1.9928
are main,240,1.9924
evolve our,322,1.9922
was previously,305,1.9919
getting good,281,1.9918
increase volume,255,1.9917
total value,341,1.9915
fueled our,163,1.9915
particularly high,114,1.9915
incremental impact,117,1.9913
informed our,101,1.9911
any shares,108,1.9911
are positioning,307,1.9909
through beyond,200,1.9909
years before,225,1.9907
communities are,195,1.9907
lower rate,336,1.9905
closely but,133,1.9904
over annualized,149,1.9903
bringing all,133,1.9903
cost improvement,221,1.9902
making right,198,1.99
demand power,135,1.9899
momentum here,143,1.9894
other services,252,1.9894
based products,233,1.9893
guys want,147,1.9891
prior non,218,1.9889
get past,198,1.9888
given continued,169,1.9886
inc first,312,1.9886
percent growth,167,1.9885
need continue,468,1.9882
flow expected,270,1.988
time ramp,123,1.9879
talking customers,143,1.9879
not provided,150,1.9879
within those,421,1.9877
strong note,101,1.9874
our ongoing,2204,1.9869
portfolio changes,110,1.9868
opportunities remain,133,1.9868
best can,367,1.9868
today reported,162,1.9866
are basically,365,1.9865
continue driving,307,1.9863
due acquisition,111,1.9862
population growth,128,1.986
platform including,201,1.9858
but interesting,148,1.9857
alignment our,231,1.9856
global portfolio,144,1.9851
margin between,327,1.985
take risk,124,1.9845
can support,492,1.9845
andrew good,123,1.9844
actually don,139,1.9842
term financial,607,1.9841
people technology,106,1.9841
something want,141,1.9838
top half,167,1.9838
behind now,128,1.9836
earnings today,610,1.9832
integrate our,248,1.9831
you maybe,6053,1.9831
margin reflects,122,1.9829
guide how,181,1.9829
saw third,159,1.9828
everyone good,293,1.9827
future revenue,650,1.9821
can change,390,1.982
last due,440,1.982
say look,526,1.9813
pricing change,101,1.9812
those drivers,122,1.9811
every opportunity,100,1.9809
different product,238,1.9806
years has,722,1.9801
our top,3135,1.9798
last despite,134,1.9798
how looks,112,1.9796
lower compared,229,1.9793
fiscal revenue,625,1.9788
probably get,182,1.9786
service margins,106,1.9782
reported strong,206,1.9782
margin representing,134,1.978
lot potential,222,1.978
opportunity add,107,1.9776
feel well,331,1.9775
all businesses,288,1.9775
first generated,168,1.9773
potential customers,306,1.977
you won,410,1.9769
share above,165,1.9767
strategic growth,816,1.9767
maybe how,899,1.9765
expect play,102,1.9764
has big,280,1.9763
how work,537,1.9762
being low,126,1.9761
able share,323,1.9759
improves our,180,1.9759
reinvest our,116,1.9757
said remain,143,1.9756
bill good,116,1.9755
positive early,111,1.9753
slide two,137,1.9751
debt during,124,1.975
point here,286,1.975
ebitda perspective,120,1.9747
industry capacity,122,1.9741
billion orders,113,1.974
capital base,237,1.9739
compared earlier,108,1.9737
accelerated over,177,1.9736
our priority,653,1.9733
our first,15319,1.9733
way did,142,1.9733
something you,2160,1.9732
certain customers,151,1.9729
products across,403,1.9719
customer perspective,135,1.9718
good david,240,1.9718
bullish our,192,1.9716
devices are,181,1.9716
themselves are,134,1.9716
out way,440,1.9715
expansion management,207,1.9714
stuff you,381,1.9714
earnings guidance,635,1.9714
yield was,211,1.9713
income third,246,1.9713
different different,108,1.9713
customers every,209,1.9713
but keep,322,1.971
continue run,199,1.9708
these tariffs,164,1.9708
expenses due,135,1.9707
pressures are,223,1.9704
yes probably,133,1.9704
better off,120,1.9703
are needed,258,1.9702
growing part,134,1.9701
major new,216,1.9698
other comments,122,1.9698
last announced,172,1.9697
margin drivers,111,1.9697
start maybe,319,1.9696
announced billion,145,1.9696
over representing,305,1.9694
higher rate,481,1.9693
was successful,191,1.9692
demand coming,239,1.9691
thinking things,101,1.9689
product margins,252,1.9685
obviously working,123,1.9684
points expansion,178,1.9681
guidance billion,680,1.9681
retail demand,108,1.9674
seeing competitive,116,1.9672
good deal,145,1.9672
lot positive,224,1.9671
growth platforms,238,1.9671
was sequentially,383,1.9671
volumes are,888,1.9669
range compared,199,1.9668
volume coming,149,1.9667
our path,792,1.9667
margins free,112,1.9666
term investment,291,1.9666
over road,106,1.9665
another billion,211,1.9663
data capabilities,134,1.9659
operating rates,271,1.9659
doing around,170,1.9658
flow full,399,1.9655
investments across,297,1.9652
increased spend,104,1.9649
therapies are,114,1.9648
approximately during,256,1.9647
based across,376,1.9646
was positive,740,1.9643
overall pricing,165,1.9642
operations increased,152,1.9641
adjusted loss,163,1.9639
growth mid,599,1.9636
group has,177,1.9636
statements forward,133,1.9634
sound you,125,1.9632
investing our,1087,1.9631
back mid,178,1.963
enhancements our,263,1.9627
make real,103,1.9627
but said,1120,1.9625
doing all,441,1.9623
able increase,232,1.9622
even little,258,1.9622
pipeline strong,265,1.9621
bit prepared,129,1.962
billion nearly,122,1.9619
trying kind,135,1.9618
guidance slide,197,1.9618
well productivity,167,1.9617
margins between,110,1.9616
was anything,406,1.9613
said another,111,1.9612
accelerated revenue,125,1.9603
any areas,139,1.9596
surpassing our,109,1.9595
between compared,141,1.9595
continue view,184,1.9595
marketplace revenue,144,1.9595
bit here,360,1.9592
generation data,111,1.9588
three three,117,1.9586
expected continue,607,1.9586
anticipate these,139,1.9586
compared approximately,260,1.9585
stable cash,109,1.9584
meet all,122,1.9584
over instructions,196,1.9579
future expansion,130,1.9578
below billion,104,1.9578
not put,330,1.9577
technology side,131,1.9576
better support,138,1.9573
portfolio has,570,1.9572
service platform,127,1.957
costs are,2118,1.9567
our attention,334,1.9567
significant capacity,118,1.9565
cost out,700,1.9563
revenue headwinds,177,1.9562
new items,181,1.956
further out,340,1.9559
other benefits,131,1.9558
grow our,3126,1.9557
scenario you,162,1.9557
patterns are,124,1.9556
outside those,103,1.9555
our unified,181,1.9553
historically not,118,1.9552
opportunities leverage,121,1.9551
position continue,319,1.9551
strong clinical,131,1.9547
any different,251,1.9547
best products,117,1.9545
kind hard,103,1.9542
saying you,575,1.9541
area has,131,1.954
decision not,140,1.9539
other costs,338,1.9537
imagine you,219,1.9535
can come,563,1.9535
not received,110,1.9534
both these,803,1.9533
other actions,114,1.9533
are places,162,1.9529
transcript earnings,266,1.9529
value our,6528,1.9528
presentation can,140,1.9525
you thought,632,1.9524
things move,138,1.9523
visibility how,117,1.9518
growth forecast,191,1.9514
margin eps,196,1.9513
strengths our,142,1.9512
through strategic,322,1.9512
last started,126,1.9511
games are,107,1.9509
expect invest,127,1.9503
other changes,162,1.9503
expect roughly,129,1.9503
working interest,113,1.9502
confident these,171,1.9501
expected future,195,1.9498
additionally our,688,1.9497
key products,164,1.9497
continue experience,265,1.9489
opportunities including,193,1.9489
ensuring are,146,1.9484
utilization was,193,1.9483
look every,195,1.948
income levels,108,1.948
continue progress,381,1.948
center revenue,299,1.9479
fiscal gross,183,1.9479
helpful last,176,1.9472
here again,249,1.9467
are hoping,191,1.9467
maybe wanted,148,1.9465
performance starting,125,1.9464
expected second,425,1.9464
are improving,701,1.9464
good way,473,1.9462
phase results,122,1.9461
progress during,141,1.946
season but,201,1.946
environment believe,138,1.9456
consistent basis,155,1.9455
was announced,380,1.945
start turn,164,1.9449
again given,165,1.9448
last saw,311,1.9447
faster time,113,1.9447
study has,114,1.9442
how confident,186,1.9442
maybe color,133,1.9437
guys kind,233,1.9436
all states,137,1.9435
but thought,187,1.9431
all best,342,1.943
drive performance,238,1.9428
expenses during,137,1.9428
actions across,115,1.9427
between gross,155,1.9425
study was,241,1.9425
was huge,114,1.9424
get something,194,1.9419
new quarterly,212,1.9418
volume outlook,125,1.9416
record first,342,1.9413
costs per,268,1.9411
results first,1031,1.941
perhaps you,451,1.9406
fourth revenue,861,1.9406
are further,1680,1.9403
increasing customer,106,1.9398
recent product,144,1.9397
other potential,249,1.9396
performance particularly,120,1.9396
value customers,597,1.9393
bit specific,105,1.9391
one challenges,101,1.939
industry demand,241,1.9388
managers are,100,1.9387
announce our,244,1.9387
platform has,453,1.938
over eric,183,1.938
weather was,142,1.9378
talk potential,107,1.9378
approvals are,108,1.9375
increase relative,100,1.9375
our books,131,1.9372
was reflecting,439,1.9372
turning fourth,106,1.9365
certainly had,151,1.9364
industrial sales,107,1.9364
meaningful operating,133,1.9364
was definitely,187,1.9363
first two,783,1.9362
all units,123,1.9362
side given,131,1.9362
still opportunity,227,1.9361
partners around,117,1.936
financial group,130,1.936
course continue,240,1.9358
transactions are,416,1.9357
term focus,294,1.9357
day period,117,1.9357
expect these,1113,1.9355
over midpoint,257,1.9353
both new,1032,1.9353
turning over,474,1.9352
capabilities are,1000,1.9351
earlier around,131,1.9349
forward beyond,126,1.9349
full reflecting,147,1.9348
mentioned already,122,1.9344
down bit,445,1.9343
obviously saw,119,1.9343
time get,787,1.9341
strong consumer,240,1.9341
using these,168,1.934
etc are,103,1.9339
offerings are,391,1.9339
new energy,243,1.9336
earnings growth,2030,1.9336
billion march,106,1.9335
our partner,1178,1.9332
billion full,648,1.9332
reported prior,103,1.9331
saw coming,121,1.9331
maybe longer,108,1.933
our crm,111,1.9328
cost environment,204,1.9327
are learning,197,1.9323
actually being,141,1.9317
has launched,106,1.9316
categories are,465,1.9316
revenue represents,123,1.9314
elements are,149,1.9313
environment continue,344,1.9313
our estimates,284,1.9313
our traditional,624,1.9312
increased record,137,1.9311
you sort,2997,1.9311
either one,105,1.9309
fiscal remain,113,1.9309
milestones are,176,1.9308
enhancements are,124,1.9307
revenue standpoint,142,1.9305
rates continue,384,1.9304
was favorable,261,1.9303
our operations,2592,1.9302
our plan,2935,1.9301
turning full,155,1.93
you made,2339,1.93
our fulfillment,189,1.9297
range based,200,1.9296
capital actions,125,1.9294
not get,1218,1.9294
our disciplined,1411,1.9293
fiscal net,306,1.9291
drivers are,526,1.9288
share was,2078,1.9284
growth asia,164,1.9284
was built,307,1.9279
approximately non,245,1.9279
presentation now,143,1.9278
through fiscal,375,1.9276
our best,2406,1.9273
but hope,149,1.9272
performance since,137,1.9272
was trying,344,1.9267
terms mix,186,1.9266
once you,978,1.9262
driven large,193,1.9258
key growth,844,1.9253
customers access,127,1.9252
our deep,532,1.9249
fourth due,217,1.9247
yes obviously,214,1.9247
here how,638,1.9246
performance slide,161,1.9245
customers expanding,131,1.9242
price value,262,1.9241
execution cost,144,1.924
doubled our,233,1.9235
credit platform,123,1.9233
lot color,126,1.9225
range fiscal,159,1.9223
credit related,100,1.9222
backlog was,306,1.9221
due large,142,1.9218
you correct,325,1.9215
has got,459,1.9215
right side,291,1.9206
say always,113,1.92
throughout first,226,1.9197
driving increase,166,1.9193
are met,100,1.9192
use those,293,1.919
expect any,749,1.919
things get,386,1.919
story but,120,1.9188
through distribution,131,1.9188
not doing,482,1.9187
active capital,104,1.9187
website well,119,1.9185
deliver industry,105,1.9183
our total,5282,1.9183
share information,110,1.9181
side maybe,265,1.918
opportunities future,156,1.9179
six new,159,1.9178
work already,116,1.9177
after being,102,1.9173
obviously early,130,1.917
anticipate net,101,1.917
had any,511,1.9166
believe right,361,1.9166
kind view,132,1.9165
take price,208,1.9165
comp was,162,1.9165
pipeline coming,107,1.9164
are participating,119,1.9163
sort help,100,1.9159
months now,473,1.9159
our full,7703,1.9156
operational cost,169,1.9155
our ecosystem,648,1.9151
said probably,104,1.9151
higher sequentially,118,1.9151
any single,216,1.9149
continue feel,304,1.9149
traffic was,152,1.9147
leading product,115,1.9147
expenses second,256,1.9147
generation product,118,1.9144
earlier had,158,1.9138
getting ahead,116,1.9137
still big,126,1.9134
was result,447,1.9134
forward john,142,1.9133
billion revenue,1388,1.9133
these big,280,1.9133
share same,374,1.9132
okay second,200,1.9131
don use,109,1.913
but gives,246,1.9129
income increase,313,1.9129
emphasize our,149,1.9126
over richard,131,1.9126
sales activity,254,1.9126
our main,471,1.9124
results total,362,1.9122
revenue growing,501,1.9117
today you,6001,1.9116
was nothing,125,1.9116
including benefit,110,1.9115
during after,102,1.9115
patients being,107,1.9114
want work,223,1.9114
others can,111,1.9113
driving overall,103,1.9112
end period,297,1.9112
through acquisition,257,1.9108
rates increased,189,1.9107
volume expectations,103,1.9107
space but,437,1.9107
commentary you,519,1.9105
shareholders look,150,1.9104
part plan,120,1.9104
benefits cost,112,1.9103
combining our,152,1.9102
products help,133,1.9099
new investments,519,1.9096
period non,157,1.9094
sure you,2751,1.9093
quarters but,625,1.9091
work make,181,1.909
release financial,126,1.9089
tailwinds are,155,1.9089
those people,324,1.9088
commerce revenue,107,1.9086
may able,149,1.9086
improvement expected,152,1.9086
are setting,231,1.9083
volumes increase,115,1.9081
keep one,162,1.908
you considering,211,1.9078
our wholesale,487,1.9078
platform strategy,161,1.9076
extended our,347,1.9076
our erp,157,1.9073
along strong,108,1.9073
particular has,110,1.9073
higher capacity,207,1.9072
are covered,132,1.9068
based momentum,118,1.9068
slide during,106,1.9067
several markets,100,1.9067
those systems,165,1.9063
half turning,109,1.9062
not buy,121,1.9057
sales trend,120,1.9056
sort talk,122,1.9055
strategy continue,449,1.9054
our owned,391,1.9054
point feel,136,1.9054
high growth,1504,1.9054
second expect,808,1.9052
continue use,309,1.9052
prior reported,101,1.9048
lot change,169,1.9046
third expect,489,1.9045
term rates,234,1.9038
now ever,114,1.9038
use these,294,1.9038
seeing most,263,1.9037
big opportunities,103,1.9037
timing around,104,1.9035
okay one,307,1.9034
margin negative,114,1.9034
full launch,138,1.9032
out beyond,181,1.9027
stronger cash,100,1.9023
current rate,186,1.9022
upside but,183,1.9019
continue growing,354,1.9018
primarily increased,161,1.9016
but same,986,1.9015
first full,1083,1.9015
over andrew,249,1.9014
deliver these,285,1.9013
shareholders per,105,1.9012
happy new,117,1.9012
but happy,196,1.9011
see coming,521,1.9008
dynamics continue,116,1.9007
phase growth,429,1.9005
our comprehensive,350,1.9002
expect contribution,100,1.9
consolidate our,104,1.8999
other similar,110,1.8998
bit but,1608,1.8997
yeah you,3400,1.8995
adoption has,125,1.8994
around sort,198,1.899
disciplined how,165,1.899
free balance,110,1.899
similar kind,121,1.8989
are lots,200,1.8987
hitting our,171,1.8986
growing need,115,1.8981
discussed our,864,1.898
necessarily but,105,1.8978
here second,425,1.8974
leading share,147,1.8973
outlook here,173,1.8973
driven efficiency,107,1.8972
now getting,379,1.897
got guys,112,1.8969
backlog growth,339,1.8967
loans are,756,1.8966
pretty same,118,1.8966
two ago,114,1.8965
credit markets,152,1.8965
profile has,115,1.8963
work continues,108,1.8962
increase same,268,1.8962
expenses versus,117,1.8956
growth coming,987,1.8952
increased mid,131,1.8951
term long,414,1.8947
doing today,217,1.8945
sales price,419,1.8944
opportunity make,189,1.8942
compensation was,181,1.8935
importantly are,446,1.8932
clients continue,215,1.8932
despite all,180,1.8932
overall margins,140,1.8931
over life,224,1.8931
billion per,523,1.8931
drive leverage,101,1.8925
pipeline future,101,1.8923
pace new,124,1.8923
you everybody,599,1.8922
capital plans,112,1.892
you gary,249,1.8915
world has,220,1.8915
guidance non,324,1.891
strong brand,269,1.8909
seen good,369,1.8909
now representing,194,1.8907
half ago,115,1.8906
are shipping,137,1.8903
growth projects,474,1.8897
fourth primarily,141,1.8896
believe long,264,1.8896
but bigger,171,1.8895
grow both,206,1.8891
again mentioned,202,1.889
investment program,113,1.8889
see greater,162,1.8888
parts first,120,1.8886
expanding new,197,1.8886
deal was,288,1.8882
compared full,328,1.8882
right balance,270,1.8878
management prepared,109,1.8877
way kind,365,1.8877
within core,111,1.8877
revenues over,500,1.8873
sales prices,137,1.8873
therefore are,211,1.8871
completed last,104,1.887
looking different,174,1.8868
expected lower,245,1.8868
one size,123,1.8866
control can,161,1.8866
look future,330,1.8865
guys seeing,165,1.8862
leaders are,152,1.886
growth target,458,1.886
letter you,149,1.8859
perspective continue,244,1.8855
open before,106,1.8855
our key,3286,1.885
set customers,162,1.8848
plans are,625,1.8845
not being,681,1.8845
growth throughout,388,1.8845
expense lower,135,1.884
program during,126,1.8839
new states,133,1.8837
our tam,196,1.8836
opportunities are,1979,1.8836
rate loan,140,1.8832
does kind,229,1.8831
third total,253,1.883
margin flat,151,1.8829
range low,119,1.8828
sales outlook,335,1.8826
consistent long,113,1.8825
things make,216,1.8823
both core,213,1.8822
within current,104,1.8819
maybe relative,103,1.8818
seeing consumer,156,1.8815
strong growing,282,1.8814
still come,180,1.8812
across number,319,1.8811
did impact,184,1.881
opportunities build,100,1.881
picture you,262,1.8809
revenue fiscal,584,1.8809
leverage end,224,1.8808
trend expect,114,1.8806
whatever you,256,1.8802
not heard,112,1.8801
actually positive,100,1.8798
expenses net,252,1.8794
europe was,332,1.8793
during made,120,1.879
portfolio delivered,108,1.8785
you normalize,149,1.8784
first let,512,1.8783
growth capex,324,1.8783
sales service,293,1.8778
significant share,353,1.8776
across core,241,1.8775
growing opportunity,133,1.8771
different level,112,1.877
are now,7398,1.8767
forward expect,642,1.8766
lot strength,145,1.8765
parts one,105,1.8764
down inventory,161,1.8762
record operating,182,1.8761
higher loan,156,1.876
management said,259,1.876
ensuring our,288,1.8758
course want,104,1.8756
product technology,234,1.8755
excited how,257,1.8755
customers already,250,1.8754
start second,348,1.8753
competitors but,132,1.8752
moving through,243,1.8749
today excited,156,1.8749
potential drive,109,1.8748
applying our,107,1.8746
marking our,249,1.8743
happening but,162,1.8741
tax impact,126,1.8736
through its,281,1.8735
one ago,268,1.8733
made number,113,1.873
return value,124,1.8729
moving guidance,184,1.8721
delivered results,145,1.8721
deliveries are,143,1.872
seeing great,401,1.8718
delivering higher,102,1.8717
rate perspective,133,1.8717
maybe thinking,130,1.8717
seeing clear,105,1.8714
you sarah,105,1.8712
sales improved,233,1.8712
kind moving,205,1.8711
driving down,159,1.871
earnings available,140,1.8709
well construction,114,1.8709
mean got,153,1.8708
our membership,280,1.8708
raise our,404,1.8706
dollar revenue,137,1.8703
can certainly,319,1.8703
our franchise,610,1.8701
focused long,186,1.8698
related demand,193,1.8698
between price,125,1.8698
but main,109,1.8697
our flywheel,129,1.8693
engagement through,112,1.8692
environment right,219,1.8691
doing terms,159,1.8689
follow terms,134,1.8688
term benefits,114,1.8688
pipeline new,381,1.8687
you took,476,1.8684
are demonstrating,154,1.8681
our optimism,146,1.8681
expect incremental,178,1.868
impact changes,116,1.868
expense per,169,1.8677
mean terms,196,1.8676
cost inventory,169,1.8674
thinking capital,160,1.8673
increased organic,120,1.8673
margins even,123,1.8671
capabilities around,107,1.867
advantage these,114,1.867
early data,209,1.867
expansion new,468,1.8668
top markets,150,1.8667
kind following,108,1.8666
probably good,242,1.8665
strategy forward,250,1.8659
delivering these,157,1.8659
technology data,212,1.8656
new program,416,1.8653
you simon,116,1.864
update guidance,127,1.8636
move second,208,1.8631
are enabling,295,1.8627
did lot,208,1.8623
has growing,314,1.8622
results wanted,138,1.8621
expect add,218,1.8621
our manufacturing,1356,1.862
targets are,367,1.8618
anything has,179,1.8614
completing our,138,1.8614
had less,124,1.8613
team made,121,1.8608
view kind,127,1.8608
increase revenues,141,1.8608
looking something,135,1.8607
all numbers,170,1.8606
kind talked,250,1.8605
yes excited,115,1.8605
obviously different,120,1.8603
over subscription,143,1.8603
billion roughly,104,1.8603
clearly not,145,1.8601
hard time,116,1.86
everyone being,108,1.86
increased double,100,1.8599
release well,186,1.8596
success our,1324,1.8595
means not,119,1.8594
driven growth,1388,1.8594
repurchases continue,105,1.859
returns across,101,1.8587
increase mid,145,1.8586
are achieving,224,1.8586
points leverage,141,1.8585
before talk,107,1.8584
strong loan,202,1.8581
expect significant,376,1.858
growth investments,879,1.8579
new structure,166,1.8577
our control,1078,1.8576
meaningful revenue,257,1.8572
higher net,576,1.8571
share quarterly,126,1.857
experiences are,221,1.8569
idea you,232,1.8569
already strong,248,1.8568
first weeks,121,1.8568
give sort,101,1.8565
these data,688,1.8565
represent our,430,1.8563
sales generated,109,1.8563
still process,105,1.8561
making any,176,1.856
thinking long,105,1.8556
done over,459,1.8556
features are,211,1.8555
you jennifer,133,1.8555
billion share,741,1.8553
guess can,354,1.8548
may little,286,1.8548
able start,141,1.8547
diversified growth,103,1.8547
forward plan,183,1.8546
three new,468,1.8546
perspective well,249,1.8546
turning around,107,1.8539
are known,136,1.8538
consumers can,140,1.8537
volume improvement,106,1.8528
here couple,135,1.8528
points full,372,1.8526
increase annual,106,1.8526
experience both,149,1.8525
way sort,150,1.8525
expenses higher,214,1.8524
thing can,305,1.852
our dual,144,1.8519
had meaningful,105,1.8517
customers continue,1051,1.8516
increased sales,569,1.8514
how incremental,217,1.8514
flat maybe,104,1.8513
flat full,111,1.8512
mean sort,128,1.8511
inc well,239,1.8504
all once,163,1.8504
side did,113,1.8504
due change,100,1.8502
better customer,248,1.8502
people around,156,1.8501
got make,176,1.8501
impact these,633,1.85
was launched,212,1.8499
are detailed,203,1.8499
upon our,556,1.8498
perspective still,102,1.8496
offset any,176,1.8495
seeing better,259,1.8492
weeks but,202,1.8487
growth over,5596,1.8485
using cash,141,1.8484
made investment,105,1.8484
right okay,180,1.8484
wanted say,110,1.8483
earnings may,332,1.848
every two,109,1.8479
comments you,1164,1.8477
competition but,143,1.8473
our hedge,173,1.847
not until,108,1.847
lower activity,118,1.847
strong volume,329,1.8469
our messaging,132,1.8469
fiscal was,783,1.8468
yet see,145,1.8468
say not,867,1.8466
direct revenue,214,1.8466
its future,102,1.8463
excited here,108,1.8463
through direct,133,1.8462
terms making,127,1.8459
great opportunities,255,1.8456
tightening our,114,1.8456
higher income,325,1.8455
foundation our,705,1.8454
technologies are,401,1.8454
those four,165,1.8453
joined our,219,1.8452
cash costs,396,1.8451
engaging our,196,1.845
processes are,228,1.8445
detail our,933,1.844
top level,100,1.8439
through channel,174,1.8439
seeing particularly,110,1.8438
better results,284,1.8437
over bill,227,1.8436
customers come,329,1.8435
expect remain,288,1.8433
released our,203,1.8432
total production,163,1.8432
customer confidence,100,1.843
usage growth,100,1.8429
including non,185,1.8429
margins due,137,1.8426
strong margins,309,1.8424
change any,180,1.8422
provide bit,199,1.842
still positive,151,1.842
you sean,239,1.8419
stability our,363,1.8419
release was,340,1.8417
maybe double,120,1.8417
future demand,210,1.8417
add terms,120,1.8412
but try,183,1.8407
last was,2149,1.8406
our branch,130,1.8404
focusing our,453,1.8403
currency sales,107,1.8402
has supported,108,1.8402
nothing but,128,1.8401
you able,2624,1.8401
sequentially higher,112,1.8398
costs adjusted,301,1.8392
rate mid,139,1.8392
back look,639,1.8391
systems are,704,1.8389
prior gross,227,1.8386
you hello,160,1.8384
operations fourth,123,1.838
hopefully you,395,1.8377
record total,114,1.8376
well certainly,255,1.8375
users can,120,1.8373
said did,134,1.8372
allocate our,127,1.8372
production side,117,1.8371
else but,158,1.8371
combined our,1110,1.8371
not away,100,1.8361
credits are,143,1.8361
total segment,207,1.8355
yes does,141,1.8355
strength demand,121,1.8354
competitiveness our,103,1.8353
together expect,142,1.8353
excited long,119,1.8353
better part,170,1.835
given number,134,1.8348
new agents,105,1.8346
seeing kind,520,1.8346
increase due,262,1.8342
cycles are,182,1.834
fourth non,207,1.834
significant volume,137,1.8337
primarily through,269,1.8337
delivered high,120,1.8337
areas first,243,1.8337
potential new,427,1.8335
stronger first,139,1.8335
but most,955,1.8335
ahead turn,164,1.8331
our results,6738,1.833
five new,220,1.8329
revenue flat,238,1.8328
different mix,102,1.8325
verticals are,177,1.8325
levels are,1033,1.8323
guidance expect,721,1.8319
process flow,105,1.8318
rates higher,221,1.8316
success these,142,1.8316
talked bit,190,1.8316
job growth,215,1.8312
you indicated,339,1.8309
expectations are,1309,1.8306
comfortable are,211,1.8304
take those,516,1.8302
hand has,104,1.8301
how those,1258,1.83
today always,139,1.8299
revenue perspective,330,1.8299
through third,481,1.8298
you erik,103,1.8298
however not,126,1.8298
kind big,205,1.8294
math you,209,1.8294
was something,541,1.8292
beat our,200,1.8291
time but,2374,1.829
half years,330,1.829
things want,256,1.8288
benefits our,1556,1.8287
technology support,101,1.8285
view these,160,1.8282
other asset,159,1.8279
but actually,738,1.8277
time time,1015,1.8277
first came,142,1.8272
disciplined financial,103,1.8271
drove growth,147,1.827
europe well,173,1.827
pricing has,387,1.8269
let see,457,1.8268
ask how,218,1.8268
guys don,102,1.8267
growth momentum,623,1.8266
our geographic,331,1.8265
customer segment,242,1.8265
levels continue,245,1.8264
services platform,120,1.8263
revenue recurring,114,1.8263
optimized our,143,1.8259
team able,141,1.8258
made around,147,1.8258
see increasing,215,1.8258
addition today,119,1.8257
good times,153,1.8256
follow around,130,1.8255
last driven,535,1.8254
platform help,108,1.8248
ebitda earnings,400,1.8247
new manufacturing,188,1.8246
see same,515,1.8245
results far,110,1.8242
today want,366,1.8242
share reported,179,1.8241
not any,1147,1.824
adopt our,120,1.824
period gross,171,1.8239
need need,136,1.8237
projects across,142,1.8234
balance fiscal,121,1.8233
sequentially but,373,1.8232
delivered fourth,103,1.823
here david,105,1.823
mid term,155,1.8228
above last,163,1.8228
billion quarterly,114,1.8226
saw lot,194,1.8225
still doing,140,1.8218
seeing demand,349,1.8217
actually take,151,1.8217
driven significant,211,1.8216
revenue trends,298,1.8215
two first,723,1.8212
cost competitive,114,1.8207
increased costs,229,1.8205
doubling our,189,1.8205
see ramp,141,1.8204
before even,114,1.8197
talk pricing,122,1.8194
improvement second,234,1.8194
are relevant,163,1.8193
way make,173,1.8192
our broker,111,1.8191
bit mix,210,1.8191
kind follow,203,1.8184
solid first,188,1.8184
are reaching,159,1.8182
each our,1796,1.8179
similar how,161,1.8179
are active,544,1.8179
way build,100,1.8177
are essentially,210,1.8177
something around,131,1.8176
expectations adjusted,200,1.8175
performance improvement,184,1.8175
but can,3379,1.8174
doing way,120,1.8173
orders are,588,1.8172
all tools,118,1.8172
occupancy growth,129,1.8168
most value,243,1.8167
but biggest,143,1.8166
further investments,113,1.8164
result strong,175,1.8164
segment increased,230,1.8159
outlook guidance,243,1.8159
shifting our,404,1.8156
always kind,161,1.8153
focus high,222,1.8152
half guess,125,1.8152
you listen,211,1.8151
early fiscal,114,1.8148
patients across,185,1.8147
include but,270,1.8147
excited seeing,129,1.8146
all patients,332,1.8146
digit over,453,1.8145
share shift,113,1.8145
moment first,142,1.8145
ongoing customer,117,1.8144
believe continue,506,1.8144
basis reported,148,1.8143
our brand,2750,1.8143
fourth grew,112,1.814
way work,170,1.8139
forward here,325,1.8136
given high,192,1.8136
first few,363,1.8131
ago but,489,1.8129
spend across,128,1.8128
driver our,907,1.8124
value through,594,1.8121
components are,239,1.812
strength data,131,1.8119
digit ebitda,106,1.8119
actually got,129,1.8118
bit why,126,1.8116
second was,1732,1.8114
long does,146,1.8112
one number,486,1.8111
back mark,117,1.8109
credit costs,114,1.8107
revenue midpoint,168,1.8105
brands continue,156,1.8103
making those,247,1.8102
ebitda billion,425,1.8101
approximately since,111,1.8098
innovation product,122,1.8096
behind our,746,1.8096
build these,257,1.8095
follow can,348,1.8094
associated new,124,1.8091
flow before,156,1.809
remarks around,134,1.8089
saw opportunity,126,1.8089
results pleased,122,1.8088
date including,103,1.8087
higher revenue,1099,1.8086
something has,252,1.8086
but fair,178,1.8083
objectives are,130,1.8082
you tell,705,1.808
accelerating our,683,1.8078
anything other,127,1.8075
learnings you,108,1.8072
around three,172,1.8063
continued increase,285,1.8062
accounts are,373,1.8061
years addition,103,1.806
now account,100,1.8059
rate remains,136,1.8056
change management,138,1.8056
see broad,122,1.8055
our lenders,103,1.8055
over reported,446,1.8052
mean seen,119,1.8051
significant demand,215,1.8046
you discuss,735,1.8043
first today,988,1.8041
markets continue,570,1.8039
yeah obviously,151,1.8036
these lines,124,1.8036
not guide,212,1.8035
are tied,190,1.8035
last fiscal,338,1.8031
activities are,334,1.803
day may,127,1.8027
you bruce,128,1.8027
addition our,1615,1.8027
was pre,138,1.8026
further down,204,1.8024
sustain our,171,1.8022
costs support,122,1.802
flow operating,379,1.802
other large,245,1.802
expenses full,217,1.8019
partners customers,182,1.8018
under long,117,1.8017
people work,116,1.8012
are often,241,1.8011
industry environment,109,1.8011
revenue ebitda,820,1.8009
release other,115,1.8007
support look,259,1.8006
was probably,485,1.8004
capital solutions,212,1.8
quality performance,120,1.8
using our,1400,1.7999
can scale,341,1.7997
can either,112,1.7996
conclusion our,126,1.7995
same kind,327,1.7994
yes again,237,1.7991
points fourth,244,1.799
now almost,128,1.7986
our hedging,125,1.7984
not need,566,1.7982
point don,199,1.7981
you jim,461,1.7981
plus one,192,1.7981
billion range,339,1.798
start looking,220,1.7977
over ryan,148,1.7977
adjusted expense,194,1.7974
both operational,158,1.7974
initiatives around,110,1.7972
annual operating,124,1.7972
add lot,144,1.797
opportunity scale,102,1.7965
well guess,278,1.7964
you guided,303,1.7963
demand has,574,1.7963
guide kind,113,1.7963
build strong,216,1.7962
lower revenue,750,1.7961
third net,383,1.796
range driven,227,1.7958
yes only,161,1.7958
outlook adjusted,234,1.7957
you andy,195,1.7957
additional billion,268,1.7955
quality value,115,1.7954
out beginning,103,1.7954
period full,258,1.795
importantly our,864,1.7945
say seen,181,1.7942
you add,1719,1.7942
last adjusted,698,1.7938
was less,396,1.7935
level level,117,1.7932
one regarding,109,1.793
put back,138,1.7929
demand high,320,1.7927
these plans,133,1.7924
support customer,176,1.7922
yeah well,472,1.7922
side talked,103,1.792
are serving,145,1.7917
done right,148,1.7916
but gonna,266,1.7916
total non,202,1.791
side again,160,1.791
backlog has,132,1.7908
are relatively,411,1.7906
was happening,142,1.7898
billion date,188,1.7896
can share,1247,1.7895
offset these,248,1.7894
results want,339,1.7891
got you,3202,1.7889
seen other,251,1.7888
full expectations,196,1.7887
finally our,1004,1.7884
partners across,153,1.7882
great way,256,1.788
businesses well,215,1.788
returns billion,102,1.7879
metrics continue,109,1.7877
are embedded,234,1.7876
available any,127,1.7873
issues but,132,1.7873
grew both,150,1.7873
approximately turning,106,1.7872
timing these,194,1.787
revenues second,167,1.7869
back john,147,1.7867
days end,101,1.7867
potentially see,117,1.7866
additional volume,115,1.7865
you never,364,1.7864
compared during,175,1.7863
our treasury,202,1.7862
ourselves but,107,1.7861
are probably,1045,1.7861
sure are,1521,1.786
term supply,188,1.7859
expected further,155,1.7858
has given,337,1.7858
ebitda increase,327,1.7857
growth expanding,322,1.7856
has now,1508,1.7856
third revenues,101,1.7853
further investment,119,1.7851
our saas,267,1.785
positive gaap,114,1.7849
expect additional,310,1.7848
able come,114,1.7846
keep those,128,1.7846
lot great,404,1.7845
guidance excluding,103,1.7844
start production,131,1.7841
how rest,125,1.7839
not specific,227,1.7838
base has,253,1.7837
everyone has,253,1.7836
tools can,120,1.7835
expect get,673,1.7834
core revenue,465,1.7832
strong result,171,1.7831
terms building,114,1.783
listening our,127,1.7829
done last,190,1.7827
employees are,269,1.7827
our field,557,1.7826
say every,110,1.7824
are spending,502,1.7822
not happening,101,1.7822
record financial,169,1.7819
you balancing,131,1.7819
performance third,296,1.7817
generally not,129,1.7817
current operating,214,1.7813
early may,135,1.7812
compared operating,324,1.7812
markets grew,112,1.7812
still expected,230,1.781
technology including,142,1.7804
demand outlook,179,1.7804
including cash,413,1.7803
little lower,305,1.7794
activity around,125,1.7793
strategy including,161,1.7792
during current,115,1.779
expect come,330,1.7788
rest expect,101,1.7787
you brett,157,1.7784
seeing incremental,108,1.7783
growth outside,211,1.7782
term model,172,1.7781
portfolio solutions,124,1.7781
has great,629,1.778
sequentially billion,126,1.7777
billion run,126,1.7777
product costs,269,1.7776
our operators,304,1.7773
years certainly,130,1.7771
all around,716,1.777
similar other,101,1.7767
first couple,355,1.7766
one drivers,123,1.7764
full excluding,100,1.7764
are reducing,285,1.7764
points during,202,1.7761
term interest,237,1.7759
turning results,129,1.7756
differently you,131,1.7756
growth organic,491,1.7755
operations full,173,1.7754
value patients,141,1.7753
between interest,101,1.7743
strategy management,209,1.7741
our stock,1214,1.7737
those teams,137,1.7736
our knowledge,168,1.7736
growth expectation,190,1.7735
guidance approximately,401,1.7731
new partner,150,1.773
plus customers,139,1.7727
incremental operating,136,1.7726
out system,176,1.7726
any statements,132,1.7725
way want,206,1.7724
well other,866,1.7721
flexibility how,107,1.772
forward david,130,1.7717
release can,214,1.7716
has certainly,213,1.7714
plus billion,125,1.7712
goals are,183,1.7712
nearly new,183,1.771
results including,290,1.771
maybe let,233,1.7707
effects are,142,1.7707
those different,320,1.7704
our aim,130,1.7703
session first,113,1.7698
our self,407,1.7697
international customers,157,1.7696
work out,376,1.7693
drivers growth,244,1.7692
margins higher,224,1.769
impact approximately,307,1.7688
opportunities around,205,1.7687
count over,154,1.7684
proposition our,390,1.7683
maybe any,485,1.7683
still focused,150,1.7681
cost position,166,1.7679
continued margin,422,1.7679
are selling,513,1.7679
outlook before,100,1.7679
well favorable,126,1.7678
kind trying,118,1.7676
late first,108,1.7674
reduction share,123,1.7667
not lot,991,1.7664
stick our,103,1.7663
term competitive,115,1.7662
focused being,129,1.7661
global customer,145,1.7658
accelerate time,100,1.7657
equation you,107,1.7656
existing product,121,1.7654
sequential sales,107,1.7653
far good,162,1.7653
not see,1943,1.7651
prior record,102,1.765
improve second,151,1.765
submitted our,111,1.7649
increased total,272,1.7647
compared total,206,1.7642
need better,146,1.764
complementary our,137,1.764
seeing impact,341,1.7639
recent customer,110,1.7635
loss first,271,1.7635
don start,160,1.7634
margins continue,362,1.7632
these four,158,1.7626
most these,417,1.7624
kind move,203,1.7622
results announced,104,1.7621
new development,366,1.762
drive both,227,1.7619
product expansion,212,1.7618
first delivered,277,1.7613
capital available,144,1.7611
kim you,126,1.7611
earlier point,111,1.7607
had one,772,1.7606
sales roughly,117,1.7606
side seen,117,1.76
over scott,219,1.76
respect our,620,1.7598
sales performance,595,1.7597
terms consumer,124,1.7596
new acquisitions,153,1.7591
maybe first,919,1.7587
great partners,122,1.7584
optimistic our,479,1.7583
expansion driven,170,1.758
had large,204,1.7579
are cautious,115,1.7574
terrific you,100,1.7572
now seems,117,1.7572
share update,139,1.757
commercial products,148,1.7567
our direct,1246,1.7566
february but,151,1.7565
one times,173,1.7561
overall average,110,1.7558
share between,253,1.7557
issue was,116,1.7555
our specialty,536,1.7555
margin free,283,1.7555
seen number,128,1.7555
throughout last,140,1.7552
opportunity get,299,1.7551
headwind revenue,131,1.7548
sales orders,117,1.7545
assets are,1440,1.7545
all progress,408,1.7543
sales approximately,521,1.7543
want continue,552,1.7542
unless you,187,1.7542
are well,5347,1.7538
deliver approximately,132,1.7537
revenue nearly,205,1.7532
technology products,148,1.7532
seeing improved,134,1.7531
highlighting our,315,1.753
does start,105,1.7529
well done,226,1.7529
low high,149,1.7528
did you,2306,1.7528
outlook third,150,1.7527
has since,199,1.7523
offset basis,165,1.752
trying through,138,1.7519
factors one,167,1.7519
look guide,113,1.7514
you wouldn,298,1.7513
taking had,194,1.7508
start out,380,1.7507
was generated,224,1.7506
term impact,385,1.7504
support interest,101,1.7503
keeping you,231,1.7499
mean had,221,1.7497
over units,174,1.7495
importantly how,100,1.7494
cost ratio,104,1.7494
you doing,2166,1.7493
you absolutely,447,1.7492
finally are,471,1.7491
impact consumer,133,1.749
along our,1043,1.7485
fiscal driven,184,1.7484
lot demand,355,1.7483
but assume,117,1.7483
income before,139,1.7479
favorable sales,104,1.7478
but everything,209,1.7478
operating cost,496,1.7472
those acquisitions,115,1.7472
related pricing,117,1.7471
our effective,923,1.7468
point given,162,1.7467
operational basis,165,1.7466
start doing,115,1.7466
drive margins,110,1.7463
over above,355,1.7461
build new,320,1.7459
leverage approximately,145,1.7457
follow little,151,1.7455
revenue approximately,834,1.7453
work has,401,1.7451
through second,749,1.7449
growth region,158,1.7448
focus key,117,1.7446
sales guidance,702,1.7445
obviously you,2800,1.7445
full confidence,116,1.7445
between expect,271,1.7441
billion prior,366,1.744
still strong,420,1.7438
now being,593,1.7436
statements other,134,1.7435
focus customer,216,1.7432
operating systems,108,1.7428
expenses first,398,1.7428
good opportunity,426,1.7426
other non,296,1.7422
has announced,156,1.7422
you cited,276,1.7422
rates across,230,1.7422
yeah terms,206,1.7421
meaningful cost,100,1.7418
saw increased,157,1.7417
rate per,358,1.7416
improved adjusted,158,1.7416
based customer,246,1.7415
returns over,269,1.741
available capital,142,1.7409
markets around,257,1.7409
continued scale,102,1.7408
fiscal full,244,1.7407
debt total,126,1.7406
believe current,120,1.7403
talked kind,230,1.7402
all brands,182,1.7402
see pretty,345,1.7398
need come,124,1.7395
was outstanding,175,1.7391
actually want,151,1.7389
activity including,101,1.7389
subscription growth,145,1.7385
beyond these,183,1.7384
ebitda fiscal,174,1.7383
time quarterly,132,1.7383
here say,260,1.7381
companies out,145,1.7381
industries are,140,1.738
end result,141,1.7379
supporting growth,209,1.7379
current expected,130,1.7374
customers including,380,1.7373
full gaap,263,1.7369
grew third,103,1.7366
expense adjusted,186,1.7366
lot good,647,1.7364
yeah did,118,1.7362
small customers,122,1.7361
due volume,135,1.7354
those needs,118,1.7353
share fourth,415,1.7351
increase volumes,102,1.735
strategic portfolio,141,1.7348
core value,171,1.7348
said mean,145,1.7348
expect quarterly,125,1.7348
reserves are,127,1.7348
customers expand,138,1.7345
customers delivering,121,1.7344
expectation was,164,1.7343
first was,2875,1.734
returns are,570,1.734
has case,106,1.7339
information not,171,1.7339
you assume,389,1.7339
can only,418,1.7335
margin impact,528,1.7334
growth adjusted,1696,1.7333
continued development,115,1.7333
spending was,223,1.7333
was important,620,1.7333
was loss,414,1.733
improve operating,144,1.733
among our,522,1.7328
plan start,109,1.7328
operations adjusted,168,1.7327
forward michael,124,1.7327
are certainly,955,1.7326
provide opportunity,123,1.7323
are either,352,1.7321
approximately increase,333,1.732
impact expected,264,1.7316
increase organic,124,1.7315
borrowings our,108,1.7312
out earlier,203,1.7311
these clients,183,1.731
driving performance,143,1.731
was gonna,237,1.7308
better expectations,106,1.7306
solid second,101,1.7305
making these,237,1.7304
back down,436,1.7303
certainly has,207,1.7302
single product,177,1.7302
seeing people,166,1.7301
has set,165,1.73
over three,683,1.7299
things here,236,1.7299
property revenue,117,1.7298
not likely,101,1.7295
leverage net,209,1.7295
guidance revenue,1119,1.7294
our dividend,1109,1.7291
heart our,149,1.729
flat adjusted,102,1.7289
revenue grow,431,1.7288
lot capacity,173,1.7287
drive sales,322,1.7286
part its,105,1.7285
maybe not,1004,1.7284
points operating,363,1.728
expect margins,298,1.728
our third,4468,1.728
are accretive,216,1.7278
improved demand,121,1.7278
additional opportunity,135,1.7276
file our,145,1.7273
saw second,220,1.7273
out whether,150,1.7268
room growth,113,1.7264
here certainly,101,1.7262
taking one,361,1.726
compared other,304,1.7255
companies can,218,1.7255
approximately consistent,100,1.7255
driving both,154,1.7253
was elevated,145,1.7253
point does,125,1.7245
turning operating,143,1.7244
not adding,109,1.7244
our exposure,753,1.7243
expect significantly,104,1.7241
our intelligent,132,1.7236
here fourth,235,1.7231
single customer,152,1.723
increased third,255,1.7228
equipment revenue,165,1.7227
half compared,209,1.7222
numbers out,106,1.7221
try not,112,1.722
certainly want,102,1.722
yes you,3918,1.722
one specific,172,1.7219
growth expectations,629,1.7218
you greg,282,1.7217
revenue reported,300,1.7217
you seem,199,1.7216
not happy,115,1.7215
activity was,492,1.7215
increase inventory,146,1.7212
delivered operating,150,1.7212
continue put,203,1.7211
debt cash,238,1.7209
volume versus,122,1.7206
loss cost,126,1.7203
expanded sales,107,1.7203
reported full,138,1.7202
profit share,158,1.7202
our ownership,228,1.7202
probably looking,112,1.7201
focused right,225,1.72
people say,146,1.7199
goal was,183,1.7198
both current,179,1.7195
operating platform,294,1.7193
forward given,202,1.7193
little under,129,1.7191
times adjusted,100,1.7187
basis compared,293,1.7186
make investment,145,1.7185
process right,148,1.7182
right after,160,1.7182
driving cost,151,1.7178
things say,253,1.7172
set well,187,1.7171
you jamie,124,1.7171
expected down,288,1.7169
out but,2078,1.7169
was stronger,200,1.7166
customer focused,176,1.7166
leverage our,2533,1.7165
significant additional,119,1.7164
both above,106,1.7163
our reach,780,1.7163
capital project,127,1.7162
you congratulations,215,1.7162
obviously has,359,1.7162
years seen,197,1.7161
new digital,243,1.7159
today release,102,1.7158
solid revenue,199,1.7158
billion flat,113,1.7155
said was,877,1.7154
driven expansion,165,1.715
expect approximately,490,1.7147
changed our,580,1.7144
growth achieved,234,1.7142
service product,181,1.7142
customers remain,251,1.7141
guidance fourth,347,1.7138
you finding,172,1.7138
are important,1331,1.7137
share turning,161,1.7133
improve both,124,1.7131
terms demand,280,1.7131
you idea,210,1.7131
thoughts you,533,1.7127
you rob,350,1.7127
things take,223,1.7126
related revenue,486,1.7125
fund our,653,1.7124
our institutional,252,1.7124
commitments are,176,1.7123
higher demand,366,1.712
kind color,138,1.7114
partnerships are,295,1.7111
remarks but,552,1.7111
due supply,103,1.711
clear not,238,1.711
see shift,154,1.7109
engage our,265,1.7107
revenue side,532,1.7106
out trying,129,1.7105
relative guidance,100,1.7105
events are,386,1.7101
model believe,105,1.71
stated not,139,1.71
are modeling,114,1.7099
margins lower,148,1.7098
work its,104,1.7097
five capital,122,1.7097
able sort,107,1.7096
our technology,3009,1.7096
one primary,157,1.7091
how best,247,1.7091
sustainable revenue,101,1.7091
high expectations,146,1.709
surpassed our,106,1.7088
can kind,1115,1.708
place can,214,1.7079
any environment,191,1.7077
thing look,165,1.7075
areas continue,180,1.7072
items first,152,1.7072
internal growth,166,1.7072
sales capacity,255,1.7064
can follow,324,1.7063
continue sell,113,1.7063
month over,331,1.7063
relative first,186,1.7062
our retail,1568,1.7059
terms supply,135,1.7059
rely our,118,1.7059
enhanced our,506,1.7058
place now,222,1.7057
customers across,648,1.7052
point expansion,152,1.705
advantages are,112,1.7049
expect momentum,222,1.7049
balances are,199,1.7048
today feel,166,1.7048
one day,343,1.7048
how sort,382,1.704
grew revenue,331,1.7038
its strong,231,1.7038
stock has,121,1.7032
step through,116,1.703
space well,190,1.703
looking add,109,1.7026
all remaining,113,1.7024
performance revenues,124,1.7023
our bitcoin,248,1.7021
regions are,253,1.7019
given mix,100,1.7018
matters are,106,1.7016
new transaction,178,1.7013
large opportunities,120,1.7012
across asset,148,1.7012
our distribution,1123,1.7011
only get,205,1.7001
customers particularly,147,1.7001
not prepared,259,1.7
demand both,354,1.6999
assets billion,239,1.6998
making lot,142,1.6997
position take,114,1.6997
guidance mid,152,1.6996
margin businesses,167,1.6992
result our,1739,1.6989
was acquired,116,1.6989
improved cash,201,1.6989
probably say,113,1.6987
signs are,135,1.6986
maximizing our,106,1.6984
networks are,111,1.6983
prior total,217,1.6983
you sound,104,1.6979
but majority,178,1.6977
continue building,228,1.6971
recognize our,340,1.6969
margins segment,125,1.6969
one areas,195,1.6967
profit operating,137,1.6966
our factory,181,1.6966
got one,470,1.6963
pace growth,190,1.6961
not try,110,1.696
had put,115,1.696
taking look,247,1.6959
share total,406,1.6958
now accounts,109,1.6956
demand driven,285,1.6954
performance trends,108,1.6952
expect low,237,1.6951
has yet,104,1.6947
especially strong,113,1.6947
flow performance,284,1.6942
talked terms,142,1.6941
launched our,859,1.694
consistent high,102,1.6938
little further,195,1.6936
our typical,330,1.6936
including additional,135,1.6934
transcript good,303,1.6933
segment was,817,1.6932
grew basis,152,1.693
seeing those,599,1.693
way way,159,1.6928
slide here,110,1.6927
given lower,147,1.6926
results update,102,1.6925
our common,629,1.6925
decline second,124,1.6921
back earlier,152,1.6919
outpacing our,100,1.6916
other segment,284,1.6916
prior free,131,1.6915
kind incremental,138,1.6915
sales slightly,122,1.6915
believe potential,124,1.6912
talking kind,107,1.6911
relative kind,110,1.6911
inflation was,170,1.6907
date adjusted,157,1.6907
deals over,229,1.6906
revenue fourth,724,1.6906
those volumes,164,1.6906
out pretty,245,1.6905
our virtual,113,1.6901
shift how,138,1.6898
strength seeing,119,1.6894
you start,3020,1.6891
event was,111,1.689
get place,106,1.6888
get additional,220,1.6885
profit down,111,1.6885
other two,358,1.6882
our distributor,131,1.6882
opportunity given,132,1.6879
demand balance,177,1.6878
serve all,107,1.6878
side actually,103,1.6877
things coming,173,1.6875
expectations terms,133,1.6875
start here,193,1.6875
look always,152,1.6875
information can,153,1.6874
balance end,243,1.6873
benefit those,226,1.6873
due additional,123,1.687
our greatest,106,1.6869
results date,145,1.6869
dollars but,174,1.6867
things first,635,1.6867
continue partner,114,1.6867
expect expand,140,1.6862
well combination,105,1.6858
increased since,104,1.6858
get incremental,119,1.6856
increase marketing,125,1.6855
models can,116,1.6852
confidence continue,172,1.6851
expectations second,199,1.685
look slide,187,1.6849
segment outlook,121,1.6847
our marketing,1921,1.6846
technology product,205,1.6846
see potentially,109,1.6844
still same,175,1.6837
china sales,140,1.6836
open new,405,1.6836
our sourcing,238,1.6835
changes are,842,1.6835
are dedicated,135,1.6834
significant cash,335,1.6833
margins versus,112,1.6832
integrating our,193,1.6829
approximately lower,241,1.6825
said got,163,1.6824
claims are,155,1.6823
why continue,201,1.6821
hard see,132,1.6819
given level,105,1.6818
improve over,398,1.6816
services products,126,1.6813
increase operating,453,1.6812
everyone had,149,1.6811
awards are,113,1.681
make most,152,1.681
past had,144,1.6802
expense down,155,1.6802
but you,16803,1.6802
record driven,112,1.6799
less one,207,1.6799
our owners,157,1.6797
traction our,405,1.6796
opportunities see,468,1.6794
not meaningful,223,1.6793
dollars are,350,1.679
through digital,167,1.679
out throughout,130,1.6788
consistent how,206,1.6782
all makes,109,1.6776
looking build,116,1.6775
beyond now,244,1.6775
get off,172,1.6773
points benefit,105,1.6773
well north,171,1.6771
equity was,305,1.6767
number months,106,1.6766
see additional,390,1.6765
margin expand,142,1.6765
side you,2577,1.6763
comment you,776,1.6762
first started,150,1.6762
income free,126,1.6761
again talked,119,1.6759
talking last,123,1.6759
units are,352,1.6756
out couple,225,1.6756
continued share,359,1.6755
stated are,413,1.6754
program management,150,1.6753
see kind,978,1.6753
our client,1039,1.6742
programs well,153,1.6741
january but,195,1.674
higher spend,105,1.674
between basis,199,1.6739
position billion,190,1.6738
shared you,424,1.6737
impact our,5122,1.6734
quarters here,114,1.673
one benefits,175,1.673
expense non,100,1.6726
shareholders over,329,1.6725
our enterprise,1298,1.6725
drives our,315,1.6724
sure had,193,1.6724
terms marketing,103,1.672
point point,234,1.6718
approximately prior,235,1.6717
margin reflecting,163,1.6716
frame you,269,1.6715
our audience,156,1.6713
add here,101,1.6713
expect change,208,1.6711
first performance,793,1.671
sounds was,110,1.6709
approximately revenue,792,1.6708
expenses expected,132,1.6707
ahead continue,462,1.6704
yeah talked,107,1.6703
income growth,1016,1.6701
point range,193,1.6701
momentum around,121,1.67
our fourth,4423,1.67
meeting our,440,1.6695
product available,109,1.6694
diversification our,270,1.6693
continues get,163,1.6692
volumes continue,172,1.6688
margin expectations,240,1.6687
maybe few,161,1.6685
how came,107,1.6685
additional pricing,112,1.6684
management perspective,107,1.6681
feel strong,207,1.6681
expect double,148,1.668
revenue recovery,118,1.668
mean overall,128,1.6676
our collaboration,328,1.6676
look sort,273,1.6675
first four,192,1.667
performance prepared,102,1.6669
raised over,114,1.6668
half probably,106,1.6666
constraints are,103,1.6664
belief our,107,1.6664
had double,101,1.666
opportunities believe,161,1.6659
our expertise,364,1.6658
gas sales,106,1.6658
are reflected,248,1.6657
monetize our,143,1.6656
small but,300,1.6656
seeing come,197,1.6656
look feel,195,1.6656
investments end,243,1.6652
see being,485,1.6652
wins are,298,1.6651
higher ago,131,1.665
things right,336,1.6642
anticipate continue,119,1.6641
most focused,116,1.6636
can always,250,1.6636
revenue eps,262,1.6635
you still,3428,1.6634
good joining,138,1.6633
addition strong,136,1.6632
kind core,225,1.6632
got strong,340,1.6629
faster revenue,147,1.6626
approximately additional,165,1.6626
strong return,162,1.6625
impact related,170,1.6624
ebitda full,343,1.6623
you approaching,143,1.6622
yes said,206,1.6621
yes feel,120,1.6621
our discussion,509,1.662
our merchant,195,1.6618
say mean,174,1.6617
any near,104,1.6617
excellent you,335,1.6615
total approximately,248,1.6615
course but,412,1.6614
marketplace but,173,1.6613
ebitda down,297,1.6608
driving margin,211,1.6607
beginning first,138,1.6605
strategy here,169,1.6604
understand you,1092,1.6603
levels across,149,1.6602
actually little,183,1.6601
deliver higher,156,1.6599
everyone first,315,1.6599
production cost,192,1.6599
over adjusted,1461,1.6599
provide great,170,1.6598
share perspective,163,1.6597
seeing here,278,1.6596
loans end,105,1.6594
something look,190,1.6591
financial inc,137,1.6588
platform investments,126,1.6587
around same,189,1.6585
segments are,522,1.6581
half but,1098,1.6579
spend was,325,1.6574
are based,1870,1.6574
debt markets,121,1.6571
increased average,145,1.6569
out investor,200,1.6569
shareholders continue,165,1.6566
flow improvement,129,1.6564
you ron,122,1.6564
through our,8688,1.6561
enterprise revenue,207,1.6555
way looking,198,1.655
our usual,116,1.6543
part mix,118,1.6541
means are,314,1.6535
forward continue,652,1.6534
sales fourth,438,1.6533
driving customer,127,1.6532
helpful get,107,1.6532
rate versus,205,1.6531
not say,758,1.6528
including its,108,1.6527
combine our,112,1.6527
move lower,108,1.6526
data assets,176,1.6526
management strategy,192,1.6517
expect start,356,1.6516
basis adjusted,479,1.6515
margin gross,412,1.6513
driven solutions,124,1.6511
further cost,194,1.6511
optimistic but,106,1.651
supported our,905,1.651
out every,175,1.651
things drive,154,1.651
guidance total,334,1.6509
milestone our,334,1.6504
note our,862,1.6504
within two,162,1.6497
through ongoing,175,1.6495
has long,513,1.6494
moving gross,100,1.6493
side say,175,1.6493
launches are,245,1.649
markets saw,133,1.6488
management remains,113,1.6486
our assumption,257,1.6484
kind range,312,1.6482
continue update,165,1.6481
growing portfolio,132,1.6481
something little,143,1.6481
upgrade our,219,1.648
both revenue,959,1.648
see progress,354,1.6479
out network,127,1.6478
said few,100,1.6475
through inventory,214,1.6474
stable but,215,1.6469
our eye,187,1.6468
look kind,639,1.6467
fourth increase,283,1.6466
both volume,213,1.6462
sales profitability,160,1.6462
guidance between,199,1.6461
right number,264,1.646
last increase,551,1.6453
new content,171,1.6452
commercial customers,265,1.6452
side still,155,1.645
day basis,196,1.6443
partnering our,115,1.6439
guess looking,113,1.6438
not show,107,1.6437
approach how,171,1.6436
put capital,144,1.6435
whether was,325,1.6435
levels expect,182,1.643
highest first,104,1.6429
kind near,117,1.6426
team work,155,1.6424
program expected,124,1.6423
its share,214,1.6421
get beyond,115,1.6419
new system,237,1.6419
growth versus,804,1.6417
down high,323,1.6416
drive customer,181,1.6412
yeah again,163,1.6411
through period,313,1.6407
across digital,127,1.6407
through operational,206,1.6405
around kind,393,1.6403
grow through,252,1.6403
but outside,183,1.6402
continued strategic,118,1.6402
ways but,160,1.6401
looking out,447,1.64
success has,119,1.6398
talking you,974,1.6396
decline revenue,238,1.6396
actually down,175,1.6394
looking further,153,1.6394
volume performance,196,1.6389
during compared,158,1.6389
only had,177,1.6389
first days,164,1.6388
are attractive,308,1.6387
quickly but,216,1.6385
side continue,360,1.6383
solutions are,1063,1.6382
did increase,173,1.6379
support these,289,1.6377
further ahead,130,1.6376
record full,145,1.6375
growth approximately,1198,1.6375
our integrated,662,1.6373
our reps,110,1.6373
our position,2229,1.6372
outcomes are,267,1.6366
since time,179,1.6365
how invest,126,1.6365
expectations fourth,120,1.6357
anticipate revenue,164,1.6357
results during,250,1.6356
meaningful cash,133,1.6355
new enterprise,180,1.6354
benefiting our,214,1.6353
got three,119,1.635
three point,146,1.6347
feels you,152,1.6346
given kind,246,1.6346
developments are,126,1.6341
put right,127,1.6337
yeah said,155,1.6337
may different,117,1.6336
see further,370,1.6334
innovation has,163,1.6331
strong confidence,134,1.6326
income lower,193,1.6324
progress being,113,1.6324
years probably,124,1.6324
include new,142,1.632
grown our,276,1.6319
down pretty,157,1.6319
headwinds are,422,1.6309
our menu,163,1.6305
central our,247,1.6304
versus kind,271,1.6304
look each,138,1.6299
are leader,184,1.6295
but look,1774,1.6295
our reliance,111,1.6292
our product,5892,1.6291
our mobility,125,1.629
driving operating,165,1.6289
you tend,243,1.6284
billion ago,150,1.6283
ones you,333,1.6282
driven better,198,1.6277
want share,395,1.6277
fiscal versus,114,1.6277
solution can,115,1.6275
approximately including,214,1.6274
continuation our,111,1.6271
need drive,112,1.6268
great john,113,1.6268
had benefit,133,1.6267
right strategy,246,1.6266
impact future,184,1.6266
programs continue,142,1.6266
top down,158,1.6261
saw higher,179,1.6261
each product,109,1.6261
decision was,156,1.6261
revenue profile,147,1.6259
used cash,125,1.6258
terms impact,268,1.6256
segment segment,146,1.625
but pleased,372,1.625
not pay,121,1.6249
same sort,122,1.6248
sales north,138,1.6246
under one,228,1.6245
had such,104,1.6245
related price,116,1.6244
our products,4043,1.6244
anything any,108,1.6244
say two,246,1.624
terms capacity,130,1.6237
momentum strong,201,1.6236
make good,377,1.6235
has clear,148,1.6234
reflecting basis,119,1.6231
system has,172,1.6224
piece was,130,1.6222
our tenants,218,1.622
out talking,116,1.6219
okay terms,109,1.6213
things start,182,1.6213
are trading,186,1.6211
results fiscal,208,1.6209
portfolio average,126,1.6208
you rick,194,1.6207
volumes both,100,1.6207
those margins,308,1.6206
our progress,2644,1.6201
years years,342,1.6201
you exact,129,1.6198
you appreciate,1126,1.6192
its financial,184,1.619
thinking those,169,1.619
see sort,396,1.6188
sheet continue,209,1.6186
important make,109,1.6185
billion since,144,1.6184
but reason,143,1.6174
over largely,188,1.6163
production rate,173,1.616
let focus,118,1.616
operating under,143,1.6159
full commercial,209,1.6158
its third,115,1.6158
our targeted,766,1.6158
result adjusted,122,1.6157
progress our,2636,1.6157
slide fourth,103,1.6156
great okay,128,1.6156
other real,148,1.6154
not typically,118,1.6154
delivered full,131,1.6151
flow expectations,117,1.6148
actually good,282,1.6145
annual earnings,107,1.6144
support higher,184,1.6143
expected primarily,114,1.6141
mentioned prior,174,1.6138
remarks take,106,1.6136
eps down,101,1.6133
currently not,158,1.6131
but lot,1341,1.6131
interest time,303,1.6128
are substantially,105,1.6128
welcome our,684,1.6127
structure has,103,1.6121
good starting,164,1.6121
our capabilities,1658,1.6118
product gross,281,1.6117
make lot,237,1.6117
increase interest,193,1.6116
any one,783,1.6115
addition not,224,1.6111
impacted our,866,1.611
includes all,146,1.6107
return billion,140,1.6105
service portfolio,124,1.6103
highlight was,118,1.6101
rate compared,230,1.6101
versus volume,113,1.61
profitability across,122,1.6097
pressure but,229,1.6094
encouraged our,490,1.609
comment was,205,1.609
lot inventory,139,1.6089
channels are,295,1.6089
see clearly,101,1.6088
how make,422,1.6086
driven investments,165,1.6085
was particularly,331,1.6083
challenges are,309,1.6082
forward remain,166,1.6082
our segments,1046,1.6081
book has,109,1.6077
bookings over,169,1.6075
examples are,110,1.6075
not significant,517,1.6075
sort high,175,1.6074
margin fiscal,296,1.6071
our smb,118,1.607
seeing sort,187,1.6069
fleet growth,172,1.6065
our proactive,158,1.6065
demand remain,145,1.6063
overall sales,340,1.606
revenue includes,167,1.6059
revenues full,135,1.6057
throughout continue,147,1.6057
may see,476,1.6055
little earlier,128,1.6055
compared average,106,1.6054
higher number,238,1.6054
but least,220,1.6051
base management,125,1.6051
payments revenue,114,1.605
majority revenue,113,1.605
growth shareholder,169,1.6049
income prior,186,1.6046
results are,2772,1.6044
expect same,326,1.6043
operational cash,195,1.6042
bookings are,359,1.6041
expect positive,252,1.604
same type,174,1.604
volatility but,143,1.6039
our customer,4997,1.6039
costs approximately,193,1.6038
margin versus,310,1.6036
retail share,131,1.6036
approach guidance,106,1.6036
things but,1006,1.603
you went,378,1.603
first place,193,1.6029
excluding share,107,1.6026
can done,249,1.6024
how get,732,1.6023
look pretty,209,1.602
are offsetting,106,1.6018
capture growth,130,1.6016
different kind,224,1.6015
are opening,218,1.6014
credit team,104,1.6014
incremental share,137,1.601
still good,433,1.6009
but likely,139,1.6006
third saw,122,1.6006
sequentially operating,106,1.6005
those same,362,1.6004
results performance,366,1.6003
continued see,499,1.6002
our underlying,783,1.5999
comfortable our,373,1.5996
quarters had,140,1.5995
investments need,110,1.5994
brand has,248,1.5994
mentioned did,112,1.5994
portfolio credit,122,1.5993
around making,107,1.599
still only,128,1.599
making across,155,1.5988
reported increase,111,1.5984
version our,131,1.5981
bit terms,296,1.598
good solid,120,1.598
benefit cost,134,1.5979
seeing consistent,102,1.5976
through improved,193,1.5975
drive operating,232,1.5975
new solutions,305,1.5974
here let,152,1.5973
are testing,218,1.5971
look say,403,1.5971
strong close,119,1.5971
our vendor,156,1.5969
months including,112,1.5966
continue improving,131,1.5966
performance second,430,1.5965
you jeff,499,1.596
soon you,263,1.5959
probably bit,125,1.5958
you steve,567,1.5957
lines are,473,1.5947
specifically expect,109,1.5945
provided our,721,1.5945
quarters continue,242,1.5943
last number,329,1.5942
can expect,1176,1.5942
but pretty,566,1.594
you pick,294,1.5937
due strategic,103,1.5934
during average,103,1.5926
term expectations,164,1.592
seen kind,241,1.5918
kind double,123,1.5917
capital support,220,1.5916
proportion our,112,1.5914
things mentioned,181,1.5912
challenges but,151,1.5912
those improvements,113,1.5909
sales range,354,1.5908
highest revenue,114,1.5907
exactly you,492,1.5904
increase expenses,164,1.5902
you bob,204,1.5901
overall expect,325,1.5898
are sharing,132,1.5894
through these,907,1.5893
guess point,104,1.5891
may made,100,1.589
follow data,129,1.5886
seen across,222,1.5884
made over,522,1.5882
strong third,376,1.5876
investments continue,335,1.5876
open now,405,1.5876
deliver our,2097,1.5876
say even,166,1.5875
returns our,1068,1.5872
impact pricing,183,1.5872
our resources,528,1.5868
say before,148,1.5866
our form,566,1.5866
increased low,130,1.5863
our oncology,237,1.586
same rate,210,1.586
whether those,152,1.5859
experience through,180,1.5855
income full,285,1.5854
said not,573,1.5853
approximately end,365,1.5851
evaluate our,299,1.585
you tom,420,1.5849
but hard,224,1.5848
able kind,233,1.5846
since had,112,1.5843
how sell,108,1.5841
launched first,113,1.5839
approximately average,135,1.5839
taking out,252,1.5839
margin fourth,412,1.5838
rate asset,110,1.5834
revenue ramp,147,1.5834
okay all,276,1.5833
phase out,133,1.5829
hello you,134,1.5826
one few,273,1.5825
most those,363,1.5825
against all,121,1.5822
out relative,116,1.582
price investments,119,1.582
said are,1739,1.5813
loss full,125,1.5813
last result,158,1.5813
was generally,157,1.5812
wanted share,148,1.581
opportunity work,150,1.5807
you aaron,148,1.5807
acquisitions are,458,1.5805
growth expected,1016,1.5803
growth reported,421,1.5803
results across,443,1.5802
growth combined,232,1.5801
guess last,197,1.5797
language you,214,1.5796
acquisitions continue,109,1.5795
great product,363,1.5794
but until,135,1.5793
expand new,191,1.5792
july was,113,1.5791
our branded,231,1.579
good brian,116,1.579
investments billion,241,1.5787
approximately related,154,1.5787
average basis,179,1.5786
get full,448,1.5785
yes still,218,1.5783
those specific,134,1.5782
decrease revenue,141,1.578
not clear,217,1.5778
but typically,173,1.5777
out far,130,1.5775
overall results,229,1.5774
influence our,107,1.5773
reset our,137,1.5771
agreement was,144,1.5771
billion after,158,1.577
reflecting cost,105,1.5769
inventory was,450,1.5768
pipeline management,128,1.5766
growth low,563,1.5764
mean one,371,1.5763
process but,419,1.5762
shared our,495,1.576
improvements are,500,1.576
sure good,288,1.5759
put any,119,1.5758
businesses both,107,1.5757
interesting you,374,1.5756
but any,1453,1.5755
our foundational,169,1.5754
execution has,174,1.5753
apply our,147,1.5748
over seven,100,1.5748
distribution revenue,166,1.5746
repurchases over,170,1.5745
able say,151,1.5743
terms cost,301,1.5741
you learn,137,1.5739
around consumer,109,1.5739
great david,110,1.5737
say terms,245,1.5736
investment side,114,1.5736
projects continue,175,1.5736
made point,118,1.5736
country but,110,1.5732
terms sort,158,1.5731
you kevin,414,1.5721
its portfolio,116,1.572
perspective you,1369,1.572
outlook future,100,1.5713
specifically but,264,1.5712
opportunity provide,110,1.5712
once those,103,1.5711
but having,328,1.5709
has only,267,1.5707
mix price,110,1.5705
customer inventory,121,1.5705
share increasing,123,1.5704
even during,126,1.5702
digits but,211,1.5701
fourth driven,230,1.57
maximize our,214,1.5699
kind driving,170,1.5698
efficient growth,145,1.5698
over employees,109,1.5698
seeing activity,125,1.5697
something maybe,142,1.5695
large data,171,1.5691
continue shift,122,1.5688
seeing pipeline,136,1.5687
rollout our,267,1.5685
things people,120,1.5684
scale these,217,1.5683
actually coming,100,1.5683
was case,200,1.5682
done but,396,1.5682
approximately after,106,1.568
drive revenue,464,1.5679
points net,336,1.5676
new lines,137,1.5675
across commercial,213,1.5668
seen great,178,1.5667
can discuss,114,1.5667
contribute our,275,1.5664
months here,125,1.5663
things sort,147,1.5662
data support,159,1.5658
introduction our,127,1.5657
platform drive,118,1.5656
obviously given,105,1.5656
looking grow,129,1.5655
kind look,604,1.5654
exactly but,144,1.5654
associated our,736,1.5653
relationships are,336,1.5653
our investment,3092,1.5653
income operating,299,1.5653
look relative,104,1.5653
new businesses,219,1.5652
moving our,1954,1.5649
sort range,124,1.5648
great things,262,1.5643
increase free,163,1.5642
expense third,109,1.5642
any trends,115,1.5642
target full,109,1.5641
revenue less,246,1.5638
color second,119,1.5634
but terms,1047,1.5633
seen continued,127,1.5633
boost our,100,1.5632
growth above,345,1.5632
results continuing,100,1.5625
but got,815,1.5624
including higher,258,1.5624
can clearly,109,1.5623
given our,2757,1.562
look longer,105,1.5619
leverage higher,161,1.5619
growth within,726,1.5619
margins compared,119,1.5617
third primarily,109,1.5616
reported last,164,1.5615
point made,117,1.5613
make further,113,1.5611
full average,176,1.5611
statements any,114,1.561
driven price,185,1.561
our cre,150,1.5609
way can,502,1.5608
end being,271,1.5603
forecast but,139,1.5603
profit guidance,120,1.5601
new expanded,136,1.56
growth europe,300,1.5599
sure look,236,1.5592
environment including,104,1.5589
are shopping,101,1.5589
here don,167,1.5589
fact these,120,1.5586
here want,215,1.5585
therefore you,279,1.5585
smaller but,129,1.5584
costs well,399,1.5584
amount revenue,161,1.5583
demand data,294,1.5581
out prepared,143,1.5579
our ceo,740,1.5577
start grow,101,1.5575
way able,114,1.5573
adoption these,103,1.5571
are clear,651,1.5571
you confidence,1097,1.5566
needs continue,111,1.5566
wondering can,127,1.5565
service management,137,1.5564
good good,901,1.5564
over near,294,1.5561
inc second,132,1.5561
helping our,539,1.5561
industry pricing,122,1.556
over michael,378,1.5559
fiscal approximately,162,1.5552
money but,138,1.5552
good track,110,1.5552
time build,201,1.5551
facility has,103,1.555
given these,300,1.555
include those,102,1.5548
outstanding was,154,1.5546
global financial,164,1.5542
but are,9272,1.5541
down couple,138,1.5539
customers can,1090,1.5537
our supplier,209,1.5537
way say,189,1.5536
sold over,134,1.5536
investors not,123,1.5535
big one,250,1.5534
ramp over,202,1.5534
increased gross,223,1.5534
plan increase,147,1.5534
network has,129,1.5532
mentioned saw,104,1.5532
but clear,321,1.553
webcast you,141,1.553
margin roughly,100,1.5529
returns these,114,1.5524
additional markets,141,1.5523
but excited,410,1.5522
digital revenue,246,1.552
any type,310,1.5518
any point,310,1.5518
has fully,111,1.5516
delivered sales,169,1.5515
see favorable,119,1.5515
end prior,304,1.5508
but whole,150,1.5508
topic you,142,1.5507
getting great,125,1.5506
liquidity was,205,1.5505
say early,147,1.5505
our fresh,142,1.5504
guidance organic,128,1.5504
can benefit,279,1.5503
positive performance,160,1.55
well supported,101,1.55
costs during,141,1.55
don how,387,1.5498
being lower,166,1.5495
are supporting,354,1.5495
partners continue,190,1.5493
sales revenues,175,1.549
shifted our,144,1.5489
offset those,207,1.5488
our fixed,709,1.5488
make work,141,1.5487
performance continued,234,1.5486
cetera you,117,1.5484
record new,261,1.5482
had three,176,1.548
group sales,127,1.5479
but underlying,180,1.5476
third versus,148,1.5474
continues well,244,1.547
improve product,111,1.5469
customers driving,182,1.5466
almost over,160,1.5465
introduce our,170,1.5465
uncertainty but,155,1.5465
third due,162,1.5464
last update,132,1.5462
different customer,152,1.5462
all available,203,1.5462
patients get,144,1.5459
strong quarterly,105,1.5454
still not,625,1.5452
additional price,111,1.5452
performance including,230,1.5452
follow one,248,1.5451
rate average,148,1.545
technology portfolio,137,1.5449
income versus,140,1.5447
overall level,114,1.5445
margins forward,178,1.5443
again back,273,1.5435
obviously great,194,1.5431
fourth did,126,1.543
fourth had,268,1.5427
flow range,171,1.5426
new clinical,151,1.5424
our strategies,527,1.5423
guidance outlook,201,1.5421
new platform,468,1.542
range down,220,1.5419
said said,154,1.5419
calls are,166,1.5416
things look,354,1.5415
reported second,133,1.5413
invest these,108,1.5413
bit guess,128,1.5409
probably had,121,1.5404
platform technology,110,1.5404
overall customer,194,1.5402
operations financial,155,1.5402
investment volume,109,1.5397
doing long,133,1.5392
our facilities,543,1.5392
again say,203,1.5391
disclosed our,204,1.5391
see come,379,1.539
but takes,135,1.5388
guidance increased,348,1.5385
kind update,113,1.5382
consistent growth,391,1.5382
last quarterly,111,1.5378
published our,134,1.5378
performance first,723,1.5377
access these,115,1.5377
range including,153,1.5374
negative first,127,1.5373
range free,105,1.5368
first generation,186,1.5366
those measures,102,1.5365
you chris,729,1.5364
look how,833,1.5361
great michael,105,1.5358
continue get,672,1.5358
targeted growth,181,1.5358
fourth outlook,133,1.5357
put these,170,1.5354
every product,116,1.5352
still sort,140,1.5351
performance has,532,1.535
say point,228,1.535
capital timing,128,1.5346
dollars revenue,106,1.5346
perspective maybe,116,1.5345
can pay,105,1.5342
share non,298,1.5335
our outstanding,685,1.5334
share position,186,1.5331
our competitive,1373,1.533
down fourth,259,1.5327
sales versus,299,1.5326
platform support,101,1.5325
stand our,338,1.5324
end phase,105,1.5322
was similar,245,1.5322
income due,152,1.532
risk capital,159,1.5319
performance both,350,1.5318
resources are,245,1.5318
out few,203,1.5316
new project,185,1.5314
importantly not,114,1.5309
are consistently,176,1.5308
achieved all,116,1.5308
increase low,142,1.5306
whether new,193,1.5304
obviously large,100,1.5301
day last,239,1.5296
quarters terms,109,1.5295
improvement net,193,1.529
ask kind,126,1.529
over resulting,126,1.529
past but,467,1.5288
grew full,135,1.5287
end mid,140,1.5287
those prices,115,1.5286
again still,179,1.5283
end inventory,155,1.5283
our tech,418,1.5282
slide continue,220,1.528
getting these,211,1.528
new areas,197,1.5278
area but,222,1.5276
states but,174,1.5269
was paid,130,1.5269
though are,307,1.5267
are discussions,207,1.5267
marketing customer,103,1.5265
ago adjusted,125,1.5264
guide you,884,1.5262
time trying,120,1.5261
given opportunity,118,1.5261
adoption our,922,1.5261
things actually,127,1.526
one wanted,199,1.5259
expense higher,153,1.5258
months years,151,1.5257
approximately higher,314,1.5255
toward our,823,1.5252
but yes,1018,1.5252
ebitda third,206,1.5249
based services,106,1.5247
but means,142,1.5246
term margin,557,1.5245
need focus,116,1.5244
margins over,605,1.5244
space continue,161,1.5242
take two,203,1.5242
guess terms,104,1.5239
these strategic,261,1.5239
incremental cash,141,1.5237
one larger,117,1.5235
prices continue,122,1.5234
performance driven,281,1.5234
affecting our,121,1.5234
driven commercial,147,1.523
has talked,244,1.5226
cost risk,125,1.5222
you must,107,1.5221
way you,2672,1.5218
driven positive,137,1.5218
around those,460,1.5216
obviously strong,278,1.5216
ago increase,109,1.5215
come here,146,1.5214
are worth,145,1.5212
customers make,307,1.521
increased scale,110,1.5209
was healthy,167,1.5208
deposits are,318,1.5206
seen impact,158,1.5206
significant way,130,1.5205
years even,182,1.52
term benefit,133,1.52
revenue gains,151,1.5198
performance saw,150,1.5197
start working,101,1.5196
come little,189,1.5194
investors can,111,1.5194
our national,487,1.5192
builds our,149,1.519
average total,117,1.519
kind timing,125,1.5188
changes product,108,1.5186
our wealth,302,1.5183
our regulators,100,1.5181
progress both,170,1.518
say one,546,1.5178
side terms,156,1.5177
our contractual,128,1.5175
director you,331,1.5174
terms kind,361,1.5174
obviously want,155,1.5173
after first,259,1.5173
our hotels,135,1.5169
increased operating,356,1.5166
flow fourth,199,1.5166
opportunity future,128,1.5165
due significant,126,1.5164
accretive our,387,1.5164
see growing,310,1.5163
revenue target,229,1.5163
you getting,1532,1.5162
workflows are,114,1.516
discussion our,460,1.5159
was only,544,1.5158
including continued,161,1.5157
back david,123,1.5153
new assets,360,1.515
mean even,103,1.5149
facility was,212,1.5147
overall margin,315,1.5146
environment but,535,1.5144
new phase,187,1.5144
its value,134,1.5142
release our,1223,1.5141
timing cash,143,1.5141
positive gross,118,1.5138
impact patients,112,1.5135
overall growth,795,1.5134
our offerings,606,1.5133
future capital,250,1.5125
benefit these,203,1.5123
building these,191,1.512
our capital,6734,1.5118
expect those,818,1.5114
second delivered,133,1.5113
number but,751,1.511
better balance,114,1.5108
our baseline,188,1.5107
you josh,223,1.5102
sequentially net,103,1.5101
term eps,104,1.5097
accounted our,159,1.5096
approximately fourth,222,1.5094
margin increasing,130,1.5094
these partners,176,1.5092
not sell,136,1.5092
moving higher,133,1.509
delivering our,1121,1.5088
was ago,368,1.5086
term guidance,424,1.5085
rate improvement,147,1.5084
digital first,210,1.5084
region but,128,1.5084
good numbers,100,1.5083
those returns,109,1.5079
ongoing operating,125,1.5079
cost supply,148,1.5079
lot new,744,1.5076
was sold,127,1.5076
refresh our,105,1.5075
saw growth,582,1.5074
efficiency through,147,1.5074
great people,145,1.5066
driven new,619,1.5062
drive forward,181,1.5062
months has,245,1.5059
today let,202,1.5058
around basis,315,1.5057
margins full,196,1.5057
approximately due,180,1.5057
not far,203,1.5056
though was,139,1.5052
operating eps,115,1.5051
using those,123,1.5044
fact you,846,1.5043
mix increased,147,1.5043
you richard,349,1.5043
level demand,157,1.5043
not provide,379,1.5039
guidance net,485,1.5038
those tariffs,117,1.5038
range range,142,1.5035
sense but,259,1.5034
are smaller,251,1.5027
production increased,145,1.5027
margins obviously,100,1.5026
changes how,184,1.5026
things kind,334,1.5025
our users,650,1.5025
not short,162,1.5025
numbers you,755,1.5024
full compared,251,1.5022
profitability guidance,110,1.5021
people take,111,1.5019
includes new,137,1.5018
total leverage,111,1.5018
return back,116,1.5016
platforms can,101,1.5014
raised our,449,1.5014
sure well,310,1.5011
said want,177,1.5011
was not,2729,1.501
underway are,145,1.5008
feel lot,133,1.5008
due prior,153,1.5007
yes terms,227,1.5001
back double,101,1.4999
both patients,131,1.4997
across consumer,150,1.4997
not previously,155,1.4993
was reported,353,1.4992
focused high,148,1.4991
show our,611,1.4989
continue return,179,1.4988
growth nearly,266,1.4987
down between,152,1.4983
focused cost,172,1.4983
case but,205,1.4981
focus here,156,1.498
impact current,130,1.4979
marked our,160,1.4978
mind you,365,1.4977
was clear,287,1.4972
seeing big,120,1.4972
now beginning,132,1.4971
was constant,124,1.4971
through those,839,1.4971
funds are,200,1.497
income fiscal,129,1.4969
things around,212,1.4967
full sales,577,1.4962
better value,199,1.4961
share additional,235,1.496
you raised,358,1.4957
impact any,337,1.4955
say obviously,163,1.4953
down same,201,1.4951
adjusted profit,112,1.4949
side how,339,1.4947
future believe,131,1.4943
see initial,102,1.4942
now clearly,108,1.4938
industry overall,125,1.4936
talked maybe,159,1.4932
relationships our,663,1.4932
importance our,144,1.4932
our carrier,126,1.4931
technology has,271,1.4928
did good,254,1.4927
our normal,579,1.4926
patients had,125,1.4925
remarks you,1593,1.4925
dave you,311,1.4925
due better,133,1.4923
approximately expect,420,1.4923
fourth increased,224,1.4923
results turning,106,1.4923
bit ahead,234,1.4922
particularly well,165,1.492
environment expect,214,1.492
opportunity able,113,1.492
experience has,176,1.4919
focus around,164,1.4918
opportunity both,234,1.4917
one leading,155,1.4915
guys great,128,1.4915
our ads,202,1.4914
revenue increases,173,1.4912
our trailing,235,1.491
seeing growing,145,1.4907
taking all,344,1.4899
margin full,567,1.4898
overall impact,183,1.4898
time last,776,1.4898
our emerging,337,1.4896
are central,108,1.4896
since first,225,1.4895
revenue bookings,111,1.4895
its performance,137,1.4893
launch second,113,1.4892
share ago,147,1.4892
continue excited,189,1.489
fact one,131,1.4888
growth path,142,1.4884
other quarters,151,1.4884
reduction over,256,1.4883
our subscription,488,1.4881
data services,146,1.4878
made last,212,1.4878
share guidance,526,1.4877
growth among,110,1.4876
project has,132,1.4875
drive lot,182,1.4875
renewed our,115,1.4873
things work,162,1.4872
our agents,580,1.4872
implement our,129,1.487
our commerce,495,1.4868
converting our,115,1.4864
terms gross,201,1.4863
who not,283,1.4862
between total,119,1.4859
based capital,296,1.4859
had cash,496,1.4858
growth continues,488,1.4858
clients well,169,1.4857
first included,133,1.4855
increase overall,203,1.4853
decisions but,100,1.485
sales china,122,1.485
best performance,113,1.4847
you basically,428,1.4846
slide first,264,1.4846
see early,333,1.4845
saw was,508,1.4844
comments how,135,1.4844
something looking,104,1.4844
fourth versus,146,1.4843
our assumptions,461,1.4843
customers example,107,1.4842
see most,413,1.4841
together one,144,1.484
you initially,137,1.484
growth trends,365,1.4838
you sense,858,1.4838
terms inventory,103,1.4837
second point,322,1.4834
expansion continued,115,1.4834
services team,100,1.4834
our prospects,192,1.4832
lastly our,381,1.483
lot data,325,1.4828
parts our,638,1.4828
yes can,607,1.4828
items was,203,1.4828
standpoint are,311,1.4826
our clinical,1018,1.4824
particularly second,111,1.4823
our balanced,302,1.4822
course had,101,1.4819
let first,389,1.4819
thing right,123,1.4816
partners well,189,1.4815
sales gross,371,1.4813
being better,136,1.4812
included one,117,1.4811
can work,467,1.4811
but specifically,248,1.481
china was,269,1.4809
refinancing our,150,1.4807
side had,186,1.4803
expected total,193,1.4802
focused around,135,1.4799
you assess,116,1.4796
years but,1162,1.4792
three products,121,1.4792
standpoint you,515,1.4787
had its,141,1.4787
pricing versus,109,1.4781
getting through,187,1.4781
over robert,145,1.478
again all,494,1.478
impact global,116,1.4777
course not,241,1.4775
growth subscription,121,1.4775
but point,943,1.4775
believe our,3489,1.4773
lot guys,133,1.4771
good mark,132,1.477
end low,166,1.4767
costs operating,249,1.4767
you all,8602,1.4758
you say,3388,1.4757
customers drive,249,1.4757
obviously looking,157,1.4755
well fact,124,1.4754
revenue non,515,1.4754
you neil,136,1.4753
commitment our,688,1.4752
expected start,161,1.4749
got taking,102,1.4749
you marc,137,1.4742
make these,352,1.4741
seen here,134,1.4734
any improvement,169,1.4732
growth remained,130,1.4729
you tim,296,1.4727
saying are,248,1.4725
part part,131,1.4725
half total,206,1.4725
our supply,2123,1.4724
place but,296,1.4723
time again,357,1.4723
good things,407,1.4722
growth specialty,110,1.4721
make great,205,1.4721
remains one,214,1.472
our seasonally,148,1.4719
was around,913,1.4719
down but,1170,1.4717
margin levels,165,1.4715
ensure our,452,1.4715
further margin,249,1.4715
yeah got,133,1.4714
key product,171,1.4714
divestiture our,197,1.4711
supportive our,101,1.471
growth partially,204,1.4708
new systems,161,1.4708
geographies are,125,1.4707
see good,1056,1.4706
half remain,122,1.4704
our engineering,385,1.4703
needs are,439,1.4702
was related,564,1.4701
get even,203,1.4701
said had,221,1.4699
customers grew,161,1.4698
you described,418,1.4698
covering our,116,1.4697
doing now,339,1.4696
again important,107,1.4696
can better,466,1.4695
returns continue,113,1.4694
well obviously,346,1.4694
out quite,112,1.4693
our servicing,183,1.4689
first decrease,115,1.4686
data technology,161,1.4686
around data,260,1.4685
our hybrid,163,1.4684
over multiple,252,1.4683
margins fourth,130,1.4681
margins adjusted,191,1.4681
now got,487,1.4679
increase ago,105,1.4676
was higher,1191,1.4674
now looks,100,1.4673
say you,3368,1.4672
segment has,330,1.467
remainder are,212,1.4669
current cash,212,1.4668
margin nearly,103,1.4668
right things,293,1.4666
work well,378,1.4663
increase activity,121,1.4662
demand growing,131,1.4661
full performance,360,1.4659
term average,158,1.4658
may provide,101,1.4656
customer expansion,149,1.4655
over reduction,252,1.4655
time believe,353,1.4654
grow revenue,359,1.4651
high margins,150,1.4649
core net,189,1.4649
years average,141,1.4649
headwinds but,186,1.4649
growth north,308,1.4648
relative our,1108,1.4646
driver revenue,115,1.4646
including large,113,1.4644
you apply,109,1.4644
net net,507,1.4642
you alan,122,1.4642
top two,115,1.4642
are different,1157,1.4641
innovation new,197,1.4634
parts but,150,1.463
slides our,172,1.463
improvement fourth,114,1.4624
sequentially first,173,1.4623
guess other,142,1.462
end early,197,1.462
perspective not,251,1.4619
tariffs continue,121,1.4619
you anticipate,721,1.4616
data coming,185,1.4616
way drive,113,1.4615
our continuous,184,1.4614
fiscal financial,212,1.4612
follow any,139,1.4611
steady over,102,1.461
trajectory over,106,1.461
profitability expect,136,1.4606
you specifics,100,1.4606
you todd,223,1.4605
those set,141,1.4604
one top,274,1.4603
deliver those,207,1.4602
you try,472,1.4601
world today,113,1.4597
report our,574,1.4596
growth fiscal,675,1.4596
our primary,1054,1.4594
important one,290,1.4593
margin improve,149,1.4592
our local,533,1.4592
are successfully,150,1.4591
higher profit,104,1.4589
deposits was,140,1.4588
release now,179,1.4588
two products,189,1.4586
give kind,182,1.4583
better mix,104,1.4583
two one,496,1.458
everything you,574,1.4578
customers build,170,1.4576
was excluding,239,1.4575
revenues higher,116,1.4575
years made,134,1.4574
see front,121,1.4573
not available,215,1.4572
increased use,113,1.457
compared gross,158,1.4567
first coming,414,1.4567
terms price,167,1.4566
these key,267,1.4566
right team,250,1.4565
take long,210,1.4565
growth includes,233,1.4561
rates being,102,1.4558
starting look,122,1.4558
end our,5948,1.4557
deploying our,195,1.4553
average net,180,1.4553
driven product,291,1.4548
implementing our,113,1.4547
growth reflected,111,1.4545
basis turning,112,1.4544
bit sort,177,1.4543
portfolio strategy,146,1.4542
focus long,168,1.4541
last plus,119,1.4539
our oem,273,1.4538
china but,284,1.4534
maybe why,104,1.4533
grow here,113,1.4532
current customer,129,1.4529
way actually,101,1.4527
over total,866,1.4527
portfolio performance,245,1.4526
guidance driven,319,1.4525
recent results,102,1.4525
again lot,231,1.4524
reflects how,102,1.4523
core growth,572,1.4517
deal but,229,1.4517
our nim,169,1.4516
michael good,164,1.4516
fiscal years,171,1.4515
standpoint not,100,1.4514
end debt,160,1.4514
our exclusive,132,1.4513
type environment,111,1.4504
first launched,103,1.4503
how impact,524,1.4502
growth least,207,1.4498
kind early,210,1.4496
growth annualized,113,1.4496
across range,251,1.4495
income margins,118,1.4494
expansion adjusted,183,1.4491
due pricing,117,1.449
second best,140,1.4489
mean kind,230,1.4488
mix was,547,1.4487
our app,388,1.4484
closure our,107,1.4483
global net,159,1.4479
costs compared,134,1.4479
get further,182,1.4478
homes are,128,1.4475
differentiation our,171,1.4474
represents our,545,1.4474
region was,114,1.4471
speak you,390,1.4468
talk opportunity,109,1.4467
through organic,157,1.4465
take months,110,1.4463
guidance second,462,1.4463
now feel,291,1.4462
say did,129,1.4462
expand those,132,1.4462
maybe back,387,1.4461
improvement approximately,125,1.446
capabilities both,102,1.446
reported first,218,1.4457
you looking,3240,1.4456
terms pipeline,108,1.4454
timeline you,136,1.4453
has solid,107,1.4452
see stable,103,1.4452
get mid,123,1.4451
again great,219,1.4451
season was,132,1.4451
talk you,1986,1.4449
new production,346,1.4448
happens you,245,1.4447
here does,102,1.4447
debt portfolio,103,1.4447
here kind,325,1.4446
activity increased,105,1.4446
throughout all,161,1.4444
capital strength,138,1.4443
you folks,237,1.4443
towards our,775,1.4439
different terms,128,1.4438
end total,300,1.4438
decline sales,129,1.4437
commerce growth,120,1.4437
needs our,894,1.4436
appreciate look,109,1.4434
due product,213,1.4433
day you,1828,1.4432
you paul,409,1.4432
expansion through,246,1.4432
new use,278,1.4431
thought you,444,1.443
our deferred,190,1.443
new premium,119,1.443
second last,597,1.443
good michael,163,1.4428
our earnings,5783,1.4426
served our,105,1.4425
you mike,746,1.4423
years expect,460,1.4419
our liquidity,858,1.4414
taking little,157,1.441
one large,310,1.4409
other revenue,928,1.4409
capabilities continue,169,1.4402
you already,1603,1.4399
driving results,126,1.4397
across international,106,1.4396
you jeremy,164,1.4395
non operating,246,1.439
activity both,126,1.4388
thing but,373,1.4388
you view,894,1.4385
service customers,199,1.4377
based number,134,1.4376
prior improvement,106,1.4376
tariffs but,247,1.4373
words you,120,1.437
good number,316,1.4369
guidance now,861,1.4367
confident are,528,1.4363
feel right,145,1.4362
rates during,101,1.4358
but others,130,1.4357
start look,277,1.4355
our residential,337,1.4355
plan take,102,1.4352
adjustments are,168,1.435
charges are,129,1.4349
fiscal operating,210,1.4349
want drive,136,1.4348
environment today,154,1.4346
great let,169,1.4339
communicated our,120,1.4337
new deal,135,1.4337
capabilities through,147,1.4336
evaluating our,236,1.4335
reduction cash,106,1.4333
not using,172,1.4333
reductions are,178,1.433
our pivotal,149,1.4329
actually not,373,1.4329
side lot,182,1.4328
last reported,150,1.4328
beyond those,146,1.4327
net pricing,230,1.4323
one plus,149,1.4323
trial was,144,1.4323
over shares,223,1.4322
increase sales,483,1.432
full system,107,1.4319
success continue,113,1.4317
guidance free,174,1.4314
capacity approximately,118,1.4312
income down,222,1.4312
our origination,195,1.4311
projected growth,138,1.4311
made across,162,1.4311
years believe,215,1.431
markets already,103,1.431
value customer,272,1.4309
out europe,106,1.4309
prior third,174,1.4309
forth our,166,1.4307
take any,270,1.4306
understanding our,339,1.4304
our differentiation,169,1.4304
you frank,143,1.4302
joining you,890,1.4301
one three,307,1.4299
share color,120,1.4298
yes talked,118,1.4294
our software,1039,1.4293
early customer,146,1.4293
follow kind,155,1.4292
creation our,358,1.4291
mix adjusted,181,1.4288
china revenue,189,1.4288
period total,137,1.4288
expectations across,161,1.4286
our preferred,186,1.4286
you done,1207,1.4285
moving back,132,1.4285
was done,334,1.4283
getting any,134,1.4279
results today,369,1.4279
times over,249,1.4278
has access,102,1.4278
not every,246,1.4275
access all,137,1.4275
had last,482,1.427
generate over,140,1.4269
expansion expected,120,1.4265
but expect,1705,1.4265
space right,100,1.4264
yes got,168,1.4264
years had,311,1.4264
area see,114,1.4261
our performance,4713,1.426
anticipated revenue,137,1.4257
date has,184,1.4257
channel sales,130,1.4253
but too,204,1.4253
platform can,444,1.4253
better product,214,1.4251
over comparable,124,1.4251
again sort,121,1.4249
well say,489,1.4246
billion fourth,310,1.4243
our specialized,102,1.4243
insights our,315,1.4243
benefit strong,162,1.4242
profitability second,111,1.4241
activity seeing,113,1.4241
new segments,131,1.424
strong first,971,1.424
markets believe,174,1.4239
you trying,877,1.4236
guess look,157,1.4236
inc earnings,115,1.4235
actually increased,134,1.4234
customers coming,263,1.4232
three those,263,1.4232
behind but,136,1.4227
investments approximately,146,1.4225
still important,111,1.4223
due investments,107,1.4223
elaborate you,124,1.4222
orders over,210,1.4221
seeing customers,425,1.422
has working,232,1.4218
given higher,177,1.4217
compared driven,178,1.4213
area are,417,1.4211
are compelling,149,1.421
price approximately,169,1.421
our broader,786,1.4206
part how,364,1.4202
driving new,257,1.4202
over four,258,1.4201
billion operating,483,1.42
can look,942,1.4199
factors can,155,1.4199
not make,491,1.4195
our community,547,1.4194
our fiber,265,1.4192
indicator our,148,1.4191
fiscal including,118,1.4183
future earnings,211,1.4183
fourth financial,291,1.4178
our opex,295,1.4176
last fourth,366,1.4176
strong sales,682,1.4174
operations per,112,1.4171
how deal,112,1.417
pricing across,218,1.4168
total average,109,1.4168
efficiencies are,269,1.4165
our industry,2920,1.4164
things mean,134,1.4163
increased number,169,1.4163
quarters has,195,1.4162
future cash,265,1.4162
half obviously,148,1.4162
store cash,115,1.416
seen terms,136,1.416
out right,540,1.416
outlook now,368,1.4159
forward obviously,183,1.4159
completion our,330,1.4159
change but,429,1.4159
regards our,180,1.4157
customers addition,114,1.4156
expansion rate,152,1.4156
excluding those,113,1.4155
end customer,346,1.4152
lower versus,134,1.4152
results let,180,1.4149
got all,434,1.4148
pricing cost,189,1.4147
things number,149,1.4146
you potentially,551,1.4145
yes mentioned,171,1.4143
understand those,124,1.4139
pipeline look,171,1.4138
full profitability,101,1.4136
revenue driver,111,1.4135
you provided,509,1.4133
lastly are,175,1.4132
however was,132,1.413
operations management,106,1.4129
bank has,117,1.4129
ron you,103,1.4122
through fourth,371,1.4118
say lot,271,1.4118
ramping our,256,1.4116
guess was,394,1.4114
ebitda segment,161,1.4113
gaap fiscal,101,1.4113
low rate,127,1.4112
reaffirmed our,121,1.4112
return sales,147,1.4112
sales driven,408,1.4111
through pricing,278,1.4109
other investments,199,1.4108
show you,460,1.4105
two basis,286,1.4105
kind come,224,1.4105
deliver both,128,1.4105
all comments,151,1.4104
say same,163,1.4104
got opportunity,135,1.4103
notably our,226,1.41
profitability through,136,1.4098
increase revenue,766,1.4095
can appreciate,178,1.4092
position today,138,1.409
share fiscal,234,1.4089
are thoughts,260,1.4087
such expect,131,1.4082
expected billion,300,1.4081
but other,1340,1.408
share third,321,1.408
make today,223,1.408
here you,2989,1.4079
out something,176,1.4079
revenue yield,104,1.4078
support those,243,1.4077
new used,157,1.4076
uplift you,106,1.4074
example our,1099,1.4074
full expense,148,1.4072
not all,1623,1.407
done through,149,1.4067
talked today,156,1.4067
again taking,106,1.4067
globally are,176,1.4066
expected around,195,1.4066
third strategic,108,1.4064
get real,122,1.4061
want people,110,1.406
points same,148,1.4059
things being,156,1.4059
costs increase,195,1.4056
margin operating,569,1.4056
point mean,136,1.4056
are simply,124,1.4052
our private,901,1.4049
approximately approximately,229,1.4049
value products,213,1.4044
well but,2075,1.4041
you showing,295,1.404
are planned,318,1.404
ongoing product,102,1.404
opportunity see,419,1.4039
our cost,4946,1.4039
around little,261,1.4038
significant operating,224,1.4036
well appreciate,145,1.4036
core margin,219,1.4035
may actually,100,1.4033
operating plan,161,1.403
direction are,140,1.4029
well again,399,1.4022
point around,203,1.402
years given,157,1.4019
less time,139,1.4018
growth remainder,105,1.4018
third gross,172,1.4016
rates both,160,1.4016
positive data,143,1.4015
rate fourth,232,1.4015
new software,145,1.4014
perspective look,133,1.4013
early second,194,1.4011
results guidance,380,1.4006
our planned,658,1.4004
any perspective,113,1.4002
other half,297,1.4002
assumed our,122,1.4
out specific,106,1.4
measures well,103,1.3999
obviously need,103,1.3998
segment earnings,233,1.3998
access new,136,1.3998
area well,102,1.3995
mentioned sort,112,1.3995
take additional,120,1.3992
profitability full,100,1.3992
deals but,197,1.3991
was adjusted,1193,1.3989
you sitting,125,1.3989
our marketplace,605,1.3988
our mobile,389,1.3987
position approximately,106,1.3987
realize you,191,1.3984
you again,2661,1.3982
rate outlook,151,1.3981
improved net,137,1.3979
but beyond,315,1.3976
rate increased,262,1.3976
how started,104,1.3975
focus higher,201,1.3974
good team,332,1.3973
third increase,231,1.3971
far can,174,1.3971
things obviously,139,1.397
today turn,191,1.3966
opportunities here,150,1.3965
margin benefits,114,1.3961
good execution,155,1.3959
was exciting,117,1.3958
before but,558,1.3956
start coming,119,1.3955
terms capital,336,1.3954
expected fourth,181,1.3954
terms outlook,129,1.3951
longer sales,107,1.3944
product services,150,1.3942
now able,366,1.3942
our most,2954,1.3939
but remind,114,1.3939
guidance but,1310,1.3938
half maybe,267,1.3937
capital inc,125,1.3933
headwind over,143,1.3927
other strategic,168,1.3926
thing you,1213,1.3926
things said,160,1.3923
guidance low,151,1.3923
overall still,144,1.3923
ended over,205,1.3922
slide our,1744,1.3921
billion versus,225,1.392
but fact,233,1.3916
things seen,125,1.3916
sure great,153,1.3908
three basis,178,1.3904
relates our,492,1.3903
today focus,205,1.3903
mean can,381,1.3903
growth improving,247,1.3901
assets total,118,1.3901
cash cost,477,1.3899
full core,163,1.3897
being sort,109,1.3896
terms total,198,1.3894
other one,695,1.3889
mean way,110,1.3887
are areas,606,1.3885
anderson you,100,1.3884
great lot,307,1.3884
mix products,113,1.3883
always good,149,1.3882
you layer,145,1.3878
degree you,144,1.3877
growth international,326,1.3877
something had,119,1.3875
expanded over,192,1.3875
ebitda net,312,1.3874
during management,179,1.3873
day out,212,1.3871
strong international,121,1.3869
increased inventory,102,1.3868
range total,156,1.3867
are contributing,370,1.3866
industry most,117,1.3864
category was,198,1.3863
etc you,117,1.3862
working right,165,1.386
course look,125,1.386
those kind,657,1.3859
summary are,352,1.3857
yes well,464,1.3855
impact acquisition,104,1.3852
part was,659,1.3851
you planning,429,1.385
was once,186,1.385
has nearly,103,1.3848
government revenue,114,1.3847
all helpful,170,1.3847
all our,10088,1.3846
certainly one,195,1.3846
want want,193,1.3844
consumer has,185,1.3843
change guidance,134,1.3843
compared due,128,1.3842
you leaning,113,1.3841
ahead fiscal,118,1.384
end use,148,1.384
not making,270,1.3838
margins gross,117,1.3836
costs continue,339,1.3834
traction are,159,1.3834
something not,284,1.3834
can probably,240,1.3833
operations across,139,1.3833
range increase,199,1.3832
place continue,134,1.383
continuing strong,119,1.383
work get,219,1.383
now focused,355,1.3829
believe further,108,1.3829
flows are,221,1.3828
our technical,272,1.3825
are biggest,214,1.3822
get sort,188,1.382
fourth gaap,140,1.382
remarks had,122,1.382
significant margin,276,1.3818
you roll,236,1.3817
drivers first,106,1.3813
fees are,263,1.3813
beyond continue,150,1.3812
still high,206,1.3812
say got,167,1.3811
end versus,212,1.3807
john maybe,104,1.3806
our cumulative,110,1.3805
given time,248,1.3805
seeing progress,140,1.3802
fourth operating,286,1.3802
volume lower,125,1.3801
different customers,209,1.3799
reasons are,171,1.3796
third increased,201,1.3795
two other,289,1.3793
expectations continue,228,1.3792
over rest,179,1.3791
day rate,138,1.3789
today wanted,104,1.3785
our leading,1144,1.3785
products well,408,1.3782
not take,554,1.3779
you david,1205,1.3773
today but,1234,1.3773
kind building,135,1.3772
side can,383,1.3772
those incremental,141,1.3768
saw here,109,1.3768
you beat,117,1.3768
are only,1075,1.3767
management may,181,1.3765
update kind,101,1.3762
backdrop are,130,1.376
europe but,252,1.3758
growth priorities,152,1.3755
you jonathan,199,1.3748
made any,148,1.3746
fourth sales,361,1.3744
bit benefit,111,1.3743
ahead let,117,1.3743
around level,135,1.3742
early start,100,1.374
better price,122,1.374
team continue,355,1.3731
great mean,164,1.3729
our cloud,946,1.3728
through different,226,1.3727
point still,181,1.3727
how kind,721,1.3726
services across,167,1.3726
loss second,118,1.3725
midpoint revenue,124,1.3724
you doug,202,1.3722
leaning our,140,1.3721
costs expected,145,1.3718
people right,158,1.3715
result was,307,1.3714
continues see,237,1.3712
revenue partially,123,1.3712
launching our,225,1.3711
all stores,111,1.3711
our offshore,129,1.3711
half performance,241,1.371
are connected,100,1.3706
sales perspective,149,1.3705
end cash,546,1.3704
probably right,124,1.3703
any those,570,1.37
help out,185,1.3699
revenue backlog,152,1.3698
customers whether,112,1.3695
but how,2021,1.3694
contact our,123,1.3691
guys you,1476,1.3691
marketing product,107,1.369
segment fourth,149,1.3689
big data,111,1.3686
deploy our,335,1.3684
cost performance,308,1.3683
today start,219,1.368
forward terms,252,1.3678
believe future,120,1.3678
today environment,147,1.3675
not unique,107,1.3674
expected performance,224,1.3673
different other,173,1.3672
but big,418,1.367
see whether,159,1.3664
you comfortable,254,1.3664
you matt,498,1.3664
guide was,219,1.3664
profitability continue,151,1.3661
flow increased,203,1.366
has ability,171,1.3658
presentation are,307,1.3657
outlook including,105,1.3657
inflation but,146,1.3654
assuming you,287,1.3652
out anything,117,1.3651
average approximately,116,1.365
smith you,171,1.3648
see demand,534,1.3647
our organization,1040,1.3645
kind starting,111,1.3644
say right,299,1.3644
out those,736,1.364
now largely,106,1.3636
coming here,140,1.3636
expansion gross,112,1.3633
stage but,117,1.3633
described our,485,1.3632
hearing you,178,1.3629
was better,655,1.3628
lot big,117,1.3626
now place,175,1.3625
not expected,554,1.3624
increase demand,264,1.3624
momentum our,1808,1.3624
say kind,332,1.3623
billion record,134,1.3623
helpful kind,101,1.3622
but exciting,123,1.3622
half point,194,1.3622
but relates,115,1.362
transaction was,219,1.3617
expected fiscal,125,1.3616
are key,1102,1.3615
areas see,162,1.3612
capital perspective,127,1.3612
other operating,430,1.3606
orders growth,222,1.3606
world right,111,1.3604
see success,123,1.36
commercial sales,236,1.36
hit our,506,1.3598
fiscal increase,164,1.3598
not selling,127,1.3595
further growth,582,1.3595
years continue,515,1.3593
back couple,139,1.359
back kind,444,1.3588
brand performance,128,1.3587
brand product,139,1.3586
actually believe,102,1.3586
here early,119,1.3586
good results,512,1.3585
margin benefit,165,1.3584
improvements our,892,1.3584
mentioned expect,295,1.3583
expected early,115,1.3583
growth experienced,106,1.3582
you update,941,1.3582
margins second,193,1.3578
looks was,135,1.3577
model can,264,1.3577
core customers,198,1.3572
reported billion,120,1.3571
most markets,149,1.3569
again kind,274,1.3563
point but,867,1.3563
but confident,247,1.3563
conversations you,320,1.3562
was clearly,143,1.3562
was taken,115,1.3562
months but,503,1.3562
further opportunity,102,1.3561
good performance,474,1.3559
our sustainability,162,1.3556
growth anticipated,202,1.3556
you typically,498,1.3555
feel can,263,1.3554
all data,625,1.3551
are emerging,148,1.3551
progress terms,119,1.355
pipeline today,136,1.3549
since second,117,1.3546
segment continued,133,1.3545
team had,202,1.3544
higher base,127,1.3543
majority growth,147,1.3542
our land,464,1.3541
said let,110,1.354
including significant,123,1.3538
costs other,223,1.3538
bit kind,392,1.3536
look pipeline,164,1.3535
did little,145,1.3534
comprised our,108,1.3532
see another,218,1.3531
committed our,569,1.3531
products remain,101,1.3526
our operational,1682,1.3526
rates expect,217,1.3525
offset net,137,1.3524
growth without,169,1.3521
results saw,144,1.3521
earnings pleased,100,1.352
how built,111,1.3517
below one,103,1.3516
global data,115,1.3516
are allowing,132,1.3511
our powered,279,1.3509
bit maybe,321,1.3509
customers such,120,1.3508
overall segment,118,1.3505
you missed,102,1.3504
products drive,118,1.3502
each last,128,1.35
second adjusted,422,1.3499
growth particularly,312,1.3498
growth finally,185,1.3495
down further,149,1.3492
pricing was,588,1.3487
expectations today,141,1.3487
margin increase,450,1.3487
months adjusted,156,1.3486
ongoing margin,140,1.3484
need most,107,1.348
our cannabis,108,1.3478
solutions continue,207,1.3478
has key,237,1.3478
you peter,395,1.3477
relative how,122,1.3474
today certainly,110,1.3474
kind high,347,1.3473
see quite,140,1.3467
our entry,159,1.3466
kind wanted,119,1.3463
points third,173,1.3463
had made,129,1.3459
terms customer,226,1.3458
positive things,110,1.3457
had higher,327,1.3456
through all,985,1.3456
look things,309,1.3454
good return,148,1.3452
means you,421,1.345
still ahead,158,1.3448
all five,155,1.3448
achieved revenue,117,1.3445
sales profit,136,1.3443
are certain,510,1.3442
you spent,209,1.3436
forward future,170,1.3435
good opportunities,298,1.343
opportunities make,119,1.3427
our processes,334,1.3427
not looking,597,1.3426
historically you,390,1.3426
time thinking,132,1.3425
performance key,144,1.3425
america has,134,1.3423
since our,1431,1.3423
our mitigation,147,1.3419
last third,337,1.3419
see major,129,1.3417
but smaller,111,1.3416
sorry you,339,1.3414
revenue opportunity,493,1.3414
capital build,146,1.3412
headwind was,135,1.3411
increase non,189,1.3404
ask first,185,1.3404
our regional,325,1.3404
beyond expect,123,1.3404
today after,117,1.3401
positive full,161,1.3398
are sold,246,1.3397
build back,126,1.3396
base customers,164,1.3395
opportunity across,239,1.3393
not mean,398,1.3393
terms new,535,1.3391
initiatives adjusted,110,1.3384
fiscal expected,123,1.3384
ability kind,136,1.3382
given lot,158,1.3382
driven two,203,1.3378
revenue over,2536,1.337
all done,199,1.337
those partners,154,1.3367
things you,2808,1.3363
point terms,194,1.3362
following our,881,1.3358
back sort,184,1.3357
down again,205,1.3355
anything new,169,1.3355
are any,2488,1.3354
get these,557,1.3353
sort get,182,1.3352
guess little,112,1.3352
wrap our,136,1.3352
noted our,717,1.3351
see improving,125,1.3349
but kind,1402,1.3349
said you,2434,1.3348
well feel,212,1.3347
ratio has,120,1.3341
key end,177,1.334
something kind,147,1.3338
higher last,483,1.3336
get after,118,1.3336
summary was,156,1.3334
margins operating,185,1.3331
price range,121,1.333
maybe last,475,1.333
things focused,114,1.3329
sheet growth,373,1.3328
range products,141,1.3327
good pipeline,195,1.3327
positive customer,129,1.3327
again look,278,1.3323
was limited,100,1.3322
including two,163,1.332
our consulting,109,1.332
mean maybe,174,1.3318
time all,992,1.3316
comment but,182,1.3316
see things,459,1.3309
any new,732,1.3308
expected end,270,1.3307
one small,125,1.3306
growth each,320,1.3306
increased full,294,1.3299
our previously,870,1.3297
billion approximately,322,1.3297
position strong,167,1.3291
management program,118,1.3291
course all,193,1.3289
flow between,105,1.3288
now include,123,1.3287
out certain,101,1.3286
are unique,317,1.3286
well being,350,1.3284
provide financial,166,1.3283
second performance,357,1.3281
better had,191,1.3279
above one,147,1.3278
these teams,102,1.3278
effect but,115,1.3275
part let,102,1.327
markets well,427,1.327
time being,298,1.327
internally are,108,1.3268
segments well,103,1.3265
due number,114,1.3265
versus industry,103,1.3264
having these,127,1.3264
you brian,738,1.3261
earnings outlook,176,1.3257
perspective are,695,1.3256
well certain,125,1.3255
our subscriber,102,1.3254
space are,589,1.3254
cash operating,530,1.3251
industry believe,125,1.3251
revenue total,565,1.3251
product pricing,181,1.3251
part first,405,1.3246
here third,173,1.3246
are meeting,167,1.3245
now looking,566,1.3244
week was,162,1.3243
third continued,154,1.324
strong pricing,242,1.3239
available all,174,1.3238
taking great,139,1.3234
following first,124,1.3232
are process,711,1.3231
things looking,188,1.3231
first quarters,248,1.3231
share after,143,1.3231
lower last,330,1.3228
down down,285,1.3222
one additional,291,1.322
perspective kind,122,1.3217
has its,200,1.3217
revenue third,544,1.3217
move little,117,1.3213
overall number,112,1.3202
well set,142,1.3199
improved sales,159,1.3199
segment within,102,1.3198
including three,102,1.3197
our message,104,1.3194
kind back,432,1.3192
you putting,296,1.3192
momentum through,176,1.319
good hey,126,1.319
moving out,159,1.3188
you daniel,306,1.3188
you started,660,1.3186
bob you,169,1.3185
our custom,138,1.3182
outlook total,115,1.3182
accelerate revenue,116,1.3182
our credit,1967,1.318
increase our,4455,1.318
had sort,162,1.318
components our,352,1.3178
including expansion,101,1.3177
mind are,194,1.3175
get pretty,144,1.3172
growth perspective,358,1.3171
record earnings,121,1.3171
cuts are,104,1.317
clients through,126,1.3169
operations cash,165,1.3168
good quality,142,1.3168
now course,207,1.3167
half outlook,120,1.3167
range gross,141,1.3161
products come,118,1.3161
sales grow,201,1.316
build those,180,1.3159
target net,101,1.3159
before believe,101,1.3157
our overhead,101,1.3149
expected given,115,1.3149
trend over,180,1.3143
fiscal management,143,1.314
expect operating,523,1.314
contribution revenue,111,1.3139
roughly over,194,1.3138
process through,147,1.3137
income earnings,246,1.3137
significant price,109,1.3136
you perhaps,292,1.3134
results after,109,1.3134
matt you,480,1.3133
its second,154,1.3132
was represents,110,1.3131
commercial markets,118,1.313
can sort,357,1.3128
above growth,290,1.3126
now seeing,649,1.3125
expected full,251,1.3123
well don,329,1.3123
our fiscal,2440,1.3122
great service,126,1.312
has less,134,1.3119
strong second,513,1.3119
those big,182,1.3119
capital changes,116,1.3116
again you,2505,1.3111
range net,238,1.3109
rate fiscal,154,1.3107
both gross,227,1.3102
bit pricing,170,1.31
well lower,397,1.3094
portfolio well,416,1.3093
was kind,1280,1.3093
opportunity still,147,1.3092
products continue,373,1.309
first representing,121,1.3088
prior end,257,1.3085
given guidance,176,1.3083
you dan,293,1.3083
are longer,485,1.3082
fiscal now,370,1.3079
fact can,135,1.3078
looking things,186,1.3077
was largest,181,1.3075
insight our,146,1.3075
continued work,129,1.3074
digit earnings,109,1.3073
expect improvement,196,1.3073
you nick,154,1.3073
other point,271,1.3072
increased customer,233,1.307
grow those,215,1.307
kind looking,312,1.307
fact not,146,1.3069
one only,266,1.3059
how deliver,206,1.3058
delivered first,202,1.3057
are few,867,1.3057
growth turning,338,1.3056
sure all,318,1.3056
customers actually,199,1.3055
out obviously,249,1.3054
move right,133,1.3053
kind consistent,113,1.305
was great,959,1.3048
our pharmacy,156,1.3047
benefit all,226,1.3044
half terms,195,1.3044
well look,711,1.3043
our leasing,372,1.304
aircraft are,102,1.3039
but right,1234,1.3038
sales fiscal,243,1.3037
looking how,438,1.3033
expansion including,100,1.3033
opportunities may,119,1.3031
execution continue,158,1.3027
expenses are,996,1.3026
our buyback,244,1.3024
our marine,105,1.3018
better overall,115,1.3018
revenue drivers,114,1.3016
offset strong,150,1.3014
side don,100,1.3013
through early,224,1.3012
costs net,228,1.3006
customers increasing,105,1.3005
context you,386,1.3004
expect impact,383,1.3003
parts are,271,1.3003
believe has,323,1.3002
see larger,105,1.2994
over two,803,1.2994
see change,218,1.2993
operating partners,110,1.2992
term development,133,1.2992
well together,121,1.2988
here look,303,1.2986
not major,151,1.2986
thing out,137,1.2983
increase per,271,1.2983
full fourth,254,1.2983
performance segment,179,1.298
saw terms,109,1.298
you left,171,1.298
expansion over,502,1.2979
you interested,150,1.2979
talking all,135,1.2978
half driven,200,1.2977
was already,402,1.2977
margin reported,137,1.2975
together all,142,1.2973
service customer,117,1.2971
outlook approximately,125,1.2969
tim you,262,1.2967
time given,234,1.2967
volume down,156,1.2966
change was,367,1.2965
our employee,219,1.2965
approximately driven,211,1.2963
off net,147,1.2962
around per,225,1.2962
say given,127,1.2962
advantages our,175,1.296
yes right,278,1.296
shipments are,170,1.2955
yeah can,409,1.2953
outlook first,316,1.2953
outlook net,182,1.2953
earnings potential,160,1.2952
backlog now,136,1.2948
did well,251,1.2947
again again,142,1.2945
segment during,119,1.2943
beyond our,1230,1.2941
tell but,147,1.2938
our multi,406,1.2925
through both,466,1.2925
dynamics but,158,1.2925
foundation growth,120,1.2922
our weighted,395,1.2922
our understanding,308,1.2921
are anticipated,373,1.2918
our pro,363,1.2917
slide net,133,1.2914
cost doing,134,1.2914
has something,176,1.2908
our promotional,236,1.2907
our operation,216,1.2906
you reminder,483,1.2905
historically but,112,1.2902
lot investment,171,1.2902
number products,129,1.2901
share return,121,1.2901
our outperformance,215,1.2895
billion asset,118,1.2893
leverage adjusted,140,1.2893
things important,104,1.289
new data,604,1.2887
but rest,177,1.2886
front you,656,1.2884
get any,367,1.2883
category but,199,1.2878
forward believe,201,1.2877
was sort,531,1.2877
points fiscal,121,1.2874
second financial,426,1.2872
our debt,1809,1.2869
mix driven,123,1.2867
starting first,176,1.2867
years feel,109,1.2866
expectations management,109,1.2865
back work,207,1.2864
reach our,579,1.2864
revenue model,277,1.2863
growth second,1357,1.2862
approximately one,471,1.2861
introduced our,248,1.286
volume guidance,183,1.286
demand pricing,146,1.2857
areas you,937,1.2857
got significant,110,1.2855
years build,104,1.2854
but anticipate,190,1.2851
lee you,132,1.2848
our surgical,101,1.2845
earlier are,744,1.2844
you always,1051,1.2841
being most,116,1.2841
today now,738,1.284
kind level,199,1.284
work across,218,1.2838
benefits those,115,1.2838
are reasons,160,1.2837
has meaningful,112,1.2835
increase its,121,1.2833
work need,104,1.2831
expect build,158,1.2829
bookings was,132,1.2823
financial solutions,135,1.2822
fourth fourth,171,1.2822
points positive,105,1.2818
momentum are,824,1.2814
over organic,316,1.2814
all said,412,1.2813
slide adjusted,120,1.2809
value across,321,1.2809
guidance continues,129,1.2808
you congrats,320,1.2808
cash use,170,1.2806
focus being,111,1.2804
see return,176,1.2804
our advertising,449,1.2804
over ago,321,1.28
probably higher,108,1.28
you alex,252,1.2799
well higher,565,1.2797
trend but,185,1.2795
customers don,248,1.2793
starting out,119,1.2791
contributed our,377,1.2791
flow adjusted,248,1.2791
revenue versus,404,1.2791
shape our,192,1.2789
experiences our,307,1.2784
tariffs not,147,1.2783
look those,629,1.2782
margins through,226,1.2781
delivered through,140,1.2779
customers each,114,1.2775
anything can,167,1.2775
feel little,113,1.2774
add all,211,1.2771
not same,425,1.277
well terms,431,1.2767
need start,106,1.2767
half still,174,1.2766
throughout our,1019,1.2762
our restaurant,268,1.2761
our hotel,136,1.2761
last decline,113,1.276
growth summary,169,1.2758
increases are,445,1.2754
delivered basis,104,1.2753
through key,216,1.2752
strong global,160,1.2752
addition are,540,1.2749
seem you,146,1.2748
program expect,188,1.2746
approximately gross,180,1.2744
mix both,151,1.2743
look all,818,1.2742
see here,447,1.2742
but nice,147,1.2741
actions continue,106,1.2738
support demand,118,1.2736
reduced over,145,1.2736
mix management,128,1.2735
leverage down,120,1.2735
fourth first,477,1.2733
match our,123,1.2732
initiatives expect,137,1.2732
cost impact,264,1.2732
help little,119,1.2731
get level,171,1.273
results here,234,1.2727
but longer,234,1.2727
point want,178,1.2724
give back,140,1.2722
rest but,175,1.2722
our refining,111,1.2719
sales expected,329,1.2716
first financial,738,1.2715
inc look,117,1.2714
provide customers,188,1.2714
you obviously,2017,1.2713
sheet net,117,1.271
now obviously,383,1.2705
flow cash,323,1.2704
overall value,165,1.27
out five,101,1.2699
now terms,545,1.2697
area can,114,1.2697
our decision,550,1.2695
way but,668,1.2694
everything but,150,1.2693
deliver adjusted,125,1.2693
revenue performance,682,1.2688
income during,131,1.2684
again got,128,1.2684
our phase,1108,1.2681
one important,254,1.2681
our innovation,1209,1.2678
kind build,137,1.2678
benefit our,1567,1.2677
our senior,599,1.2676
platform believe,124,1.2675
second reported,110,1.2673
see less,163,1.2671
good maybe,486,1.2668
feedback our,302,1.2667
time actually,214,1.2662
strong date,146,1.2662
dynamic but,125,1.266
improvement demand,113,1.2658
are things,1610,1.2654
momentum second,137,1.2649
all trying,138,1.2648
two point,179,1.2646
customer focus,155,1.2644
costs across,213,1.2643
though you,425,1.2643
margins both,154,1.2643
how has,825,1.2642
third third,159,1.2641
consistent over,293,1.2637
expected within,117,1.2635
overall platform,110,1.2632
get scale,118,1.2631
prior prior,151,1.2631
you conclude,200,1.263
right got,212,1.263
opportunity even,105,1.2627
expenses driven,112,1.2626
one four,128,1.2625
maybe better,192,1.2625
change our,1618,1.2624
done any,100,1.262
you andrew,565,1.2616
expect make,269,1.2613
additions our,149,1.2608
america was,268,1.2606
say are,1757,1.26
cost benefit,106,1.2598
future operating,193,1.2597
due non,113,1.2596
third revenue,521,1.2593
our retailers,217,1.2593
had lower,212,1.2592
get kind,410,1.2591
here can,493,1.2591
growth relative,240,1.259
least not,115,1.2589
most opportunity,118,1.2584
taking good,220,1.2583
things got,140,1.2582
our pharma,153,1.2577
work down,176,1.2576
kind take,273,1.2575
team great,182,1.2575
driven cost,249,1.2572
terms credit,102,1.2572
has able,229,1.2568
existing share,110,1.2563
sort two,123,1.2563
anything but,268,1.2563
most other,207,1.2562
consumer sales,162,1.256
said look,252,1.2559
today continued,217,1.2557
now using,146,1.2556
growth contribution,165,1.2555
little over,986,1.2555
impacts our,548,1.2555
you eric,403,1.255
between these,218,1.2549
through share,590,1.2549
focused things,108,1.2549
customer expectations,109,1.2548
position both,118,1.2546
you ken,197,1.2546
end after,120,1.2546
has impact,401,1.2545
results continue,518,1.2545
cycle but,199,1.2543
are effectively,159,1.2537
both within,162,1.2536
actually look,182,1.2533
statements all,174,1.2533
through technology,220,1.2532
ago operating,110,1.253
kelly you,131,1.2528
enable our,364,1.2527
overall operating,210,1.2526
rest our,724,1.2521
mean are,1140,1.2519
see today,623,1.2513
demand seeing,235,1.2511
share continuing,105,1.251
volume higher,166,1.2506
thoughts are,233,1.2505
seeing pricing,155,1.2501
you waiting,114,1.2501
process get,103,1.2499
second saw,158,1.2498
revenue percentage,168,1.2496
you expand,855,1.2495
our system,1269,1.2495
level operating,181,1.2494
within data,148,1.2494
accelerating over,105,1.2494
was low,398,1.2492
across quarters,130,1.2491
high rates,122,1.2489
mix has,225,1.2488
back positive,151,1.2483
over six,159,1.2478
here right,255,1.2477
capital ahead,258,1.2476
filings are,143,1.2472
provide lot,134,1.2469
excited new,198,1.2465
offset other,120,1.2464
focus value,157,1.2463
look our,5706,1.2463
low value,110,1.2459
revenues first,201,1.2458
our road,284,1.2452
later now,101,1.2451
good work,286,1.2449
outcomes our,422,1.2443
you keith,158,1.2439
prioritize our,141,1.2439
system can,185,1.2437
term earnings,359,1.2437
exactly are,233,1.2436
out future,233,1.2436
meaning you,140,1.2436
quality customers,118,1.2435
you felt,109,1.2434
you wait,155,1.2432
expectations expect,175,1.2431
ago net,113,1.2429
are leading,502,1.2429
important here,102,1.2425
still down,206,1.2423
expense full,132,1.2422
strong gross,291,1.2419
related prior,104,1.2419
way things,139,1.2418
reasons you,258,1.2414
impact both,262,1.2413
out sort,224,1.2413
support increased,115,1.241
you observed,106,1.2404
consistent cash,124,1.2402
other solutions,129,1.2401
segment total,137,1.24
recall our,209,1.2397
first expect,892,1.2394
environment are,894,1.2392
customers feel,153,1.239
maybe second,366,1.2389
you joe,286,1.2389
but seen,530,1.2385
opportunity increase,185,1.2385
cost down,284,1.2383
drivers our,676,1.238
end net,418,1.2371
plan has,190,1.2369
mike you,647,1.2368
believe may,128,1.2367
side got,100,1.2366
early fourth,108,1.2365
our pain,118,1.2365
was over,3247,1.2364
flow third,159,1.2363
growth china,256,1.2363
global customers,155,1.2363
reflecting our,1219,1.2362
said continue,326,1.236
roughly revenue,131,1.2359
you brad,115,1.2358
increase investment,160,1.2357
outside our,580,1.2357
years including,185,1.2357
expect second,508,1.2356
lot investments,153,1.2356
well course,154,1.2355
over ceo,134,1.2355
not specifically,139,1.2354
segment expect,260,1.2352
country are,176,1.2352
results improved,103,1.2352
course are,620,1.235
new pricing,349,1.2348
here start,141,1.2346
channel has,119,1.2346
markets across,262,1.2338
trust our,321,1.2338
time certainly,143,1.2337
ebitda cash,334,1.2337
are under,669,1.2335
over increases,203,1.2334
take pricing,120,1.2333
insight you,111,1.2333
obviously being,104,1.2333
jeff you,388,1.2331
platform across,208,1.233
flat but,232,1.233
organization continue,109,1.233
plan get,133,1.2329
over short,192,1.2324
balance approximately,126,1.232
period compared,102,1.232
future product,166,1.2318
our filing,117,1.2318
see decline,146,1.2317
here before,107,1.2316
maybe get,330,1.2315
our firm,253,1.2314
sales sequentially,104,1.2312
built our,855,1.2312
growth fourth,815,1.2311
first anticipate,109,1.231
now started,118,1.2309
both grew,102,1.2309
time before,213,1.2307
well addition,130,1.2303
say little,237,1.2301
expenses revenue,317,1.2299
revenues are,675,1.2299
base continue,189,1.2296
environment how,220,1.2296
got here,139,1.2294
not particularly,182,1.2293
expenses was,435,1.2292
partners can,194,1.2289
help maybe,121,1.2287
course expect,124,1.2286
centers but,149,1.2284
driver was,134,1.228
versus per,149,1.2279
growth trend,187,1.2276
view has,101,1.2275
support new,283,1.2275
are present,101,1.2271
opportunity significant,110,1.2269
thing not,214,1.2269
but only,479,1.2265
products being,130,1.2263
performance within,147,1.2261
looking other,268,1.2261
sure not,339,1.226
back again,219,1.2256
ebitda versus,128,1.2251
levels end,111,1.2249
one less,151,1.2248
based our,2874,1.2248
our flexible,150,1.2244
our inventory,1591,1.2243
issued our,258,1.2243
com under,147,1.2242
okay can,224,1.2242
basis due,197,1.2236
our budget,250,1.223
here coming,127,1.223
thing has,141,1.2228
together our,959,1.2227
taking lot,136,1.2222
how actually,243,1.2222
pipeline across,134,1.222
scale our,1561,1.222
last but,1506,1.2219
again let,105,1.2217
trends expect,118,1.2216
out infrastructure,108,1.2216
you george,235,1.2214
was fourth,718,1.2214
look obviously,213,1.221
costs coming,102,1.221
ebitda performance,217,1.221
out don,249,1.221
via our,277,1.2209
working customers,178,1.2208
fit our,360,1.2206
said lot,188,1.2205
growth improved,370,1.2204
earlier was,327,1.2201
higher activity,111,1.22
mean mentioned,100,1.2197
fourth given,110,1.2196
expected results,218,1.2195
today interest,164,1.2194
strategy being,103,1.2193
prior operating,242,1.2193
value all,552,1.2192
improvement through,191,1.2191
costs non,110,1.2183
half range,145,1.2183
capacity increase,118,1.2181
expect anything,106,1.2177
our assessment,113,1.2177
any these,520,1.2174
those come,249,1.2174
close first,140,1.2174
yeah right,202,1.2173
new retail,159,1.2172
first reported,186,1.2167
billion increased,304,1.2167
basis versus,179,1.2167
excitement our,105,1.2166
perspective right,102,1.2165
two most,137,1.2165
you starting,945,1.2163
conversion was,152,1.2159
yeah lot,177,1.2159
scaled our,105,1.2157
customers help,159,1.2156
was significant,551,1.2155
strong investment,225,1.2152
lower capital,267,1.215
yes first,489,1.2149
those large,228,1.2141
piece you,354,1.2141
terms product,239,1.214
sales reported,131,1.214
markets management,193,1.2134
lot volume,153,1.2133
kind coming,209,1.2133
visibility you,470,1.2132
being higher,191,1.2131
helps you,232,1.2131
strength was,303,1.2128
range basis,203,1.2128
updated our,516,1.2125
say sort,126,1.2124
first last,891,1.2122
forward but,997,1.2121
full ebitda,251,1.2118
you modeling,134,1.2115
our positioning,371,1.2114
yeah mentioned,114,1.2114
impact terms,201,1.2105
side has,244,1.2105
say way,149,1.2105
sales during,271,1.2104
results both,302,1.2103
well far,125,1.2103
payments are,259,1.21
throughout but,232,1.2099
present our,207,1.2097
industry data,160,1.2097
our numbers,770,1.2096
impact second,301,1.2092
see people,243,1.2092
was used,213,1.209
maybe different,140,1.209
taking today,146,1.2088
mike can,116,1.2084
focused how,247,1.2084
loss last,128,1.2078
take lot,208,1.2076
timing but,283,1.2075
progress continue,228,1.2072
but largely,149,1.2065
financial expectations,138,1.2059
management side,136,1.2058
improving over,197,1.2056
has different,210,1.2056
are two,1602,1.2054
made strong,164,1.2051
down end,322,1.2051
conversation you,135,1.2051
expenses expect,187,1.2051
first approach,150,1.205
back levels,103,1.2049
time benefits,103,1.2048
opened our,181,1.2048
down billion,339,1.2048
well run,122,1.2047
half full,250,1.2047
demand growth,909,1.2047
including increased,163,1.2047
new commercial,301,1.2047
how spend,128,1.2046
executed our,276,1.2046
based revenue,457,1.2036
over comp,101,1.2035
guys lot,110,1.2032
end was,1106,1.2031
time able,215,1.2029
margin third,307,1.2029
case not,111,1.2027
was combination,139,1.2024
expect provide,188,1.2023
summary our,643,1.2023
services other,146,1.202
point say,181,1.202
corporation first,103,1.2016
tom you,322,1.2016
times now,143,1.2016
lower share,276,1.2013
strong focus,230,1.2012
point you,2614,1.2009
something expect,153,1.2009
date net,123,1.2007
fantastic you,119,1.2004
results seen,149,1.2001
ago continue,154,1.2001
high net,302,1.2001
affected our,152,1.2
growth expanded,186,1.1999
especially new,123,1.1998
right don,194,1.1997
deals not,114,1.1996
results remain,131,1.1995
margin leverage,175,1.1993
half based,150,1.1993
overall capital,220,1.1991
estimate our,315,1.1991
our native,136,1.1988
comp but,106,1.1988
both scale,106,1.1987
don you,2033,1.1983
sales between,192,1.198
got long,151,1.1979
guidance both,331,1.1975
see these,905,1.1975
well overall,306,1.1972
keep our,790,1.1971
versus say,131,1.1971
base growth,402,1.197
approximately months,106,1.1969
you mark,824,1.1968
overall net,209,1.1968
pieces you,183,1.1967
these early,227,1.196
time always,126,1.196
products believe,137,1.196
reality you,106,1.1959
program well,220,1.1957
back talk,155,1.1956
you wanted,1011,1.1953
our merchandise,122,1.1953
operating ebitda,264,1.1953
over annual,234,1.1953
are built,402,1.1952
here are,1553,1.1949
deals can,105,1.1948
guidance expectations,133,1.1947
last moving,149,1.1946
leads our,152,1.1943
first only,279,1.1942
you adam,221,1.1941
both products,207,1.1937
get feel,118,1.1936
team got,115,1.1933
look other,424,1.1933
reflecting margin,117,1.1932
evidence our,198,1.1932
customers get,426,1.1928
position right,125,1.1928
how meaningful,120,1.1928
our house,212,1.1927
way don,107,1.1922
has any,489,1.1918
situation are,141,1.1917
mean first,322,1.1915
growth category,195,1.1912
expansion full,153,1.1911
core performance,122,1.1909
portfolio continued,146,1.1908
rate low,109,1.1907
expect increase,395,1.1907
things out,306,1.1904
great one,501,1.1904
our non,2619,1.1902
well why,149,1.1901
impact price,150,1.19
growth between,476,1.1898
based performance,179,1.1893
growth disciplined,211,1.1892
need look,205,1.1887
flow compared,136,1.1886
has doing,192,1.1885
segment had,172,1.1883
already has,176,1.1878
particularly through,112,1.1878
kind same,214,1.1877
but remain,450,1.1876
facility now,116,1.1874
value both,265,1.1873
you robert,419,1.187
still coming,119,1.1869
revenues was,301,1.1865
our capex,803,1.1864
our industrial,635,1.1862
now don,383,1.186
third driven,171,1.1858
point number,130,1.1857
buybacks are,125,1.1857
customers around,312,1.1857
benefit second,120,1.1856
you targeting,327,1.1854
points increase,205,1.1853
launch our,1129,1.1851
volume total,114,1.1849
done all,179,1.1842
you bryan,113,1.1841
great products,190,1.1841
forth you,112,1.1841
growing our,1875,1.1841
you jay,150,1.184
rate full,293,1.1835
yes had,223,1.1833
look don,220,1.1832
got kind,223,1.1829
new tariff,108,1.1829
results full,319,1.1828
these incremental,125,1.1828
any large,154,1.1828
data across,309,1.1827
bring our,783,1.1827
offset growth,372,1.1826
through mid,140,1.1825
our physical,179,1.1825
range still,131,1.1824
rate due,162,1.1822
rate continues,100,1.182
quantify you,106,1.1816
sale our,679,1.1813
has little,433,1.1813
welcome you,406,1.1813
environment maybe,124,1.181
are big,743,1.1809
growth saw,464,1.1806
continue momentum,183,1.1806
you leave,124,1.1802
lower number,122,1.1801
revenue conversion,108,1.18
performance provide,122,1.1798
growth rest,172,1.1798
balance billion,180,1.1797
still opportunities,124,1.1796
operations billion,128,1.1793
good activity,161,1.179
higher compared,191,1.1787
can begin,105,1.1787
targets but,113,1.1784
continue come,258,1.1782
guide can,127,1.1782
demand within,128,1.178
get another,108,1.1779
range guidance,202,1.1779
get big,113,1.1778
out over,1358,1.1775
including lower,136,1.1774
are closer,150,1.177
revenue included,122,1.1764
out why,119,1.1764
positive long,110,1.1763
demand strong,331,1.1763
opportunity forward,179,1.1762
takes but,105,1.1762
see even,296,1.1762
today probably,103,1.1761
right obviously,180,1.1761
mentioned number,108,1.176
first reflecting,166,1.176
color those,121,1.176
lower commercial,101,1.176
detail you,470,1.1759
side are,1097,1.1757
well timing,139,1.1756
reported growth,318,1.1755
strong revenue,929,1.1755
contributing revenue,107,1.1755
consumer product,106,1.1753
our deliberate,118,1.1752
program continue,208,1.175
you jason,326,1.1749
our carbon,100,1.1749
our medicare,219,1.1746
impact but,864,1.1745
now working,284,1.1745
our job,546,1.1744
yeah not,407,1.1743
maybe bit,284,1.1742
time turning,126,1.1739
growth remains,347,1.1739
customers turning,114,1.1737
you actually,1575,1.1737
across these,531,1.1736
growth especially,212,1.1734
work here,132,1.1733
get all,640,1.1729
strong innovation,105,1.1729
important data,120,1.1728
including data,176,1.1728
our trusted,123,1.1728
moving cash,145,1.1728
benefit full,109,1.1725
exciting growth,113,1.1725
now trying,140,1.1724
same point,129,1.1723
down three,132,1.1722
time continue,725,1.1718
good feel,167,1.1715
are set,516,1.1715
see better,340,1.1711
better terms,140,1.1709
fiscal continue,254,1.1709
journey are,139,1.1705
our procurement,130,1.1705
growth recurring,112,1.1705
our future,2295,1.1704
brazil are,103,1.1702
solutions both,110,1.1699
initiatives these,144,1.1699
our competitor,126,1.1699
progress seeing,121,1.1698
talk those,221,1.1692
opportunities look,219,1.1691
average customer,108,1.1691
mix product,141,1.169
income second,233,1.169
today only,140,1.1687
performance versus,148,1.1684
our exceptional,221,1.1684
was percentage,218,1.1683
our medium,243,1.1683
get higher,321,1.1682
revenue roughly,125,1.1682
specifics our,102,1.1681
our operating,4881,1.1681
profit cash,117,1.168
prices but,198,1.1679
look balance,188,1.1676
our premium,691,1.1676
advantage our,642,1.1675
billion investment,195,1.1673
specifically you,670,1.1672
margins expect,202,1.167
related higher,146,1.167
again being,120,1.1669
quickly you,523,1.1667
you are,23800,1.1665
today given,152,1.1665
our investments,2179,1.1663
investments new,310,1.1661
excited our,1316,1.166
range obviously,100,1.1659
here got,133,1.1657
teams can,122,1.1654
landscape are,118,1.1653
future but,545,1.165
our warehouse,108,1.1649
recovery but,123,1.1649
yeah way,108,1.1649
operating position,127,1.1648
yet not,109,1.1647
how competitive,127,1.1645
implementation our,185,1.1645
both fourth,215,1.1643
advantage over,145,1.1641
lower cash,292,1.1638
product solutions,110,1.1636
margin profitability,113,1.1633
now talking,133,1.1631
you clearly,452,1.1631
robust revenue,107,1.163
was days,184,1.163
patients can,220,1.1629
out last,585,1.1622
day but,448,1.1621
problem you,136,1.162
margins third,102,1.1616
expected revenue,491,1.1615
given demand,120,1.1613
are interesting,169,1.1612
take our,3009,1.1609
over remaining,125,1.1608
rate forward,255,1.1607
gaap ebitda,126,1.1607
impact potential,110,1.1605
pricing terms,126,1.1605
say first,483,1.1605
costs full,188,1.1605
our new,8739,1.1604
before any,148,1.1602
improvements over,176,1.16
related lower,100,1.1598
support strong,176,1.1596
production was,442,1.1594
pipeline both,113,1.1591
always has,126,1.1589
april but,136,1.1588
out another,140,1.1588
impacts are,247,1.1586
expect overall,241,1.1584
support customers,175,1.1583
month time,102,1.1582
timing how,137,1.158
first adjusted,647,1.1579
out kind,502,1.1577
places you,155,1.1576
broadly you,289,1.1576
down driven,220,1.1574
months expect,178,1.1571
portfolio continue,359,1.1569
our strong,5683,1.1568
months get,135,1.1567
clearly you,450,1.1567
these recent,132,1.1566
our buyers,185,1.1563
our logistics,239,1.1563
point two,166,1.1559
margins here,106,1.1559
relations all,131,1.1558
points non,129,1.1557
current performance,112,1.1556
areas one,134,1.1554
you updated,397,1.1554
total interest,110,1.1552
guidance after,108,1.1549
opportunity look,235,1.1549
management make,151,1.1547
seeing within,137,1.1542
our people,1781,1.1542
potential value,115,1.1542
building our,1363,1.1541
capabilities these,132,1.154
sort take,107,1.154
one obviously,291,1.1538
basis expect,442,1.1537
efficiencies our,465,1.1534
expect strong,549,1.1533
other day,144,1.1533
our gross,2950,1.1532
due high,147,1.1532
net tax,107,1.1531
customer side,134,1.1528
mentioned was,585,1.1522
are returning,110,1.1521
program was,395,1.1519
over headwind,121,1.1517
you exactly,363,1.1517
guidance third,228,1.1513
higher expense,118,1.151
taxes are,105,1.1509
portfolio investments,110,1.1506
growth standpoint,128,1.1505
saw great,116,1.1502
billion average,148,1.1496
third part,124,1.1494
per management,220,1.1494
measures now,110,1.1493
look lot,357,1.1491
based net,223,1.149
mentioned got,111,1.1489
growing well,219,1.1488
kind work,215,1.1487
work better,106,1.1485
add those,148,1.1484
members our,449,1.1481
availability our,242,1.1481
believe got,117,1.1481
express our,101,1.1481
expected driven,168,1.148
current customers,161,1.1469
out lot,393,1.1469
how look,636,1.1468
trends you,926,1.1467
kind things,261,1.1467
expansion approximately,112,1.1465
point not,498,1.1461
assess our,115,1.146
out before,190,1.1459
guidance here,237,1.1459
seeing higher,269,1.1458
share during,232,1.1458
billion global,131,1.1453
revenue related,328,1.1453
acquisition adjusted,112,1.1453
growth range,648,1.145
you ben,130,1.1449
improved margin,139,1.1448
those other,505,1.1447
you jack,108,1.1446
provide strong,173,1.1445
was under,289,1.1443
reliability our,203,1.144
product platform,173,1.1438
part second,204,1.1437
seeing both,262,1.1437
move those,168,1.1435
get data,282,1.1435
progress are,916,1.1435
systems can,132,1.1434
say maybe,234,1.1432
you john,1014,1.1426
times are,435,1.1423
approximately third,167,1.1421
expect fiscal,210,1.142
evolving our,267,1.1417
our connected,177,1.1416
product supply,117,1.1415
work but,601,1.1414
included new,105,1.1414
strategy how,275,1.1413
future value,138,1.1411
capabilities can,175,1.1401
volume impact,127,1.1401
wondering was,144,1.1399
compared revenue,424,1.1398
correct you,189,1.1395
you sam,106,1.1395
billion during,214,1.1393
expect open,189,1.1392
was primary,187,1.1391
guidance per,284,1.139
are made,814,1.1388
cases but,121,1.1382
third non,124,1.1382
services continue,208,1.138
impact net,289,1.138
segments but,180,1.138
continued opportunity,121,1.1379
out service,169,1.1378
alone are,114,1.1375
expand these,108,1.1366
roi our,123,1.1365
pipeline right,123,1.1364
through incremental,111,1.1358
share within,194,1.1357
costs out,240,1.1356
way how,305,1.1355
segment expected,124,1.1351
yes want,169,1.1348
contributing growth,161,1.1347
numbers can,107,1.1347
taking back,142,1.1346
today making,104,1.1345
are significantly,344,1.1344
making strong,133,1.1343
past has,156,1.1343
well mark,118,1.1343
you cut,148,1.1342
right before,149,1.134
mentioned are,1257,1.1339
say actually,106,1.1338
over balance,475,1.1338
rate around,206,1.1338
doing but,421,1.1338
these people,192,1.1337
spend over,231,1.1335
investments both,147,1.1335
good point,329,1.1332
good couple,169,1.133
driver but,135,1.133
how drive,254,1.1329
but give,408,1.1327
significant financial,184,1.1324
run these,106,1.1324
range now,391,1.1319
our continued,2746,1.1318
sales third,296,1.1314
couple first,227,1.1314
drag our,119,1.1313
value assets,119,1.1312
maybe other,323,1.1312
use our,1573,1.1303
revenue opportunities,393,1.1303
share each,100,1.1302
other customers,428,1.1301
looked our,200,1.13
but need,536,1.1299
still within,106,1.1298
work work,104,1.1295
our wireless,104,1.1294
grow well,211,1.1293
are almost,255,1.1286
strong levels,122,1.1281
provide full,137,1.1279
was always,261,1.1278
does any,119,1.1277
growth since,308,1.1276
margins across,159,1.1275
need little,149,1.1272
during due,105,1.1271
kind change,125,1.1271
say three,110,1.1269
operations through,149,1.1268
share free,166,1.1267
was fully,175,1.1267
right you,3665,1.1267
actually looking,103,1.1267
mentioned one,325,1.1265
steps you,174,1.1262
our values,122,1.1261
elevated but,103,1.1261
but real,326,1.126
half two,167,1.1253
say here,170,1.1251
our reinsurance,103,1.125
especially you,657,1.125
share any,400,1.1248
our creative,110,1.1247
our announcement,179,1.1247
customers well,662,1.1246
performance these,418,1.124
help how,193,1.1237
anticipated growth,172,1.1236
our home,666,1.1236
time obviously,232,1.1234
model right,117,1.1234
rate plan,106,1.1232
amount new,105,1.1232
across product,325,1.1229
our service,1733,1.1228
margins cash,197,1.1228
yeah first,352,1.1227
improve margin,118,1.1227
opportunity terms,142,1.1227
segment guidance,189,1.1226
our book,744,1.1226
regard our,181,1.1225
customers able,184,1.1224
assets across,151,1.1224
our targets,456,1.1224
continue strong,637,1.1223
slide earnings,112,1.1223
majority was,111,1.1221
capacity across,133,1.1221
real good,144,1.122
one platform,308,1.122
out inventory,143,1.1217
get same,177,1.1217
but mean,515,1.1215
over half,719,1.1214
savings are,339,1.1214
margin products,282,1.1209
margins expected,100,1.1208
our evolution,160,1.1208
tailwind our,258,1.1206
growth reflecting,281,1.1205
our superior,109,1.1205
customer data,226,1.1204
pipeline continue,183,1.1203
how these,780,1.1202
revenue record,220,1.1202
categories but,131,1.1199
including our,2683,1.1198
implied our,144,1.1197
deliver billion,126,1.1197
reminder you,429,1.1195
uses our,102,1.119
clearly are,264,1.1189
driven same,134,1.1188
how grow,209,1.1188
solutions customers,142,1.1187
first revenues,184,1.1183
come lower,105,1.1183
good see,827,1.1179
sales side,219,1.1178
frankly are,120,1.1176
steve you,407,1.1174
color one,135,1.1174
terms margins,109,1.1173
size our,576,1.1173
place are,468,1.1173
but getting,346,1.1172
sharing you,158,1.1172
base but,363,1.1171
these positive,203,1.1168
maybe getting,101,1.1166
you posted,166,1.1164
revenue expectations,267,1.1159
back said,194,1.1159
over active,157,1.1154
maturity our,175,1.1149
share growth,1333,1.1148
first saw,252,1.1148
far but,233,1.1148
impact those,375,1.1148
driven high,194,1.1148
point turn,112,1.1147
after strong,128,1.1146
all statements,158,1.1141
higher investment,160,1.1139
sort look,186,1.1139
rate lower,183,1.1139
well ongoing,144,1.1135
eps over,251,1.113
well david,150,1.1128
earlier well,164,1.1127
time appreciate,101,1.1126
primary growth,207,1.1126
costs expect,237,1.1125
but thinking,263,1.1125
dollars over,111,1.1125
was highly,108,1.1124
impact adjusted,258,1.1122
its capital,142,1.112
drive share,188,1.1119
our consumers,572,1.1119
levels but,310,1.1118
better cost,169,1.1118
here one,381,1.1117
time don,244,1.1117
together are,428,1.1115
out mean,207,1.1111
not taking,298,1.111
increased net,278,1.1109
growth comparable,110,1.1105
seeing out,358,1.1104
our models,532,1.1102
material revenue,102,1.1102
our portfolios,140,1.1102
costs management,143,1.1101
has probably,142,1.11
new world,174,1.11
including most,109,1.1098
faster but,148,1.1095
not growing,282,1.1093
impact mix,114,1.1087
expected adjusted,218,1.1086
capacity has,176,1.1083
expect eps,107,1.1082
all markets,431,1.1081
rates increase,123,1.1079
both our,4087,1.1078
actually higher,133,1.1078
through existing,111,1.1077
announced our,960,1.1076
region are,196,1.1072
time benefit,143,1.107
improved earnings,106,1.1067
customers through,548,1.1067
unchanged are,107,1.1067
contract revenue,132,1.1066
expertise our,247,1.1064
during total,128,1.1063
are recognized,132,1.1063
total billion,250,1.1062
our presentation,532,1.1062
greg you,184,1.1058
you move,1215,1.1058
trajectory our,366,1.1057
lot come,143,1.1054
revenues net,105,1.1049
world first,173,1.1048
not impact,547,1.1047
driven three,109,1.1046
our established,243,1.1044
time feel,154,1.1042
increased commercial,113,1.104
point obviously,116,1.1039
size but,136,1.1035
percentage growth,235,1.1035
term leverage,118,1.1033
good you,4989,1.1032
well said,310,1.1032
guidance primarily,123,1.1032
everyone maybe,105,1.1032
forward again,178,1.1031
second primarily,131,1.103
approach continue,113,1.1028
those key,206,1.1026
terms other,246,1.1024
demand our,3390,1.1023
our managed,269,1.1016
our properties,251,1.1015
savings over,157,1.1012
sense one,103,1.1011
models but,126,1.1009
are less,533,1.1004
shows you,197,1.1002
portfolio today,218,1.1
out any,423,1.0997
basis driven,245,1.0995
slides you,107,1.0993
spoke you,101,1.099
prior earnings,218,1.0986
you timothy,131,1.0985
segment growth,610,1.0985
changing our,292,1.0983
had total,198,1.0983
chris you,538,1.0981
pipeline expect,152,1.0981
third had,191,1.0975
again believe,123,1.0966
one here,377,1.0965
our robust,633,1.096
financial plan,129,1.0959
nick you,133,1.0958
ecosystem are,177,1.0956
similar first,116,1.0954
volumes through,101,1.0954
second had,315,1.0954
two significant,120,1.0951
term revenue,675,1.0951
customers ability,125,1.0949
not come,336,1.0949
new cloud,111,1.0947
margins high,116,1.0941
take down,185,1.0939
half again,143,1.0938
one five,116,1.0931
customer growth,876,1.0931
taking our,1858,1.093
guys see,200,1.093
back out,420,1.0929
how doing,205,1.0928
opportunity maybe,179,1.0927
channels but,102,1.0927
fact was,176,1.0926
customers moving,130,1.0924
opportunity around,139,1.0923
are healthy,270,1.0922
points price,121,1.0922
mean great,135,1.0922
time right,456,1.0921
our relationships,502,1.0918
rate adjusted,275,1.0917
program now,260,1.0912
activity but,342,1.0911
today don,171,1.0911
feedback you,214,1.0909
can spend,145,1.0909
driving those,155,1.0908
board but,170,1.0908
got back,183,1.0902
why can,170,1.09
maybe don,164,1.0898
improve through,117,1.0896
current cost,114,1.0895
open you,1509,1.0892
first order,143,1.0886
time move,153,1.0886
are similar,392,1.0886
portfolio overall,121,1.0884
increased revenue,540,1.0882
those statements,119,1.0882
primarily increase,104,1.0881
maybe related,136,1.0881
years terms,201,1.0878
growth compared,633,1.0876
ramp but,154,1.0876
you good,4935,1.0875
see great,489,1.0874
had net,316,1.0874
one guess,178,1.0874
margins driven,110,1.0873
growing both,121,1.0873
increase both,262,1.0872
rick you,134,1.0869
times but,207,1.0869
time make,251,1.0863
gains are,334,1.0862
see every,161,1.0862
great working,112,1.086
higher lower,201,1.0859
our deposit,560,1.0858
our adjusted,4334,1.0855
basis net,356,1.0855
expenses continue,204,1.0851
growth continued,664,1.085
are several,527,1.0849
driving revenue,231,1.0848
our broadband,106,1.0848
use lot,102,1.0848
excited these,136,1.0845
lot customers,360,1.0845
side any,159,1.0845
products can,407,1.0844
expectations these,177,1.0843
are used,425,1.0839
kind key,160,1.0838
obviously continue,254,1.0836
end down,296,1.0836
our loan,1273,1.0835
see consistent,150,1.0834
grow but,407,1.0832
well michael,144,1.0831
such good,114,1.083
per second,291,1.083
comments but,204,1.0829
disciplined growth,196,1.0828
our vertical,232,1.0827
half being,131,1.0826
impact volume,122,1.0822
new marketing,180,1.0819
additional demand,113,1.0819
our personal,190,1.0818
new strategic,250,1.0818
term believe,189,1.0817
these additional,215,1.0817
innovation continue,122,1.0817
revenue driven,523,1.0816
give maybe,115,1.0815
back something,108,1.0815
growth continuing,260,1.0814
don look,205,1.0813
course has,121,1.0812
right talked,131,1.0812
generation has,100,1.0811
impact cost,231,1.0805
here even,108,1.0803
doug you,165,1.0803
our talent,269,1.08
well pleased,128,1.0797
platform now,363,1.0794
how pricing,263,1.0794
significant new,322,1.0792
today believe,192,1.0792
course you,924,1.0791
obviously take,108,1.0789
initiatives well,148,1.0789
obviously get,162,1.0788
last expect,554,1.0787
product has,421,1.0784
mix operating,151,1.0784
being one,308,1.0782
again looking,144,1.078
enough you,256,1.078
but noted,143,1.0779
part around,130,1.0779
approximately sales,326,1.0779
less cash,106,1.0778
out people,163,1.0776
our guided,230,1.0775
issues you,271,1.0775
seasonality our,374,1.0775
due expected,118,1.077
how want,359,1.0767
environment now,252,1.0767
base across,116,1.0766
out number,225,1.0766
approximately same,131,1.0766
again had,176,1.0762
our lab,112,1.0762
activity continue,163,1.076
you buy,344,1.0758
both full,297,1.0757
mean yes,113,1.0755
expense other,122,1.0754
our commercialization,102,1.0754
both product,277,1.0753
period was,467,1.0751
was expecting,106,1.0749
activity second,115,1.0748
customers making,127,1.0746
overall financial,184,1.0746
revenue coming,361,1.0744
jay you,139,1.0741
was able,427,1.074
years mean,133,1.0738
can open,273,1.0738
our drilling,197,1.0738
guidance was,975,1.0735
mentioned little,166,1.0735
revenue reflects,106,1.0735
growth guidance,1099,1.0731
billion loan,105,1.0727
you michael,956,1.0726
ahead our,2659,1.0725
financial leverage,127,1.0724
range but,588,1.0722
remarks expect,144,1.072
continue focused,216,1.0718
growth addition,243,1.0715
value turn,129,1.0713
over gross,631,1.0712
products need,103,1.0709
half continue,352,1.0707
level margin,200,1.0704
reported over,268,1.0704
over several,245,1.0703
was provided,111,1.0696
lastly you,229,1.0696
came was,131,1.0691
you hope,276,1.069
interested you,128,1.069
years pretty,105,1.069
program back,125,1.069
each time,109,1.0687
kind mix,161,1.0687
based these,282,1.0685
guidance before,142,1.0683
our second,4671,1.0682
prospects our,144,1.0682
mix cost,129,1.068
examples our,157,1.068
something new,205,1.0678
dynamics you,454,1.0677
reason you,328,1.0675
lower over,635,1.0675
growth through,1443,1.0675
first want,424,1.0671
through retail,101,1.0668
look something,126,1.0666
financial risk,105,1.0665
bit price,155,1.0664
strong early,176,1.0663
cadence you,236,1.0662
kind two,256,1.066
half overall,124,1.066
lot taking,122,1.0655
asked you,195,1.0655
you martin,169,1.0653
are rising,113,1.0652
through additional,195,1.0651
investment sales,219,1.0651
actually has,191,1.065
our estimate,287,1.0648
our optical,103,1.0647
impact demand,193,1.0646
right product,304,1.0646
management focus,132,1.0643
one earlier,166,1.0643
speaker you,117,1.0641
actually say,101,1.0641
including high,151,1.0641
doing these,184,1.064
people not,265,1.0639
share gaap,199,1.0632
until you,317,1.0632
materially our,418,1.0631
great customer,219,1.0628
time expect,567,1.0627
during these,267,1.0626
benefits are,441,1.0624
past you,1135,1.0624
progress has,188,1.0623
see increase,490,1.0621
but see,1796,1.062
you jon,136,1.062
better but,572,1.0616
are among,158,1.0614
second revenues,101,1.0614
units over,108,1.0614
good strength,130,1.0611
lower total,142,1.061
follow how,169,1.0609
sales organic,120,1.0608
investments increased,116,1.0607
again point,136,1.0606
come around,112,1.0605
third full,209,1.0604
across supply,125,1.0604
demand still,162,1.0603
leverage was,356,1.0601
development new,225,1.06
out did,172,1.06
capabilities our,1131,1.06
drive those,218,1.0597
above all,137,1.0597
capacity through,163,1.0588
andy you,117,1.0587
side kind,178,1.0584
webcast our,125,1.0581
moving other,106,1.058
out period,201,1.0576
one part,297,1.0576
looking right,236,1.0573
within these,224,1.0572
share full,381,1.057
are estimated,106,1.057
seeing results,246,1.0568
exposure but,113,1.0566
financial operating,354,1.0565
back say,235,1.0563
outlook terms,102,1.0563
portfolio believe,133,1.0563
reason are,196,1.0562
margin mix,186,1.0562
over percentage,206,1.0553
performance seen,125,1.0553
higher credit,116,1.0553
launch has,108,1.0553
obviously little,144,1.0551
product coming,153,1.055
not anticipated,104,1.0549
benefited our,191,1.0549
improvement margin,168,1.0548
can fully,110,1.0547
now given,295,1.0547
growth sequential,163,1.0545
our aftermarket,152,1.0545
terms both,213,1.0543
but relatively,122,1.0543
said all,352,1.0542
takes you,324,1.0542
quality our,1121,1.0541
key operating,146,1.0539
new debt,219,1.0538
our asset,1206,1.0537
versus end,169,1.0537
driven data,201,1.0536
america sales,105,1.0536
its product,110,1.0536
holding our,204,1.0533
flat first,122,1.0533
completed over,134,1.053
commercial product,132,1.053
guess back,103,1.0528
one single,200,1.0526
today obviously,157,1.0523
has real,136,1.0522
positive demand,102,1.0522
solutions can,215,1.0521
control but,147,1.0518
years don,146,1.0518
customers better,220,1.0517
compare you,118,1.0517
additional growth,481,1.0517
stated our,556,1.0516
future look,185,1.0516
margin mid,126,1.0513
cost revenue,625,1.0512
closer our,285,1.0503
scale through,139,1.05
you pull,252,1.0498
lot supply,106,1.0498
terms production,100,1.0495
make point,124,1.0495
right did,135,1.0494
say well,377,1.0494
you matthew,297,1.0493
continued operating,205,1.0492
each new,150,1.0492
volume share,183,1.0492
expected volume,101,1.0491
pricing impact,126,1.0488
increase fourth,187,1.0488
play but,132,1.0488
why was,250,1.0486
brad you,101,1.0486
america well,125,1.0484
revised our,119,1.0482
higher growth,1004,1.0479
grow earnings,129,1.0479
drive results,138,1.0478
improvement cost,115,1.0477
are offering,290,1.0476
forward guidance,284,1.0475
say said,138,1.0475
seen those,210,1.0474
all factors,115,1.0472
increased level,114,1.0471
higher overall,163,1.047
gaap revenue,354,1.0468
through how,680,1.0466
experience customers,114,1.0466
performance overall,147,1.0465
since has,122,1.0464
noted was,130,1.0461
let maybe,141,1.0461
completed our,589,1.046
increase price,151,1.0454
margins but,457,1.0453
higher due,165,1.0453
capacity growth,402,1.0451
performance our,3619,1.045
expect leverage,154,1.0449
results adjusted,290,1.0449
put through,111,1.0448
see multiple,109,1.0448
has sort,212,1.0447
over nearly,176,1.0446
these guys,161,1.0444
additional revenue,309,1.0435
costs fourth,118,1.0434
other sort,156,1.0434
why now,171,1.0433
down third,179,1.0431
you scott,471,1.0429
items not,107,1.0428
leverage cost,108,1.0427
already kind,129,1.0424
those results,420,1.0424
employees our,334,1.0422
see reduction,109,1.0421
not significantly,106,1.0417
model how,173,1.0415
back part,174,1.0409
you anthony,153,1.0408
spending over,141,1.0406
appreciate one,118,1.0405
expansion our,1855,1.0405
sales growing,170,1.0402
flow capital,243,1.0402
sure continue,216,1.0401
you realize,149,1.0401
impact fourth,167,1.0398
driving sales,139,1.0398
part but,558,1.0394
but sort,481,1.0393
earnings time,446,1.0391
based seeing,158,1.039
overall continue,263,1.0389
success now,114,1.0388
first major,113,1.0382
areas but,235,1.0379
remarks are,700,1.0378
compare our,146,1.0378
recognition our,169,1.0377
but why,267,1.0377
something are,680,1.0373
how timing,126,1.0372
europe are,403,1.0372
our motion,102,1.0369
way terms,129,1.0368
terms revenue,492,1.0367
level but,471,1.0367
customer has,353,1.0367
our offering,597,1.0366
center growth,246,1.0362
markets seen,100,1.0361
experience these,134,1.0355
are complex,138,1.0355
are right,2071,1.0348
how large,223,1.0348
who continue,150,1.0347
side little,137,1.0347
our bottom,374,1.0347
said most,101,1.0342
one ask,132,1.0339
proposition are,113,1.0339
our social,180,1.0336
down two,190,1.0336
but potentially,126,1.0335
higher performance,254,1.0333
late but,109,1.0331
through why,112,1.0331
let back,149,1.0326
process how,144,1.0325
growth numbers,170,1.0316
outlook revenue,299,1.0309
focus our,2203,1.0305
due cost,157,1.0305
years able,119,1.0304
points first,402,1.0304
already see,198,1.0303
basis non,175,1.0302
gaap guidance,165,1.0297
but was,2962,1.0295
mix well,221,1.0293
believe better,107,1.0292
seeing increase,228,1.029
consistent strong,102,1.0287
end compared,192,1.0287
doing little,109,1.0285
contribution was,125,1.0281
look done,100,1.028
experience our,1219,1.0278
ask time,107,1.0274
leading growth,224,1.0273
absolutely you,271,1.0273
india are,101,1.0272
our food,315,1.0272
our diversification,173,1.0271
again one,322,1.027
america revenue,166,1.0267
mentioned lot,162,1.0266
see results,506,1.0266
opportunity believe,112,1.0264
points impact,165,1.0263
expense second,124,1.0263
mentioned you,1937,1.0262
loans was,190,1.0259
cost basis,284,1.0252
profile over,136,1.0252
expected coming,107,1.0248
higher adjusted,294,1.0248
doing both,113,1.0246
costs through,231,1.0246
look way,207,1.0245
growth during,594,1.0245
deals you,510,1.0238
capital side,176,1.0236
higher working,119,1.0235
loss margin,113,1.0234
sure say,103,1.0233
see higher,519,1.0233
has kind,496,1.0232
however you,364,1.0231
new asset,168,1.0231
obviously good,224,1.0231
despite revenue,113,1.0228
brought our,199,1.0225
was improvement,368,1.0224
both positive,120,1.0223
hey how,116,1.022
data seen,121,1.022
down lower,175,1.0217
approximately based,140,1.021
during had,157,1.0209
numbers not,107,1.0208
one might,121,1.0207
maybe taking,123,1.0205
operations basis,103,1.0204
over generated,138,1.0204
strong across,405,1.0202
both its,107,1.0201
right top,123,1.0201
today remarks,104,1.0198
only basis,130,1.0198
between new,241,1.0197
over world,260,1.0194
pipeline now,226,1.0191
fact our,755,1.019
you highlight,283,1.0188
understanding you,204,1.0188
landscape you,177,1.0187
expect take,264,1.0184
expected gross,133,1.0183
sales eps,104,1.0182
related our,1861,1.018
businesses expect,102,1.018
down only,112,1.0179
increase between,110,1.0178
say let,110,1.0178
rate remain,106,1.0175
even last,199,1.0174
benefit but,314,1.0173
you usually,113,1.0172
current capital,137,1.0172
build our,1357,1.0171
still get,201,1.0169
off last,146,1.0169
midpoint growth,150,1.0167
timing new,148,1.0167
our multifamily,101,1.0166
decision but,110,1.0163
want sort,103,1.0162
growth plan,389,1.0159
versus full,155,1.0158
joe you,245,1.0156
point margin,284,1.0156
revenue slightly,123,1.0155
develop our,235,1.0155
was part,510,1.0154
how different,210,1.0153
well actually,211,1.0151
additional sales,188,1.0144
date expect,128,1.0142
you keep,557,1.014
expect sort,192,1.0139
years focused,115,1.0138
over improvements,159,1.0135
segment third,113,1.0134
those rates,191,1.0133
companies not,144,1.0133
was noted,127,1.0124
mean these,219,1.0122
accounts over,101,1.0116
you reached,321,1.0116
reduction was,180,1.0115
ebitda ebitda,156,1.0111
key value,110,1.0107
combined revenue,101,1.0106
still still,134,1.0104
first launch,142,1.0103
opportunities can,328,1.0101
you intend,130,1.01
alex you,209,1.01
you watch,105,1.0099
cost service,109,1.0098
years working,106,1.0097
number those,240,1.0097
strong capital,441,1.0096
follow through,137,1.0096
rate guidance,266,1.0094
our story,268,1.0093
margin segment,227,1.0093
ago has,123,1.0092
mean all,281,1.009
here little,188,1.0089
right kind,358,1.0088
was mid,274,1.0084
assumption you,132,1.0083
our enhanced,312,1.0082
driven impact,180,1.0081
good follow,144,1.0076
high number,130,1.0075
looking make,126,1.0075
years here,180,1.0074
canada are,130,1.0073
coming lower,104,1.0072
execution strong,104,1.0071
expect expenses,163,1.0069
our innovations,127,1.0068
drive high,114,1.0068
course time,112,1.0068
way not,370,1.0067
most impact,132,1.0067
related product,128,1.0067
after all,180,1.0063
losses are,183,1.0061
shareholders first,130,1.0061
every new,165,1.0061
now probably,192,1.0061
fourth third,137,1.0058
helps our,251,1.0056
our professional,182,1.0055
products make,111,1.0053
prior gaap,102,1.0053
earlier continue,146,1.0051
start take,115,1.005
product cost,260,1.0049
particular but,134,1.0046
industry still,108,1.0046
still right,207,1.0046
approximately points,156,1.0043
income first,364,1.0042
price performance,144,1.0038
had billion,303,1.0036
our prior,2636,1.0035
our leaders,171,1.0032
before had,118,1.0029
performance remain,106,1.0027
you follow,1088,1.0027
sales primarily,151,1.0026
delivered growth,288,1.0025
bridge you,105,1.0024
you bridge,105,1.0024
example are,400,1.002
look past,119,1.0016
our headcount,193,1.0013
case was,135,1.0012
seeing now,523,1.0011
mentioned still,117,1.001
see activity,177,1.0009
grew share,113,1.0007
rate expansion,114,1.0006
including net,202,1.0006
taking was,386,1.0003
guided our,218,1.0002
financials our,197,1.0002
businesses but,248,1.0002
say all,428,1.0001
launch first,141,1.0001
situation you,205,1.0
continue launch,114,0.9999
get low,111,0.9993
our foundation,392,0.9987
grew second,102,0.9987
outlook continue,208,0.9985
plan share,138,0.9985
can close,124,0.9984
technology can,269,0.9983
growth high,802,0.9983
high gross,155,0.9983
costs driven,126,0.9982
march but,159,0.9982
time you,4482,0.9982
improvement our,1633,0.9977
lot leverage,103,0.9977
gary you,134,0.9976
week but,139,0.9976
continue help,170,0.9975
table you,110,0.9974
sales operations,136,0.9971
but yet,146,0.9967
working those,178,0.9966
are exciting,193,0.9962
how close,101,0.996
expenses per,103,0.9959
including adjusted,183,0.9959
you tracking,151,0.9957
space not,154,0.9957
was comment,134,0.9957
seeing overall,139,0.9955
expectations forward,100,0.9954
through supply,153,0.9953
area not,102,0.9953
here still,138,0.995
powered our,218,0.995
growth overall,555,0.9949
first start,331,0.9946
seeing interest,121,0.9946
total product,193,0.9945
increases over,172,0.9943
get down,259,0.9942
our metal,108,0.9942
looking balance,103,0.9941
leverage through,154,0.9941
work still,112,0.994
versus net,168,0.9938
but particular,133,0.9938
was small,175,0.9937
years out,336,0.9937
how set,113,0.9936
our mortgage,371,0.9935
you william,300,0.9931
expenses sales,167,0.993
out new,751,0.993
see competitive,124,0.9928
additional cash,180,0.9925
our suite,182,0.9923
expectations but,362,0.9922
slide now,201,0.992
our site,338,0.992
how potential,200,0.992
you discussed,369,0.9917
investment product,144,0.9915
end customers,398,0.9915
our planning,408,0.9914
led our,582,0.9912
bit impact,210,0.9911
positive growth,425,0.9911
those guys,153,0.9911
digits growth,148,0.991
backlog over,164,0.9909
target but,235,0.9907
rates high,102,0.9906
our ffo,160,0.9903
growth targeted,124,0.9902
customers best,116,0.9902
order continue,108,0.9901
growth along,154,0.9901
growth margin,1348,0.9901
adjustments our,256,0.99
growth however,111,0.9899
but broader,139,0.9899
all all,1079,0.9899
not believe,394,0.9891
activity well,160,0.9891
jeremy you,120,0.9889
right mix,137,0.9889
example but,196,0.9889
way see,303,0.9888
well wanted,131,0.9886
putting our,294,0.9883
users over,103,0.9877
same things,111,0.9876
how move,167,0.9875
grow sales,160,0.9869
given you,1481,0.9866
prudent our,167,0.9865
world are,541,0.9862
those new,835,0.986
now ask,155,0.986
josh you,155,0.9855
addressing our,113,0.9854
our execution,1104,0.9847
was associated,109,0.9844
well additional,220,0.9844
half first,410,0.9843
new approach,129,0.9842
over over,2786,0.9841
services adjusted,121,0.9838
new investment,294,0.9838
looking sort,105,0.9836
program had,105,0.9835
date cash,126,0.9834
world but,267,0.9834
not use,225,0.9832
want all,396,0.9825
expect higher,372,0.9824
but short,170,0.9824
second full,327,0.9823
right sort,148,0.9822
our guest,128,0.9821
has focused,185,0.9817
you having,732,0.9815
look second,385,0.9815
positive second,137,0.9812
flow second,220,0.9809
includes our,671,0.9808
here take,136,0.9806
half half,153,0.9805
all appreciate,127,0.9801
case growth,150,0.98
our permian,104,0.98
perspective see,149,0.9799
over james,127,0.9797
increased fiscal,111,0.9797
mention you,118,0.9797
but quite,197,0.9795
done now,168,0.9795
quarterly growth,191,0.9795
range fourth,117,0.9794
our advanced,575,0.9792
both large,124,0.9792
segment including,101,0.9789
asset growth,286,0.9789
margin rates,171,0.9787
end including,192,0.9786
across other,327,0.9785
unchanged our,203,0.9779
through higher,384,0.9773
are early,860,0.9773
any opportunities,163,0.977
customers looking,270,0.9768
growth increasing,227,0.9768
half believe,131,0.9767
want kind,238,0.9767
important look,145,0.9767
how plan,181,0.9767
why see,141,0.9766
proceeds are,125,0.9766
look terms,256,0.9766
sales per,334,0.9765
forward continued,162,0.9765
are never,125,0.976
markets during,119,0.976
deck our,112,0.9759
right terms,223,0.9755
allow you,289,0.9752
can still,389,0.975
earnings free,129,0.975
profitability over,227,0.9746
get work,165,0.9746
around long,166,0.9745
clients can,145,0.9745
whether can,135,0.9739
expected higher,189,0.9736
process now,176,0.9732
rates had,114,0.973
flow growth,674,0.9727
starts are,135,0.9727
time one,689,0.9723
out probably,119,0.9721
out years,331,0.972
believe strong,228,0.972
delivering growth,193,0.972
second quarters,111,0.9718
flat revenue,131,0.9714
half was,634,0.9713
all positive,236,0.9713
reconciliation our,152,0.9713
single one,189,0.971
excellence our,216,0.971
over fiscal,436,0.9708
online but,101,0.9708
our game,233,0.9707
ebitda impact,167,0.9704
right great,262,0.9704
bit mean,128,0.9703
volumes over,209,0.9702
not built,113,0.97
sure how,214,0.9698
change over,299,0.9694
overall total,111,0.9691
our recurring,390,0.9691
issue you,243,0.969
connect our,132,0.9688
capitalize our,146,0.9688
portfolio was,608,0.9687
capital one,579,0.9686
data management,199,0.9685
coming little,138,0.9685
flow versus,101,0.9683
make right,173,0.9682
saw over,363,0.9682
ben you,115,0.9681
congratulations you,128,0.968
increase fiscal,125,0.968
versus how,241,0.968
not position,222,0.9678
always continue,121,0.9671
today including,175,0.9669
portfolio increased,157,0.9667
expect fourth,263,0.9663
still want,137,0.9661
all say,418,0.966
building those,129,0.9659
rate growth,847,0.9659
first its,212,0.9658
our practice,104,0.9658
conversations our,305,0.9658
side seeing,123,0.9655
our recently,680,0.9654
sort long,109,0.9654
put new,149,0.9653
usually you,109,0.9652
look said,206,0.9651
our medicaid,127,0.965
around gross,140,0.9649
our north,872,0.9649
detailed our,228,0.9648
beyond first,139,0.9648
come but,462,0.9647
work our,2230,0.9643
happen you,334,0.9643
tailwinds our,167,0.9638
before can,254,0.9638
particularly new,136,0.9637
demand during,131,0.9636
down overall,140,0.9632
performance full,254,0.9627
our lending,280,0.9625
but starting,236,0.9624
opportunity but,560,0.9624
are you,20659,0.9623
performance management,200,0.9621
product segment,154,0.962
pace but,109,0.9618
long take,149,0.9614
period operating,154,0.9613
operations continue,152,0.961
our solution,495,0.961
terms investment,110,0.9609
jim you,258,0.9607
grew first,174,0.9607
ways are,202,0.9604
share growing,144,0.9603
good mean,204,0.9603
footprint but,101,0.9601
day has,171,0.96
around here,148,0.9598
growing revenue,259,0.9598
last non,220,0.9594
are excellent,124,0.9593
markets but,659,0.9591
big customers,122,0.959
marketplace are,215,0.9589
yes way,122,0.9587
model out,132,0.9586
dividend was,144,0.9584
lot has,374,0.9583
customers growing,148,0.9582
look number,188,0.9582
term basis,284,0.9581
years obviously,129,0.9576
operations net,108,0.9574
guidance gross,196,0.9572
base right,104,0.9571
curious was,154,0.9569
you running,326,0.9568
continue balance,213,0.9564
all great,478,0.9561
time remain,164,0.9559
our estimated,205,0.9558
china well,101,0.9557
approximately expected,148,0.9556
maybe low,102,0.9551
was good,1246,0.955
was includes,146,0.9549
you gaining,105,0.9547
expectations net,121,0.9547
moving capital,110,0.9546
those services,172,0.9543
get most,160,0.9541
growth markets,688,0.9539
contribution our,536,0.9539
continued high,142,0.9539
customers most,201,0.9538
you color,770,0.9537
our modeling,140,0.9535
support data,104,0.9534
you bill,433,0.9533
well continuing,114,0.9532
impact full,231,0.953
actually lot,113,0.953
was robust,127,0.953
get price,160,0.9529
core basis,121,0.9529
new large,251,0.9527
see number,281,0.9527
you charles,132,0.9522
again driven,136,0.9522
kind overall,183,0.9519
need lot,133,0.9517
feedback are,117,0.9514
here not,431,0.9513
date operating,100,0.951
term pipeline,101,0.9509
growth deposits,111,0.9508
calls you,183,0.9507
overall guidance,164,0.9506
new sales,757,0.9506
result are,499,0.9504
actually kind,143,0.9503
true our,258,0.9502
hearing our,167,0.9497
sure maybe,123,0.9495
model continue,156,0.9492
half start,120,0.9491
right investments,143,0.9488
expenses over,366,0.9487
forward outlook,115,0.9487
outlook forward,115,0.9487
data expected,166,0.9486
remainder our,307,0.9484
growth including,595,0.9482
excited those,122,0.948
through sort,190,0.9479
growth importantly,120,0.9478
our free,1635,0.9478
prior first,360,0.9474
years not,534,0.9472
customers believe,223,0.9469
customers during,208,0.9466
things may,116,0.9458
results well,436,0.9457
high point,160,0.9452
back few,104,0.9449
are best,587,0.9448
higher commercial,125,0.9448
way around,121,0.9448
low capital,125,0.9445
strong value,301,0.9444
inc was,236,0.944
through current,152,0.944
increased same,122,0.9439
enter our,176,0.9435
range terms,122,0.9432
plan right,113,0.9432
time here,276,0.9431
direction you,169,0.943
cost interest,127,0.943
our renewable,100,0.9429
our sales,5292,0.9429
change kind,110,0.9427
see terms,375,0.942
two may,120,0.9419
get things,196,0.9413
how help,170,0.9406
financial strategy,157,0.9405
sequentially was,188,0.9405
our lead,479,0.9402
our role,339,0.94
within customer,113,0.94
may look,200,0.9399
but moment,130,0.9396
developing our,203,0.9392
basis total,200,0.9389
through continued,241,0.9389
back level,137,0.9378
moving operating,100,0.9377
already but,337,0.9375
significant revenue,331,0.9374
years get,246,0.9374
still has,271,0.9374
down even,123,0.9372
technology across,138,0.9371
well first,894,0.9369
days now,108,0.9369
growth full,976,0.9365
our smart,162,0.9364
was unique,111,0.9364
other product,281,0.9363
net basis,321,0.9362
capacity both,103,0.9362
again continue,277,0.9358
people look,134,0.9358
helpful well,106,0.9355
get second,313,0.9355
case you,466,0.9352
our platforms,466,0.9351
see consumer,170,0.9349
our store,846,0.9348
are exceeding,106,0.9347
experience strong,106,0.9347
margin level,182,0.9344
revenue primarily,232,0.9344
after sales,122,0.9343
lot capital,302,0.9342
enables our,164,0.9341
maybe potential,112,0.9341
follow first,184,0.934
our individual,187,0.9339
dan you,226,0.9338
lower adjusted,190,0.9337
was meaningful,186,0.9336
approximately capital,253,0.9333
good result,108,0.9332
related performance,112,0.9331
growth top,379,0.933
over non,496,0.9326
how patients,153,0.9325
our inventories,128,0.9322
acquisition was,288,0.9322
growth total,666,0.9321
anticipate our,624,0.932
wells are,149,0.932
opportunities but,506,0.932
over compared,515,0.9317
things point,137,0.9316
well john,131,0.9316
but continue,1434,0.9313
through kind,446,0.9312
earnings cash,395,0.9309
impact revenue,494,0.9308
half even,101,0.9308
position across,107,0.9305
are discussed,213,0.9305
through development,145,0.9304
expect probably,116,0.9303
return over,238,0.9301
addition all,124,0.9298
forward look,301,0.9296
get good,406,0.9296
growth non,546,0.9295
time why,106,0.9295
back last,383,0.9293
according our,142,0.9292
far first,122,0.9289
expect average,148,0.9289
queue our,200,0.9288
you taken,309,0.9288
margins increase,115,0.9288
our variable,180,0.9288
are provided,219,0.9282
rates but,398,0.928
verticals you,157,0.9279
currently are,299,0.9277
guidance let,142,0.9276
sales low,144,0.9274
but way,527,0.9273
ken you,157,0.9272
out maybe,351,0.927
our agency,198,0.927
not part,343,0.927
rob you,203,0.9269
revenue improved,195,0.9266
was certainly,251,0.9266
great yeah,138,0.9265
expectations first,206,0.9264
see pipeline,183,0.9263
look current,131,0.9262
fourth guidance,201,0.926
things continue,303,0.9258
has past,135,0.9257
full value,238,0.9256
our partnerships,355,0.9255
part terms,117,0.9255
side right,146,0.9255
love you,241,0.9253
growth delivered,273,0.9253
again little,159,0.9252
shift over,154,0.9252
continued impact,139,0.9245
not talk,274,0.9245
out between,153,0.9243
performance fiscal,119,0.9239
may get,166,0.9237
you identified,157,0.9236
term remain,112,0.9233
term performance,237,0.9231
mexico are,114,0.923
participating our,124,0.9229
again based,107,0.9227
customers grow,141,0.9225
flow first,370,0.9225
over patients,288,0.9223
don can,307,0.9222
across customer,244,0.9218
mentioned kind,191,0.9218
kind mentioned,191,0.9218
profitability now,147,0.9217
page you,168,0.9217
mean any,140,0.9216
was critical,114,0.9216
you any,3101,0.9216
you bring,523,0.9216
inventory has,135,0.9215
again take,117,0.9215
operations are,621,0.9215
experience continue,130,0.9214
new high,433,0.9209
share both,322,0.9209
acquisition has,135,0.9208
talk other,133,0.9207
being kind,187,0.9205
since you,855,0.9204
last record,117,0.9203
you step,538,0.9202
get positive,119,0.92
better gross,105,0.9199
yes believe,128,0.9197
continue spend,101,0.9197
month but,202,0.9195
billion third,212,0.9195
our perspective,1088,0.9195
point maybe,187,0.9191
how each,115,0.9187
our shares,690,0.9186
team want,117,0.9181
said prior,109,0.9181
leverage those,157,0.9177
momentum new,189,0.9176
strong activity,118,0.9176
helpful can,128,0.9173
hard but,141,0.917
driven customer,173,0.917
people had,100,0.917
comments now,116,0.9168
was driver,108,0.9168
number markets,108,0.9168
you making,987,0.9166
half gross,133,0.9165
you right,3168,0.9165
monitor our,122,0.9163
area you,488,0.9163
maybe early,119,0.9158
say had,190,0.9157
expect gaap,194,0.9157
backdrop our,196,0.9156
quarters you,1054,0.9155
focused customer,101,0.9154
looking future,104,0.9153
third continue,292,0.9152
kind way,186,0.9151
absolutely are,151,0.9151
margin potential,157,0.9151
strong net,393,0.915
term future,137,0.915
our operated,100,0.9149
management during,129,0.9148
actually one,206,0.9147
anticipated but,142,0.9145
around end,221,0.9144
getting kind,107,0.9143
drive new,260,0.9138
stabilization our,108,0.9135
but saw,368,0.9135
our rental,158,0.9133
years still,162,0.9131
our funnel,173,0.9129
services are,747,0.9125
rich you,117,0.9124
seasonality you,267,0.9124
was sequential,131,0.9123
revenue full,620,0.9121
last guess,124,0.9118
growth double,226,0.9118
seeing maybe,225,0.9116
customer customer,185,0.9114
base well,158,0.911
believe well,282,0.9108
after these,131,0.9107
you james,428,0.9106
context our,368,0.9104
momentum expect,128,0.9104
opportunity again,104,0.9102
all companies,119,0.9101
seeing these,353,0.9099
working out,150,0.9097
negative but,138,0.9096
see value,416,0.9096
improve those,111,0.9095
being here,112,0.9094
ebitda second,222,0.909
two markets,140,0.9087
out certainly,108,0.9087
cash management,294,0.9085
portfolio during,112,0.9085
acceleration our,345,0.9081
our incredible,193,0.908
say how,341,0.9079
take all,355,0.9077
our pilot,108,0.9076
important get,116,0.9074
our organic,1077,0.9074
out early,164,0.9072
are all,3493,0.9072
volume per,114,0.9069
allows you,272,0.9067
customers building,106,0.9067
changes but,243,0.9066
growth segment,534,0.9066
performance future,122,0.9065
defined our,140,0.9062
example was,172,0.9061
dynamic you,327,0.9058
still don,102,0.9054
had kind,289,0.9053
time talked,155,0.9051
are place,404,0.9051
time seen,180,0.905
you mention,112,0.9044
side look,165,0.9041
adjusted results,263,0.9039
growth roughly,161,0.9031
opportunities well,249,0.9029
strong earnings,369,0.9029
focused product,116,0.9027
deal not,104,0.9026
term customer,219,0.9026
nicely you,105,0.9026
slightly but,168,0.9025
was decline,196,0.9023
not one,1019,0.902
engagement our,571,0.9018
our independent,161,0.9018
see improved,156,0.9018
together but,183,0.9017
half expected,135,0.9017
certainly can,163,0.9016
development across,111,0.9016
however our,418,0.9015
focus both,139,0.9012
you stephen,206,0.9009
footprint are,196,0.9006
take through,252,0.9004
revenue prior,396,0.9003
customers experience,103,0.9002
grew strong,109,0.9001
outcome our,180,0.8999
any expectations,106,0.8995
our licensing,143,0.8994
event you,232,0.8993
businesses can,142,0.8993
lines you,485,0.8993
impacts but,102,0.8986
here well,314,0.8985
sustainability our,118,0.8984
impact was,663,0.8982
segment continue,244,0.898
good let,193,0.898
plan but,342,0.8975
our tangible,186,0.8968
price was,464,0.8967
billion commercial,142,0.8967
customers getting,115,0.8967
are behind,191,0.8967
opportunities looking,112,0.8963
time making,124,0.896
demand continued,134,0.896
can maybe,521,0.8959
meeting you,206,0.8957
obviously look,170,0.8957
new equity,114,0.8956
growth core,389,0.8955
growth underlying,120,0.8953
rate over,731,0.8952
throughout now,119,0.8951
forward flow,168,0.8951
projects but,227,0.8949
well always,120,0.8949
our larger,604,0.8948
changes our,1011,0.8947
getting new,177,0.8946
team around,120,0.8946
right products,186,0.8944
bit improvement,100,0.8942
out different,156,0.8938
again here,120,0.8936
profitability was,210,0.8936
favorable over,130,0.8934
helpful but,205,0.8932
end expect,390,0.8931
quarters kind,110,0.893
beyond but,222,0.8928
drove our,308,0.8928
our automotive,265,0.8923
help continue,158,0.8919
couple those,146,0.8917
average cash,145,0.8913
expect use,129,0.8905
now say,429,0.8903
was lot,755,0.8901
yes lot,184,0.8899
you pass,238,0.8899
lot lot,228,0.8895
result those,107,0.8895
basis primarily,104,0.8889
people out,143,0.8888
including share,205,0.8886
but all,1705,0.8885
higher same,145,0.8883
future now,287,0.8881
expecting growth,105,0.8881
all help,193,0.888
gross operating,194,0.8877
economics our,257,0.8877
time take,254,0.8877
are realized,103,0.8874
our agentic,216,0.8874
growth delivering,182,0.8873
assets continue,188,0.8873
considering you,104,0.8872
presentation our,457,0.887
slide expect,119,0.887
half kind,229,0.8867
increased share,261,0.8867
how improve,121,0.8866
commitments our,206,0.8866
combination our,504,0.8863
environment not,230,0.8862
investments long,102,0.8858
network now,118,0.8856
months maybe,106,0.8856
impact due,122,0.8856
through every,107,0.8854
down second,265,0.8852
between first,219,0.8847
priority are,148,0.8846
periods are,116,0.8843
all kind,605,0.884
several these,104,0.884
focused both,114,0.884
expenses well,185,0.8839
point how,313,0.8836
was ended,141,0.8836
upgrades our,118,0.8835
type work,109,0.8834
are outside,219,0.8833
areas well,106,0.8831
our conversations,288,0.8831
better last,209,0.8831
these services,166,0.8829
our aerospace,196,0.8829
all changes,141,0.8829
don say,113,0.8823
taking can,235,0.8822
forward don,134,0.8818
balance out,170,0.8815
directly our,439,0.8815
growth innovation,231,0.8813
again these,254,0.8811
growth future,469,0.8809
related data,107,0.8808
earlier last,115,0.8807
december but,129,0.8802
price right,158,0.8801
rate second,259,0.8799
time probably,118,0.8799
well you,4844,0.8797
help you,1092,0.8792
sales leverage,142,0.879
getting all,173,0.8787
our shareholder,409,0.8786
behavior you,124,0.8785
volume across,142,0.8784
made those,152,0.8783
had additional,113,0.8781
years actually,102,0.8781
across full,294,0.8781
over revenue,1845,0.8781
here get,190,0.8779
flow over,572,0.8778
contracts but,115,0.8777
time people,150,0.8777
our restructuring,302,0.8775
applications but,109,0.8774
performance let,115,0.8771
driven net,230,0.877
growth industrial,128,0.8769
second total,208,0.8766
including one,284,0.8766
you shared,244,0.8765
can even,268,0.8764
capital improvement,129,0.8761
obviously one,240,0.8758
how may,261,0.8757
opportunities out,197,0.8756
cost increase,223,0.8756
well maybe,420,0.8753
you buying,201,0.8751
rate non,133,0.875
world now,158,0.8748
profile but,129,0.8746
level expect,171,0.8745
months had,100,0.8744
you disclosed,103,0.8743
out again,223,0.8735
increased both,199,0.8734
distribution growth,158,0.8731
points overall,103,0.8728
use all,185,0.8727
experience well,131,0.8723
are couple,644,0.8723
strength continue,124,0.8722
things seeing,159,0.8721
forward being,140,0.8719
you holding,144,0.8719
half billion,222,0.8719
model but,307,0.8718
even value,112,0.8718
sort impact,105,0.8718
sean you,122,0.8718
sales model,129,0.8716
had not,527,0.8715
getting customers,113,0.8714
excited can,157,0.8709
not large,264,0.8708
portfolio now,390,0.8707
impact fiscal,105,0.8706
out expected,240,0.8704
our battery,148,0.8703
over full,845,0.8703
want better,109,0.8702
our fundamental,112,0.8698
was third,546,0.8698
example you,606,0.8697
rate has,332,0.8695
but had,792,0.8695
forward further,109,0.8695
margins back,126,0.8693
our remaining,451,0.869
revenue management,474,0.869
our average,1466,0.8689
over begin,131,0.8686
you mind,236,0.8686
significant customer,117,0.8685
range expected,106,0.8681
revenue quality,159,0.868
outlook today,120,0.8677
even these,199,0.8677
first total,362,0.8675
guys look,114,0.8674
highlighted our,477,0.8674
looking kind,230,0.8671
great technology,107,0.867
start kind,181,0.8665
enabled our,250,0.866
range operating,169,0.8659
our net,4095,0.8658
acquisitions but,138,0.8658
well continue,688,0.8656
using all,103,0.8654
half results,183,0.8652
space can,130,0.8652
outlook both,114,0.8652
working both,104,0.8651
competitive but,206,0.8651
important continue,176,0.8649
over fourth,573,0.8646
job but,105,0.8646
our member,162,0.8645
again strong,213,0.8645
higher earnings,274,0.8641
but without,115,0.8641
mix across,129,0.8641
kind impact,248,0.864
primarily strong,127,0.8639
was one,1388,0.8639
all moving,169,0.8638
assumptions you,240,0.8637
our utility,174,0.8636
open any,120,0.8636
now clear,127,0.8636
pricing but,452,0.8635
you kelly,100,0.8632
lot technology,112,0.8632
growth moving,300,0.8629
mean was,400,0.8627
far not,130,0.8627
last come,178,0.8626
most cost,139,0.8623
seeing how,373,0.8622
was first,1571,0.8621
through back,372,0.8619
transition was,109,0.8617
something see,164,0.8615
investments our,1764,0.8615
sure first,236,0.8613
our major,704,0.8612
first had,469,0.8611
discussed are,203,0.8611
how price,244,0.8609
strong core,141,0.8605
both customer,206,0.8605
look through,438,0.8602
decline first,122,0.8602
increases but,165,0.86
sort maybe,124,0.8594
let kind,151,0.8594
choice our,138,0.8594
attention our,156,0.8584
say number,111,0.8584
good trends,100,0.8581
guidance obviously,144,0.8579
our combined,563,0.8578
mean good,190,0.8577
days are,324,0.8575
you giving,213,0.8573
coming second,156,0.8571
based how,266,0.8571
kind maybe,294,0.8571
read our,177,0.857
filed our,161,0.8569
was planned,100,0.8567
our expanded,587,0.8567
how able,198,0.8567
projects well,111,0.8566
kind current,121,0.8565
adjusted income,172,0.8565
benefit well,141,0.8561
plan expect,135,0.856
our interim,138,0.8559
billion sales,414,0.8558
well increasing,100,0.8553
term gross,171,0.8553
are consistent,470,0.8551
our healthcare,253,0.8551
time does,135,0.855
bit work,136,0.8549
level how,208,0.8547
categories you,366,0.8546
reminder are,215,0.8544
considering our,127,0.8543
outperformance our,159,0.8542
rate production,102,0.8538
ongoing growth,251,0.8538
say other,212,0.8536
strongly our,100,0.8535
those solutions,138,0.8533
level data,110,0.853
opportunities forward,132,0.8527
today not,570,0.8527
prior was,526,0.8527
note are,239,0.8524
progressing our,140,0.8521
our consumer,1222,0.8518
second gross,194,0.8513
positioning our,289,0.851
these high,317,0.8509
bit volume,117,0.8509
how leverage,166,0.8508
around these,293,0.8507
start today,153,0.8506
before you,1284,0.8503
commercial revenue,267,0.8503
investment new,268,0.8502
less revenue,150,0.8501
our broad,479,0.85
power our,1066,0.8498
itself you,179,0.8493
additional product,116,0.849
seen years,108,0.849
our profitability,919,0.8489
patient growth,143,0.8488
past how,146,0.8485
you ryan,271,0.8484
margin strength,105,0.8476
great point,163,0.8474
front are,291,0.8473
media revenue,101,0.8472
operating momentum,100,0.8472
margins strong,155,0.8471
expectations how,164,0.847
not small,113,0.8466
look big,107,0.8465
expect lower,233,0.8462
investments capital,150,0.8462
are huge,116,0.8457
see risk,151,0.8456
billion was,909,0.8455
how model,151,0.8453
got last,205,0.8452
continue doing,166,0.8452
months was,328,0.8451
place over,182,0.8451
ramp our,546,0.8449
are called,142,0.8443
fourth approximately,140,0.8443
expected non,102,0.8441
now coming,290,0.8439
continue through,568,0.8438
our verticals,185,0.8436
time course,100,0.8433
terms opportunity,117,0.8433
our advertisers,125,0.8433
but those,1267,0.8431
adoption over,130,0.843
behind are,184,0.8428
our near,792,0.8427
has important,158,0.8426
time has,526,0.8422
change all,170,0.842
increased pricing,107,0.8419
kind given,142,0.8418
result now,146,0.8417
end leverage,109,0.8416
season are,189,0.8412
backdrop you,149,0.8412
demand expected,140,0.8409
other technology,127,0.8405
revenue impact,464,0.8405
billion ebitda,217,0.8403
orders revenue,100,0.8403
right let,134,0.8402
expansion net,132,0.8399
clear are,396,0.8399
long long,159,0.8398
platform continue,232,0.8393
products right,179,0.8391
strategy terms,101,0.8389
our semiconductor,130,0.8388
you paying,160,0.8388
grew last,111,0.8386
innovations our,113,0.8383
growth remain,370,0.8379
hold our,233,0.8378
bit both,223,0.8378
here looking,136,0.8375
down around,171,0.8375
execution these,109,0.8374
one customer,368,0.8373
position has,134,0.8372
around total,135,0.8372
internationally our,105,0.8371
expect move,122,0.8369
down fiscal,113,0.8364
get number,145,0.8362
one these,672,0.8361
kind environment,119,0.8361
second around,215,0.8359
change has,126,0.8358
got new,294,0.8358
income total,116,0.8356
bill you,399,0.8354
you definitely,315,0.8353
given any,124,0.8353
results our,3374,0.8352
last said,212,0.8352
second net,325,0.8352
data data,196,0.8351
expect our,4747,0.835
time between,152,0.8348
across those,414,0.8347
work continue,234,0.8346
capital strategy,160,0.8346
has said,225,0.8345
past continue,139,0.8345
part here,104,0.8344
understand are,371,0.8344
based product,152,0.8344
rate higher,219,0.8342
one side,225,0.8342
right opportunity,164,0.8339
expected third,119,0.8338
are limited,154,0.8334
record over,253,0.8333
certainly are,512,0.8333
within first,249,0.833
kind being,176,0.833
through price,201,0.8327
not had,513,0.8326
margins well,198,0.8325
good want,268,0.8325
revenue organic,165,0.8325
see increased,368,0.8321
take get,176,0.832
but take,571,0.8318
now nearly,102,0.8316
working all,207,0.8314
time not,790,0.8313
adds our,113,0.8311
share expected,217,0.8309
out still,232,0.8303
followed our,146,0.8303
indicated are,102,0.8298
results even,122,0.8297
help our,1318,0.8295
operating portfolio,197,0.8295
expansion was,355,0.8294
believe lot,149,0.8292
comments are,346,0.8291
conditions but,112,0.829
least over,122,0.8288
even those,191,0.8287
level capital,147,0.8286
are kind,1996,0.8285
time work,207,0.8282
end approximately,216,0.8282
opportunity not,339,0.8279
has good,539,0.8278
has opportunity,224,0.8278
months look,128,0.8272
results again,154,0.8271
deeper our,178,0.8269
rate end,243,0.8267
here last,246,0.8266
around number,106,0.8265
expect tax,101,0.8259
grow continue,164,0.8259
product customer,202,0.8258
everybody you,286,0.8256
today future,131,0.8251
mix but,382,0.825
margin gaap,186,0.8249
expect end,372,0.8249
portfolio end,196,0.8245
came over,113,0.8244
points second,199,0.8244
earlier you,898,0.8242
currency was,117,0.8242
other cost,255,0.8236
get high,209,0.8236
had long,183,0.8236
terms margin,260,0.8231
out best,108,0.823
years prior,148,0.8229
effect our,340,0.8227
right right,283,0.8227
see probably,146,0.8226
during was,458,0.8225
second outlook,130,0.8224
ahead now,340,0.8223
world continue,115,0.8222
growth continue,1393,0.822
expect global,122,0.8219
our mature,130,0.8218
through pipeline,130,0.8216
say those,290,0.8215
item you,112,0.8214
you patrick,177,0.8206
look total,216,0.8204
you craig,184,0.8201
yeah had,133,0.8198
get product,247,0.8197
these past,131,0.8192
approximately new,387,0.8191
half guidance,196,0.819
prior second,188,0.8187
follow was,265,0.8185
feel are,597,0.8185
revenue above,133,0.8183
negative over,123,0.818
course can,141,0.818
our amazing,100,0.8178
increase full,234,0.8175
team are,1014,0.8173
quarters are,593,0.8173
driver over,103,0.8171
not view,115,0.8171
culture our,167,0.817
process can,152,0.8169
improvement last,142,0.8168
positions are,114,0.8167
yesterday our,105,0.8167
had better,134,0.8166
strong team,195,0.8165
off those,139,0.8165
you announced,628,0.8164
doing across,111,0.8159
together now,110,0.8158
far are,383,0.8158
again expect,215,0.8158
revenue operating,617,0.8158
growth deposit,116,0.8158
two two,133,0.8154
our agent,272,0.8152
different today,111,0.8151
additional basis,122,0.8148
last gross,230,0.8148
growth after,280,0.8148
spend but,195,0.8147
comps you,128,0.8147
now before,238,0.8147
working across,114,0.8146
keep you,485,0.8144
make things,103,0.8139
part two,105,0.8139
given those,177,0.8139
having one,102,0.8138
things maybe,170,0.8137
our electric,140,0.8137
efficiency continue,104,0.8136
expansion strong,147,0.8134
quality revenue,153,0.8125
how excited,123,0.8124
particular was,109,0.8124
relationship our,285,0.8119
portfolio high,144,0.8118
was best,246,0.8118
behind you,299,0.8117
opportunities increase,127,0.8117
down obviously,118,0.8115
our comments,709,0.8114
income driven,125,0.8113
closing are,321,0.8107
impact obviously,107,0.8106
off but,306,0.8105
well given,196,0.8104
certainly continue,120,0.8102
seen both,114,0.8098
increase cost,213,0.8094
production growth,391,0.8094
one probably,138,0.8093
now close,113,0.8091
nature are,112,0.809
record cash,107,0.8089
examples you,105,0.8088
our insurance,464,0.8086
today time,356,0.8084
across large,125,0.8079
strong base,114,0.8079
other related,124,0.8076
team looking,113,0.8076
operations first,169,0.8075
growth driving,295,0.8074
terms performance,166,0.8072
today first,495,0.807
our raw,110,0.8067
sales due,198,0.8067
guide now,102,0.8067
those expectations,144,0.8067
engaged our,146,0.8066
you once,450,0.8063
demand being,117,0.8063
see leverage,177,0.8062
expect both,321,0.8057
back open,115,0.8057
you likely,269,0.8055
versus adjusted,134,0.8055
projects can,131,0.8053
product right,254,0.8053
over net,889,0.8053
portfolio across,192,0.8053
third sales,236,0.8046
accelerate over,114,0.8045
yes was,574,0.8043
was diluted,133,0.8043
sales prior,230,0.8042
all sort,241,0.8038
growth has,1254,0.8037
story you,186,0.8035
last first,671,0.8031
terms opportunities,105,0.8031
our safe,180,0.803
third operating,186,0.8029
our funding,436,0.8025
perspective has,105,0.8024
first close,105,0.8024
prior including,103,0.802
time getting,119,0.8019
europe now,108,0.8018
matter you,147,0.8018
margins can,237,0.8016
slide you,927,0.8015
see growth,1571,0.8015
our external,182,0.8014
maybe high,195,0.8014
you historically,268,0.8013
before continue,178,0.8013
over third,532,0.801
our regions,281,0.8007
framework you,187,0.8005
customer need,107,0.7996
leverage continue,154,0.7994
saw kind,121,0.7991
news are,122,0.7986
touch our,251,0.7984
progress well,179,0.798
our valuation,120,0.798
environment across,107,0.7979
term free,105,0.7977
based today,155,0.7975
growth almost,105,0.7971
management any,208,0.7971
obviously all,255,0.7968
take cost,159,0.7966
had different,100,0.7965
management increased,160,0.7964
last improvement,140,0.7963
out other,355,0.7962
out say,255,0.7959
volumes but,195,0.7958
held our,199,0.7956
strategic customers,133,0.7956
tied our,196,0.7956
one kind,507,0.7955
signals our,108,0.7947
out these,503,0.7947
program you,1114,0.7944
two here,128,0.7944
trends see,119,0.7942
management industry,111,0.7937
revenue during,327,0.7936
progress these,163,0.7934
not excited,161,0.7933
probably has,114,0.7931
costs second,159,0.7931
time tax,104,0.793
growth broad,115,0.7929
everyone now,185,0.7929
momentum see,160,0.7928
being high,118,0.7928
still had,155,0.7927
number was,424,0.792
are other,1768,0.7919
further share,141,0.7919
additional financial,126,0.7915
due customer,117,0.7914
flexibility our,454,0.7912
growth robust,128,0.7912
new set,117,0.7911
changes you,753,0.7908
positive but,353,0.7907
made these,145,0.7901
growth fee,103,0.7898
volume through,171,0.7898
time around,262,0.7896
full time,360,0.7895
doing those,150,0.7894
america but,208,0.7892
complete our,323,0.789
point being,104,0.7888
are multiple,335,0.7886
between net,118,0.7885
quarters how,144,0.7885
you recognize,145,0.7885
last probably,107,0.7882
share second,345,0.7882
ago you,807,0.7881
through few,126,0.7877
net expense,106,0.7875
start one,253,0.7874
growth average,346,0.7872
got other,154,0.7872
well incremental,104,0.787
are bigger,161,0.7866
points down,154,0.7865
range second,164,0.7861
nicely our,121,0.7861
growth primarily,324,0.786
everything are,217,0.786
east are,146,0.7858
need data,112,0.7857
but seeing,706,0.7856
date sales,113,0.7855
well excited,121,0.7855
our fundamentals,141,0.7855
are various,133,0.7853
talk customers,145,0.7853
customers deliver,111,0.7852
our originations,129,0.7852
across products,177,0.7849
one america,109,0.7849
say want,136,0.7848
billion additional,133,0.7847
mentioned continue,235,0.7847
growth near,190,0.7845
but looking,610,0.784
inc now,145,0.7839
markets had,162,0.7836
martin you,139,0.7834
production sales,154,0.7832
indication you,110,0.7831
stages our,122,0.783
was last,1032,0.7823
important but,345,0.7819
expenses other,111,0.7817
beginning but,126,0.7817
margin due,192,0.7811
you added,372,0.7809
first record,153,0.7809
growth even,428,0.7808
say was,579,0.7802
looking terms,138,0.7798
forward mean,112,0.7797
operating free,115,0.7793
place all,108,0.7793
view not,112,0.7789
population are,107,0.7789
higher over,755,0.7784
offer our,355,0.7778
growth commercial,393,0.7777
fourth prior,114,0.7774
hey can,120,0.7773
plays our,126,0.7772
indicated our,204,0.7771
strong support,135,0.7769
being strong,185,0.7764
world can,142,0.776
clear you,629,0.7759
focus product,128,0.7759
great yes,162,0.7758
our successful,377,0.7758
months continue,162,0.7757
our hardware,186,0.7757
side expect,167,0.7756
profitability first,124,0.7754
look further,136,0.7748
get pricing,131,0.7747
are most,927,0.7746
new credit,192,0.7743
well did,175,0.7743
how see,737,0.7741
progress over,333,0.774
today did,106,0.774
results future,120,0.774
years industry,119,0.7736
our competition,285,0.7736
pipeline well,150,0.7733
product investments,115,0.773
value these,315,0.7727
increased second,218,0.7727
ebitda during,106,0.7726
you christopher,195,0.7725
few those,134,0.7724
deliver customers,110,0.7722
operations these,127,0.772
last continue,531,0.772
our aum,100,0.7719
not thinking,138,0.7718
end its,103,0.7717
forward how,368,0.7714
kind different,126,0.7714
versus high,103,0.7713
opportunity right,157,0.771
hey you,653,0.7702
team can,298,0.7702
utilization our,385,0.7701
adjustment our,127,0.7697
performance related,100,0.7696
see data,389,0.7695
point rate,153,0.7695
rates well,179,0.7691
looking those,273,0.7686
longer but,165,0.7686
take you,1835,0.7685
bit obviously,117,0.7685
after last,107,0.7684
out real,103,0.7683
margin grew,106,0.7676
was added,102,0.7675
achieved our,486,0.7674
way forward,130,0.7673
all levels,144,0.7672
today make,143,0.767
was net,847,0.7668
cost guidance,242,0.7666
address our,377,0.7664
level kind,139,0.7663
shareholders all,109,0.7659
are conversations,128,0.7658
curve you,126,0.7656
success are,299,0.7655
look last,403,0.7654
strategy across,139,0.7651
strategy are,855,0.7646
here lot,160,0.7646
price has,200,0.7643
our banking,250,0.7641
all being,278,0.7638
get volume,123,0.7638
our zero,167,0.7638
guidance around,192,0.7637
discussions our,253,0.7635
capacity continue,152,0.7634
looking guidance,192,0.7634
course those,100,0.7633
are exactly,167,0.7632
margins look,138,0.7631
left you,118,0.7628
you address,301,0.7627
team now,308,0.7626
investments sales,165,0.7625
customers doing,126,0.762
our gen,159,0.7615
rate driven,164,0.7613
remember our,254,0.7613
was timing,193,0.761
something was,258,0.7609
shares over,140,0.7605
guidance first,503,0.7604
out past,111,0.7604
focus forward,120,0.7601
sales lower,227,0.7597
our commentary,292,0.7596
place not,120,0.7595
results believe,146,0.7595
results continued,146,0.7594
you enter,124,0.7594
sure those,167,0.7594
basis given,118,0.7593
all products,312,0.7589
first announced,107,0.7584
you showed,105,0.7582
said kind,173,0.7581
quality growth,228,0.7577
guidance did,110,0.7577
todd you,137,0.7576
leverage operating,103,0.7575
range high,116,0.7574
our equity,728,0.7574
you not,5889,0.7573
was still,506,0.7566
was double,180,0.7566
nearly growth,159,0.7563
look doing,119,0.7563
experience all,142,0.7563
revenue levels,164,0.7562
are obviously,850,0.7562
share including,187,0.756
are structural,106,0.7554
down adjusted,222,0.7552
out getting,109,0.7552
timing revenue,140,0.755
most our,1897,0.7549
capability our,258,0.7549
showing our,235,0.7548
don maybe,130,0.7547
how put,108,0.7538
drive through,164,0.7533
balance was,357,0.7531
doing how,162,0.7531
assets net,122,0.7529
are targeted,203,0.7527
increase share,270,0.7526
see actually,193,0.7526
are particularly,398,0.7525
are supported,234,0.7523
new infrastructure,115,0.7521
growth favorable,130,0.7517
expect something,112,0.7508
our arr,309,0.7506
ways you,290,0.7505
now under,151,0.7504
understand not,115,0.7503
example can,102,0.7502
thinking you,687,0.7502
time had,312,0.7501
pass you,216,0.75
model now,180,0.7499
now seen,241,0.7499
thing was,215,0.7497
including increase,135,0.7497
how feel,141,0.7497
one real,132,0.7497
growing sales,139,0.7497
you push,144,0.7496
supported growth,121,0.7494
wondering are,239,0.7491
all incremental,119,0.7491
kevin you,234,0.749
outlook how,182,0.7489
down maybe,207,0.7487
see future,225,0.7486
curious are,290,0.7483
work those,207,0.7482
percent our,283,0.7481
see large,201,0.7478
done continue,108,0.7478
way are,941,0.7477
investments product,113,0.7477
during our,1963,0.7477
lines but,130,0.7474
growth consistent,226,0.7473
internally you,120,0.7472
time want,244,0.7469
side see,222,0.7468
inc can,136,0.7467
okay but,262,0.7467
are sort,794,0.7464
flow management,135,0.7463
again fourth,107,0.746
down here,152,0.746
half had,162,0.7458
kind outlook,129,0.7454
new global,170,0.7454
basis gross,166,0.7453
announced first,106,0.7449
thing see,127,0.7445
role our,296,0.7444
customers but,1013,0.7444
shift our,600,0.7442
see why,120,0.7439
customers being,180,0.7439
results net,259,0.7439
our public,398,0.7438
but one,1374,0.7436
expect kind,378,0.7434
need any,128,0.7431
value platform,116,0.743
new services,196,0.7426
you rich,104,0.7425
are lot,1483,0.7423
orders but,138,0.7421
are slightly,304,0.7421
look even,146,0.7419
things not,368,0.7418
mention our,125,0.7417
billion due,157,0.7416
customers now,645,0.7415
growth operational,275,0.7413
growth expect,1111,0.7412
need right,131,0.7406
lot cost,209,0.7406
here any,175,0.7405
space you,652,0.7404
time working,141,0.7404
our pending,117,0.7398
strategy right,133,0.7394
but yeah,453,0.7391
other kind,300,0.7391
announcement our,137,0.739
time something,117,0.7388
businesses now,132,0.7387
revenue segment,307,0.7383
platform revenue,304,0.7381
capital use,103,0.7381
patients well,134,0.7379
investments these,177,0.7375
related new,218,0.7374
growth bookings,102,0.7372
approach not,121,0.7371
now doing,204,0.7369
solution but,101,0.7367
look first,569,0.7366
fourth but,552,0.7364
are approved,120,0.7363
news you,194,0.7362
was major,143,0.7361
expect core,135,0.7356
close our,706,0.7354
second given,126,0.7351
stores over,115,0.735
all important,197,0.735
understand all,101,0.7349
noted are,228,0.7349
deliver growth,290,0.7347
targets you,279,0.7347
expansion product,104,0.7343
products but,520,0.7343
our sites,223,0.7343
increase last,293,0.7342
out three,146,0.7342
share basis,306,0.7339
solutions well,141,0.7337
time costs,192,0.7337
solutions sales,118,0.7336
term but,776,0.7334
strong positive,132,0.7333
these important,153,0.7332
one half,304,0.7332
cost production,101,0.7331
terms guidance,188,0.733
can double,117,0.7329
customers even,153,0.7328
out additional,149,0.7328
related sales,153,0.7328
customers within,151,0.7325
pricing product,120,0.7321
taking those,156,0.732
around price,101,0.7315
around product,171,0.7314
sheet has,103,0.7311
profit first,126,0.731
improved last,104,0.7308
details you,314,0.7303
performance continue,334,0.73
updates you,183,0.7299
maybe three,105,0.7299
beyond are,401,0.7298
operations well,135,0.7297
overall terms,100,0.7297
our reserve,187,0.7295
markets still,116,0.7294
not actually,229,0.7291
through financial,358,0.7289
out all,618,0.7289
customers both,290,0.7282
visibility but,100,0.7281
good overall,195,0.7281
focused can,217,0.728
over reflects,117,0.7274
income portfolio,108,0.7273
patients not,176,0.7271
upside our,340,0.7269
how well,650,0.7267
programs but,158,0.7266
time acquisition,115,0.7265
rate third,141,0.7265
see different,189,0.7262
talking but,154,0.7262
high rate,168,0.7262
impact new,378,0.7262
our highly,373,0.7261
again see,274,0.7261
around maybe,171,0.7253
continue position,136,0.7252
look top,115,0.7251
out feel,112,0.7248
again good,220,0.7242
obviously was,382,0.7241
point believe,107,0.7239
now but,1645,0.7236
see pricing,226,0.7235
can now,1010,0.7235
kind pricing,146,0.7234
now actually,219,0.7233
remember you,198,0.7231
saw basis,101,0.723
down gross,141,0.7229
items but,129,0.7229
look data,251,0.7228
our content,634,0.7226
customers had,277,0.7225
revenue second,593,0.7222
you adding,275,0.7222
yes expect,237,0.722
are stable,229,0.7219
eps first,120,0.7216
revenues continue,113,0.7214
competition you,220,0.7213
are successful,175,0.7213
approximately second,206,0.721
environment well,155,0.721
investment capital,148,0.721
all continuing,114,0.7209
patients continue,127,0.7207
capabilities well,107,0.7206
across two,186,0.7203
difference you,165,0.7203
strong product,291,0.7199
large capital,129,0.7198
impact had,175,0.7196
equipment was,113,0.7194
probably last,102,0.7192
term capital,277,0.7191
focus how,212,0.7191
yeah was,415,0.7184
flow net,185,0.7184
last full,331,0.7178
day was,306,0.7178
now are,3313,0.7177
was prior,479,0.7177
plus growth,181,0.7176
growth plus,181,0.7176
growth seen,387,0.7174
expect number,176,0.7173
buybacks you,150,0.7172
you gone,129,0.7171
areas not,125,0.7168
but less,202,0.7166
today how,391,0.7164
factors but,155,0.7163
europe not,106,0.7161
today terms,177,0.7157
terms looking,132,0.7156
fourth down,147,0.7155
share key,131,0.7153
impact here,135,0.7151
revenue potential,223,0.7148
you understand,567,0.7148
support all,196,0.7147
communications you,106,0.7146
over result,199,0.7145
half little,159,0.7144
term expect,311,0.7138
focus now,269,0.7138
back point,173,0.7138
contract was,138,0.7136
form our,309,0.7134
lower fourth,111,0.7134
companies but,176,0.7132
look opportunity,173,0.7131
but might,186,0.713
still long,126,0.7129
terms sales,244,0.7126
process not,153,0.7125
time are,2214,0.7123
team all,275,0.7123
lower product,152,0.7123
now whether,117,0.7122
rates those,155,0.712
results had,205,0.7119
second related,122,0.7116
investment across,134,0.7111
quarters not,181,0.7109
come higher,115,0.7107
services has,141,0.7105
information our,531,0.7103
here believe,105,0.7103
base over,260,0.71
but slightly,147,0.7098
expect capital,374,0.7097
thing are,455,0.7095
now update,114,0.709
out our,4335,0.709
look little,261,0.7089
mean those,175,0.7088
good balance,165,0.7087
add you,810,0.7086
impact customer,157,0.7085
those sort,173,0.7085
our active,523,0.7084
you refer,158,0.7084
remarks was,256,0.7083
heavily our,105,0.708
first net,521,0.7076
sort back,119,0.7069
new order,110,0.7069
our acquisition,1112,0.7068
see volumes,101,0.7067
get end,260,0.7066
growth productivity,146,0.7066
end high,207,0.7065
growth solid,153,0.7063
obviously are,821,0.7062
clients but,196,0.7057
results segment,128,0.7055
increase third,143,0.7052
still bit,145,0.705
can quite,100,0.7049
its customers,115,0.7045
these expectations,136,0.7041
operational growth,268,0.7041
type things,117,0.7039
information but,126,0.7037
segment full,138,0.7035
look full,291,0.7033
our user,286,0.7027
third one,275,0.7026
out guess,105,0.7024
inventory sales,111,0.7024
businesses all,119,0.7023
first commercial,212,0.7022
opportunities maybe,126,0.7021
these expenses,149,0.7021
out across,338,0.7021
only but,333,0.702
markets expect,224,0.7019
bit around,159,0.7018
achieved growth,116,0.7018
last total,224,0.7015
seeing coming,108,0.7012
over free,312,0.7012
value believe,125,0.7009
out one,540,0.7007
increased cost,174,0.7006
terms seeing,151,0.7003
years investment,108,0.7
prior two,112,0.6998
gains over,120,0.6998
ebitda per,146,0.6991
based approximately,112,0.6991
our communications,131,0.699
sales record,102,0.699
ebitda over,536,0.699
core adjusted,101,0.6988
good better,197,0.6986
visibility our,411,0.6986
both price,126,0.6986
first five,100,0.6985
part driven,103,0.6984
mind our,262,0.6983
get value,201,0.6982
coming end,136,0.698
our solutions,1149,0.6978
full portfolio,169,0.6976
was total,502,0.6974
revenue margin,711,0.6974
now certainly,147,0.6973
else are,145,0.6972
did was,307,0.6971
revenue margins,243,0.697
piece our,309,0.6969
out even,156,0.6967
digits was,107,0.6962
other data,217,0.6961
shareholders are,356,0.6959
category are,267,0.6959
operating segment,146,0.6955
our retirement,100,0.6952
factor our,220,0.6951
view but,159,0.6948
not feel,180,0.6945
time said,199,0.6944
expected net,180,0.6944
but small,153,0.6942
rate expect,272,0.6941
growth third,545,0.694
product level,108,0.6939
right lot,227,0.6939
need kind,141,0.6936
around two,126,0.6933
fourth continue,258,0.6931
higher versus,118,0.693
revenue earnings,555,0.693
here around,123,0.6928
markets maybe,160,0.6927
world not,145,0.6923
measure our,179,0.6917
now why,134,0.6915
time interest,160,0.6915
did first,196,0.6915
operating assets,113,0.6913
but below,124,0.6912
future rate,104,0.691
model well,136,0.691
out does,114,0.691
our systems,659,0.6909
expansion second,118,0.6907
how change,130,0.6906
pricing higher,119,0.6905
last mentioned,189,0.6904
you managing,218,0.6903
plan now,189,0.6902
sales full,330,0.6901
risks are,242,0.6899
was second,796,0.6898
around new,341,0.6897
markets right,175,0.6895
excited all,133,0.6895
yes not,379,0.6894
are off,569,0.6894
matters our,109,0.6892
portfolio total,115,0.6892
perspective those,100,0.6891
expected demand,126,0.6889
down cost,194,0.6885
higher share,281,0.6884
well our,5299,0.6881
look fourth,196,0.6879
respectively our,161,0.6878
program end,102,0.6877
less but,198,0.6877
companies all,102,0.6877
are small,308,0.6876
are directly,185,0.6875
versus cost,113,0.6874
even get,118,0.6874
level cash,151,0.687
rate down,180,0.6869
you speaking,152,0.6868
trend was,114,0.6868
now has,704,0.6866
you sometimes,120,0.6863
say both,169,0.6862
now give,191,0.686
earnings increased,196,0.6855
our base,1129,0.6854
not close,108,0.6852
years most,115,0.6851
see order,100,0.685
out capacity,121,0.6848
third guidance,165,0.6847
end management,204,0.6846
pursue our,127,0.6845
our resource,112,0.6843
initiatives now,143,0.6839
share approximately,222,0.6832
time did,140,0.683
industry right,134,0.6827
tailwinds you,110,0.6826
number these,194,0.6825
leverage over,280,0.6823
was non,408,0.6823
production has,150,0.682
our fair,342,0.6818
are differentiated,123,0.6817
customers expect,394,0.6816
great again,129,0.6816
range continue,216,0.6815
rate still,137,0.6815
maybe being,130,0.6815
over volume,358,0.6814
markets continued,104,0.6814
down per,175,0.6813
time expenses,137,0.6812
reflects growth,125,0.6811
delivering over,143,0.6811
over week,106,0.6809
industry first,249,0.6809
again those,218,0.6807
our data,2785,0.6807
projects not,130,0.6804
profile our,473,0.6803
performance even,102,0.6801
years maybe,195,0.68
expectations now,186,0.6798
yet are,237,0.6796
volume second,128,0.6793
was thinking,181,0.6792
through new,628,0.6791
billion expect,354,0.6788
after those,110,0.6788
way right,142,0.6787
back you,2614,0.6786
pretty all,177,0.6784
out big,105,0.6784
financial assets,111,0.6782
take full,160,0.6781
one first,782,0.678
work management,107,0.6777
possible you,251,0.6776
things back,165,0.6776
metrics you,352,0.6773
view our,659,0.6773
time let,160,0.6772
higher customer,186,0.6772
confidence not,118,0.6771
fourth again,102,0.677
over recent,196,0.6769
stable growth,115,0.6768
see volume,207,0.6767
say things,123,0.6767
overall are,859,0.6765
well increased,301,0.676
future continue,187,0.6758
last given,147,0.6755
increasing revenue,119,0.6753
well driving,129,0.6753
net credit,103,0.6749
sales over,995,0.6749
our infrastructure,766,0.6747
always see,113,0.6744
full capital,280,0.6742
performance well,335,0.6742
improvement but,311,0.6738
full margin,322,0.6735
expected first,308,0.6734
was specific,147,0.673
results within,108,0.6726
ourselves are,100,0.6725
any opportunity,143,0.6722
value price,110,0.6721
fourth continued,101,0.672
term given,106,0.6718
work all,256,0.6718
share net,321,0.6716
prior lower,102,0.6716
growth offset,261,0.6714
growth highlighted,104,0.6714
well deliver,133,0.6713
has obviously,174,0.6713
our family,162,0.6712
our monthly,144,0.671
environment you,1001,0.6707
overall product,123,0.6704
growth anticipate,130,0.6703
guidance terms,180,0.6702
first result,121,0.6699
out second,342,0.6698
you certainly,759,0.6696
billion last,358,0.6695
portfolio expect,216,0.6694
out you,3376,0.6694
over average,289,0.6692
our development,1206,0.6692
our comp,308,0.669
one maybe,381,0.6689
tailwind you,151,0.6689
want again,104,0.6688
higher cash,301,0.6688
right not,528,0.6688
new service,180,0.6687
calls our,188,0.6685
here had,148,0.6683
time come,161,0.6683
forward strategy,109,0.6683
our peak,196,0.6682
new tax,133,0.6678
number right,134,0.6677
here over,506,0.6674
guidance increase,216,0.6674
everyone was,247,0.6673
flow increase,142,0.6673
works you,117,0.6673
our penetration,241,0.667
lean our,141,0.6668
those additional,159,0.6665
impact margin,252,0.6663
billion same,146,0.6661
our various,254,0.666
sales second,354,0.6657
around customer,141,0.6655
out today,305,0.6654
was greater,117,0.6651
based growth,487,0.665
driving these,117,0.6649
half well,277,0.6648
guidance remain,100,0.6648
time data,281,0.6648
outlook are,693,0.6647
but appreciate,173,0.6645
seeing again,125,0.6645
those revenues,102,0.6641
can turn,232,0.6639
levels not,151,0.6638
yes are,1133,0.6636
expansion continue,164,0.6636
obviously higher,117,0.6636
based results,134,0.663
how consumer,128,0.6627
growth existing,203,0.6626
turning first,123,0.6622
you generally,300,0.6621
results non,125,0.6621
focus those,184,0.662
assets can,205,0.6618
better data,115,0.6617
work lot,121,0.6617
was march,117,0.6614
you using,509,0.6613
easier our,159,0.6611
eric you,267,0.661
process continue,107,0.6609
working our,1308,0.6608
stores but,115,0.6606
our margins,1468,0.6602
outlook has,150,0.6602
place you,566,0.66
expect most,172,0.6599
believe one,248,0.6596
but doing,303,0.6593
mix right,109,0.6591
seeing opportunity,119,0.6585
remember are,114,0.6583
out during,178,0.6578
increased guidance,189,0.6578
profitability growth,201,0.6573
product margin,297,0.6571
believe great,126,0.657
results these,326,0.6567
see move,146,0.6565
say seeing,150,0.6565
pipeline are,557,0.6561
did out,130,0.6561
build through,106,0.6561
indications you,103,0.6559
focus capital,146,0.6556
ourselves our,205,0.6555
continued performance,126,0.6555
rate cost,186,0.6554
couple one,144,0.6553
overall kind,149,0.6553
you currently,411,0.6551
turn out,152,0.6548
see mix,187,0.6545
adam you,152,0.6542
great performance,176,0.654
last before,138,0.654
other end,263,0.6538
portfolio had,146,0.6536
second did,109,0.6535
you quick,313,0.6534
cuts you,109,0.6532
both higher,211,0.6531
specific but,156,0.653
things little,145,0.6527
half now,349,0.6527
new building,137,0.6526
well lot,346,0.6525
looking across,183,0.6524
but especially,141,0.6524
years back,204,0.652
lot costs,119,0.6517
first due,252,0.6515
impact has,264,0.6514
one our,5407,0.6513
good mix,150,0.6512
things terms,118,0.6511
are close,321,0.651
range over,417,0.6508
performance total,140,0.6503
guidance core,100,0.6502
guidance today,238,0.6501
assets right,106,0.6499
upside you,258,0.6499
levels well,113,0.6497
customers support,123,0.6496
you steven,149,0.6494
our spring,122,0.6492
growth come,389,0.6491
give customers,113,0.6491
things again,100,0.6491
out actually,132,0.6491
platform well,212,0.649
costs but,423,0.6488
not open,220,0.6485
all initiatives,129,0.6484
look look,330,0.6484
range maybe,128,0.6484
all part,251,0.6483
increase second,227,0.648
rates other,106,0.6479
past expect,103,0.6475
ago these,100,0.6474
margin second,345,0.6473
opportunity well,226,0.6471
our pricing,1632,0.647
add these,106,0.6467
look couple,100,0.6466
global revenue,180,0.6463
development capital,102,0.6461
within one,193,0.6459
had make,120,0.6459
are complete,141,0.6459
see best,130,0.6459
how mix,169,0.6456
base now,167,0.6454
specifically are,281,0.6452
see overall,229,0.6451
our medical,344,0.6451
operate our,257,0.6449
pricing value,100,0.6449
ahead look,173,0.6446
increase customer,167,0.6435
growth result,209,0.6435
seen first,209,0.6435
profit over,189,0.6428
our sports,152,0.6427
first gross,294,0.6426
most time,179,0.6425
start last,180,0.6422
half how,272,0.6419
case are,229,0.6418
out two,217,0.6418
ebitda first,323,0.6415
capacity but,290,0.6413
side was,348,0.6411
discipline are,186,0.6411
process well,110,0.6406
focus continue,193,0.6405
reporting our,174,0.6403
today talk,103,0.6401
increase increase,181,0.6394
mean right,118,0.639
performance through,274,0.639
track our,552,0.6388
kind top,105,0.6388
terms growth,578,0.6388
operating financial,265,0.6387
first set,105,0.6381
out through,414,0.638
believe was,432,0.638
but before,330,0.6378
you hoping,128,0.6377
strong improvement,118,0.6374
are types,111,0.6373
things had,143,0.6372
but understand,160,0.6371
want look,194,0.6369
total customer,130,0.6368
awareness our,151,0.6367
financial expenses,102,0.6361
moment are,213,0.6359
margin prior,202,0.6357
new way,257,0.6357
date not,161,0.6353
repurchased our,175,0.6351
financial strategic,101,0.6349
lower third,102,0.6348
services well,153,0.6348
you review,387,0.6347
momentum first,155,0.6346
results start,125,0.6344
communities our,158,0.6344
between kind,110,0.634
level maybe,104,0.6333
had high,165,0.6333
broadly are,121,0.6331
day look,114,0.633
well improved,118,0.6329
base how,130,0.6328
growth acquisitions,123,0.6324
volume billion,127,0.6322
taking right,103,0.632
increases our,591,0.632
strategy now,246,0.6317
yeah one,221,0.6316
month revenue,112,0.6315
how how,607,0.6313
geographies you,116,0.6313
results expected,145,0.6312
activity expect,101,0.631
growth gross,513,0.6308
side not,247,0.6304
environment can,178,0.6304
depending you,123,0.63
both sales,294,0.63
expense first,165,0.6299
you hopefully,171,0.6298
you lean,110,0.6297
focused capital,119,0.6295
has most,182,0.6293
are number,824,0.6288
still continue,240,0.6288
third approximately,117,0.6288
okay now,154,0.6284
project was,154,0.6282
expect sales,412,0.6281
now want,335,0.628
any non,132,0.6278
sure but,337,0.6278
customers how,468,0.6276
products increased,116,0.627
impact operating,196,0.6267
you exit,137,0.6267
good first,636,0.6266
was pleased,173,0.6262
yes little,152,0.6259
investments higher,106,0.6258
those data,289,0.6253
was made,262,0.6251
backlog but,134,0.6251
seeing high,155,0.625
well all,713,0.6245
beginning our,474,0.6244
progress but,316,0.6241
team look,161,0.6237
metrics but,101,0.6237
was any,698,0.6235
volume but,362,0.6231
fuel our,337,0.6231
today still,151,0.623
our standard,217,0.6229
end but,796,0.6228
system now,125,0.6228
our emea,135,0.6224
flow continue,243,0.6224
growth healthy,101,0.6222
kind related,120,0.6219
compared basis,137,0.6218
additional operating,113,0.6218
first starting,111,0.6217
excited are,435,0.6216
but combination,100,0.6216
expectation you,274,0.6215
positioned growth,147,0.6213
help those,123,0.6211
well potential,155,0.621
obviously can,235,0.621
open time,139,0.6209
profitability but,187,0.6205
growth largely,104,0.6204
revenue continues,173,0.62
trajectory are,126,0.62
our merger,124,0.6188
offerings our,326,0.6188
right want,167,0.6187
you factor,167,0.6186
factor you,167,0.6186
team strong,170,0.6185
half third,110,0.6185
portfolio through,216,0.6185
trajectory you,209,0.6185
but done,205,0.6183
driving our,1036,0.6183
around capital,196,0.6182
part one,219,0.6181
time doing,126,0.6179
growth cloud,140,0.6178
driven performance,150,0.6178
shares are,270,0.6177
tariffs was,130,0.6171
begin our,486,0.6169
products other,155,0.6167
yes one,285,0.6165
look potential,113,0.6165
sector are,112,0.6162
terms our,2278,0.6161
you jeffrey,134,0.6161
ratio now,106,0.616
way maybe,124,0.6157
between capital,110,0.6156
get early,102,0.6156
people see,161,0.6153
markets has,228,0.6153
valuable our,104,0.6153
challenge our,120,0.6152
rate based,119,0.6151
investments expect,144,0.615
fourth end,168,0.615
are ways,159,0.615
here back,160,0.6147
deliver new,152,0.6145
revenue timing,127,0.6144
better margin,174,0.6141
well before,163,0.6141
how pipeline,134,0.6138
new target,108,0.6135
access our,554,0.6129
acceleration you,225,0.6126
solutions our,1083,0.6124
through lot,282,0.6122
second due,140,0.612
revenue international,123,0.6118
invested our,197,0.6117
demand continue,277,0.6117
improve how,100,0.6116
years how,319,0.6114
week over,101,0.6112
environment look,105,0.6106
not best,153,0.6106
are profitable,146,0.6104
set all,102,0.6103
other commercial,108,0.6102
maybe part,121,0.6099
our thoughts,310,0.6097
expect pricing,154,0.6096
demand product,167,0.6096
system not,129,0.6096
look let,131,0.6095
too you,389,0.6089
one again,241,0.6089
are today,1465,0.6089
our research,482,0.6087
growth digital,198,0.6086
our series,129,0.6082
statement you,106,0.6077
transformation our,308,0.6077
basically you,233,0.6073
percentage our,667,0.6072
was bit,610,0.6071
our leverage,1174,0.6071
margins kind,120,0.6064
still say,114,0.6064
cases you,281,0.6062
one can,767,0.6061
last believe,188,0.606
ahead second,156,0.606
build over,231,0.6057
our share,3750,0.6057
portfolio growth,533,0.6056
journey you,156,0.6053
volume revenue,242,0.605
reduction our,613,0.6049
strong production,126,0.6047
look over,828,0.6046
time look,373,0.6043
you upcoming,148,0.6041
can update,102,0.6038
over stores,105,0.6037
are opportunities,815,0.6037
right yeah,132,0.6034
growth here,534,0.6034
seeing growth,652,0.6034
customers different,122,0.6033
amount was,114,0.6032
transformation are,148,0.6031
but now,1513,0.6029
team well,217,0.6028
patients now,155,0.6025
scott you,347,0.6021
customers look,337,0.602
said well,219,0.6019
good demand,253,0.6018
all good,619,0.6015
plans but,127,0.6015
assets end,106,0.6014
customer driven,139,0.6013
our americas,137,0.6012
come across,118,0.6009
means our,314,0.6008
back early,102,0.6003
all same,236,0.6002
program through,122,0.5999
past not,163,0.5999
both pricing,109,0.5998
ebitda basis,165,0.5997
indication our,121,0.5995
years are,1277,0.5994
coming new,229,0.5993
second first,479,0.5988
customers still,189,0.5987
usage our,169,0.5986
growth create,112,0.5985
flow driven,116,0.5982
interest cost,100,0.5981
income over,438,0.598
services customers,115,0.5977
focus operating,129,0.5976
again are,920,0.5975
management segment,101,0.5974
stock was,119,0.5974
obviously kind,134,0.5972
now still,311,0.597
team was,400,0.597
expect expense,110,0.597
through use,109,0.5966
away you,214,0.5964
between our,1263,0.5963
traction you,153,0.5963
both cost,195,0.5962
volume has,156,0.5961
due new,243,0.5959
looking get,165,0.5957
now believe,288,0.5957
doing through,122,0.5955
program but,289,0.5954
amount but,122,0.5953
continue important,146,0.5953
our heavy,121,0.5952
our transportation,145,0.595
was set,159,0.5949
conversion over,101,0.5948
you attention,104,0.5946
obviously see,207,0.5944
all new,830,0.5943
guidance gaap,122,0.5941
flow expect,201,0.5941
generation was,151,0.594
end billion,272,0.594
through cost,283,0.5939
synergies you,169,0.5938
china not,104,0.5938
down costs,110,0.5936
right here,162,0.5932
not plan,184,0.5929
developments our,127,0.5928
through little,276,0.5928
terms share,201,0.5926
make little,116,0.5925
drivers but,103,0.5923
love our,239,0.5921
see right,415,0.5917
customers work,159,0.5917
things still,103,0.5915
you thomas,176,0.5913
share first,527,0.5909
value product,176,0.5905
customers working,115,0.5905
first positive,183,0.5904
look these,396,0.5904
see both,375,0.5904
now several,118,0.5903
our alternative,122,0.5902
now said,276,0.5901
position now,164,0.5896
point expect,207,0.5895
you brings,106,0.5895
pricing down,101,0.5895
pipeline but,263,0.5895
has around,234,0.5894
years you,2105,0.5889
our contracted,115,0.5889
look again,166,0.5884
margin net,334,0.588
transition our,407,0.5879
our discussions,224,0.5879
out working,120,0.5878
out well,477,0.5876
earnings results,220,0.5873
our mining,115,0.587
better second,140,0.587
portfolio but,502,0.5866
out team,173,0.5866
second strategic,101,0.5859
result all,113,0.5853
now few,166,0.5852
full versus,115,0.5852
our noninterest,131,0.5851
patients through,101,0.5849
margin within,146,0.5848
here now,321,0.5848
our labor,262,0.5845
half those,236,0.5844
back second,248,0.5843
billion first,486,0.584
experience how,107,0.5837
half revenue,353,0.5836
say believe,104,0.5835
well growing,148,0.5834
george you,151,0.5833
period cash,146,0.5833
was put,178,0.5832
you pay,297,0.5831
looking all,313,0.5829
other three,105,0.5827
response our,269,0.5826
beginning was,102,0.5826
prior basis,147,0.5826
share primarily,101,0.5821
range right,134,0.582
industry continue,188,0.5819
progress all,181,0.5817
through other,318,0.5815
pricing right,119,0.5814
you essentially,148,0.5813
seeing around,139,0.5812
results turn,103,0.5811
statements not,123,0.581
kind working,105,0.5809
products new,279,0.5805
are sustainable,138,0.5805
continue working,142,0.5802
revenue double,116,0.5799
seen these,154,0.5798
impacted but,101,0.5797
see continue,619,0.5792
growth sequentially,165,0.5791
most customers,155,0.5789
particular you,335,0.5789
sales operating,325,0.5788
guidance want,162,0.5786
income higher,135,0.578
opportunities other,128,0.5776
finish our,100,0.5772
frankly you,137,0.5772
growth capital,880,0.5772
collaboration our,154,0.5768
growth higher,724,0.5762
you show,258,0.5762
great two,137,0.5761
range end,138,0.5759
work right,130,0.5759
time important,128,0.5759
through three,136,0.5759
said see,236,0.5759
can best,138,0.5757
time got,176,0.5757
history our,241,0.5754
improvement first,173,0.5752
those forward,290,0.5751
paul you,224,0.5746
past was,224,0.5746
customers take,185,0.5745
but able,325,0.5745
talk second,110,0.5742
our cash,3984,0.5741
whether are,337,0.5741
not add,146,0.5739
terms maybe,154,0.5739
performance adjusted,194,0.5736
client growth,121,0.5734
results strong,261,0.5733
impact earnings,185,0.5733
new strategy,221,0.5731
one being,217,0.5729
cancer are,102,0.5726
quarters was,230,0.5726
are three,652,0.5725
development well,135,0.5725
out said,173,0.5724
full segment,126,0.5723
talked through,121,0.572
results compared,122,0.572
second continued,151,0.5718
but declined,105,0.5708
shareholders was,150,0.5708
point right,161,0.5707
able look,119,0.5703
not run,104,0.5702
beyond you,596,0.57
further now,205,0.5699
not building,144,0.5698
end balance,112,0.5698
financial technology,107,0.5697
quarters well,124,0.5695
new channel,102,0.5692
our renewal,172,0.5689
work both,117,0.5689
perspective was,189,0.5687
current sales,117,0.5684
thinking growth,189,0.5684
our tenant,107,0.5683
happening you,220,0.5681
half looking,117,0.5676
here forward,137,0.5674
our bookings,363,0.5673
revenue china,104,0.567
working these,134,0.5668
players you,112,0.5662
but has,1015,0.5661
out doing,115,0.5661
date are,467,0.566
efforts our,549,0.566
believe those,200,0.5658
product demand,162,0.5657
starting new,107,0.5656
say last,222,0.5655
guidance point,160,0.5655
enabling our,249,0.5655
out plan,110,0.5655
are prepared,359,0.5654
take bit,131,0.5652
impact sales,238,0.565
our production,1321,0.5644
control are,212,0.5641
down kind,222,0.564
great well,310,0.5637
target over,166,0.5636
specifically was,122,0.5633
credit has,122,0.5631
plan was,252,0.5627
our water,198,0.5627
lot coming,105,0.5626
good actually,136,0.5625
pressure was,103,0.5624
management management,139,0.5623
over days,124,0.5622
capital work,145,0.562
deal you,415,0.5619
want out,203,0.5615
pricing increase,100,0.5612
one was,1125,0.5608
other say,173,0.5603
rest are,216,0.5599
you note,324,0.5598
our structural,192,0.5598
model are,500,0.5595
disruption our,144,0.5593
particular are,199,0.5591
increase during,112,0.559
performance over,585,0.559
ahead time,190,0.5589
through model,104,0.5588
both increased,160,0.5587
continue give,132,0.5587
related these,148,0.5586
mentioned our,1750,0.5586
days was,121,0.5583
over ended,115,0.5582
customers terms,202,0.5581
encouraged are,114,0.5579
now kind,522,0.5579
expected cash,195,0.5578
kind long,195,0.5567
efficiency our,758,0.5565
had had,177,0.5565
growth given,343,0.5565
but offset,230,0.5563
second increase,213,0.5562
markets can,306,0.556
are hard,222,0.5559
products both,133,0.5555
base can,151,0.5553
positive sales,126,0.5551
patients but,235,0.5545
china are,308,0.5544
together you,483,0.5543
craig you,153,0.5539
quarters can,150,0.5538
start little,114,0.5535
objectives our,113,0.5533
those price,178,0.5532
not focused,208,0.553
but being,407,0.5522
look average,103,0.5518
com before,139,0.5514
through rates,129,0.5513
new international,104,0.5512
well got,203,0.551
points here,104,0.5509
billion new,476,0.5509
now again,281,0.5508
you guess,784,0.5508
industry but,382,0.5507
value opportunities,100,0.5506
kind three,113,0.5502
term cost,195,0.55
can focus,231,0.5493
kind see,448,0.549
part maybe,116,0.549
customers start,158,0.5488
but put,187,0.5486
model not,163,0.5481
brands but,135,0.5477
capacity out,110,0.5473
material but,102,0.5473
focused those,141,0.5469
comparison our,105,0.5469
through but,960,0.5469
here yes,111,0.5468
mix new,188,0.5466
happy are,155,0.5465
approximately down,145,0.5464
ahead are,890,0.5462
additional new,193,0.546
ago not,135,0.5457
outlook billion,110,0.5456
demand increased,132,0.5454
presented our,119,0.5454
not move,163,0.5451
demand higher,163,0.545
back those,321,0.545
our education,106,0.5449
lot products,128,0.5446
half our,2129,0.5445
last net,323,0.5443
population you,151,0.5442
talked but,282,0.544
hand you,326,0.5434
around but,516,0.5429
now mean,220,0.5428
sales results,276,0.5428
range kind,145,0.5427
compared sales,174,0.5425
half adjusted,158,0.5424
others you,235,0.5423
seeing new,356,0.5422
are impacted,199,0.5421
our federal,218,0.5419
platform one,206,0.5418
opportunity you,1405,0.5418
costs basis,123,0.5416
last made,110,0.5412
listen our,109,0.5411
disciplined our,539,0.541
well those,516,0.541
kind balance,118,0.5405
investments well,169,0.5403
products customers,176,0.54
environment see,150,0.5399
how looking,258,0.5398
related those,144,0.5392
aware our,102,0.5391
sales higher,283,0.539
clients all,103,0.539
clarity you,111,0.5389
drive our,1409,0.5388
years lot,170,0.5388
our cross,244,0.5387
convert our,102,0.5386
clients not,116,0.5386
outlook but,314,0.5386
sell our,438,0.5381
accelerated our,289,0.5379
first primarily,155,0.5372
study are,198,0.5372
care revenue,100,0.5372
especially our,546,0.5369
today during,123,0.5369
get here,150,0.5369
right one,381,0.5364
pipeline how,127,0.5364
forward say,145,0.5362
revenue expansion,211,0.536
demand management,134,0.536
benefit was,209,0.5357
eps now,113,0.5357
said little,116,0.5355
how capacity,135,0.5354
now building,135,0.5354
earlier one,115,0.5347
sales environment,114,0.5346
first say,313,0.5346
half you,1692,0.5342
obviously those,163,0.5341
over since,185,0.534
guidance basis,226,0.5335
first organic,118,0.5334
time saw,121,0.5333
expect third,189,0.5331
kind want,175,0.5331
number down,103,0.5328
talked new,167,0.5326
again maybe,127,0.5325
here has,213,0.5322
are challenging,120,0.5322
increased increase,148,0.532
solutions these,112,0.532
coming both,106,0.5319
growth stable,104,0.5318
now guess,147,0.5317
sales remain,120,0.5314
share across,279,0.5312
star you,152,0.5312
pressure our,455,0.5312
expectations revenue,178,0.5309
scale continue,111,0.5309
expansion operating,103,0.5309
how maybe,330,0.5307
feel you,812,0.5307
decline but,163,0.5306
over turning,179,0.5303
point one,257,0.5301
has driving,102,0.53
assets well,153,0.5299
future share,132,0.5295
today again,132,0.5292
great second,205,0.5292
second continue,369,0.5289
was anticipated,101,0.5287
guess are,465,0.5287
share little,236,0.5286
volume over,322,0.5285
trends first,107,0.5284
our scale,965,0.5281
approximately our,2223,0.5281
our momentum,1014,0.528
different but,299,0.5279
value being,103,0.5276
both total,139,0.5274
probably continue,104,0.5273
level you,1111,0.5272
our tier,188,0.5271
due one,204,0.5271
but currently,112,0.527
results better,114,0.5269
success over,119,0.5267
operations now,149,0.5266
something but,236,0.5266
last terms,211,0.5264
new people,164,0.5264
forward maybe,181,0.5263
good terms,226,0.5263
experience can,126,0.5259
driven our,2205,0.5259
last second,316,0.5252
was growing,263,0.5248
capex but,121,0.5247
last half,207,0.5247
guidance still,148,0.5244
foundation are,136,0.5241
all again,255,0.5239
again time,185,0.5239
speak our,257,0.5239
environments our,100,0.5235
tool our,128,0.5234
first ask,105,0.5233
opportunities right,122,0.5231
deliver over,227,0.5231
well over,1070,0.523
both markets,141,0.5228
over record,204,0.5227
challenges our,302,0.5225
you back,2346,0.5225
book but,117,0.5225
are ongoing,385,0.5224
supply has,115,0.5222
look talked,102,0.5222
revenue within,228,0.5213
way out,161,0.5211
said right,132,0.521
guests our,117,0.521
you enough,174,0.5209
similar growth,137,0.5205
particularly our,703,0.5205
margin opportunity,171,0.5204
ago how,100,0.5203
additional customers,123,0.5203
you love,182,0.5202
but started,113,0.5201
now versus,225,0.5201
right had,199,0.5201
our pre,256,0.5196
overall but,381,0.5196
new rates,179,0.5196
structure but,110,0.5196
second guidance,243,0.5193
our reporting,160,0.5193
now sort,214,0.5192
one product,342,0.5192
experience are,413,0.519
our steel,108,0.5188
first guess,136,0.5186
was high,510,0.5183
but making,223,0.5182
increased first,320,0.518
price but,384,0.5179
now you,4789,0.5177
say has,228,0.5174
comfortable you,141,0.5173
competition are,115,0.517
any data,185,0.5165
full was,647,0.5165
are others,139,0.5163
was expected,431,0.5163
say any,162,0.5162
our incentive,131,0.5162
share overall,143,0.5161
expense expect,104,0.5161
these higher,304,0.516
continued capital,154,0.516
technology continue,151,0.5157
goals our,159,0.5157
our engine,187,0.5153
looking take,104,0.5149
products had,124,0.5149
now does,159,0.5149
segment well,195,0.5145
performance lower,122,0.5141
second key,103,0.5141
talk all,183,0.514
see long,293,0.5139
customers may,157,0.5139
scale those,103,0.5135
good margins,140,0.5134
opportunity kind,146,0.5131
say high,127,0.5126
out further,125,0.5123
guidance including,134,0.512
second driven,177,0.5117
major growth,138,0.5116
today today,206,0.5115
first did,173,0.5114
our unit,425,0.5113
mix continue,148,0.5111
items you,374,0.511
its new,155,0.5109
say expect,210,0.5109
approach our,653,0.5108
growth same,394,0.5107
both high,158,0.5103
impact increased,131,0.5101
leverage these,120,0.5098
all support,170,0.5094
due both,111,0.5094
metric you,154,0.5089
all day,168,0.5086
well right,357,0.5084
you ultimately,255,0.5083
opportunities these,173,0.508
share expansion,115,0.5078
our monetization,143,0.5077
you one,3918,0.5077
clients now,109,0.5075
take both,132,0.5072
increase billion,211,0.5068
through couple,104,0.5064
far you,513,0.5059
are better,787,0.5059
kind seeing,207,0.5058
growth once,114,0.5056
increased capital,192,0.5053
data make,104,0.5052
but case,103,0.5051
last actually,122,0.5049
generally are,162,0.5047
continues one,124,0.5046
are drivers,196,0.5045
our consecutive,241,0.5038
rest you,345,0.5038
issue are,106,0.5037
management continued,104,0.5037
operating strategy,117,0.5036
expansion well,153,0.5033
products expect,180,0.5033
got second,133,0.5031
years looking,134,0.5029
day now,181,0.5029
potential growth,298,0.5028
down don,101,0.5027
way had,109,0.5026
yet you,348,0.5022
expect top,109,0.502
higher non,115,0.5019
during full,123,0.5018
consolidation our,103,0.5014
demand new,318,0.5013
mix expect,124,0.5013
statement our,123,0.5011
around cost,143,0.5007
majority are,157,0.5006
full expected,143,0.5006
significant product,105,0.5
high customer,136,0.5
expect interest,133,0.4999
program are,547,0.4999
pricing how,176,0.4999
last even,139,0.4997
expect volume,135,0.4996
results ahead,123,0.4994
you pretty,890,0.4994
growth active,113,0.4993
perspective can,119,0.4991
last say,212,0.499
you run,500,0.4983
years these,270,0.498
fiscal sales,139,0.4978
time need,148,0.4978
all organic,114,0.4977
growth segments,121,0.4976
all had,361,0.4975
strategy look,129,0.4974
end given,104,0.4971
ultimately you,253,0.497
you previously,391,0.497
end increase,199,0.4969
you helpful,523,0.4968
any interest,102,0.4968
history are,110,0.4966
demand demand,128,0.4965
term cash,269,0.4964
color but,167,0.4963
ago are,397,0.4962
scale but,225,0.4962
back mean,104,0.4962
covered our,103,0.4962
are positive,582,0.496
even today,102,0.496
acquisition well,115,0.4959
not grow,180,0.4958
through most,159,0.4957
sales first,551,0.4955
net increase,206,0.4954
today has,294,0.4953
now making,140,0.4949
excited but,197,0.4948
growth number,389,0.4945
customers not,566,0.4944
connected our,113,0.4942
those quarters,106,0.4938
full cash,280,0.4938
value long,135,0.4937
impact ebitda,120,0.4936
businesses not,116,0.4936
second non,131,0.4935
pressures you,133,0.4932
gross sales,187,0.4929
uncertainty are,151,0.4928
opportunities get,115,0.4925
overall increase,102,0.4924
brian you,414,0.4921
our markets,2000,0.4921
excited growth,206,0.4918
growing cash,113,0.4918
put our,754,0.4914
retail revenue,109,0.491
way has,171,0.4909
any pricing,109,0.4908
expected cost,130,0.4906
was specifically,116,0.4905
close but,142,0.4904
years look,215,0.4904
services expect,112,0.4904
our track,498,0.4903
our return,775,0.4903
later you,315,0.4901
our hiring,117,0.4898
continue positive,138,0.4897
fiscal are,665,0.4894
come expect,135,0.4893
potential share,106,0.4892
great terms,133,0.4888
taking you,978,0.4882
typically you,273,0.4882
little time,261,0.4881
data has,255,0.4877
say continue,245,0.4877
pricing kind,124,0.4877
now not,928,0.4874
first follow,135,0.4872
cash end,296,0.4871
our whole,301,0.4869
driven sales,215,0.4869
type product,138,0.4868
was key,276,0.4859
our revenues,836,0.4858
was looking,461,0.4857
kind one,409,0.4856
kind start,139,0.4855
customers provide,109,0.485
momentum was,218,0.4848
ago first,116,0.4848
all coming,209,0.4846
time start,167,0.4846
system but,178,0.4844
leverage strong,100,0.4842
revenue due,255,0.4839
but early,302,0.4835
our daily,148,0.4833
first revenue,880,0.4832
forward demand,145,0.4831
value increased,135,0.483
was most,348,0.4828
great want,127,0.4826
bit you,2022,0.4826
forward you,2019,0.4825
being bit,107,0.4821
increase cash,243,0.4817
value over,533,0.4815
higher second,220,0.4811
but addition,154,0.4809
can offset,134,0.4805
expect first,527,0.4801
talk but,303,0.48
our framework,187,0.4794
strong long,202,0.4791
believe any,130,0.479
new level,191,0.4789
course see,100,0.4788
world all,111,0.4786
areas our,669,0.4785
see need,188,0.4784
back back,211,0.4779
strong overall,144,0.4776
points per,119,0.4773
look pricing,127,0.4773
wanted first,109,0.477
you plan,858,0.4769
customers continued,161,0.4769
plan how,128,0.4768
over versus,325,0.4766
come second,112,0.4763
sell but,100,0.4759
side other,108,0.4759
are specific,279,0.4757
competitors you,168,0.4756
these potential,128,0.4753
dividends our,221,0.4751
right opportunities,118,0.475
reaching our,130,0.475
our size,369,0.4748
probably first,124,0.4745
sales within,137,0.4741
strong margin,350,0.4738
over change,212,0.4734
over months,259,0.473
innovation can,102,0.4729
level right,102,0.4729
customers saw,105,0.4728
value total,119,0.4727
performance believe,111,0.4727
product being,112,0.4726
customers value,216,0.4726
book was,105,0.4721
all opportunities,217,0.4721
john you,637,0.4719
revenue first,873,0.4717
headwind you,267,0.4716
sheet now,125,0.4713
customers versus,132,0.471
different time,123,0.4709
looking full,153,0.4705
actually expect,117,0.4701
fourth billion,160,0.4701
share core,104,0.4699
look portfolio,170,0.4698
perspective all,112,0.4696
margin primarily,103,0.4695
good use,105,0.4688
effort our,150,0.4678
versus new,203,0.4677
period expect,134,0.4677
higher fourth,136,0.4677
amount growth,117,0.4675
growth success,126,0.4674
again seeing,109,0.4669
ryan you,208,0.4667
rate total,122,0.4666
goals you,123,0.4665
you offer,229,0.4665
start new,230,0.4663
mentioned today,119,0.4658
customers these,383,0.4656
our exit,153,0.465
mean see,180,0.4649
important not,184,0.4647
now pretty,165,0.464
growth management,554,0.4637
support revenue,189,0.4636
margin remain,113,0.4635
basically are,127,0.4634
range revenue,261,0.4634
time say,214,0.463
all doing,156,0.463
changed you,195,0.4629
new power,116,0.4629
growth guide,132,0.4629
back here,144,0.4627
right yes,156,0.4624
expectations was,233,0.4622
product team,114,0.4622
therefore our,163,0.462
our integration,407,0.462
billion opportunity,138,0.4619
say today,152,0.4618
did expect,114,0.4617
around our,2046,0.4615
penetration our,209,0.4615
growth included,115,0.4608
part kind,133,0.4608
markets both,135,0.4601
but already,242,0.4598
may continue,188,0.4593
right point,149,0.4589
better maybe,110,0.4589
related cash,123,0.4588
cycle you,385,0.4588
commentary our,237,0.4585
doing last,109,0.4583
costs these,170,0.458
don right,116,0.4578
share down,218,0.4578
forward still,122,0.4578
work other,121,0.4577
every but,189,0.4576
back management,164,0.4576
was close,129,0.4576
grow these,121,0.4575
are following,231,0.4572
expect forward,240,0.4571
you does,804,0.4571
down income,113,0.457
team right,125,0.4565
february are,124,0.4563
good talk,132,0.456
trend you,351,0.4559
our powerful,115,0.4559
benefit new,127,0.4557
grow expect,107,0.4553
take back,137,0.4552
peers you,113,0.455
new pipeline,143,0.4549
here great,123,0.4549
years again,110,0.4549
full approximately,157,0.4549
turn our,1371,0.4546
time still,189,0.4546
last obviously,141,0.4544
impact third,108,0.4544
performance had,159,0.4539
even through,137,0.4534
growth loans,144,0.4529
margin lower,181,0.4518
our resilient,129,0.4518
thing all,111,0.4517
make strong,147,0.4517
rate during,101,0.4515
strong adjusted,259,0.4513
sort new,191,0.4512
again was,382,0.4512
growth significantly,111,0.4511
has mentioned,170,0.451
period now,208,0.4509
change not,146,0.4506
kind taking,101,0.4506
taking kind,101,0.4506
how working,135,0.4504
declines our,158,0.4503
comments our,552,0.4503
impact results,151,0.4502
turn guidance,104,0.4499
sales earnings,291,0.4492
strategy expect,138,0.4489
remaining our,337,0.4486
said our,1645,0.4484
season you,239,0.4483
prior management,105,0.4483
our reserves,108,0.4483
expect little,241,0.4481
growth return,188,0.4481
view you,450,0.4481
look mix,108,0.4478
buyback you,108,0.4477
portfolio both,132,0.4477
our solid,512,0.4476
level growth,328,0.4473
representing our,469,0.4471
down range,103,0.447
helping you,200,0.447
second versus,114,0.4469
lot same,101,0.4469
driven operating,165,0.4468
first non,222,0.446
can return,110,0.4459
value driven,128,0.4458
prices over,114,0.4458
our application,182,0.4457
any guidance,212,0.4457
had increase,161,0.4451
through better,157,0.445
slide are,436,0.4448
projects now,106,0.4446
cash expenses,111,0.4445
portfolio are,920,0.4445
before see,159,0.4444
rate but,563,0.4441
continue able,143,0.4441
continue making,102,0.4438
new team,231,0.4436
details are,155,0.4434
driven revenue,336,0.4432
last last,363,0.4432
you ever,218,0.4432
customers obviously,131,0.443
growth net,763,0.443
footprint our,296,0.4427
rates over,270,0.4426
average over,247,0.4426
increased our,2139,0.4425
you sell,328,0.442
process are,386,0.4419
seeing things,118,0.4418
down terms,130,0.4416
recognize you,114,0.4415
saw those,120,0.4414
sales strategy,142,0.4412
sort one,167,0.4411
potential these,125,0.4411
our state,318,0.4407
coming higher,102,0.4404
guidance even,103,0.4403
sort kind,113,0.4398
half see,260,0.4396
based see,219,0.4394
work customers,143,0.4387
earlier not,136,0.4384
giving our,199,0.4381
approach but,148,0.4381
one second,378,0.4377
environment our,1064,0.4376
services was,247,0.4376
you through,2988,0.4374
markets not,305,0.4373
half look,173,0.4372
out talked,106,0.4369
basis but,662,0.4369
multiple growth,136,0.4367
work not,245,0.4365
things well,225,0.4362
one certainly,101,0.4355
made our,1037,0.4354
but growing,266,0.4354
term continue,304,0.4354
plan are,502,0.4352
segment second,125,0.4351
move now,145,0.4349
growth returns,120,0.4347
now couple,150,0.4345
growth eps,173,0.4344
customer product,154,0.4344
move our,953,0.4343
customers see,450,0.4338
well had,294,0.4337
basis operating,219,0.4335
benefits but,141,0.4333
share last,328,0.4332
based strong,154,0.4331
well another,105,0.4331
increase value,148,0.4326
discussions you,161,0.4325
all big,129,0.4324
down first,339,0.4321
earlier now,130,0.432
partners now,116,0.4317
confidence you,503,0.4316
over management,491,0.4313
profitability our,688,0.4312
growth front,113,0.4312
first production,171,0.4311
full continue,316,0.4309
not moving,141,0.4306
was free,253,0.4301
was coming,317,0.4298
coming but,341,0.4293
impact first,307,0.4292
got any,116,0.429
you signed,151,0.4289
assets was,264,0.4288
half management,115,0.4287
forward second,197,0.4287
our three,1224,0.4285
seeing you,1851,0.4285
approximately operating,164,0.4285
partners all,107,0.4284
time looking,204,0.4283
organization are,262,0.4282
growth key,299,0.4282
believe good,178,0.4279
does continue,113,0.4279
our delivery,366,0.4278
last during,155,0.4277
are welcome,145,0.4275
otherwise you,112,0.4275
who was,190,0.4274
including strong,154,0.4273
one did,144,0.4272
right but,672,0.427
half are,946,0.4269
referenced our,136,0.4267
guidance again,129,0.4264
down still,117,0.4262
demand was,470,0.4262
time give,107,0.4262
shareholders but,146,0.426
customers did,106,0.4258
sales margins,125,0.4257
across segment,120,0.4255
share terms,179,0.4254
sales basis,276,0.4254
opportunity can,237,0.4254
point last,188,0.425
shown our,116,0.4249
you fairly,130,0.4245
maybe most,105,0.4242
mentioned but,380,0.424
our fee,320,0.4239
higher third,128,0.4236
share data,209,0.4235
talked you,871,0.4234
months how,132,0.4234
priority our,223,0.4233
softness our,119,0.4233
our capability,205,0.4232
product performance,163,0.4229
was obviously,310,0.4228
needs but,105,0.4224
well believe,201,0.4223
our founder,193,0.4222
look versus,121,0.4222
last you,2903,0.4211
offset new,125,0.421
costs over,343,0.4207
course was,162,0.4205
but trend,102,0.4205
products not,278,0.4205
expect better,149,0.4204
last same,146,0.4199
historically our,257,0.4198
our claims,134,0.4196
now three,185,0.4196
customers all,477,0.4194
our financing,226,0.4194
recently but,111,0.4191
see across,378,0.419
value can,330,0.419
today expect,258,0.419
jason you,193,0.4186
our revenue,5926,0.4184
value those,243,0.4184
markets now,289,0.4183
now use,146,0.4179
new range,223,0.4179
time can,548,0.4175
but particularly,156,0.4172
focused our,1195,0.4169
relative you,429,0.4168
higher capital,223,0.4165
second second,241,0.4163
full platform,112,0.4163
maybe looking,138,0.4157
drivers you,306,0.4156
things lot,124,0.4154
share over,744,0.4152
are potentially,166,0.4152
pace our,313,0.415
had prior,116,0.4148
everyone can,137,0.4148
starting our,677,0.414
strong cost,231,0.414
all want,267,0.4139
pipeline growth,244,0.4139
look got,135,0.4139
approximately ebitda,109,0.4138
our online,288,0.4138
all come,186,0.4136
opportunities you,1186,0.4133
management guidance,163,0.4132
all forward,338,0.4131
sense are,246,0.4131
costs both,104,0.413
strong outlook,112,0.413
take years,114,0.4128
those early,130,0.412
sales segment,152,0.4118
you manage,258,0.4118
but timing,163,0.4115
out top,102,0.4112
are stronger,176,0.4104
timing can,100,0.4102
customers right,257,0.409
both operating,199,0.4087
through obviously,139,0.4085
growth free,281,0.4084
affordability our,107,0.4084
time even,135,0.4081
all feel,131,0.4079
bit back,178,0.4071
say but,481,0.407
sales including,164,0.407
course our,724,0.406
believe not,263,0.406
activity over,202,0.4058
today most,108,0.4058
performance expected,115,0.4054
already well,117,0.4052
last let,128,0.4047
other high,164,0.4044
our trajectory,225,0.4038
now lot,370,0.4037
did all,159,0.4037
well not,689,0.4033
today got,111,0.403
growth scale,221,0.403
greater growth,110,0.4029
levels now,121,0.4029
discipline our,327,0.4024
our categories,334,0.4015
growth again,416,0.4011
integrated our,281,0.401
between revenue,178,0.401
new things,261,0.4009
revenue expense,160,0.4009
today can,385,0.4005
was full,597,0.4004
quarters see,121,0.4003
another new,122,0.4001
growth similar,126,0.3997
good all,538,0.3992
way continue,176,0.3991
mark you,474,0.399
share how,388,0.3988
billion higher,213,0.3987
guidance across,216,0.3987
new consumer,127,0.3986
lead our,329,0.3982
full cost,183,0.398
well yes,234,0.3979
said one,199,0.3979
level not,201,0.3978
our four,561,0.3976
well pretty,124,0.3974
platform are,717,0.3971
definitely are,140,0.3969
side those,143,0.3968
you couple,769,0.3966
now process,118,0.3964
get new,378,0.3961
innovation growth,165,0.3959
move new,132,0.3955
below but,101,0.3953
but every,181,0.3952
platform through,149,0.3951
sales net,296,0.395
forward now,361,0.3949
customers increased,191,0.3946
growth premium,101,0.3946
you context,206,0.3945
its growth,251,0.3945
position one,118,0.3943
well start,184,0.3938
time value,226,0.3938
our growing,1084,0.3936
talk our,1197,0.3933
can point,273,0.3928
point can,273,0.3928
well both,298,0.3927
scale new,125,0.3926
headwinds you,297,0.3925
but focused,280,0.3921
now look,480,0.392
our february,246,0.3919
markets these,204,0.3918
costs cost,101,0.3917
consider our,152,0.3915
position our,940,0.3915
margins first,173,0.3914
ratio over,135,0.391
half say,106,0.3908
through any,269,0.3908
our reported,739,0.3907
revenue improvement,173,0.3906
looking any,145,0.3905
asia are,109,0.3904
improved our,833,0.3899
our notes,126,0.3896
one has,472,0.3895
was increasing,134,0.3894
continue follow,102,0.3893
innovation are,317,0.3893
clarity our,125,0.3892
out given,118,0.389
rates not,182,0.3888
range both,106,0.3888
worked our,123,0.3887
can further,174,0.3886
margin first,505,0.3885
first point,264,0.3884
out get,255,0.3883
solutions now,141,0.3882
happy our,288,0.3876
opportunities through,146,0.3875
expect demand,200,0.3874
one had,298,0.3873
get get,194,0.3873
kinda you,106,0.3868
performance data,145,0.3867
well even,156,0.386
heard our,251,0.3859
well great,274,0.3856
but little,568,0.3854
through platform,148,0.3854
over top,235,0.3852
you little,1907,0.3852
project but,140,0.3849
our travel,141,0.3848
through pretty,103,0.3845
now part,226,0.3838
talk these,130,0.3835
expect growth,867,0.3834
ebitda driven,106,0.3831
markets strong,172,0.383
okay how,102,0.3829
right back,203,0.3828
time mean,132,0.382
later are,176,0.3819
does all,134,0.3813
not not,898,0.3813
including basis,120,0.3806
terms any,144,0.3805
any price,109,0.3804
now only,170,0.3803
management across,164,0.3803
customers same,133,0.38
marketplace you,239,0.38
years say,126,0.3798
end due,116,0.3795
continued product,113,0.3794
are below,202,0.3793
first increase,330,0.3793
different those,122,0.3792
not don,228,0.379
down full,171,0.3789
managed our,163,0.3788
effect you,200,0.3783
acquisition new,126,0.3782
impact how,249,0.3768
prior continue,196,0.3768
bit opportunity,103,0.3768
returns but,110,0.3765
happening are,116,0.3763
terms those,208,0.3762
not less,106,0.376
see other,361,0.3759
all people,146,0.3758
over first,1146,0.3757
growth forward,585,0.3756
expect level,121,0.3755
guys one,116,0.3752
half these,207,0.3751
lower per,107,0.3747
position can,136,0.3747
strategy well,162,0.3745
growth but,2121,0.3745
are larger,203,0.3745
mix how,140,0.374
was again,362,0.3736
customers say,182,0.3735
you anything,488,0.3734
mentioned new,219,0.3734
product price,101,0.3731
believe both,112,0.373
months out,103,0.3728
turn now,197,0.3727
again can,239,0.3725
through terms,193,0.3724
even look,113,0.3723
further capital,101,0.3721
over roughly,101,0.3721
years kind,192,0.372
seeing seeing,139,0.3716
our safety,316,0.3708
products through,170,0.37
our shop,125,0.3699
look two,163,0.3699
repurchases are,157,0.3693
running our,271,0.3691
growth model,227,0.3689
initiatives you,605,0.3688
need capital,114,0.3685
process all,107,0.3684
pricing well,161,0.3681
seen through,122,0.368
partner our,398,0.3677
see certainly,101,0.3675
first given,171,0.3672
terms long,109,0.3672
margins you,959,0.3671
out fourth,173,0.367
encouraging you,120,0.367
said these,170,0.367
not working,169,0.3669
growth strong,821,0.3669
over delivered,168,0.3667
third down,112,0.3666
underway our,137,0.3662
costs not,231,0.3657
opening our,192,0.3655
continue forward,267,0.3654
products out,163,0.3652
margin overall,142,0.3651
out not,541,0.3651
our assets,1140,0.3648
internally our,115,0.3646
over quarterly,113,0.364
our natural,242,0.364
last now,530,0.3636
release you,441,0.3636
process was,168,0.3635
relative growth,129,0.3634
activity first,123,0.3633
not great,357,0.3631
forward kind,197,0.3629
growth flat,133,0.3629
john can,108,0.3628
need new,188,0.3628
but since,173,0.3628
through increased,203,0.3625
automation are,110,0.3621
europe you,419,0.3617
shares our,469,0.3616
talked over,236,0.3615
impact basis,154,0.3612
level continue,142,0.3609
well new,601,0.3609
assets but,271,0.3608
seeing customer,132,0.3608
over international,145,0.3606
all its,138,0.3604
see obviously,176,0.3603
was before,253,0.3602
down lot,152,0.3599
see couple,123,0.3599
management has,216,0.3597
well cost,287,0.3594
but view,126,0.3592
significant over,311,0.359
future sales,131,0.3589
see forward,304,0.3586
great first,319,0.3586
but get,617,0.3585
few these,102,0.3585
work are,706,0.3578
making our,837,0.3577
money you,202,0.3573
growth global,228,0.3571
basis was,582,0.3569
performance here,115,0.3565
but specific,127,0.3563
term range,107,0.3561
allows our,232,0.3561
see again,212,0.356
impact across,161,0.3559
future margin,129,0.3555
approximately first,280,0.3553
services growth,263,0.3551
now even,194,0.355
down point,117,0.3548
talked one,130,0.3548
our provision,107,0.3546
all within,177,0.3546
expand over,130,0.3541
end today,201,0.3541
point over,411,0.3538
opportunity how,184,0.3538
come now,193,0.3537
one you,3521,0.3536
sales was,779,0.3533
value end,170,0.3533
our defense,262,0.3528
part these,159,0.3525
our country,198,0.3524
tools our,304,0.3523
down one,283,0.352
one does,117,0.352
well something,105,0.352
looking maybe,132,0.3516
kind drive,105,0.3515
positive first,155,0.3508
guys all,128,0.3507
guidance high,156,0.3507
forward said,101,0.3507
optimization our,236,0.3505
see lower,224,0.3499
cycle are,215,0.3499
perspective our,733,0.3497
bit last,227,0.3492
great last,220,0.349
those higher,267,0.3489
billion number,117,0.3489
right range,114,0.3488
now need,199,0.3488
increased value,123,0.3487
including any,117,0.3485
got look,129,0.3483
our way,1480,0.3483
productivity was,101,0.3481
has higher,259,0.348
full increase,169,0.348
forward any,171,0.3478
similar but,116,0.3478
demand but,479,0.3478
our life,339,0.3478
team across,119,0.3476
revenue continuing,101,0.3475
development has,101,0.3475
growth being,370,0.3474
point are,871,0.347
rates these,122,0.3464
lot growth,584,0.3464
pipeline over,211,0.3461
expansion expect,111,0.346
our deliveries,103,0.346
back years,165,0.3459
look third,150,0.3455
last seen,118,0.3453
overall see,186,0.3451
our churn,106,0.3451
regions you,164,0.3449
not different,175,0.3448
platform today,104,0.3445
structure are,197,0.3443
mentioned maybe,105,0.3442
started but,100,0.3437
helped our,137,0.3436
allowing you,109,0.3433
partners but,171,0.3433
conservative our,119,0.343
terms operating,149,0.3429
economics you,141,0.3428
half get,136,0.3427
goes you,190,0.3426
yes continue,216,0.3426
well its,116,0.3422
how customers,384,0.3422
but talking,118,0.3421
ago our,740,0.3419
launch but,150,0.3418
overall adjusted,105,0.3416
being today,107,0.3416
opex you,112,0.3415
you make,1175,0.3412
you example,420,0.3408
out start,143,0.3408
was based,345,0.3408
not incremental,101,0.3406
great all,312,0.3406
has high,213,0.3404
you evaluate,101,0.3404
stay are,103,0.34
you happy,223,0.3397
adjusted revenue,417,0.3396
look both,210,0.3393
features our,153,0.3391
one after,101,0.3391
transaction but,116,0.3391
roughly our,436,0.339
new opportunity,217,0.339
doing can,149,0.3389
great look,194,0.3389
see top,132,0.3387
our special,114,0.3386
work these,158,0.3383
well impact,243,0.3383
out first,476,0.3383
full same,104,0.3382
half increase,120,0.3382
all working,147,0.3376
not single,154,0.3372
expect even,122,0.337
item our,100,0.3368
date but,197,0.3368
points share,157,0.3367
adding our,263,0.3367
impact all,285,0.3359
had bit,151,0.3358
growth believe,395,0.3357
but long,470,0.3357
out point,173,0.3356
generation over,129,0.3355
number has,146,0.3355
strategy but,314,0.3354
our retention,315,0.3354
returned our,131,0.335
specifically our,470,0.3346
had around,124,0.3346
half any,137,0.3345
kind opportunity,129,0.3345
but good,872,0.3344
here see,233,0.3342
time see,464,0.3339
markets new,255,0.3338
well how,495,0.3337
headwind our,303,0.333
you bringing,240,0.3328
can impact,296,0.3326
shareholders our,574,0.3324
take last,167,0.3322
down right,170,0.3321
terms net,153,0.3321
ahead see,209,0.3319
time talk,117,0.3317
sure was,255,0.3313
make all,205,0.3313
had over,518,0.3313
mix sales,114,0.3311
enrollment our,122,0.331
billion gaap,111,0.3309
was was,1696,0.3308
board are,203,0.3307
but working,248,0.3306
closed our,264,0.3304
over again,359,0.3303
improvement sales,103,0.3302
right again,121,0.3302
product product,166,0.3302
not related,183,0.3302
within last,122,0.3302
lot around,125,0.3301
kind price,120,0.3301
overall strong,130,0.33
both third,117,0.33
but mentioned,356,0.3299
improvement continue,118,0.3297
innovation our,631,0.3297
country you,156,0.3296
start end,116,0.3292
mentioned second,121,0.329
model our,884,0.3289
our holiday,111,0.3289
scale can,123,0.3285
terms data,118,0.3284
our plant,161,0.3282
impact management,118,0.3282
efficiencies you,210,0.3277
include our,404,0.3274
focus across,106,0.3272
delivered our,722,0.3271
data products,104,0.3269
general but,104,0.3268
typically are,147,0.3267
kind new,416,0.3265
early last,112,0.3265
flow back,128,0.3262
second terms,151,0.3257
net capital,242,0.3256
opportunities expect,135,0.3254
lot here,118,0.3253
time these,384,0.3252
our training,133,0.3252
being good,154,0.325
after one,100,0.3248
better other,111,0.3248
based those,166,0.3242
years well,262,0.3241
are roughly,208,0.324
you use,720,0.324
strategy not,207,0.324
platform but,337,0.3239
not made,152,0.3235
higher had,161,0.3234
measures our,408,0.3233
growth record,196,0.3232
moved our,132,0.3229
you stay,169,0.3228
offering our,364,0.3228
driven basis,143,0.3228
cycles you,106,0.3225
here continue,202,0.3223
you investing,279,0.3222
are far,272,0.3221
prior cash,160,0.3214
group was,120,0.3212
globally our,172,0.3207
our capacity,974,0.3205
enterprise growth,127,0.3205
prior results,113,0.3205
maybe higher,169,0.3204
well want,213,0.3202
looking new,264,0.3202
point any,132,0.3201
earnings during,113,0.3201
our last,3381,0.3199
december our,367,0.3199
out looking,179,0.3197
growth expand,140,0.3192
plan well,115,0.319
here expect,170,0.319
percentage was,121,0.319
value approximately,118,0.3189
our video,115,0.3188
prior higher,116,0.3184
growth our,8558,0.3184
kind forward,191,0.3183
data can,317,0.3178
support now,161,0.3177
good one,453,0.3176
find our,250,0.3176
spot you,129,0.3174
guidance same,105,0.3174
well talked,121,0.3172
workflows our,103,0.3169
rate first,307,0.3167
driven approximately,107,0.3166
see price,184,0.3165
our services,1025,0.3162
customers today,229,0.316
focus new,191,0.3158
total share,156,0.3158
lower second,135,0.3153
last day,103,0.3152
now done,106,0.3151
base are,421,0.315
markets you,1416,0.315
trends our,650,0.315
nature you,132,0.3145
systems but,121,0.3143
good growth,901,0.3142
points end,136,0.314
week are,175,0.3139
expected but,403,0.3137
between sales,104,0.3135
trends over,147,0.3134
higher first,343,0.3133
benefit over,183,0.3127
time those,375,0.3112
industry not,215,0.3112
see getting,109,0.3107
flows our,218,0.3104
level has,125,0.3103
partners our,701,0.31
done not,110,0.3099
possible our,243,0.3097
doing not,158,0.3096
see doing,131,0.3095
say looking,102,0.3095
new expansion,159,0.3093
results revenue,378,0.3088
indicated you,118,0.3084
decade you,106,0.3083
good how,429,0.3082
last still,165,0.3081
received our,222,0.3081
was within,270,0.308
our longer,503,0.308
result revenue,107,0.3079
setting our,158,0.3076
times you,405,0.3076
give good,102,0.3075
realize our,112,0.3072
cycles our,131,0.3069
wins you,193,0.3068
opportunities not,218,0.3068
happened you,108,0.3066
critical our,336,0.3066
number kind,116,0.3065
looking little,122,0.3064
versus billion,106,0.3062
trends but,154,0.3062
volatility our,244,0.3061
now start,220,0.3061
centers you,264,0.3061
all asset,101,0.3061
you you,21764,0.3059
not coming,208,0.3058
now can,756,0.3056
system are,318,0.3056
months are,491,0.3054
solid over,105,0.3049
got out,138,0.3048
time maybe,241,0.3046
today management,144,0.3041
growth improve,169,0.3041
how team,176,0.304
program can,145,0.304
products these,177,0.3039
maybe lower,115,0.3038
both prior,112,0.3037
data both,148,0.3036
you either,217,0.3026
guys first,125,0.3025
bit little,148,0.3024
our cap,135,0.3022
earlier our,781,0.3017
report are,124,0.3016
not including,241,0.3014
milestones our,118,0.3013
say good,198,0.3012
highlight you,172,0.3004
right say,143,0.3003
yes kind,155,0.3
factors you,390,0.3
around high,107,0.2999
kind right,219,0.2997
point lot,117,0.2994
products those,174,0.2994
engine our,161,0.2994
seeing other,163,0.2994
earnings impact,153,0.2993
again get,114,0.299
clients our,620,0.2984
but different,255,0.2983
how inventory,100,0.2983
prior had,107,0.2983
suppliers our,104,0.2983
part those,151,0.2982
maybe want,122,0.2982
content growth,118,0.2982
second revenue,442,0.2982
direction our,135,0.2978
success you,359,0.2978
our head,252,0.2978
month was,122,0.2978
stage are,113,0.2971
saw through,101,0.2968
you given,918,0.2966
was end,590,0.2965
but continuing,144,0.2964
time open,111,0.2964
was getting,182,0.2961
point kind,148,0.2961
these kind,313,0.296
before not,173,0.2958
initiatives first,102,0.2956
important new,147,0.2955
began our,109,0.2954
segments you,337,0.2952
acquisitions you,312,0.2951
got billion,118,0.2947
system was,145,0.2943
our mind,198,0.2942
now john,107,0.2941
push you,105,0.294
markets seeing,109,0.2938
date now,122,0.2938
our conservative,115,0.2937
growth operating,665,0.2936
rate net,174,0.2935
well sort,144,0.2932
sales are,1626,0.2931
closing our,465,0.2926
training our,130,0.2923
our large,1116,0.2922
value now,314,0.2921
perspective first,100,0.2921
anticipate growth,100,0.2918
say second,151,0.2915
countries you,134,0.2915
since was,153,0.2914
back around,135,0.2912
growth private,104,0.2912
today say,135,0.2907
now see,671,0.2899
well across,315,0.2898
strong prior,149,0.2889
help but,216,0.2889
are real,369,0.2888
but opportunity,351,0.2884
our occupancy,179,0.2881
process you,576,0.2877
pipeline can,131,0.2876
time terms,185,0.2872
range capital,123,0.2869
our annualized,202,0.2863
great get,157,0.2863
one sort,150,0.2862
given new,162,0.2861
good people,103,0.2857
first provide,146,0.2855
requirements our,145,0.2855
network but,122,0.2853
expected growth,414,0.2851
our geographies,114,0.2851
margin around,179,0.2849
maybe around,126,0.2847
those expenses,110,0.2845
guess not,129,0.2845
again both,106,0.2843
performance results,147,0.2842
see high,257,0.2838
folks you,106,0.2835
items our,399,0.2832
well take,196,0.2831
over including,340,0.2826
are good,1701,0.2824
growth retail,146,0.2824
growth businesses,158,0.2824
david you,564,0.2821
see full,326,0.2818
here end,135,0.2817
move over,194,0.2809
based all,210,0.2804
full still,122,0.2803
but based,356,0.2803
years right,162,0.28
was different,234,0.28
out want,167,0.2799
growth greater,101,0.2798
growth specifically,113,0.2796
actions you,371,0.2795
versus those,135,0.2793
ever our,243,0.2787
portfolio can,249,0.2786
deliver all,119,0.2785
initiatives new,101,0.2783
increase ebitda,115,0.2781
these core,111,0.278
environment was,211,0.2779
assets not,170,0.2777
capabilities now,100,0.2775
progress first,148,0.2773
see you,3500,0.2769
shipments our,174,0.2764
down total,109,0.2763
point forward,113,0.2759
relevant our,116,0.2759
was ask,138,0.2757
deployed our,128,0.2753
say say,102,0.2752
sheet but,171,0.275
term results,163,0.2745
higher product,163,0.2744
growth enterprise,123,0.2743
don not,212,0.2741
got full,104,0.2739
flat growth,125,0.2735
share driven,166,0.2734
fourth well,201,0.2728
lower had,107,0.2727
one actually,132,0.2726
ebitda end,139,0.2723
full now,375,0.2722
third second,132,0.2717
points growth,418,0.2717
revenue consistent,105,0.2717
results now,347,0.2708
lower earnings,125,0.2706
shift but,103,0.2706
here was,376,0.2704
conditions our,319,0.2703
talked these,107,0.2703
position but,206,0.2702
level can,170,0.2701
gross revenue,258,0.2695
structure our,388,0.2694
understand but,124,0.2694
well further,131,0.2693
growth well,990,0.2692
peter you,187,0.2688
ecosystem our,207,0.2687
our lean,107,0.2687
you details,228,0.2685
basis fourth,125,0.2685
growth following,105,0.2683
continue talk,126,0.2681
fourth cash,163,0.2681
you found,110,0.2681
levels over,164,0.2676
contract but,109,0.2675
although our,166,0.2673
down both,147,0.2673
times our,492,0.2672
expected see,215,0.2672
over double,131,0.2668
our property,263,0.2668
day continue,116,0.2667
model all,119,0.2661
kind said,123,0.266
rate impact,122,0.266
loan was,160,0.2659
are primarily,436,0.2657
our embedded,169,0.2654
customers turn,111,0.2654
only has,108,0.2649
base new,120,0.2646
portfolio billion,140,0.2646
yes see,234,0.2641
beginning are,178,0.2641
second here,137,0.2641
provide our,1013,0.2639
again first,215,0.2638
resources our,211,0.2635
growth obviously,313,0.2635
one talked,122,0.2632
july you,164,0.2632
now since,103,0.2631
customers new,433,0.2627
now delivered,105,0.2626
results all,319,0.2626
off one,110,0.2624
want maybe,119,0.2623
both net,186,0.2623
revenue ago,113,0.2623
improved revenue,123,0.2618
meaningfully our,142,0.2617
fourth maybe,116,0.2617
scale now,122,0.2615
capabilities but,155,0.2614
look right,220,0.2614
partnerships our,224,0.2612
back prior,117,0.2611
guidance segment,104,0.2608
returning our,123,0.2606
clear but,131,0.26
through same,133,0.26
net cost,183,0.2598
but part,325,0.2596
trial are,139,0.2596
piece are,110,0.2595
momentum now,128,0.2592
control our,356,0.2592
today maybe,166,0.259
those core,108,0.2586
now how,597,0.2585
expected sales,163,0.2584
quarters over,189,0.258
guidance down,161,0.2574
great say,116,0.2573
are ultimately,129,0.2568
sort see,154,0.2562
challenges you,201,0.2562
point now,258,0.256
improve but,156,0.256
frankly our,137,0.256
our government,323,0.2556
excess our,164,0.2553
scale are,385,0.2552
mean has,124,0.2547
look good,303,0.2547
essentially you,118,0.2545
our legal,113,0.2543
rate had,137,0.2539
things over,375,0.2537
congrats you,157,0.2535
over after,172,0.2535
any better,102,0.2534
opportunities those,143,0.2534
said first,204,0.2532
looking data,112,0.2532
component you,131,0.2531
one core,125,0.253
basis during,104,0.2529
make one,173,0.2529
capacity can,136,0.2525
part has,142,0.2524
but relative,114,0.2524
attributable our,107,0.2522
options you,140,0.2519
world you,540,0.2519
time during,142,0.2518
let not,185,0.2518
you nice,243,0.2517
benefit first,110,0.2515
good pricing,131,0.2515
weeks are,135,0.2513
ask but,146,0.2513
deliver revenue,134,0.2512
get bit,158,0.2505
out within,113,0.2502
look most,117,0.2498
investment has,130,0.2495
including full,109,0.2487
time based,149,0.2483
volatility are,113,0.2482
website you,250,0.248
coming well,151,0.248
factors our,470,0.248
income other,117,0.2478
seeing data,129,0.2478
environment these,102,0.2478
was turning,144,0.2478
you raise,105,0.2477
base not,132,0.2474
positive over,230,0.247
inflation are,136,0.247
segment basis,101,0.2463
including but,349,0.2459
inc not,104,0.2458
components you,134,0.2456
you acquired,153,0.245
comments was,106,0.2441
success but,103,0.244
look any,212,0.2439
but management,454,0.2439
developed our,122,0.2437
believe get,109,0.2436
future these,132,0.2436
leaders our,101,0.2436
was driving,177,0.2435
industry well,155,0.2433
its revenue,146,0.2431
get take,117,0.2429
second increased,151,0.2429
well strong,361,0.2428
other third,123,0.2424
but fully,102,0.2422
time focused,108,0.2422
ebitda both,119,0.2416
see maybe,297,0.2415
but ask,145,0.2414
businesses you,492,0.2409
one terms,220,0.2406
our equipment,366,0.2405
our detailed,138,0.2404
points both,113,0.2402
revenue momentum,134,0.2399
growth date,193,0.2398
price sales,133,0.2389
only good,107,0.2389
look gross,137,0.2388
after new,107,0.2388
outlook these,117,0.2387
out most,128,0.2386
gains our,385,0.2385
was benefit,170,0.2378
these cost,241,0.2378
end full,190,0.2378
pleased growth,149,0.2376
customers has,313,0.2375
sales continued,148,0.2374
our general,410,0.2371
but come,279,0.237
you spot,122,0.2369
products now,235,0.2368
overall look,115,0.2368
fiscal but,276,0.2367
period but,281,0.2365
faster our,339,0.2365
our stated,316,0.2364
well good,409,0.236
through again,149,0.2359
potential revenue,160,0.2358
talked those,103,0.2355
strategies our,213,0.2354
through lower,158,0.2349
grew our,741,0.2348
cash gross,152,0.2348
demand see,244,0.2347
interest look,100,0.2343
phase our,541,0.2339
seeing all,284,0.2333
looking these,191,0.2331
are forecast,112,0.2327
during expect,133,0.2324
solution are,144,0.2324
you deploy,122,0.2322
over place,119,0.2321
revenue including,234,0.2321
opportunity share,127,0.232
out impact,182,0.2319
has large,112,0.2315
target was,129,0.2312
need those,130,0.2307
cost approximately,123,0.2302
our human,100,0.2301
cloud growth,107,0.2299
our productivity,420,0.2297
advanced our,342,0.2296
point second,135,0.2293
see few,112,0.2291
sales same,130,0.229
margins how,130,0.2288
first before,148,0.2285
execution are,315,0.2281
parts you,214,0.228
again our,1477,0.2278
well long,219,0.2278
kind got,115,0.2275
end here,130,0.2273
even continue,134,0.2269
good level,119,0.2267
are direct,208,0.2267
half can,250,0.2266
number you,1035,0.2261
opportunity those,152,0.2255
you hold,122,0.2255
april are,144,0.2253
are factors,223,0.2251
take these,172,0.2251
you mean,929,0.225
other financial,194,0.225
back maybe,166,0.225
guide are,216,0.2248
day all,138,0.2248
level one,141,0.2247
portfolio over,371,0.2247
fourth now,247,0.2246
higher per,140,0.2237
terms cash,169,0.2236
expect production,101,0.2235
comp you,181,0.2232
kind through,273,0.223
was real,162,0.2229
those top,100,0.2227
size you,248,0.2227
through full,239,0.2226
bit second,171,0.2225
see all,592,0.2224
operation our,103,0.2223
capacity over,206,0.2223
last again,145,0.2219
part you,1063,0.2216
experience now,106,0.2213
clear our,535,0.2212
taking these,111,0.2209
certainly you,556,0.2206
see expansion,138,0.2205
growth consumer,197,0.2202
compared our,1389,0.2201
opportunities our,1296,0.2201
well does,102,0.2199
today great,148,0.2199
investments you,905,0.2198
segment now,202,0.2198
revenue same,208,0.2194
benefit not,120,0.2192
forward want,109,0.2191
possible are,110,0.219
can pretty,134,0.219
doing over,212,0.2184
guidance had,161,0.2182
look long,159,0.2174
now taking,154,0.2173
half back,126,0.2172
end still,124,0.2169
work now,202,0.2168
demand right,140,0.2166
focus these,137,0.2163
our effort,126,0.2162
all activity,110,0.2162
view was,106,0.2156
lot driven,119,0.2155
progress new,142,0.2145
pleased are,283,0.2145
deployment our,242,0.2141
not good,533,0.2139
work can,194,0.2137
our growth,7958,0.2135
see our,4184,0.2134
billion expected,131,0.2127
service our,922,0.2124
america are,282,0.2123
results seeing,137,0.2123
lot say,118,0.2123
rate here,103,0.2122
kind focus,106,0.2121
effects our,100,0.2121
target you,460,0.2121
look guidance,212,0.2118
our risk,741,0.2118
point look,144,0.2117
strategy our,1209,0.2117
had years,134,0.2117
due net,107,0.2116
mix revenue,169,0.2113
can feel,119,0.2113
was plus,113,0.211
good say,186,0.211
right long,138,0.211
talking our,452,0.2109
space was,125,0.2108
made first,126,0.2107
mentioned other,106,0.2107
you build,621,0.2104
talked all,132,0.2104
similar you,354,0.2099
months not,151,0.2099
three these,115,0.2096
season our,253,0.2093
billion second,214,0.2092
over second,583,0.2091
meaningful over,115,0.2086
you interesting,145,0.2086
again how,174,0.2082
talent our,147,0.2082
allowing our,124,0.2082
today based,103,0.2079
capacity now,137,0.2078
but meaningful,121,0.2076
exit our,128,0.2076
calendar you,107,0.2075
out got,129,0.2075
development was,194,0.2075
including through,143,0.2074
savings our,373,0.2066
through expect,308,0.2064
well kind,322,0.2064
product out,212,0.2057
expected operating,124,0.2056
increase expected,102,0.2055
expect mix,101,0.2053
see moving,100,0.2053
margin obviously,119,0.2052
maybe point,114,0.2051
demand these,199,0.2049
weeks you,217,0.2044
first continued,205,0.2044
focus cash,121,0.2043
well saw,113,0.204
has focus,130,0.2038
sales related,106,0.2034
through product,220,0.2033
but make,318,0.2032
are paid,113,0.203
out had,202,0.2029
not sort,179,0.2029
start back,100,0.2029
well support,117,0.2027
areas growth,138,0.2025
last including,140,0.2021
out look,267,0.2019
opportunities new,182,0.2012
before are,493,0.2009
but another,178,0.2007
get lower,113,0.2007
results but,518,0.2005
those type,176,0.2003
kind part,111,0.1999
activities our,228,0.1994
our design,297,0.1993
was including,314,0.1992
activity new,110,0.199
period over,260,0.1988
products our,1505,0.1988
was organic,146,0.1988
outlook you,833,0.1986
lot kind,179,0.1981
time industry,128,0.1978
day new,137,0.1972
points was,352,0.1969
well mentioned,163,0.1968
november you,112,0.1968
capacity well,107,0.1967
date revenue,121,0.1965
retail was,122,0.1964
overall was,283,0.1963
well drive,133,0.1962
see patients,101,0.1962
revenues now,104,0.196
see start,176,0.1958
top all,128,0.1958
terms second,138,0.1958
loans but,115,0.1958
services can,138,0.1956
our five,497,0.1955
see already,111,0.1954
off first,119,0.1954
how take,184,0.1952
lot cash,205,0.195
today well,273,0.1948
doing are,444,0.1945
projects you,469,0.1942
experience but,163,0.1938
channel growth,138,0.1935
portfolio not,254,0.1934
well early,124,0.1932
leader our,141,0.1928
new capital,384,0.1926
are down,975,0.1926
shareholders you,417,0.1925
day not,152,0.1923
here all,226,0.1918
need all,165,0.1917
margins these,116,0.1916
margin product,215,0.1909
well important,115,0.1908
our sector,173,0.1907
guidance continue,274,0.1906
capacity not,141,0.1906
partnership our,292,0.1904
sheet are,326,0.1899
our opening,170,0.1899
focused growth,255,0.1898
flow down,101,0.1897
engagement are,168,0.1895
those related,113,0.1895
new segment,185,0.1891
level sales,110,0.1891
category you,312,0.189
growth increased,448,0.1885
full rate,147,0.1885
back first,330,0.188
out being,128,0.1879
how opportunity,164,0.1878
growing but,224,0.1875
you measure,101,0.1873
expansion cash,100,0.1873
time point,165,0.1873
growth industry,311,0.1867
mix those,111,0.1865
growth further,258,0.1859
believe you,1141,0.1859
markets revenue,261,0.1858
lot product,145,0.1858
well yeah,155,0.1857
term here,114,0.185
got through,132,0.1848
our resilience,108,0.1846
ebitda operating,131,0.1844
margin opportunities,125,0.1842
guidance are,1145,0.1836
out make,127,0.1835
approximately share,157,0.1834
third but,365,0.1831
time kind,270,0.183
inflation you,216,0.1829
inc are,303,0.1828
our regulatory,365,0.1826
including all,197,0.1824
exposure you,207,0.1824
growth starting,144,0.1823
are associated,136,0.1819
looking good,178,0.1819
expectations our,866,0.1818
revenue share,451,0.1816
recovery our,261,0.1816
model one,100,0.1816
fast you,135,0.181
expansion has,107,0.1809
customers those,310,0.1807
better operating,103,0.1806
now everyone,121,0.1804
use one,102,0.1802
portfolio look,139,0.1793
benefits you,397,0.1792
performance want,103,0.1791
are highest,128,0.1789
revenue turning,100,0.1789
traffic our,206,0.1788
months these,102,0.1786
platform customers,118,0.1785
our value,1908,0.1783
versus our,1167,0.1779
was reduction,101,0.1779
guidance operating,187,0.1778
looking both,116,0.1776
first sales,442,0.1775
well still,183,0.1774
our seasonal,178,0.1773
forward see,268,0.1768
excited not,105,0.1766
customers over,649,0.1765
new fiscal,158,0.1764
time lot,212,0.1764
our channel,546,0.1764
ultimately are,122,0.1763
through may,135,0.1761
understand was,108,0.1758
was delivered,144,0.1756
see inventory,101,0.1755
changes over,139,0.1751
our construction,294,0.1751
expect price,123,0.175
increased cash,173,0.1746
seen how,127,0.1745
strong end,227,0.1745
can mean,164,0.1742
other forward,157,0.1739
months you,744,0.1734
may end,106,0.1734
our shipments,162,0.1733
model you,635,0.1727
kind lower,128,0.1727
general are,189,0.1726
these strong,314,0.172
margin over,693,0.1719
makes our,273,0.1719
road you,108,0.1715
has further,107,0.1709
schedule our,108,0.17
segments our,386,0.1699
out versus,112,0.1699
look same,109,0.1696
half not,260,0.1693
earnings fourth,121,0.1691
term operating,174,0.1688
health our,438,0.1687
loyalty our,100,0.1685
room you,123,0.1685
can seen,155,0.1683
years see,258,0.1681
working you,744,0.168
actually was,217,0.1675
but improving,101,0.1674
off you,658,0.1674
brands our,435,0.1671
products all,207,0.167
look around,146,0.1668
loans over,107,0.1662
ramp you,273,0.166
above but,125,0.1659
portfolio right,120,0.1652
cash basis,224,0.1651
maybe terms,116,0.1651
additional margin,103,0.1651
out data,188,0.165
all pretty,124,0.165
how balance,128,0.1648
how volume,132,0.1648
but near,118,0.1647
product data,135,0.1646
but within,263,0.1644
operations revenue,123,0.1644
capital costs,109,0.1643
looking second,135,0.1642
down points,100,0.1636
tariffs you,343,0.1634
results can,310,0.1634
first versus,164,0.1631
states you,227,0.1629
way all,183,0.1629
you now,3745,0.1629
increase high,117,0.1626
how coming,142,0.1626
financial products,115,0.1625
still out,146,0.1622
through commercial,103,0.1619
our gaap,1188,0.1619
looking value,102,0.1615
last don,122,0.1612
second fourth,126,0.1612
out now,451,0.1612
fiscal cash,107,0.1611
share even,100,0.1609
expect range,127,0.1608
insights you,105,0.1605
leverage now,131,0.1604
profile you,264,0.1602
basis including,103,0.1602
but remains,164,0.16
delivery our,304,0.16
well seen,126,0.1598
look price,110,0.1597
moving over,167,0.1595
saw our,915,0.1589
our pace,262,0.1584
focus margin,119,0.1583
customers seeing,177,0.1583
win our,278,0.1583
sales both,212,0.1582
half all,229,0.158
proceeds our,147,0.1578
earnings compared,103,0.1578
forward not,319,0.1577
customers let,101,0.1576
capex you,315,0.1575
through maybe,214,0.1573
timing was,127,0.1572
performance cost,133,0.1568
see level,141,0.1567
program first,127,0.1567
margin both,209,0.1565
markets through,159,0.1565
platform all,177,0.1564
part not,201,0.156
least our,338,0.1559
first around,235,0.1557
impact product,124,0.1557
monetization our,112,0.1552
you sounds,139,0.1551
stores you,272,0.155
our hope,183,0.155
rates new,139,0.1547
dollars you,202,0.1544
our tools,265,0.1542
working now,140,0.154
you came,251,0.1539
one may,166,0.1537
you something,612,0.1537
pricing those,125,0.1536
actually can,142,0.1535
rate management,113,0.1532
come over,250,0.1531
one related,128,0.1528
hold you,116,0.1528
earlier first,100,0.1526
don all,173,0.1526
reductions our,152,0.1525
guidance believe,106,0.1524
account our,209,0.1523
our participation,128,0.1521
first outlook,143,0.1514
are competitive,254,0.1513
consider you,103,0.1512
speaking our,131,0.1511
today continue,254,0.1509
position not,126,0.1506
strong continued,129,0.1503
through number,123,0.1495
revenue delivered,103,0.1494
you sold,179,0.1494
guidance how,277,0.1494
point was,349,0.1493
impact forward,117,0.1492
customers way,119,0.1491
right said,102,0.149
not given,164,0.149
increased last,172,0.1487
journey our,142,0.1485
important growth,233,0.1482
bit down,129,0.1479
start but,309,0.1478
patrick you,111,0.1475
versus you,914,0.1465
level revenue,172,0.1463
well way,154,0.1463
need time,116,0.1463
margin management,176,0.1462
look today,193,0.146
activity not,118,0.1456
around lot,110,0.1456
before was,218,0.1454
rate now,292,0.1452
demand well,209,0.1452
around all,231,0.1449
segment first,179,0.1446
but consistent,142,0.1443
share due,112,0.1443
diversified our,126,0.1442
but end,571,0.1436
throughout you,372,0.1435
our traffic,201,0.1434
both lower,102,0.1432
past now,114,0.1427
contracts you,232,0.1426
first driven,240,0.1425
industry are,582,0.1422
available but,130,0.1417
function our,115,0.1417
get one,279,0.1415
markets see,206,0.1415
margin higher,212,0.1411
channel but,127,0.141
growth every,159,0.1408
period revenue,178,0.1407
identified our,114,0.1407
infrastructure are,255,0.1406
typically our,268,0.1404
full product,156,0.1404
continue future,129,0.1401
spend growth,128,0.14
did one,118,0.1399
our direction,121,0.1398
look you,2121,0.1397
said has,139,0.1396
days you,327,0.1392
approximately growth,424,0.1391
growth first,1073,0.139
you size,234,0.1389
but people,210,0.1386
look performance,169,0.1385
years through,193,0.1379
growth seeing,472,0.1373
was even,243,0.1373
expect cash,285,0.1372
first obviously,163,0.1372
out better,122,0.137
months see,119,0.1366
get but,529,0.1365
opportunities now,186,0.1365
well provide,111,0.1364
has part,131,0.1361
our materials,161,0.1357
see margins,134,0.1354
off our,804,0.1354
margins those,110,0.1351
years driven,107,0.1349
good yeah,132,0.1349
was after,155,0.1348
only can,138,0.1347
good obviously,121,0.1346
higher higher,151,0.1345
one want,196,0.1344
good two,167,0.1343
good early,105,0.1342
but help,194,0.134
productivity our,393,0.1338
end point,123,0.1338
once are,170,0.1335
forward well,237,0.1333
are live,120,0.1333
out are,1402,0.1332
two maybe,110,0.1329
terms value,100,0.1328
investments over,241,0.1328
earnings all,328,0.1328
last expected,147,0.1327
customers said,122,0.1326
second approximately,137,0.1326
was top,193,0.1325
joining are,218,0.1322
framework our,147,0.1322
all driving,104,0.1322
community are,108,0.1316
global growth,195,0.1315
points expect,147,0.131
well able,120,0.1309
during those,138,0.1306
set but,124,0.1305
expect margin,288,0.1303
until are,100,0.1303
throughout was,102,0.1301
full full,166,0.1299
rates now,146,0.1296
are favorable,163,0.1294
are middle,137,0.1292
back two,117,0.1289
well taking,114,0.1289
march our,365,0.1284
last continued,135,0.1281
recognized our,139,0.1281
well investments,127,0.1281
second believe,111,0.1278
view are,217,0.1275
forecast our,216,0.1275
has lower,153,0.1273
one brand,107,0.1273
growth investment,285,0.1271
our late,244,0.127
terms you,1299,0.1269
prior expect,139,0.1265
our lease,230,0.1265
now growing,137,0.1265
those cost,220,0.1265
third our,1472,0.1262
forecast are,104,0.1258
our tax,642,0.1258
sold our,220,0.1258
metrics our,300,0.1256
out third,142,0.1256
approach are,241,0.1255
week you,255,0.1254
things see,199,0.1252
efficiency but,134,0.1252
landscape our,119,0.1247
over operating,536,0.1243
down those,208,0.1243
pricing expect,110,0.1242
mentioned well,155,0.1241
margin driven,165,0.1238
talked our,884,0.1237
capital being,109,0.1234
now back,338,0.1233
customers industry,110,0.1233
half net,130,0.1231
care our,465,0.1229
segment but,296,0.1227
around time,165,0.1225
our expanding,407,0.1223
strategy through,114,0.1223
risk but,166,0.1222
growth now,1136,0.1221
little impact,116,0.1218
sheet our,645,0.1216
around second,131,0.1211
all core,128,0.1208
quarters our,759,0.1207
are little,956,0.1205
platform was,272,0.1205
although you,120,0.1202
day how,109,0.1201
day are,440,0.1201
points across,118,0.1198
important these,100,0.1196
markets today,112,0.1192
our economy,104,0.1191
take kind,124,0.1189
one its,104,0.1188
look see,343,0.1188
sales total,152,0.1187
seen our,1023,0.1185
change you,586,0.1183
our units,248,0.1176
out can,421,0.1172
another growth,176,0.117
pressures our,128,0.1168
over europe,100,0.1167
flow has,156,0.1164
capital including,115,0.1162
side first,155,0.1161
down how,229,0.1157
rate high,110,0.1153
decrease our,317,0.1152
first operating,334,0.1151
last overall,119,0.1147
right maybe,158,0.1143
platform how,146,0.1142
revenue free,148,0.1138
these same,131,0.1138
side our,1090,0.1138
was three,218,0.1137
confidence are,243,0.1136
maybe maybe,144,0.1129
out around,155,0.1123
doing one,109,0.1123
demand those,184,0.112
these sort,116,0.1117
first terms,228,0.1117
vision our,125,0.1116
closer you,119,0.1115
return our,596,0.1114
opportunities all,169,0.1114
overall share,108,0.1111
similar our,413,0.1111
consumer revenue,118,0.111
said now,198,0.111
talk new,140,0.1105
basis believe,101,0.1105
term still,104,0.1104
period continue,124,0.1103
you almost,209,0.11
headwinds our,305,0.1097
work you,987,0.1095
even you,861,0.109
both adjusted,152,0.109
time sort,108,0.1088
investments through,105,0.1085
our shared,179,0.1085
rates all,133,0.1082
over saw,200,0.1082
today all,302,0.1081
side one,136,0.1079
acquisition but,175,0.1077
environment all,119,0.1074
you how,2829,0.107
well expect,343,0.1069
years those,203,0.1067
growth ahead,340,0.1066
sales opportunities,120,0.1065
sort out,102,0.1063
additional time,102,0.1061
share those,286,0.1061
forward lot,130,0.1056
performance strong,175,0.1052
our folks,117,0.1048
related how,118,0.1046
one great,236,0.1043
strong both,189,0.1036
priorities our,252,0.1035
all mean,150,0.1034
performance but,449,0.1029
coming those,123,0.1027
well positive,110,0.1024
impact maybe,120,0.1023
second operating,189,0.1021
strong continue,314,0.1018
our other,2273,0.1017
results financial,159,0.1016
you joseph,116,0.1015
during continue,144,0.1015
those don,128,0.101
increased product,117,0.1008
investments growth,260,0.1006
you operate,141,0.1
last looking,157,0.1
performance are,906,0.0997
well mix,116,0.0994
growth long,418,0.0991
products has,147,0.099
savings you,277,0.0984
operations our,728,0.0981
range you,1005,0.098
well any,262,0.0979
patients all,101,0.0977
standpoint our,247,0.0975
our security,248,0.0974
management operating,136,0.0972
our anticipated,338,0.0969
first increased,239,0.0969
platform these,132,0.096
bit demand,111,0.0956
all assets,133,0.0955
investments cash,101,0.0952
revenues but,152,0.0951
kind make,105,0.0948
moment you,243,0.0944
products full,104,0.0941
our coverage,200,0.0938
good value,190,0.0938
due time,123,0.0937
but made,195,0.0932
general you,297,0.0931
not work,193,0.0923
higher ebitda,110,0.0922
range was,277,0.092
inventory but,173,0.0919
basis continue,251,0.0918
see customers,355,0.0917
you visibility,216,0.0916
but talked,206,0.091
channel was,114,0.091
revenue number,190,0.091
don but,281,0.0909
applications our,265,0.0904
finance you,147,0.0901
pace you,200,0.0899
last sort,103,0.0899
get great,137,0.0897
all seen,141,0.0897
even new,151,0.0896
difference our,133,0.0881
our real,666,0.088
our auto,214,0.0878
guidance you,1779,0.0878
our contracts,279,0.0877
decline our,503,0.0876
sites you,114,0.0874
performance financial,146,0.0872
net margin,236,0.087
end believe,105,0.0865
margins now,150,0.0864
last has,301,0.0864
acquisition now,110,0.0862
customers our,2692,0.0858
profile are,151,0.0858
how progress,109,0.0856
look take,125,0.0856
out time,287,0.0853
kind say,137,0.0853
last maybe,200,0.085
are people,409,0.0844
generally you,201,0.0843
services but,208,0.084
our sustained,162,0.0838
yes all,221,0.0831
volume well,125,0.0829
between growth,221,0.0829
revenue net,384,0.0827
years can,271,0.0826
sales sales,292,0.0825
products get,102,0.0824
before these,103,0.0823
all let,146,0.0821
are out,1353,0.0819
see grow,112,0.0817
ultimately our,237,0.0816
share value,160,0.0813
you lot,1557,0.081
well during,148,0.0809
our acquisitions,336,0.0809
term terms,112,0.0807
growth increase,472,0.0807
you press,305,0.0806
believe see,174,0.0803
growth still,357,0.0802
was right,491,0.08
results management,117,0.08
all focused,133,0.0797
years down,119,0.0796
but may,300,0.0795
was fiscal,230,0.0794
basis full,161,0.0789
release are,218,0.0788
april you,216,0.0787
integration our,312,0.0785
bit over,432,0.0779
platform our,1192,0.0777
take now,216,0.0777
can increase,276,0.0776
potential continue,102,0.0774
all investments,144,0.077
okay was,153,0.0764
services now,132,0.0763
first first,584,0.0763
results through,200,0.0762
capacity new,117,0.0762
program not,134,0.0762
program how,101,0.0759
potential first,126,0.0758
results expect,193,0.0757
growth pipeline,193,0.0757
look continue,291,0.0757
management share,152,0.0756
driven lot,108,0.0755
our energy,471,0.0752
had basis,143,0.0749
portfolio strong,137,0.0747
half sales,154,0.0747
over per,404,0.0747
outlook our,955,0.0746
but sequentially,111,0.0746
continuing our,518,0.0745
fourth both,101,0.0744
october our,164,0.0743
are part,578,0.0742
basis third,106,0.0741
increase first,267,0.0737
network are,213,0.0733
was same,258,0.073
our maintenance,170,0.0728
focus can,166,0.0726
second maybe,163,0.072
revenue lower,227,0.0719
revenue revenue,752,0.0718
are front,170,0.0718
guidance maybe,153,0.0717
past are,344,0.0717
number not,184,0.0715
third cash,138,0.0713
well number,139,0.0711
see gross,183,0.0711
down expect,180,0.0708
growth move,185,0.0706
demand out,160,0.0704
believe all,185,0.0703
couple new,109,0.07
customers overall,108,0.0695
over consistent,128,0.0689
through last,285,0.0688
these price,129,0.0685
discussion you,135,0.0684
time continued,134,0.0679
growth guess,175,0.0675
our case,319,0.0673
half cost,104,0.0669
implemented our,100,0.0665
all non,169,0.0665
our analytics,100,0.0661
see can,553,0.0661
right still,108,0.066
revenue remains,104,0.0658
you sorry,140,0.0656
product but,475,0.0651
products you,1098,0.065
play our,280,0.065
performance net,150,0.0646
are low,381,0.0645
first maybe,284,0.0645
well seeing,215,0.0641
still higher,100,0.064
you received,150,0.0636
not build,111,0.0636
see supply,105,0.0635
how expect,332,0.0631
value out,170,0.063
trend are,161,0.063
markets look,130,0.0627
products revenue,221,0.0627
established our,118,0.0622
businesses our,543,0.0621
was focused,207,0.0621
june are,121,0.0619
over incremental,119,0.0619
now people,127,0.0614
mentioned first,176,0.0611
mentioned how,148,0.0608
growth positive,223,0.0607
industry growth,285,0.0607
resulted our,123,0.0606
our card,156,0.0606
fiscal over,232,0.0605
how being,145,0.0604
balances our,132,0.0598
impact other,129,0.0594
over new,922,0.0588
good had,200,0.0588
programs our,417,0.058
margin earnings,219,0.058
international was,115,0.0576
first continue,466,0.0572
but couple,181,0.0572
our analysis,174,0.057
run our,460,0.0569
february our,195,0.0567
allow our,191,0.0565
forward are,905,0.0564
ahead guidance,100,0.0555
based sales,128,0.0553
now talk,144,0.0551
but things,344,0.0548
our visibility,263,0.0545
results two,103,0.0545
capital through,246,0.0544
but down,438,0.0542
earnings performance,141,0.0542
well are,1646,0.054
margin high,165,0.054
strong over,599,0.0539
growth software,100,0.0535
not real,103,0.0535
asking our,105,0.0535
but these,743,0.0529
kind point,125,0.0525
primarily new,111,0.0524
all taking,127,0.0524
through investments,101,0.0524
our experience,620,0.0524
points sales,144,0.0523
pick you,101,0.0523
you spend,386,0.0523
obviously but,258,0.0521
lower first,197,0.0521
profitability are,255,0.052
back fourth,107,0.052
growth let,254,0.052
again second,106,0.052
calendar our,120,0.0518
down net,150,0.0517
now all,609,0.0516
income cash,129,0.0515
risk not,105,0.0511
january are,128,0.0506
andrew you,244,0.0502
good don,121,0.0502
increase end,146,0.0501
positions our,139,0.05
how support,105,0.0498
mean continue,118,0.0497
digits you,247,0.0497
get rate,132,0.0495
term how,242,0.0495
are strong,1271,0.0488
facility are,167,0.0487
continued through,130,0.0484
see new,531,0.0484
future are,508,0.0476
leverage all,112,0.0475
growth side,260,0.0474
point back,109,0.0473
are large,454,0.0473
being well,144,0.0472
back looking,114,0.047
growth spend,120,0.0469
future expect,102,0.0468
not right,343,0.0465
space over,114,0.0465
out both,189,0.0464
all interest,141,0.0462
assets now,139,0.046
last operating,221,0.0457
part capital,101,0.0453
maybe share,177,0.0451
investments those,108,0.045
our finance,178,0.045
today was,455,0.0437
things how,171,0.0436
over addition,108,0.0433
providing our,312,0.0433
testing our,154,0.043
today around,111,0.0429
again has,136,0.0429
years was,399,0.0428
strong portfolio,134,0.0428
adjusted margin,208,0.0427
share now,386,0.0425
capability you,126,0.0421
capacity our,803,0.042
better first,168,0.0416
grow new,118,0.0414
guidance can,315,0.0413
both strong,181,0.0412
things all,201,0.0411
expecting you,187,0.0406
platform not,184,0.0405
balance those,106,0.04
but key,218,0.0398
both demand,112,0.0396
levels you,495,0.0394
say these,171,0.0393
growth due,290,0.0392
our learning,110,0.0389
out end,215,0.0389
see interest,131,0.0385
you best,520,0.0384
better how,141,0.0384
footprint you,179,0.0382
results terms,105,0.0378
february you,154,0.0373
solutions was,161,0.037
you changing,112,0.037
points but,339,0.0369
you launched,218,0.0368
term data,127,0.0367
work how,140,0.0367
volatility you,162,0.0363
are completed,141,0.0361
customers maybe,181,0.0357
base you,576,0.0357
point higher,103,0.0353
are high,794,0.0352
plan not,125,0.0351
markets how,174,0.0351
several our,528,0.035
working but,202,0.0346
but positive,209,0.0345
marketplace our,235,0.0345
less was,117,0.0345
costs those,125,0.0345
expect over,617,0.0344
news our,149,0.0343
customers end,205,0.0343
our actions,391,0.0341
pricing not,169,0.0339
share our,2523,0.0339
financial management,129,0.0336
part look,102,0.033
all product,274,0.0329
way one,149,0.0328
see margin,365,0.0326
press you,295,0.0325
set our,486,0.0324
customers demand,149,0.0318
lot higher,133,0.0316
step our,363,0.0315
center but,117,0.0314
back had,138,0.0314
well one,421,0.0309
any customer,125,0.0308
story our,136,0.0307
expect terms,147,0.0305
cash total,139,0.0305
not high,260,0.0303
including first,179,0.0302
half has,156,0.0301
but number,269,0.0298
our texas,117,0.0297
range first,170,0.0295
demand expect,156,0.0289
our packaging,111,0.0288
our projected,209,0.0286
programs you,327,0.0284
true you,109,0.0283
now had,282,0.0281
not driving,109,0.028
services all,118,0.0277
volume new,143,0.0275
quickly are,143,0.0275
percentage over,101,0.027
focus first,156,0.0269
solution our,259,0.0266
margin expect,268,0.0265
our work,1164,0.0264
early first,131,0.0261
impacts you,187,0.0255
guidance guidance,162,0.0254
growth efficiency,131,0.0252
well large,111,0.025
provide you,687,0.0247
but large,221,0.0246
done you,456,0.0241
progress you,700,0.0239
scale over,154,0.0236
how all,469,0.0235
you others,164,0.0233
related one,117,0.0232
compared cash,118,0.0231
performance now,271,0.0228
today forward,133,0.0227
increase capital,156,0.0227
timing you,418,0.0226
november our,124,0.0225
was during,263,0.0222
right end,168,0.0219
get other,158,0.0218
you updates,112,0.0215
better you,934,0.0214
generated our,305,0.0214
today our,2022,0.0211
good part,122,0.0208
opportunity has,128,0.0205
momentum but,170,0.0203
models you,200,0.0199
seen has,100,0.0199
end maybe,153,0.0194
model was,158,0.0192
around any,112,0.0183
one mean,126,0.0183
everyone our,711,0.0182
expect ebitda,143,0.0179
technology but,222,0.0176
part well,138,0.0176
right well,254,0.0173
come new,143,0.0172
are largest,161,0.0169
those being,127,0.0166
website our,266,0.0164
september our,237,0.0159
but start,282,0.0159
are done,273,0.0156
ecosystem you,139,0.0153
back our,2062,0.0152
inventory not,109,0.0152
happy you,178,0.0145
start our,1181,0.0135
are too,155,0.013
drive these,107,0.0129
our media,351,0.0127
happen are,104,0.0126
channels you,162,0.0126
expect high,157,0.0124
categories our,255,0.0122
technology well,111,0.0115
kind little,156,0.0113
time non,118,0.0112
options our,148,0.0109
you focusing,102,0.0105
our normalized,113,0.0102
operational revenue,107,0.0097
part last,113,0.0094
june our,242,0.0091
not long,249,0.0088
region you,152,0.0088
lot but,441,0.0086
revenue basis,333,0.0085
see ahead,167,0.0083
increased higher,112,0.0082
over date,149,0.0082
had was,405,0.0077
lot terms,100,0.0077
growing new,118,0.0072
are beyond,243,0.0072
balance growth,240,0.0071
looking now,227,0.0063
expected basis,102,0.0063
good look,255,0.0059
funding our,251,0.0059
impact one,202,0.0058
first fourth,198,0.0048
markets full,106,0.0046
impact expect,156,0.0045
right take,103,0.0043
kind any,174,0.0038
innovation but,120,0.0038
one don,139,0.0034
was couple,162,0.0029
well pricing,125,0.0029
position are,346,0.0023
are final,100,0.0022
one data,218,0.0021
talked was,180,0.0021
front our,336,0.002
away our,177,0.0014
our small,397,0.0011
years all,246,0.0009
our contract,380,0.0005
production but,213,0.0004
investment our,1045,0.0003
even see,131,0.0002
even not,158,0.0002
scale not,106,0.0
lower but,319,-0.0001
pressure you,252,-0.0002
our high,1607,-0.0003
now come,151,-0.0003
you too,255,-0.0004
our initiatives,585,-0.0008
our covid,109,-0.0009
customers customers,234,-0.001
verticals our,103,-0.0013
sales last,271,-0.0018
margin ebitda,144,-0.0021
pipeline you,586,-0.0022
tariffs our,382,-0.0023
all related,129,-0.0024
ready you,157,-0.0026
say our,1519,-0.0027
first global,101,-0.0027
share performance,157,-0.0028
regions our,161,-0.0028
level well,115,-0.0035
look maybe,167,-0.0037
are significant,515,-0.0037
remainder you,127,-0.0039
way those,125,-0.004
back but,485,-0.0041
talk first,129,-0.0044
but lower,318,-0.0046
future not,161,-0.0046
area our,322,-0.0046
based kind,104,-0.0047
all need,144,-0.0047
around right,113,-0.0048
program over,181,-0.0053
get maybe,140,-0.0055
team how,142,-0.0057
world was,125,-0.0058
through significant,107,-0.0061
are meaningful,211,-0.0062
you selling,249,-0.0065
strong new,361,-0.0066
position was,158,-0.0068
growth new,972,-0.0068
ahead last,124,-0.0072
performance expect,169,-0.0073
now something,104,-0.0073
our test,171,-0.0076
now two,218,-0.0077
increase other,137,-0.0079
good product,200,-0.008
safety our,243,-0.0081
customers kind,214,-0.0083
good long,164,-0.0085
one around,185,-0.009
our technologies,230,-0.0093
only see,112,-0.0101
you win,198,-0.0102
today looking,107,-0.0104
opportunity now,182,-0.0108
activity you,535,-0.0109
rate revenue,278,-0.0111
prior but,311,-0.0112
margin revenue,435,-0.0114
last kind,228,-0.0115
are play,128,-0.0115
billion cost,154,-0.0123
first average,113,-0.0124
important you,668,-0.0124
are remaining,118,-0.0127
management capital,137,-0.0128
offering are,139,-0.0133
kind kind,196,-0.0134
say see,198,-0.0136
was change,148,-0.0137
increase margin,175,-0.0139
prices you,293,-0.0142
clients over,113,-0.0145
products how,155,-0.0148
you super,131,-0.0148
good yes,155,-0.0154
add but,146,-0.0158
has better,119,-0.016
you experienced,131,-0.0164
pay you,196,-0.0165
color our,491,-0.0165
side all,140,-0.0168
see industry,142,-0.0169
end continue,246,-0.0172
our order,468,-0.0172
accounts you,175,-0.0173
last may,116,-0.0174
how forward,213,-0.0175
our ground,105,-0.0179
how continue,372,-0.0182
platform expect,108,-0.0183
get customers,184,-0.0184
advantage are,136,-0.0187
back growth,503,-0.0189
driver you,204,-0.019
expect segment,109,-0.019
term net,158,-0.0192
expenses but,197,-0.0193
synergies our,138,-0.0197
but ability,149,-0.0203
opportunities how,131,-0.0204
opportunities growth,274,-0.0204
through work,113,-0.0209
strong driven,140,-0.021
overall has,115,-0.0212
all you,3047,-0.0215
pipeline was,160,-0.0217
are great,832,-0.0219
value billion,138,-0.0221
pricing you,821,-0.023
markets adjusted,104,-0.0232
you often,113,-0.0232
both data,118,-0.0232
last well,319,-0.0233
you come,782,-0.0237
mentioned those,126,-0.024
not new,609,-0.0242
way these,125,-0.0242
future well,120,-0.0244
okay not,102,-0.0246
you working,651,-0.0247
capacity you,613,-0.0264
well costs,133,-0.0266
say across,117,-0.0272
instructions you,175,-0.0276
technology are,435,-0.0279
september you,184,-0.0281
due sales,111,-0.0283
come those,105,-0.0283
industry can,157,-0.0285
margin but,635,-0.0285
space our,478,-0.0286
not core,130,-0.0287
are disciplined,175,-0.0293
our efficiency,505,-0.0294
growth had,445,-0.0296
mentioned now,177,-0.0299
down any,129,-0.0301
increase new,249,-0.0301
large new,127,-0.0302
out was,575,-0.0309
performance revenue,277,-0.0311
great can,251,-0.0312
progress now,128,-0.0313
half right,109,-0.0313
since are,266,-0.0325
information you,254,-0.0325
margin during,113,-0.0328
our channels,196,-0.0337
was gross,287,-0.034
you cadence,110,-0.0351
you biggest,133,-0.0355
study you,221,-0.0358
given are,439,-0.0361
around both,100,-0.0362
our excess,134,-0.0362
all over,853,-0.0363
com turn,104,-0.0363
certainly our,581,-0.037
strong again,114,-0.0374
both down,119,-0.0375
contributing our,286,-0.0377
starts our,139,-0.0379
those sales,289,-0.0385
capacity are,366,-0.0389
today these,212,-0.0396
way now,172,-0.0397
but work,265,-0.0399
strategy these,111,-0.0404
around one,181,-0.0405
rates you,683,-0.0405
different how,101,-0.0407
had first,251,-0.0408
customers lot,165,-0.041
great but,406,-0.041
back high,116,-0.0411
our vehicles,112,-0.0412
these long,166,-0.0415
guidance right,155,-0.0421
opportunity over,265,-0.0427
dynamic are,102,-0.0434
need these,109,-0.0437
mentioned these,126,-0.0442
two customers,129,-0.0444
coming how,123,-0.0446
those high,168,-0.045
financial markets,108,-0.0451
lot our,1782,-0.0454
across value,128,-0.0455
around you,1152,-0.046
our agreement,211,-0.0462
overall good,114,-0.0464
one let,119,-0.0464
being first,160,-0.0472
impact well,186,-0.0474
demand customers,141,-0.0479
today lot,129,-0.048
both through,184,-0.0481
get you,1563,-0.0481
our edge,103,-0.0485
sales overall,108,-0.0485
you everything,202,-0.0489
both over,415,-0.049
fourth kind,114,-0.049
visibility are,118,-0.0491
all top,108,-0.0493
you effectively,107,-0.0493
back one,247,-0.0495
increased end,120,-0.0498
growth meaningful,106,-0.0508
sales non,111,-0.0509
new core,115,-0.0509
two those,150,-0.0509
transition are,126,-0.051
prior now,193,-0.0511
end earnings,162,-0.0516
leverage revenue,120,-0.0516
point see,180,-0.0517
right look,177,-0.0523
well can,464,-0.0532
rates how,101,-0.0532
benefit you,502,-0.0534
are major,180,-0.0536
supply growth,184,-0.0546
confidence growth,112,-0.0552
here good,143,-0.0553
are open,411,-0.0556
mentioned strong,106,-0.0562
far our,434,-0.0565
throughout are,195,-0.0567
results not,288,-0.0568
you changed,136,-0.0569
how come,114,-0.057
good again,128,-0.0571
costs was,241,-0.0571
driven share,132,-0.0573
first here,192,-0.0574
level was,205,-0.0577
first kind,318,-0.0579
basis revenue,318,-0.058
either you,169,-0.0581
initiatives but,134,-0.0583
january you,197,-0.0589
note you,211,-0.059
continue same,122,-0.0592
sales through,265,-0.0595
continued revenue,194,-0.0599
today see,251,-0.0603
ahead but,289,-0.0605
continue well,362,-0.0609
those out,274,-0.0616
point get,100,-0.0617
but incremental,115,-0.0618
leverage but,176,-0.062
focused new,122,-0.062
activity our,645,-0.0623
one given,112,-0.0628
share these,258,-0.0628
margins was,197,-0.0629
growth revenue,1060,-0.0633
selling our,299,-0.0636
strong opportunity,107,-0.0638
bit margin,171,-0.064
fourth over,301,-0.0641
good time,283,-0.0646
number out,102,-0.0648
first day,114,-0.0649
was large,193,-0.0651
last around,140,-0.0651
other capital,174,-0.0652
how margins,106,-0.0656
cash same,103,-0.066
first made,104,-0.0661
don those,114,-0.0661
sales across,206,-0.0661
not but,991,-0.0662
you seems,174,-0.0662
can little,255,-0.0664
technology new,125,-0.0666
talked first,110,-0.0666
revenue expect,410,-0.0667
mentioned see,149,-0.0667
out back,188,-0.0668
out same,102,-0.067
right how,239,-0.0673
our money,188,-0.0674
markets second,110,-0.0676
over approximately,333,-0.0677
you whole,164,-0.068
down was,374,-0.068
growth recent,129,-0.0683
spend you,355,-0.0685
grew was,133,-0.0688
customers again,111,-0.0689
income expect,118,-0.069
side now,146,-0.0694
experience over,129,-0.0694
our smaller,175,-0.0703
time two,140,-0.0704
growth revenues,142,-0.0705
touch you,110,-0.0706
our engagement,291,-0.0707
trust you,104,-0.0711
demand not,238,-0.0716
our win,237,-0.0719
mentioned not,179,-0.0724
growth asset,138,-0.0725
are both,869,-0.0731
china you,331,-0.0732
rate kind,140,-0.0734
hand are,128,-0.0737
products second,101,-0.0738
expenses not,126,-0.0744
new share,333,-0.0745
fiscal our,933,-0.0748
share points,118,-0.0753
look one,286,-0.0754
app you,108,-0.0755
sales coming,101,-0.0755
now maybe,276,-0.0759
markets other,104,-0.0759
earnings adjusted,150,-0.0761
but add,140,-0.0763
well key,101,-0.0763
level are,440,-0.0775
online you,164,-0.0775
might you,361,-0.0779
payments our,220,-0.0782
say can,211,-0.0782
want right,103,-0.0785
losses our,179,-0.0785
assumptions our,156,-0.079
change revenue,103,-0.0795
you used,315,-0.0798
strong ebitda,128,-0.0798
out part,104,-0.0798
customers other,185,-0.08
portfolio these,145,-0.0807
deposits you,174,-0.0809
our transition,256,-0.081
opportunity out,110,-0.0811
look not,360,-0.0817
years one,207,-0.0817
one got,137,-0.0822
growth turn,236,-0.0824
offset revenue,100,-0.0824
decade our,101,-0.0825
current revenue,120,-0.0828
can both,262,-0.0833
approximately continue,167,-0.0837
has one,340,-0.0838
was moving,138,-0.0843
approximately these,159,-0.0843
see get,250,-0.0848
good but,652,-0.0851
less our,486,-0.0855
you detail,196,-0.0859
showing you,105,-0.0863
you broadly,122,-0.0866
data but,390,-0.0868
all still,179,-0.0868
our date,616,-0.0872
cash net,206,-0.0872
guidance has,206,-0.0876
automation our,167,-0.0882
all can,532,-0.0882
strategy you,786,-0.0884
announced are,202,-0.0884
sales margin,256,-0.0885
good great,174,-0.0886
today had,124,-0.0889
yeah are,516,-0.089
projects over,109,-0.0891
opportunity one,142,-0.0892
january our,241,-0.0892
job you,182,-0.0894
cash during,107,-0.0895
our drug,110,-0.0897
activity are,305,-0.0901
impact kind,128,-0.0902
teams our,349,-0.0906
work over,243,-0.0906
you believe,942,-0.0906
customers mentioned,103,-0.0907
earnings billion,166,-0.091
one say,179,-0.0911
back bit,126,-0.0914
over down,376,-0.0917
makes you,182,-0.0919
obviously first,139,-0.0926
recovery are,104,-0.0931
range are,530,-0.0936
you big,510,-0.0936
basis increase,125,-0.0939
yeah all,150,-0.0939
position over,152,-0.094
actually first,116,-0.0943
months can,113,-0.0944
was revenue,920,-0.0945
believe new,167,-0.0945
first guidance,278,-0.095
between over,177,-0.0957
impact not,238,-0.0959
added our,253,-0.0964
costs now,161,-0.0965
forecast you,148,-0.0968
rate new,231,-0.0968
time how,313,-0.0969
only are,387,-0.0972
our expense,702,-0.0973
revenue continued,189,-0.0975
ebitda expect,132,-0.0975
had other,131,-0.0978
working new,110,-0.0978
out believe,113,-0.0979
second but,496,-0.0984
after our,595,-0.099
exciting you,150,-0.099
better over,243,-0.0991
results forward,116,-0.0991
expect again,114,-0.0995
consumers our,247,-0.0996
over during,247,-0.0997
rate continue,186,-0.0997
people all,105,-0.0998
still well,151,-0.0999
opportunity growth,281,-0.0999
broadly our,151,-0.1
our category,319,-0.1001
stage our,178,-0.1001
particularly you,366,-0.1001
now focus,153,-0.1003
credit was,163,-0.1006
region our,176,-0.1008
had full,126,-0.1009
looking through,139,-0.101
partnership are,115,-0.1012
period these,102,-0.1012
are turning,246,-0.1013
our secured,117,-0.1013
look new,319,-0.1014
but significant,238,-0.1014
all did,112,-0.1019
start you,872,-0.103
cash billion,207,-0.1034
now did,121,-0.1035
revenue higher,292,-0.1036
fiscal these,100,-0.1036
made not,113,-0.1043
all customer,215,-0.1045
margin again,116,-0.1045
allocation our,290,-0.1047
forward those,181,-0.105
time part,108,-0.1053
talking are,175,-0.1054
look still,110,-0.1055
end terms,109,-0.1057
growth feel,163,-0.1057
after you,474,-0.1059
seen all,123,-0.1073
those years,175,-0.1074
well significant,119,-0.1075
all financial,281,-0.1076
dynamics our,251,-0.1084
margin still,124,-0.1085
our decisions,139,-0.1086
platforms our,226,-0.1089
stores our,283,-0.1089
are higher,869,-0.1091
through two,134,-0.1095
growth margins,215,-0.1099
rates can,119,-0.1102
growth strategic,192,-0.1108
month are,200,-0.1108
facilities our,173,-0.111
efficiency are,230,-0.1114
efficient our,181,-0.1116
allocation you,231,-0.1117
plans you,260,-0.1124
but building,135,-0.113
down our,1636,-0.1134
data get,118,-0.1134
third are,601,-0.1135
you embedded,104,-0.1139
around full,102,-0.1142
but improved,140,-0.1143
said can,163,-0.1144
doing you,595,-0.1147
look had,147,-0.1148
all one,447,-0.1149
looking our,1372,-0.1153
second sales,206,-0.1154
well better,127,-0.1157
importantly you,184,-0.1157
care are,190,-0.1157
are solid,167,-0.116
full driven,105,-0.116
agreements our,123,-0.1165
add our,571,-0.1169
services new,108,-0.1172
now right,294,-0.1173
chain are,156,-0.1173
expectations can,103,-0.1176
range our,1081,-0.118
revenues our,550,-0.1182
outlook well,100,-0.1183
week our,269,-0.1186
now point,199,-0.1186
impact cash,144,-0.119
franchise you,123,-0.119
services our,758,-0.1191
place our,412,-0.1193
was maybe,390,-0.1197
our launch,457,-0.1197
sure our,842,-0.1199
look great,141,-0.1214
growth mean,228,-0.1214
our fuel,201,-0.1225
applications you,183,-0.1226
end driven,111,-0.1227
development but,166,-0.1231
start expect,104,-0.1236
resulting our,177,-0.1238
great time,164,-0.1243
fleet are,100,-0.1245
higher but,425,-0.125
consumer but,148,-0.1251
today any,136,-0.1251
kind growth,534,-0.1251
sales customer,151,-0.1252
billion across,164,-0.1254
billion through,210,-0.1254
strategy was,212,-0.1255
momentum you,516,-0.1255
growth drive,222,-0.1259
certainly was,121,-0.1261
you nothing,110,-0.1261
facilities you,137,-0.1264
one team,137,-0.1265
are fixed,107,-0.1267
assets you,649,-0.1268
now future,142,-0.127
now talked,113,-0.127
not point,206,-0.1274
ago over,121,-0.1275
follow but,148,-0.1277
prior billion,100,-0.1278
you specifically,273,-0.1281
level now,134,-0.1285
forward right,126,-0.1287
competitors our,138,-0.1294
both customers,160,-0.1298
performance last,158,-0.1299
advantage you,209,-0.1304
rate those,171,-0.1306
flow now,191,-0.1307
half growth,333,-0.1308
wins our,178,-0.131
overall our,1018,-0.1312
brands you,283,-0.132
way was,235,-0.1321
but great,381,-0.1327
well increase,195,-0.1334
getting our,610,-0.1335
our gas,304,-0.1335
all customers,325,-0.1341
growth platform,257,-0.1345
approval our,180,-0.1349
kind demand,122,-0.1351
basis increased,107,-0.1352
how better,125,-0.1353
see way,139,-0.1354
but focus,234,-0.1357
pace are,103,-0.1358
our asia,157,-0.1359
growth pleased,115,-0.1361
out things,122,-0.1362
here these,140,-0.1363
performance other,123,-0.1366
now better,159,-0.137
are primary,168,-0.1372
revenue has,422,-0.1372
our trading,114,-0.1379
now already,102,-0.1383
around share,121,-0.1392
kind cost,144,-0.1392
both are,830,-0.1393
points revenue,203,-0.14
our fast,135,-0.1401
investments but,210,-0.1402
buy our,185,-0.1402
development our,688,-0.1406
created our,100,-0.141
was ahead,254,-0.141
fees you,152,-0.1413
growth deliver,158,-0.1414
base was,141,-0.1414
are near,193,-0.1415
yes second,109,-0.1421
our consumption,105,-0.1422
part can,151,-0.1428
are above,204,-0.1435
always our,488,-0.1438
points continue,144,-0.1443
though our,200,-0.1443
good data,166,-0.1443
you final,150,-0.1444
work was,229,-0.1448
increases you,276,-0.1454
project are,196,-0.1456
how gross,143,-0.1476
sales opportunity,109,-0.1481
need but,221,-0.1483
end kind,166,-0.1485
canada our,121,-0.1489
out ahead,110,-0.1495
opportunity are,524,-0.1495
right value,116,-0.1496
you point,1025,-0.1497
again but,271,-0.1498
good lot,175,-0.15
recovery you,166,-0.1501
billion both,142,-0.1503
our november,110,-0.1503
digital growth,117,-0.1504
models our,222,-0.1507
materials our,132,-0.1508
march are,145,-0.1508
now end,297,-0.1511
operations but,146,-0.1511
had maybe,114,-0.1512
but high,345,-0.1513
growth lower,301,-0.1513
are non,498,-0.1519
returns you,256,-0.1524
years our,1573,-0.1526
particular our,252,-0.1529
growth portfolio,315,-0.1532
seen but,202,-0.1532
early see,107,-0.1534
running you,151,-0.1535
over both,386,-0.1535
value continue,174,-0.1539
first product,243,-0.1543
sure one,103,-0.1543
any financial,144,-0.1544
out strong,221,-0.1545
second how,239,-0.1546
now over,850,-0.1546
end product,135,-0.1551
limited our,161,-0.1552
growth volume,221,-0.1562
time may,109,-0.1566
see mean,117,-0.1566
our durable,104,-0.1566
revenue now,605,-0.1566
how was,652,-0.157
those non,111,-0.157
growth these,673,-0.1572
you let,704,-0.1574
comment our,272,-0.1574
now make,158,-0.1576
are those,1280,-0.1582
outlook was,180,-0.1584
focused not,127,-0.1588
but moving,141,-0.159
our bank,376,-0.159
due our,1012,-0.159
transactions our,202,-0.1592
speed our,135,-0.1593
management full,107,-0.1595
before all,112,-0.1596
new long,199,-0.1598
ask was,102,-0.1604
cash non,100,-0.1606
backlog you,261,-0.1607
better sales,103,-0.1611
over people,162,-0.1614
opportunities over,225,-0.1629
expansion but,192,-0.163
guidance little,124,-0.1631
price not,159,-0.1645
third billion,100,-0.1646
channels our,179,-0.1646
technology not,130,-0.1648
performance all,220,-0.1648
time cost,170,-0.1655
industry was,216,-0.1661
kind you,1663,-0.1664
said but,256,-0.1667
role you,126,-0.1667
are short,155,-0.1668
well performance,187,-0.1669
size are,114,-0.167
rate right,118,-0.167
equipment are,133,-0.1672
product well,203,-0.1675
margins not,131,-0.1676
october you,111,-0.1677
margin growth,604,-0.1681
production over,180,-0.1681
happening our,165,-0.1681
country our,138,-0.1684
increase guidance,121,-0.1686
but change,143,-0.169
our power,526,-0.1693
increase earnings,123,-0.1697
has well,306,-0.1699
across data,121,-0.1699
sales impact,143,-0.1699
capital was,465,-0.17
first gaap,134,-0.1701
impact share,128,-0.1701
but best,134,-0.1703
you include,229,-0.1705
impact you,1142,-0.1706
history you,115,-0.1709
way expect,100,-0.1709
assets over,178,-0.1712
now plan,104,-0.1716
franchise our,148,-0.1731
strategy one,116,-0.1732
through gross,118,-0.1733
mix now,122,-0.1733
people but,169,-0.1747
you continue,2237,-0.1748
but order,100,-0.175
momentum over,141,-0.1752
live our,201,-0.1752
demand are,674,-0.1754
better our,1018,-0.1755
through here,125,-0.1755
businesses was,102,-0.1758
relationship you,115,-0.1763
structure you,228,-0.1765
expected margin,119,-0.1767
expense now,101,-0.1774
took our,144,-0.1776
not better,161,-0.1777
portfolio how,148,-0.1784
outcomes you,126,-0.1784
right first,263,-0.1788
response you,127,-0.179
you spending,214,-0.1794
growth back,450,-0.1795
expense revenue,107,-0.1796
now get,271,-0.1801
you specific,294,-0.1803
one but,724,-0.1808
are advanced,124,-0.1813
analysis you,118,-0.1822
sales management,142,-0.1823
not price,157,-0.1827
record growth,138,-0.1829
last today,173,-0.1832
guidance forward,121,-0.1834
kind still,101,-0.1837
productivity are,152,-0.1839
increased margin,137,-0.184
well part,120,-0.184
billion growth,502,-0.1842
opportunity these,116,-0.1846
growth certainly,131,-0.1847
capacity was,152,-0.1849
well see,380,-0.1849
range has,108,-0.1851
over quarters,139,-0.1853
fourth look,107,-0.1853
quick you,175,-0.1854
but talk,191,-0.1858
provided you,168,-0.1859
guidance kind,156,-0.1859
share results,149,-0.1869
time through,247,-0.1871
duration our,127,-0.1873
bit cost,108,-0.1873
new revenue,554,-0.1876
now most,150,-0.1887
spend our,408,-0.1889
investment was,203,-0.1892
orders you,243,-0.1892
previously you,243,-0.1892
any cost,122,-0.1894
bit any,118,-0.1894
yes but,310,-0.1902
users our,201,-0.1908
our eps,449,-0.191
program new,100,-0.1912
out product,161,-0.1913
our speed,132,-0.1917
you share,1727,-0.1918
focus but,225,-0.1922
seen growth,206,-0.1923
product can,244,-0.1924
was further,176,-0.1928
rates first,109,-0.1929
ebitda now,194,-0.1932
com during,109,-0.1933
units you,160,-0.1935
later our,245,-0.1936
see within,113,-0.1943
targets our,183,-0.1948
you longer,284,-0.1955
launch are,209,-0.1957
highlighted are,110,-0.1963
don good,102,-0.1963
time great,156,-0.1964
kind around,110,-0.1968
way our,1014,-0.1972
portfolio net,100,-0.1976
our end,1891,-0.1976
share higher,152,-0.1981
well looking,155,-0.1986
gave our,109,-0.1987
off not,101,-0.1991
products was,253,-0.1993
are especially,158,-0.1994
can obviously,133,-0.2002
growth phase,100,-0.2004
sales expect,232,-0.2004
get billion,146,-0.2005
important all,103,-0.2005
all potential,103,-0.201
but first,809,-0.2011
take over,265,-0.2013
you following,243,-0.2013
terms end,102,-0.2015
billion now,302,-0.2016
information are,136,-0.2021
sales ebitda,127,-0.2022
coming over,209,-0.2026
why our,474,-0.2029
hear our,213,-0.203
has two,131,-0.2034
mentioned has,108,-0.2035
had second,128,-0.2038
our live,197,-0.2042
volumes our,409,-0.2042
sustainable you,133,-0.2043
down through,154,-0.2052
today share,155,-0.2054
time our,2431,-0.2055
good price,103,-0.2057
sales other,184,-0.2058
value has,153,-0.2061
customers long,125,-0.2064
our conversion,256,-0.2065
understand our,374,-0.2066
focus not,148,-0.2069
through data,151,-0.207
performance look,133,-0.2071
now based,162,-0.2072
quarters growth,151,-0.2076
one focus,117,-0.2077
one how,356,-0.2077
approximately now,203,-0.2078
demand kind,116,-0.2078
now between,110,-0.2079
expectations you,529,-0.2081
sector you,105,-0.2085
higher full,125,-0.2088
lines our,281,-0.2093
you building,424,-0.2095
value not,231,-0.2095
over sales,539,-0.2095
team good,109,-0.2096
coverage our,162,-0.2102
around margin,127,-0.2102
first free,104,-0.2106
here through,122,-0.2106
product value,101,-0.2108
faster you,199,-0.2109
rates our,758,-0.2113
share point,110,-0.2119
build but,138,-0.2119
down you,1223,-0.212
strong terms,119,-0.2122
growth all,833,-0.2123
our payment,150,-0.2123
book you,236,-0.2128
expect other,177,-0.2128
nearly our,325,-0.2136
markets kind,104,-0.2143
over customers,495,-0.2143
investors our,228,-0.2145
obviously new,128,-0.2147
was two,275,-0.2152
you quite,289,-0.2152
plan you,531,-0.2154
data not,237,-0.2157
end now,284,-0.2157
statements our,447,-0.2158
initiatives our,504,-0.2158
but team,245,-0.2159
are keep,143,-0.216
opportunities one,120,-0.2161
costs all,137,-0.2162
levels our,518,-0.2162
those those,275,-0.2163
guide our,330,-0.2165
portfolio our,1207,-0.2165
our trade,196,-0.2167
platform over,220,-0.217
made are,318,-0.2172
right can,264,-0.2173
michael you,391,-0.2173
believe over,244,-0.2175
over margin,529,-0.2177
companies you,310,-0.2177
growth loan,129,-0.2179
between all,101,-0.2179
forward get,114,-0.2184
financial data,117,-0.2187
capital cost,138,-0.2191
rate last,147,-0.2193
platform new,138,-0.2198
accounts our,190,-0.2198
terms financial,100,-0.2198
levels growth,129,-0.2205
not way,158,-0.2209
right those,194,-0.2209
both first,231,-0.221
prior sales,113,-0.2211
not top,108,-0.2211
but driving,138,-0.2213
look results,142,-0.2213
look want,107,-0.2215
base our,602,-0.2218
our space,418,-0.2221
strategy can,131,-0.2222
costs can,142,-0.2224
generation our,387,-0.2227
cash impact,134,-0.2229
are flat,171,-0.2231
time was,532,-0.2231
grow now,105,-0.2231
prior over,255,-0.2232
improvement revenue,113,-0.2239
our automation,152,-0.224
close are,175,-0.2242
back any,130,-0.2243
strong but,520,-0.2245
through high,138,-0.2246
partnerships you,128,-0.2251
july our,146,-0.2257
full increased,100,-0.2259
again now,164,-0.226
new work,139,-0.2264
term kind,142,-0.2265
flow strong,109,-0.2266
liquidity our,270,-0.2267
months first,100,-0.2268
new industry,133,-0.227
sales continue,270,-0.2271
platform first,137,-0.2272
good being,105,-0.2276
grow not,109,-0.2278
actually are,359,-0.228
december are,121,-0.2281
segment are,469,-0.2293
value share,129,-0.2294
ramp are,125,-0.2294
transactions you,154,-0.2295
too are,131,-0.2297
end looking,100,-0.2299
overall you,761,-0.2299
rate operating,117,-0.2301
portfolio you,957,-0.2302
repurchase our,188,-0.2303
growth years,372,-0.2314
you bigger,132,-0.2315
bookings you,167,-0.2317
demand second,109,-0.2318
strategy all,125,-0.2319
our programs,341,-0.2322
seen now,122,-0.2323
was say,287,-0.2323
all long,187,-0.2324
account you,128,-0.2339
fiscal well,100,-0.2341
focus growth,229,-0.2342
gains you,222,-0.2346
improvement you,556,-0.2356
our patient,270,-0.2356
got those,106,-0.2358
last lower,112,-0.2362
spending our,257,-0.2364
revenue come,136,-0.2367
plans our,298,-0.2367
kind across,155,-0.2369
last are,1108,-0.2369
was date,123,-0.237
price how,114,-0.237
second are,911,-0.2373
talked not,109,-0.2377
net customer,114,-0.2379
brand but,158,-0.2384
well second,226,-0.2385
you built,247,-0.2391
one believe,133,-0.2393
our health,330,-0.2398
make our,981,-0.2403
our excellent,112,-0.2403
had time,157,-0.2407
timing our,435,-0.241
demand through,134,-0.2413
mix can,112,-0.2415
results over,362,-0.2421
got these,107,-0.2424
richard you,104,-0.2424
expect cost,153,-0.2425
team our,1009,-0.2426
our spend,393,-0.2429
out expect,217,-0.243
total new,168,-0.2431
clearly our,213,-0.2434
down back,111,-0.2435
did but,172,-0.2445
noted you,192,-0.2446
revenue core,114,-0.245
approved our,126,-0.246
not let,131,-0.2462
billion continue,221,-0.2464
seen new,113,-0.2468
seeing our,1448,-0.2468
two kind,103,-0.2475
first talk,109,-0.2475
expect lot,150,-0.2476
patients over,128,-0.2476
big growth,143,-0.2479
commercial growth,193,-0.2482
data well,175,-0.249
out see,293,-0.2493
win are,101,-0.2497
third first,161,-0.2502
forward other,117,-0.2504
markets our,1195,-0.2509
guidance capital,151,-0.2513
basis down,111,-0.2514
portfolio sales,118,-0.2517
today kind,142,-0.2518
session our,196,-0.2519
out great,142,-0.2521
through things,117,-0.2524
saw revenue,111,-0.2527
excited you,394,-0.2528
part new,136,-0.2529
how got,116,-0.2531
fourth our,1166,-0.2535
how high,161,-0.2537
move but,141,-0.2538
capabilities over,103,-0.2538
you set,319,-0.2539
those lower,121,-0.2541
high billion,112,-0.2542
increase higher,106,-0.2543
opportunity all,142,-0.2556
full growth,427,-0.2562
back how,204,-0.2563
out cost,151,-0.2565
december you,197,-0.2565
kind full,145,-0.2568
done are,226,-0.257
coming all,125,-0.257
new demand,188,-0.257
expect maybe,155,-0.2571
through right,176,-0.2572
you close,284,-0.2572
one basis,215,-0.2575
well third,135,-0.258
pricing new,124,-0.2581
good can,355,-0.2585
volume first,117,-0.2588
rate maybe,101,-0.2589
yield our,203,-0.2589
you maintain,139,-0.2592
expected through,114,-0.2594
rate you,1161,-0.2594
continue impact,154,-0.2596
all don,130,-0.2596
you create,198,-0.2597
back right,130,-0.2602
only our,717,-0.2603
use but,143,-0.2604
markets those,128,-0.2605
good got,102,-0.261
prior revenue,177,-0.2615
focused first,106,-0.2617
time any,174,-0.2619
look are,967,-0.2619
including over,233,-0.2626
sort you,655,-0.2628
was mix,167,-0.263
how capital,235,-0.2631
over mid,116,-0.2631
guidance not,276,-0.2633
one better,120,-0.2634
was both,350,-0.2634
previously are,139,-0.2635
back other,131,-0.2638
buying our,114,-0.2642
price those,101,-0.2643
our office,149,-0.2648
better can,140,-0.2654
our profitable,165,-0.2658
growth demand,328,-0.2659
agents our,172,-0.2665
our remarks,588,-0.2665
locations our,117,-0.2667
work one,119,-0.267
data all,203,-0.2672
you ramp,202,-0.2685
over current,148,-0.2688
mix you,601,-0.2688
are effective,110,-0.2693
see two,157,-0.2696
technologies our,192,-0.2698
better not,151,-0.2702
technology now,116,-0.2705
most all,131,-0.2709
full data,107,-0.2709
due revenue,151,-0.272
digits are,119,-0.2722
sites our,111,-0.2722
now important,106,-0.2723
expansion first,106,-0.2725
costs first,133,-0.2729
down not,232,-0.273
our improved,526,-0.2734
point has,123,-0.2736
now one,433,-0.274
growth terms,307,-0.274
events you,162,-0.2741
launches our,134,-0.2742
expectations not,100,-0.2742
through rate,144,-0.2744
off was,134,-0.2751
sales revenue,367,-0.2754
maybe was,350,-0.2758
not level,126,-0.276
mix all,105,-0.2767
out bit,144,-0.2769
finally you,192,-0.2771
right out,167,-0.2771
look cost,135,-0.2772
our china,359,-0.2772
well has,284,-0.2776
good strong,222,-0.2777
looking see,161,-0.2777
you clear,303,-0.2779
thing our,476,-0.2781
adjusted cash,164,-0.2782
board you,221,-0.2783
those start,104,-0.2787
say over,284,-0.2788
over but,1222,-0.2792
third well,133,-0.2796
see second,241,-0.2797
strategy first,122,-0.2809
interest our,799,-0.2816
share end,160,-0.2816
first being,136,-0.2816
over moving,123,-0.2817
well same,109,-0.2819
team one,123,-0.282
growth look,494,-0.2823
want you,938,-0.2825
you whether,309,-0.2826
term maybe,112,-0.2834
strength you,388,-0.2837
well through,271,-0.2839
forward can,217,-0.2842
periods our,107,-0.2849
but sure,179,-0.285
may well,117,-0.2851
decisions our,123,-0.2851
test our,141,-0.2859
revenue both,251,-0.2859
strong here,107,-0.2868
revenue being,154,-0.287
you terms,975,-0.2871
raised you,104,-0.2876
now total,174,-0.2886
eight our,104,-0.2886
how overall,109,-0.2887
back was,370,-0.2888
expected over,252,-0.2893
our dollar,190,-0.2895
was return,100,-0.2895
guidance back,127,-0.2901
first can,467,-0.2902
basis second,136,-0.2903
customers second,168,-0.2916
pressure are,124,-0.2916
growth expansion,184,-0.2918
back time,170,-0.292
how demand,154,-0.2921
everything our,213,-0.2935
down all,203,-0.2938
forward these,161,-0.2941
first actually,101,-0.2941
was making,118,-0.2943
growth does,149,-0.2946
cases our,188,-0.2948
guidance last,168,-0.2952
now second,276,-0.2957
first most,130,-0.296
margin continue,254,-0.2964
was well,593,-0.2971
one little,186,-0.2972
growth ongoing,113,-0.2975
loss but,109,-0.298
capital has,201,-0.2983
even all,114,-0.2988
processes our,107,-0.2996
first related,106,-0.2997
basis both,115,-0.3
sheet over,109,-0.3003
was gaap,191,-0.3006
are top,311,-0.3009
industry now,135,-0.3015
points now,171,-0.302
expect down,139,-0.3021
all but,747,-0.3021
during are,457,-0.3024
end results,121,-0.3027
fourth are,543,-0.3033
cost cost,103,-0.3037
our options,119,-0.3037
may first,137,-0.3038
let you,636,-0.304
level new,111,-0.3041
those may,104,-0.3044
other new,244,-0.3048
first strategy,120,-0.3048
growth off,148,-0.3049
guidance any,126,-0.305
are plans,137,-0.3051
yeah see,121,-0.3054
agents you,134,-0.3055
future you,660,-0.3064
uncertainty our,180,-0.3065
most growth,227,-0.3067
spending are,118,-0.3067
value right,104,-0.3071
you begin,205,-0.3073
our mix,731,-0.3074
focus was,193,-0.3078
basis over,375,-0.3086
category our,276,-0.309
results was,338,-0.3097
kind first,267,-0.3101
lot share,133,-0.3104
pricing can,123,-0.3106
investments not,124,-0.3106
want our,1149,-0.3109
management net,106,-0.3112
solutions but,136,-0.3122
states our,204,-0.3123
services not,105,-0.3126
uncertainties our,126,-0.3127
any rate,104,-0.3132
things has,117,-0.3137
opportunity our,970,-0.3138
growth talked,163,-0.3142
share cash,193,-0.3144
right all,237,-0.315
can back,240,-0.3154
don was,197,-0.3157
point continue,131,-0.3161
has years,147,-0.3161
are operating,841,-0.3162
strong well,245,-0.3164
but move,135,-0.3165
expect new,304,-0.3167
are lower,518,-0.3167
expectations growth,153,-0.3177
customer can,193,-0.3182
expect still,105,-0.3184
over segment,207,-0.3189
started our,265,-0.319
second down,115,-0.3191
over loan,109,-0.3192
out continue,244,-0.3193
approach you,294,-0.3193
you ready,126,-0.3199
growth last,542,-0.3199
already are,285,-0.3202
investment growth,209,-0.3203
one take,135,-0.3207
had those,157,-0.3207
important our,674,-0.3207
partnership you,164,-0.3208
our short,289,-0.3208
today those,172,-0.321
don one,111,-0.3211
second look,156,-0.3218
margin per,134,-0.3223
platforms you,156,-0.3225
first approximately,175,-0.3227
but taking,166,-0.3228
time performance,143,-0.3233
kind all,262,-0.3234
group are,167,-0.3237
data other,107,-0.324
efforts you,237,-0.3247
back full,121,-0.3253
investors you,169,-0.3253
leverage you,492,-0.3265
tools you,152,-0.3266
results look,132,-0.3266
win you,159,-0.3267
rate billion,115,-0.3272
margins all,104,-0.3288
not focus,136,-0.3289
expect share,190,-0.3289
continue kind,213,-0.3296
our locations,112,-0.3297
see over,650,-0.3299
well here,134,-0.33
cadence our,112,-0.3302
all are,1481,-0.3307
investments can,113,-0.3307
investment but,198,-0.331
open first,100,-0.3312
performance guidance,106,-0.3327
expense over,135,-0.3328
working not,104,-0.3335
customer was,289,-0.3336
down operating,111,-0.3338
building over,110,-0.3341
has bit,150,-0.3351
you why,346,-0.3359
expect around,114,-0.3359
contracts our,208,-0.336
but thing,109,-0.336
prior margin,103,-0.336
hit you,125,-0.3362
adjusted sales,162,-0.3367
pricing all,116,-0.3372
growth did,169,-0.3373
said over,216,-0.3375
growth course,108,-0.3376
out portfolio,107,-0.339
revenue did,109,-0.3397
was mentioned,208,-0.3397
margins our,734,-0.3398
got continue,105,-0.34
last little,142,-0.3406
close you,268,-0.3409
growth actually,172,-0.3409
normal you,130,-0.3414
america you,319,-0.3414
out long,119,-0.3415
first sort,110,-0.3417
had new,204,-0.343
range growth,231,-0.3431
strong data,127,-0.3437
those continue,268,-0.344
number how,104,-0.3441
over open,158,-0.3444
see bit,187,-0.3445
these product,164,-0.3448
strategies you,114,-0.3453
growth always,106,-0.3453
time well,264,-0.3458
you least,191,-0.3465
system you,336,-0.3466
are least,115,-0.3468
want but,267,-0.3477
kind product,127,-0.3478
data how,163,-0.3482
repurchases our,198,-0.3486
margin margin,211,-0.3486
sector our,119,-0.3491
relationships you,148,-0.3491
signed our,110,-0.3492
revenue level,122,-0.3493
digits our,234,-0.3494
growth service,156,-0.3495
well high,151,-0.3495
mix our,710,-0.3495
half new,163,-0.3496
initiatives over,104,-0.3496
day our,659,-0.3499
right are,793,-0.3501
model over,125,-0.3501
growth building,120,-0.3503
maybe basis,112,-0.3506
forward through,142,-0.3509
new volume,110,-0.351
customer first,183,-0.351
our advantage,224,-0.3516
address you,139,-0.352
point those,120,-0.3522
results last,146,-0.3525
gonna you,202,-0.353
focused but,167,-0.3534
are incremental,190,-0.3534
revenue but,827,-0.354
through customer,129,-0.3544
impact through,126,-0.3545
ensure you,102,-0.3551
driven one,150,-0.3551
growth credit,154,-0.3557
kind customer,109,-0.3559
better was,199,-0.3559
capture our,134,-0.356
see but,672,-0.3563
our consistent,421,-0.3565
forward our,1410,-0.3566
things those,117,-0.3566
was sales,476,-0.3574
down now,210,-0.358
you most,702,-0.3581
our discipline,193,-0.3583
last these,231,-0.3585
level over,170,-0.3591
are four,160,-0.3596
last prior,101,-0.3598
now number,131,-0.3599
concludes you,133,-0.3599
marketing but,111,-0.3599
revenue cost,235,-0.36
right get,120,-0.3604
growth value,328,-0.3607
launches you,101,-0.361
margin cash,206,-0.3612
growth before,173,-0.3613
capital across,144,-0.3615
trial you,150,-0.3621
marketing was,103,-0.3621
revenue balance,120,-0.3626
kind second,147,-0.3627
out take,101,-0.3628
points one,135,-0.3634
first early,100,-0.3635
data are,651,-0.3636
over revenues,105,-0.3642
path you,126,-0.3643
development are,284,-0.3644
back through,159,-0.3644
after but,118,-0.3644
transaction are,144,-0.3649
kind margin,179,-0.3651
those get,169,-0.3652
events our,190,-0.3653
but process,109,-0.3664
but across,398,-0.3666
our repurchase,171,-0.367
level all,105,-0.3671
experience you,371,-0.3673
those still,113,-0.3675
sort all,107,-0.3676
one yes,144,-0.3684
our volumes,365,-0.3684
out lower,100,-0.3691
offset over,115,-0.3693
plan our,596,-0.3699
but better,212,-0.3704
likely you,119,-0.3711
our world,438,-0.3712
clients you,312,-0.3712
around sales,115,-0.3722
bit capital,120,-0.3726
event our,120,-0.3729
was had,311,-0.3733
rate across,105,-0.3733
believe now,147,-0.3746
see first,395,-0.3754
continue fourth,123,-0.3756
growth looking,286,-0.3761
set you,293,-0.3765
markets all,154,-0.3767
term look,132,-0.3768
growth significant,206,-0.3771
now around,174,-0.3771
fourth these,117,-0.3774
markets customers,101,-0.3782
rate through,134,-0.3782
doing our,619,-0.3788
you our,16912,-0.3791
partners you,348,-0.3792
yes those,123,-0.3793
growth ebitda,280,-0.3796
debt over,129,-0.3798
you roughly,212,-0.3801
our accounts,170,-0.3803
you only,528,-0.3806
back get,115,-0.3824
such our,391,-0.3824
revenue volume,122,-0.3831
data second,108,-0.3832
come see,100,-0.3832
first but,713,-0.3833
our square,106,-0.3834
kind data,113,-0.3837
our payments,178,-0.3838
out full,151,-0.384
are same,409,-0.384
value but,308,-0.3841
but coming,194,-0.3844
these type,119,-0.3845
made but,140,-0.3848
based new,134,-0.3849
value was,286,-0.3853
production now,104,-0.3855
half one,140,-0.3855
are even,368,-0.3857
price well,103,-0.3867
adoption are,118,-0.3871
customers one,243,-0.3871
bit those,149,-0.3877
but continues,127,-0.3889
but after,116,-0.3891
now balance,111,-0.3896
certainly over,103,-0.3899
now billion,265,-0.3901
third over,233,-0.3901
was doing,136,-0.3907
over couple,126,-0.391
had all,195,-0.391
margin well,248,-0.3911
flexibility you,160,-0.3923
our access,276,-0.3923
deal are,129,-0.3923
part all,122,-0.3925
our volume,751,-0.3928
customers high,113,-0.393
solution you,155,-0.393
our economic,151,-0.3931
first look,260,-0.3933
assets our,674,-0.3934
second you,1357,-0.394
revenue still,166,-0.3942
technology our,700,-0.3943
play you,163,-0.3944
all believe,134,-0.395
real growth,119,-0.3953
offer you,126,-0.3954
positive revenue,105,-0.3957
over now,719,-0.396
margin total,105,-0.3962
lower growth,254,-0.3962
not number,133,-0.3968
expect back,150,-0.3975
how customer,149,-0.3979
good right,168,-0.3982
look end,144,-0.3985
june you,146,-0.3988
look get,134,-0.3992
prior these,109,-0.3994
strong high,113,-0.3999
you two,874,-0.4003
during well,106,-0.4007
you respect,111,-0.4008
data out,127,-0.4009
growth focus,204,-0.401
time customer,127,-0.4011
only not,103,-0.4012
you recently,211,-0.4018
reason our,148,-0.4018
over expect,456,-0.4018
investment over,179,-0.4021
construction our,197,-0.4026
are continue,1150,-0.4031
paid our,154,-0.4031
share high,109,-0.4033
our policy,127,-0.4034
margin has,215,-0.4035
date over,112,-0.4036
performance not,210,-0.4038
growth data,328,-0.4039
customers you,1534,-0.4045
over our,4700,-0.4045
our ending,143,-0.4052
our funds,111,-0.4052
you time,1694,-0.4055
income has,101,-0.4055
see still,134,-0.4061
new growth,737,-0.4061
you paid,123,-0.4063
off over,125,-0.4068
you continuing,297,-0.4068
growth environment,148,-0.4069
portion you,131,-0.407
improvements you,210,-0.4071
growth its,144,-0.4071
out seeing,125,-0.4077
design our,195,-0.4077
two well,130,-0.408
costs our,853,-0.4081
our accelerated,150,-0.4083
flow well,124,-0.4084
centers our,201,-0.4084
operations over,116,-0.4086
both well,171,-0.4086
our forward,1360,-0.4087
start can,129,-0.4088
our segment,859,-0.4089
demand how,142,-0.4091
growth right,394,-0.4106
all price,119,-0.4107
now here,161,-0.4107
day over,143,-0.4111
start continue,101,-0.4114
any increase,100,-0.4114
focus all,114,-0.4116
all has,304,-0.4117
one industry,103,-0.4122
growth important,158,-0.4122
community you,123,-0.4124
right was,349,-0.4125
segment over,194,-0.4125
our record,471,-0.4132
always you,324,-0.4135
now approximately,176,-0.4137
over grew,107,-0.414
you even,599,-0.4144
you become,143,-0.4147
one not,409,-0.415
now little,208,-0.4156
billion value,105,-0.4164
our experienced,124,-0.4168
grow are,291,-0.4168
time full,156,-0.417
core our,627,-0.4172
are once,116,-0.4179
application our,100,-0.4183
versus was,171,-0.4184
impact over,272,-0.4186
strong share,171,-0.4188
customers great,121,-0.4188
well two,129,-0.4191
years second,106,-0.4192
out high,116,-0.4193
all costs,119,-0.4194
time seeing,131,-0.42
months our,616,-0.4201
channel are,174,-0.4207
you few,435,-0.4209
capital increased,101,-0.4215
points our,1035,-0.4215
james you,170,-0.4215
opportunity new,128,-0.4225
markets was,235,-0.4227
first expected,144,-0.4235
effectively our,103,-0.4254
march you,199,-0.4256
whole you,128,-0.4256
low but,134,-0.4271
expansion now,102,-0.4272
land you,108,-0.4279
well most,100,-0.4282
part are,408,-0.4283
today right,113,-0.4283
lot how,163,-0.4301
first believe,132,-0.4307
not kind,274,-0.4307
you happen,127,-0.4307
other had,104,-0.4308
operating revenue,260,-0.4309
look but,425,-0.4319
higher other,111,-0.4332
last our,2006,-0.4332
our strength,437,-0.4333
strong right,144,-0.4337
date our,484,-0.4351
see fourth,135,-0.4353
bit right,102,-0.4356
one get,187,-0.4357
good kind,182,-0.4358
product not,223,-0.4361
growth are,2445,-0.4364
share today,132,-0.4371
value look,109,-0.4373
forward one,167,-0.4376
you being,688,-0.438
these lower,108,-0.4383
service but,140,-0.4383
but potential,148,-0.4396
mix over,151,-0.4397
remains our,454,-0.4397
may one,110,-0.44
future can,110,-0.4402
portfolio new,147,-0.4409
products one,121,-0.4412
environment over,131,-0.4412
down well,156,-0.4414
third now,151,-0.4419
see don,107,-0.442
expansion are,320,-0.4421
management revenue,191,-0.4423
now continue,353,-0.4427
program our,590,-0.4437
fourth you,818,-0.4438
control you,175,-0.4442
not how,382,-0.4443
but benefit,114,-0.4445
sales but,482,-0.4451
value are,597,-0.4453
volumes you,277,-0.4453
around revenue,176,-0.446
through long,115,-0.4467
kind higher,121,-0.4472
see cost,180,-0.4476
retention our,183,-0.4481
inventory over,113,-0.4481
down other,100,-0.4482
you great,1028,-0.4483
costs new,118,-0.4487
how strong,223,-0.4488
through one,253,-0.449
points these,111,-0.4495
brand growth,143,-0.4497
are partially,104,-0.4498
ahead you,740,-0.4516
first third,140,-0.4519
network our,307,-0.452
used our,304,-0.4522
even our,729,-0.4522
ebitda revenue,172,-0.4523
revenue based,145,-0.4526
you who,373,-0.4527
our comparable,149,-0.453
was all,625,-0.4536
our purchase,131,-0.4538
expected was,220,-0.4539
offering you,170,-0.4545
priorities you,137,-0.4546
around expect,105,-0.4546
say new,158,-0.4547
customers data,117,-0.4551
growth based,224,-0.4554
you achieve,136,-0.4555
today one,182,-0.456
strong full,138,-0.4567
our deployment,152,-0.4568
down continue,148,-0.4571
high share,105,-0.4572
get cost,100,-0.4575
kind end,134,-0.4575
was off,118,-0.4585
strategy over,172,-0.4586
part growth,207,-0.4586
even first,103,-0.4592
today both,100,-0.4597
slide was,107,-0.4601
lot right,102,-0.4602
versus revenue,121,-0.4603
any product,103,-0.4609
impact last,115,-0.4609
new billion,236,-0.4613
partner are,108,-0.4614
growth probably,114,-0.4617
growth basis,372,-0.462
way well,101,-0.4623
points are,485,-0.4624
our mid,446,-0.4632
second product,112,-0.4633
orders our,251,-0.4636
over global,117,-0.4637
looking first,153,-0.4637
billion guidance,126,-0.464
data was,279,-0.4642
overall not,128,-0.4644
one new,355,-0.4645
cash back,144,-0.4645
attractive you,119,-0.4649
projects our,371,-0.4651
revenues growth,108,-0.4653
our storage,101,-0.4654
are position,250,-0.4665
over was,997,-0.4671
power but,102,-0.4671
last how,234,-0.4671
guidance well,181,-0.4678
leadership our,234,-0.4678
share you,1426,-0.4681
fourth how,120,-0.4681
including revenue,144,-0.4683
growth pretty,142,-0.4683
future our,737,-0.4683
change are,235,-0.4684
facility our,242,-0.4688
around not,170,-0.4693
sales well,238,-0.4693
consumers you,153,-0.4694
customer but,283,-0.4696
again well,109,-0.4699
time long,115,-0.4708
term adjusted,105,-0.4709
growth you,3961,-0.4719
products over,214,-0.4722
portfolio those,109,-0.4723
position growth,129,-0.4725
now our,3011,-0.4729
growth focused,161,-0.4736
one look,217,-0.4737
well now,360,-0.4745
our centers,192,-0.4745
but current,135,-0.4758
over given,152,-0.4759
out customers,176,-0.476
platform you,650,-0.476
customers higher,129,-0.4764
one mentioned,107,-0.4764
allocation are,108,-0.477
report you,120,-0.4773
remarks our,508,-0.4775
right good,159,-0.4776
obviously now,114,-0.4778
systems our,293,-0.4785
markets over,231,-0.4789
potential but,144,-0.4791
capex are,122,-0.4794
time other,155,-0.4794
lot last,130,-0.4796
our oil,144,-0.4798
strong expect,177,-0.4798
center are,166,-0.4799
out has,199,-0.4801
revenue given,108,-0.4804
growth excited,105,-0.4804
one start,105,-0.4814
rate can,182,-0.4815
meet you,128,-0.4815
april our,183,-0.4817
coming first,108,-0.4819
are closing,131,-0.4823
growth maybe,342,-0.4823
get our,1444,-0.4834
management continue,132,-0.4842
last higher,137,-0.4843
data you,994,-0.4846
end share,139,-0.4846
important are,290,-0.4847
conversion our,211,-0.4854
outstanding our,169,-0.4857
you closed,120,-0.4859
you hard,179,-0.4863
our january,183,-0.4864
cost but,318,-0.4865
different you,497,-0.4866
years last,123,-0.4867
ask are,177,-0.4869
probably you,359,-0.4869
investment not,118,-0.488
range new,119,-0.4882
cash approximately,107,-0.4886
you report,119,-0.4893
third these,105,-0.4901
our healthy,187,-0.4904
basis basis,109,-0.4907
prices our,263,-0.4912
analysis our,119,-0.4912
see see,337,-0.492
beginning you,175,-0.492
growth slide,118,-0.4921
brand are,268,-0.4921
growth mentioned,211,-0.4921
positioned our,272,-0.4922
last down,124,-0.4924
through ebitda,104,-0.4924
buy you,116,-0.4925
seeing but,291,-0.4931
our standpoint,164,-0.4933
our plus,313,-0.4936
strength are,202,-0.4939
team but,202,-0.4944
probably over,101,-0.4946
had operating,102,-0.495
come first,100,-0.4957
first again,127,-0.4957
distribution are,118,-0.4967
all obviously,104,-0.4971
was average,126,-0.4971
out guidance,143,-0.4971
our limited,127,-0.4974
chain you,199,-0.4977
system our,378,-0.4978
results you,1072,-0.4978
organization our,286,-0.498
now within,106,-0.4983
right customers,137,-0.4986
results share,120,-0.4992
sales product,135,-0.4992
through say,108,-0.4994
start are,399,-0.4994
was few,114,-0.4996
over core,134,-0.5003
growth other,374,-0.5005
results those,144,-0.5019
kind down,106,-0.5025
well point,120,-0.5028
you own,179,-0.5029
plan over,123,-0.5035
first focus,108,-0.5036
those terms,113,-0.504
you less,291,-0.5043
you relatively,139,-0.505
our deposits,162,-0.5051
capital cash,162,-0.5055
investments now,104,-0.5056
still are,459,-0.5058
least are,103,-0.5058
our middle,183,-0.5059
through time,198,-0.5061
time first,280,-0.5073
our returns,250,-0.5077
see now,386,-0.5078
point our,999,-0.5079
management now,172,-0.508
potential our,592,-0.5083
price you,633,-0.5085
any any,107,-0.5086
guess but,112,-0.509
results operating,105,-0.5097
basis how,172,-0.5103
back guidance,109,-0.5106
ahead first,126,-0.5106
board our,235,-0.5108
our lines,228,-0.5108
new portfolio,140,-0.5113
rate sales,122,-0.5116
full billion,119,-0.5118
revenue continue,357,-0.5119
share all,243,-0.512
through results,133,-0.5124
you confident,227,-0.5131
built are,123,-0.5134
revenue gaap,120,-0.514
through strong,179,-0.5144
was impact,249,-0.5147
contribution you,155,-0.5149
first you,2185,-0.5152
coming you,595,-0.5152
over number,175,-0.5161
capital right,126,-0.5162
all terms,146,-0.5174
second kind,132,-0.518
first customer,163,-0.518
performance those,132,-0.5188
any share,128,-0.519
services over,130,-0.5197
was use,111,-0.5201
now mentioned,126,-0.5202
growth related,160,-0.5206
basis first,203,-0.5209
now those,314,-0.5211
date was,101,-0.5213
today other,107,-0.5217
around last,102,-0.5219
our early,631,-0.5221
track are,119,-0.5222
but provide,140,-0.5226
continue second,178,-0.5228
mean our,691,-0.5231
bring you,192,-0.5241
sheet you,330,-0.5241
over even,157,-0.5243
but average,133,-0.5248
how product,158,-0.5258
seeing continue,137,-0.5259
goes our,130,-0.526
come you,552,-0.5262
these great,133,-0.5267
through well,229,-0.5269
great new,173,-0.5273
generation are,151,-0.5277
our costs,785,-0.5279
forward all,176,-0.5284
loans our,292,-0.5285
growth those,513,-0.5287
our congrats,114,-0.5294
days our,257,-0.5294
share continue,196,-0.5296
price can,114,-0.5305
kind net,132,-0.5305
basis now,216,-0.5305
see flow,125,-0.5307
seen you,522,-0.531
period our,692,-0.532
our account,130,-0.5327
rate look,105,-0.5333
not here,154,-0.5335
most not,123,-0.5337
get first,198,-0.5337
life our,184,-0.5338
our orders,239,-0.5343
saying our,128,-0.5344
competition our,115,-0.5357
our facility,231,-0.5359
portfolio all,136,-0.536
expect all,258,-0.5363
community our,141,-0.5365
through now,289,-0.5367
guys was,109,-0.5369
early are,301,-0.5372
yes has,107,-0.5374
growth not,749,-0.5375
end adjusted,111,-0.538
earnings first,208,-0.5383
guidance look,126,-0.5389
rate well,143,-0.5392
can can,405,-0.5397
past our,467,-0.54
increase expect,119,-0.5402
expectation our,153,-0.5403
team not,130,-0.5405
driving over,105,-0.5412
deposits our,158,-0.5412
our project,309,-0.5416
you opportunity,663,-0.5416
well these,247,-0.542
but mix,148,-0.543
but plan,126,-0.5431
during now,122,-0.5433
well well,270,-0.5441
approximately was,234,-0.5454
not most,122,-0.5455
had customers,115,-0.5457
china our,298,-0.5459
europe our,279,-0.5461
two you,790,-0.5461
saw you,449,-0.5471
companies our,308,-0.5482
has right,150,-0.549
back all,196,-0.5496
looking but,242,-0.5498
you looks,130,-0.5501
full second,113,-0.5507
guidance sales,143,-0.551
you better,628,-0.5512
first overall,108,-0.5516
confident you,221,-0.5518
kind expect,154,-0.552
amount our,231,-0.5524
but higher,316,-0.5525
back strong,129,-0.553
restructuring our,112,-0.5536
new versus,100,-0.5537
operating net,121,-0.5538
all cost,179,-0.5541
talked growth,138,-0.5544
point all,136,-0.5546
impact can,160,-0.5549
prior our,895,-0.5549
term see,175,-0.5553
our october,106,-0.5553
right these,156,-0.5555
first take,130,-0.5556
balance but,155,-0.5563
kind continue,182,-0.5565
looking continue,116,-0.5566
through you,1500,-0.5568
both across,101,-0.5568
good here,101,-0.5569
seeing are,563,-0.557
share through,168,-0.5573
others our,137,-0.5573
taking over,134,-0.5574
good our,1971,-0.5578
sales new,266,-0.5583
first cash,258,-0.5584
recently are,114,-0.5584
end these,161,-0.5585
kind good,167,-0.5599
done our,380,-0.56
industry over,168,-0.56
are forward,590,-0.5608
bit first,174,-0.5609
goal our,170,-0.561
these sales,204,-0.5612
over these,461,-0.5613
back share,124,-0.5614
share operating,132,-0.5615
expect data,114,-0.5617
our two,976,-0.5622
but use,116,-0.5623
contract are,124,-0.5624
mix growth,153,-0.5624
issue our,105,-0.5627
across end,115,-0.5629
offerings you,115,-0.5633
through impact,109,-0.5636
phase are,150,-0.5641
increase but,288,-0.5646
coming our,718,-0.5652
all got,110,-0.5653
numbers our,225,-0.5653
count you,108,-0.5654
exposure our,154,-0.5655
those end,158,-0.5655
third all,128,-0.5672
our activities,134,-0.5674
over here,215,-0.5674
plus you,238,-0.5677
share expect,161,-0.5679
seven our,100,-0.5683
world our,382,-0.5686
rate these,128,-0.5686
our program,541,-0.5687
contract you,205,-0.5687
came our,190,-0.569
increased growth,265,-0.5691
scale you,361,-0.5693
income revenue,139,-0.5693
our patients,452,-0.5705
time second,153,-0.5707
given growth,157,-0.571
customers increase,111,-0.5715
sort growth,165,-0.5717
hand our,188,-0.5718
great kind,100,-0.5722
years strong,109,-0.5733
time both,130,-0.5734
see third,119,-0.5739
progress was,128,-0.574
but grow,129,-0.5744
growth kind,391,-0.5747
but core,134,-0.5747
well today,160,-0.576
end back,108,-0.5762
actually you,468,-0.577
capabilities you,291,-0.5774
through operating,146,-0.5777
second now,227,-0.5777
consistent you,289,-0.5781
talked are,262,-0.5781
team over,181,-0.5784
say now,155,-0.5785
spend are,150,-0.5798
second time,152,-0.5801
you every,309,-0.5808
you additional,497,-0.5813
people you,428,-0.5817
see revenue,389,-0.5821
see product,167,-0.583
performance share,105,-0.5832
low growth,126,-0.5833
capital back,117,-0.5837
least you,162,-0.584
out billion,147,-0.5842
see customer,144,-0.5843
acquisition are,219,-0.5847
you excited,313,-0.5848
before our,593,-0.5853
over continue,476,-0.5854
growth past,113,-0.5857
our interest,647,-0.586
data see,152,-0.5862
across new,204,-0.5864
backlog are,117,-0.5867
you coming,566,-0.5872
share but,391,-0.5873
lead you,133,-0.5873
job our,161,-0.5874
demand you,841,-0.5877
cash capital,153,-0.5879
lot can,179,-0.5886
first down,167,-0.5894
months over,124,-0.5896
sales high,107,-0.5897
working are,265,-0.5898
here new,133,-0.5902
position you,381,-0.5902
strong strong,157,-0.5906
making are,209,-0.5913
need not,108,-0.5916
you another,345,-0.5922
start now,118,-0.5926
fourth not,146,-0.5926
but few,115,-0.5927
share has,171,-0.593
adjusted financial,106,-0.5943
are specifically,119,-0.5944
coming now,107,-0.5945
customers any,125,-0.5949
related but,145,-0.5953
now well,331,-0.5957
book are,109,-0.5957
you closing,201,-0.5963
you both,1004,-0.5964
equipment you,164,-0.5965
growth grew,104,-0.5967
acquisitions our,210,-0.5972
earnings second,114,-0.5974
customers first,238,-0.5976
years first,164,-0.5981
all looking,138,-0.5986
sequentially our,292,-0.5987
our low,499,-0.599
end are,690,-0.5993
those customer,117,-0.5994
now opportunity,121,-0.5997
but top,125,-0.5999
conversion you,156,-0.6
term you,1034,-0.6001
volume not,103,-0.6006
point well,112,-0.6024
month you,236,-0.6036
you reason,103,-0.6036
share other,125,-0.6039
believe first,117,-0.6047
our big,447,-0.6049
how new,307,-0.6049
our group,285,-0.6053
decision you,120,-0.6057
costs you,595,-0.6066
industry all,101,-0.6069
range not,122,-0.607
bit not,188,-0.6071
agreement our,143,-0.6074
bit well,142,-0.6077
rate how,136,-0.6083
long can,150,-0.6084
great growth,287,-0.6088
our today,1306,-0.6096
but two,225,-0.6104
grew growth,103,-0.6107
outside you,129,-0.6118
having our,303,-0.6122
always are,170,-0.6124
our run,289,-0.6136
outlook growth,148,-0.614
average growth,131,-0.614
now third,134,-0.6143
our super,108,-0.6145
right last,135,-0.6145
team you,624,-0.6147
are course,172,-0.6148
not start,121,-0.6151
but here,219,-0.6152
segment our,744,-0.6163
acquisition growth,111,-0.6164
not out,274,-0.6164
strong had,110,-0.6168
along you,162,-0.617
spending you,158,-0.6171
you generate,120,-0.6174
you invest,177,-0.6179
forward first,167,-0.6181
cycle our,228,-0.6181
inventory you,355,-0.6186
get across,103,-0.6187
investment are,328,-0.6188
get margin,130,-0.6188
all income,117,-0.6193
maybe look,109,-0.6193
product how,148,-0.6201
how data,135,-0.6201
expect product,120,-0.6203
billion earnings,115,-0.6205
gaap was,153,-0.6206
now down,175,-0.6211
everyone are,220,-0.6215
back not,210,-0.622
continue down,132,-0.6222
better all,105,-0.6225
last results,121,-0.6235
growth balance,155,-0.6236
number can,105,-0.6239
now other,209,-0.6243
over cash,393,-0.6244
you further,471,-0.626
are related,287,-0.6263
back now,201,-0.6265
trend our,207,-0.6271
term sales,127,-0.6272
our spending,196,-0.6273
cost was,268,-0.6276
not based,126,-0.6284
but primarily,116,-0.6285
our fully,234,-0.6286
brand was,112,-0.6291
basis these,145,-0.6295
profitability you,264,-0.6295
demand over,231,-0.6299
first mentioned,109,-0.6301
sell you,156,-0.6301
new value,155,-0.6303
basis look,116,-0.6304
through capital,153,-0.6307
recently you,180,-0.631
good are,903,-0.6312
capital capital,131,-0.6315
time customers,167,-0.6318
customer not,168,-0.6323
you moving,341,-0.6325
financing our,109,-0.6326
now way,114,-0.6331
was did,122,-0.6343
you double,248,-0.6344
currently our,210,-0.6348
price over,164,-0.6351
end not,221,-0.6362
our expected,875,-0.6365
planning our,132,-0.6366
get over,294,-0.6366
team first,109,-0.6368
seeing not,175,-0.6371
you today,1025,-0.638
data through,112,-0.6381
how our,2108,-0.6385
pipeline our,471,-0.6385
guidance time,137,-0.639
over performance,255,-0.639
you reach,122,-0.6392
you guide,197,-0.6396
inc our,355,-0.6414
continue say,112,-0.6415
not obviously,106,-0.6415
second can,209,-0.6416
last not,275,-0.6417
development you,389,-0.6421
get share,116,-0.6423
loans you,216,-0.6423
care you,219,-0.6423
industry you,561,-0.6424
almost our,155,-0.6424
second our,1427,-0.6425
guys but,109,-0.6426
first our,2499,-0.6426
growth current,126,-0.6427
mentioned all,107,-0.6428
grow you,413,-0.6433
term are,604,-0.6441
product was,270,-0.6441
below you,165,-0.6442
point first,129,-0.6448
such are,157,-0.6461
obviously our,667,-0.6463
share new,224,-0.6465
our expenses,535,-0.6467
potentially you,132,-0.647
expansion you,461,-0.647
look capital,132,-0.647
absolutely our,106,-0.6481
revenue interest,100,-0.6482
hard you,160,-0.6482
you stated,137,-0.6482
amount you,173,-0.6484
last basis,129,-0.6485
off are,225,-0.6491
basis sales,131,-0.6497
any capital,112,-0.6502
over expansion,130,-0.6513
flat you,211,-0.6514
network you,214,-0.6515
launch you,253,-0.6516
expectations over,110,-0.652
points you,706,-0.6523
you gain,109,-0.653
put you,273,-0.6531
issues our,102,-0.6534
pass our,102,-0.6536
over its,110,-0.6539
through today,127,-0.6545
portfolio see,117,-0.6546
you number,562,-0.6549
costs revenue,116,-0.6549
maybe those,131,-0.6549
range can,109,-0.6557
state you,119,-0.6562
support over,122,-0.6565
are cycle,107,-0.6568
scale growth,106,-0.657
again over,181,-0.6577
terms these,103,-0.6579
service are,243,-0.6587
results sales,120,-0.6588
appreciate our,290,-0.659
first including,111,-0.6592
macro you,135,-0.6598
all look,214,-0.6603
basis our,1298,-0.6604
guidance all,186,-0.6608
results time,122,-0.6611
average but,121,-0.6612
growth can,635,-0.6618
one out,210,-0.6618
through get,128,-0.6619
portfolio one,111,-0.6626
ways our,136,-0.6631
target are,151,-0.6634
you information,164,-0.6636
bit can,167,-0.6641
lot was,257,-0.6646
risk you,323,-0.665
growth most,177,-0.6657
against you,145,-0.6659
total growth,220,-0.6659
out customer,100,-0.6659
end operating,108,-0.6665
people our,504,-0.667
growth brand,123,-0.6671
end all,192,-0.6673
said new,108,-0.6674
those long,106,-0.6684
including growth,194,-0.6686
even over,142,-0.6691
update are,139,-0.6693
growth acquisition,107,-0.6694
term not,195,-0.6695
end right,104,-0.67
kind those,158,-0.6701
debt but,111,-0.671
basis not,204,-0.6717
two are,436,-0.672
was operating,302,-0.672
due growth,177,-0.6731
products see,108,-0.6732
years new,156,-0.6733
capital continue,170,-0.6733
you certain,209,-0.6744
short are,109,-0.6748
well last,203,-0.6754
lower our,838,-0.6754
performance sales,110,-0.6757
our process,369,-0.6758
growth growing,129,-0.676
double our,301,-0.6761
you beginning,154,-0.6764
through continue,198,-0.6766
how margin,203,-0.6767
see say,125,-0.6771
our tariff,209,-0.6777
last strong,157,-0.6783
end those,146,-0.6794
share share,138,-0.6795
productivity you,179,-0.6796
case our,190,-0.6802
basis end,101,-0.6807
now may,113,-0.6808
share earnings,119,-0.6812
our paid,127,-0.6812
better now,109,-0.6817
last lot,113,-0.6818
management well,120,-0.6819
growth something,107,-0.682
seeing first,152,-0.6825
segment can,104,-0.6827
bit share,101,-0.6828
primarily growth,117,-0.6835
end capital,116,-0.684
flow but,204,-0.684
around growth,231,-0.684
margin forward,111,-0.6855
our yield,151,-0.6859
same but,164,-0.6864
fair you,106,-0.6871
margin little,112,-0.6875
shift you,178,-0.6878
was number,152,-0.688
fees our,130,-0.688
you different,432,-0.6888
thoughts our,126,-0.6891
revenue last,271,-0.6896
core was,115,-0.6896
growth around,230,-0.6902
you people,397,-0.6902
our margin,1684,-0.6902
start revenue,117,-0.6904
distribution our,214,-0.6905
growth two,223,-0.6907
money our,122,-0.6913
first said,106,-0.6913
between you,414,-0.6917
deals our,194,-0.6918
bank you,208,-0.692
focus over,151,-0.6933
specific you,206,-0.6935
now full,192,-0.6936
has all,250,-0.6939
you general,172,-0.695
inventory growth,105,-0.6958
all demand,137,-0.6965
path our,125,-0.6969
share kind,129,-0.6969
bookings our,151,-0.6981
are additional,276,-0.6983
you open,437,-0.6986
services you,406,-0.6987
see through,223,-0.6991
ready our,121,-0.6995
challenging our,106,-0.6995
growth sort,151,-0.6996
you focused,441,-0.7001
growth benefit,100,-0.7009
first are,1157,-0.7009
balance our,588,-0.7014
work new,100,-0.7015
providing you,149,-0.7018
but back,299,-0.7019
back margin,124,-0.7022
guidance our,1285,-0.7027
saw but,120,-0.7031
half over,203,-0.7031
markets first,124,-0.7033
got can,104,-0.7042
transition you,133,-0.7045
during but,171,-0.7046
was months,112,-0.7051
over one,478,-0.7054
great was,238,-0.7058
data now,162,-0.7059
value new,147,-0.7068
available are,146,-0.7069
are companies,133,-0.707
are fact,110,-0.7073
previously our,212,-0.7073
first data,151,-0.7082
are after,188,-0.7085
end you,1062,-0.7088
yeah but,166,-0.7092
other was,287,-0.7093
over commercial,127,-0.7102
our sustainable,117,-0.7104
performance how,128,-0.7105
billion our,1395,-0.711
deployment you,102,-0.7112
online our,132,-0.7118
time impact,100,-0.712
back capital,107,-0.7126
experienced our,101,-0.7128
you work,558,-0.7132
you relative,196,-0.7133
first how,284,-0.7142
good both,122,-0.7148
measures you,159,-0.7151
one right,160,-0.7153
not look,232,-0.7156
finance our,105,-0.7164
patients you,327,-0.7164
well get,147,-0.7171
forward sales,110,-0.7173
product continue,133,-0.7174
good cost,120,-0.7177
center our,292,-0.7179
capital but,342,-0.7189
margin kind,140,-0.7196
rate not,167,-0.7196
you normal,100,-0.7199
different was,117,-0.72
two can,128,-0.7206
chain our,213,-0.7207
number now,102,-0.7209
years good,112,-0.721
continue good,202,-0.7215
try you,104,-0.7221
come our,602,-0.7222
look product,101,-0.7231
pay our,150,-0.7235
well full,148,-0.7236
are nearly,110,-0.7238
back these,135,-0.7247
you ended,167,-0.7255
you grow,390,-0.7259
down these,117,-0.7259
our states,153,-0.7273
above you,226,-0.7273
growth customer,248,-0.7275
well was,440,-0.7276
demand now,145,-0.7278
those product,124,-0.728
all end,184,-0.7287
you means,100,-0.7289
add are,180,-0.7297
are these,873,-0.7304
over ebitda,199,-0.7305
but continued,180,-0.7308
payments you,112,-0.731
impact continue,111,-0.732
new operating,186,-0.7326
thinking are,148,-0.733
revenue high,156,-0.7335
content our,231,-0.734
short our,217,-0.7341
you far,217,-0.7354
bit one,136,-0.7359
see point,112,-0.7362
last over,368,-0.7367
compared over,162,-0.7368
down margin,105,-0.7369
time years,107,-0.7372
are see,1043,-0.7381
provides our,108,-0.7384
units our,137,-0.7385
right see,165,-0.739
pricing are,301,-0.7391
all driven,129,-0.7392
platform growth,169,-0.7393
capital can,207,-0.7397
but over,888,-0.7398
terms are,429,-0.7399
end how,155,-0.7405
other sales,127,-0.7407
you providing,145,-0.7411
you makes,116,-0.7417
growth performance,262,-0.7417
growth part,170,-0.7427
basis you,981,-0.7432
but our,3913,-0.7433
end well,155,-0.7438
see back,160,-0.744
segment you,545,-0.7442
out higher,112,-0.7444
revenue other,204,-0.7447
full are,587,-0.7457
agreement you,104,-0.7457
those but,421,-0.7464
average was,106,-0.7464
forward new,153,-0.7475
growth want,212,-0.7478
sales strong,152,-0.7483
now share,223,-0.7491
uncertainty you,106,-0.7493
strong billion,126,-0.7494
end has,135,-0.7495
data these,113,-0.7496
fourth can,121,-0.7497
second cash,129,-0.7499
plus our,262,-0.7502
over overall,150,-0.7509
guidance cash,121,-0.7512
prior growth,195,-0.752
product now,172,-0.7521
project our,267,-0.7524
users you,109,-0.7525
bit growth,268,-0.7526
our region,112,-0.7529
want how,101,-0.753
production our,530,-0.7531
out good,166,-0.7543
growth product,282,-0.7545
second well,158,-0.7549
first billion,192,-0.7558
per well,120,-0.7571
our july,101,-0.7573
end revenue,207,-0.7574
our range,694,-0.7574
you first,1847,-0.7577
growth share,364,-0.7579
cash performance,101,-0.758
fleet you,107,-0.7585
well little,129,-0.7593
you fully,171,-0.7599
see one,267,-0.7599
cost those,119,-0.7601
around well,105,-0.7602
last any,119,-0.7605
demand all,131,-0.7611
our opportunity,711,-0.7619
started you,156,-0.7623
you turn,472,-0.7626
set are,135,-0.7629
both growth,279,-0.7636
our critical,160,-0.7638
process our,347,-0.7645
acquisition you,321,-0.7646
around can,128,-0.7648
improvement are,232,-0.765
but both,266,-0.765
you those,1394,-0.7667
good customer,102,-0.767
sales had,107,-0.7677
margin maybe,111,-0.7689
one back,150,-0.7691
through revenue,261,-0.7692
leverage are,218,-0.7692
over gaap,141,-0.7698
see performance,135,-0.7709
basis kind,102,-0.7711
successful our,129,-0.7714
rate all,143,-0.7715
over continued,166,-0.7733
inventory are,192,-0.7737
our response,105,-0.7746
capital guidance,105,-0.7754
demand can,135,-0.7756
are relative,113,-0.7763
expenses our,489,-0.7764
available you,231,-0.7765
markets one,104,-0.7766
but pricing,145,-0.7768
margin right,121,-0.777
fiscal you,459,-0.777
second billion,108,-0.7774
those all,243,-0.7777
partner you,144,-0.7779
good not,268,-0.778
our combination,159,-0.7781
you interest,453,-0.7791
basis well,143,-0.78
was core,108,-0.7802
dollars our,132,-0.7805
our post,111,-0.7808
well data,121,-0.7814
through years,102,-0.7821
was margin,350,-0.7822
way over,153,-0.7826
supply but,106,-0.7828
stable you,134,-0.7828
expecting our,132,-0.783
conditions you,123,-0.7834
performance new,145,-0.7834
midpoint you,138,-0.7838
accelerate you,134,-0.7842
customers was,326,-0.7855
growth pricing,151,-0.7857
but expected,188,-0.7864
data first,143,-0.7867
stronger our,159,-0.7889
growth prior,190,-0.7895
most was,144,-0.7902
weeks our,136,-0.7908
are patients,187,-0.7911
goal you,116,-0.7912
industry our,632,-0.7916
part now,100,-0.7925
now range,103,-0.7926
taken our,117,-0.7934
around over,194,-0.7941
pricing over,136,-0.7949
result you,247,-0.7957
yield you,112,-0.7958
both margin,108,-0.796
growth how,472,-0.7962
products first,107,-0.7991
lot out,102,-0.7991
despite our,198,-0.7996
number our,635,-0.7998
not maybe,174,-0.8002
top growth,114,-0.8002
over within,128,-0.8002
term now,171,-0.8003
here our,808,-0.8004
last look,136,-0.8018
how cost,128,-0.8022
first looking,121,-0.8022
mix are,250,-0.8026
reached our,114,-0.803
cash out,148,-0.8032
infrastructure our,275,-0.8032
not driven,139,-0.8034
service was,101,-0.8036
three our,521,-0.8037
revenue overall,103,-0.8047
cost these,117,-0.8047
growth end,310,-0.805
you change,309,-0.805
systems you,187,-0.8052
was volume,125,-0.8052
definitely you,101,-0.8057
follow are,187,-0.8062
growth sales,393,-0.807
month our,256,-0.8074
margin now,236,-0.8082
was increased,199,-0.8091
are come,273,-0.8103
infrastructure you,219,-0.8106
our loans,240,-0.8115
fourth see,104,-0.8117
center you,219,-0.8118
first yes,120,-0.8119
acquisition our,388,-0.8123
getting you,305,-0.8124
one looking,106,-0.8127
flow all,110,-0.8136
around first,120,-0.8139
terms first,120,-0.8143
see out,198,-0.8147
stronger you,125,-0.8148
can lot,153,-0.815
last those,166,-0.8151
transaction you,175,-0.8152
good was,365,-0.8163
but future,138,-0.8166
not demand,142,-0.8166
down can,147,-0.8174
actually over,112,-0.8181
you plus,200,-0.8186
quickly our,165,-0.8188
growth see,511,-0.8188
look expect,132,-0.8193
our transaction,218,-0.8194
project you,204,-0.8195
america our,286,-0.8201
favorable our,175,-0.8208
last right,117,-0.8209
those down,108,-0.8212
income now,110,-0.8215
can all,320,-0.8216
our search,155,-0.8216
capital other,103,-0.8217
driven over,196,-0.8229
are need,280,-0.8229
you continued,567,-0.823
growth expense,106,-0.8234
value growth,238,-0.8235
you play,121,-0.8243
now these,258,-0.8247
utilization you,102,-0.825
order you,214,-0.825
good well,196,-0.8252
kind out,127,-0.8252
our ebitda,823,-0.8254
well customer,111,-0.826
healthy our,148,-0.8279
did over,109,-0.8282
our march,188,-0.8288
are expectations,207,-0.8302
customers full,106,-0.8303
top our,447,-0.8303
target our,279,-0.8304
was working,103,-0.8314
basis all,162,-0.8324
but balance,128,-0.8324
maybe see,141,-0.8332
good today,118,-0.8344
end can,178,-0.8345
but demand,211,-0.8349
better revenue,104,-0.835
down revenue,160,-0.8358
want one,100,-0.8365
organization you,181,-0.8369
focus are,291,-0.8371
expansion growth,126,-0.8381
step you,159,-0.8383
patients our,375,-0.84
looking one,104,-0.8402
are within,265,-0.8407
those not,262,-0.841
earnings expect,115,-0.8412
continue high,103,-0.8412
end over,274,-0.8414
see type,104,-0.8432
first still,107,-0.8432
end sales,121,-0.8443
you track,158,-0.8448
sales now,233,-0.8454
longer you,181,-0.8454
healthy you,117,-0.8458
trial our,134,-0.846
total over,176,-0.8461
these customer,100,-0.8461
time over,353,-0.8462
data our,966,-0.8469
get how,134,-0.8473
now through,233,-0.8474
better are,308,-0.8475
you competitive,211,-0.8479
things was,171,-0.8479
type growth,197,-0.849
sale you,133,-0.8495
revenue these,269,-0.8499
impact see,117,-0.85
our constant,110,-0.8502
growth said,167,-0.8504
our thinking,283,-0.8505
are ahead,338,-0.8505
both good,111,-0.8511
bit was,222,-0.8512
middle our,144,-0.8516
brand our,433,-0.8527
these last,164,-0.8527
better growth,159,-0.8528
nice you,113,-0.8529
over different,109,-0.8535
look growth,332,-0.8556
margin last,148,-0.8557
are core,223,-0.8559
you potential,372,-0.8574
full first,160,-0.8574
begin you,140,-0.8575
sales our,1519,-0.8578
rate our,958,-0.8578
you driving,298,-0.8582
terms can,120,-0.8583
our expansion,497,-0.8596
product you,840,-0.86
roughly you,152,-0.8601
but net,295,-0.8605
was being,142,-0.8611
over impact,200,-0.8622
based you,541,-0.8635
our deal,193,-0.8637
want not,124,-0.8645
primarily our,413,-0.8652
you balance,420,-0.8657
volume you,433,-0.8661
you later,123,-0.8666
service growth,109,-0.8668
channel you,212,-0.8673
are times,108,-0.8677
are joining,109,-0.8678
sense our,210,-0.8679
growth already,101,-0.8682
time back,114,-0.8685
portfolio first,109,-0.8693
are long,412,-0.8703
get see,145,-0.8707
coming are,280,-0.871
our structure,176,-0.8711
through through,151,-0.8729
above are,123,-0.8734
last both,102,-0.8739
our compensation,120,-0.8739
leading our,240,-0.8745
rates was,106,-0.875
down has,101,-0.875
enterprise are,107,-0.8754
you after,278,-0.8757
now operating,180,-0.876
technology was,111,-0.8766
seeing well,112,-0.8767
significantly our,177,-0.877
first new,302,-0.8782
needs you,143,-0.8796
until our,103,-0.8798
our parts,124,-0.8804
are get,528,-0.8822
one any,139,-0.8824
last cash,143,-0.8833
capital end,101,-0.8837
continue great,109,-0.8841
not back,175,-0.885
com today,115,-0.8854
not full,175,-0.886
production are,233,-0.8861
new guidance,161,-0.8862
first prior,101,-0.8862
whether our,254,-0.8865
yet our,166,-0.8868
you reported,244,-0.8869
terms all,113,-0.887
you curious,155,-0.8871
revenue results,165,-0.8871
period you,433,-0.8873
revenue again,110,-0.8877
our utilization,122,-0.8879
all operating,165,-0.8883
margin back,109,-0.8883
through cash,145,-0.8886
you ability,274,-0.889
innovation you,217,-0.8891
last can,214,-0.8896
increased was,188,-0.8912
are around,386,-0.8919
through guidance,113,-0.8927
but increased,202,-0.8933
sales these,162,-0.8938
had these,107,-0.894
was early,108,-0.8942
fourth all,105,-0.8964
you deal,151,-0.8967
growth three,122,-0.8968
margin you,1167,-0.8981
you quickly,125,-0.8982
growth better,154,-0.8989
lower was,159,-0.8989
over higher,236,-0.8993
group you,186,-0.8998
customers last,134,-0.8999
through not,234,-0.8999
growth mix,121,-0.901
results see,133,-0.9011
our diluted,184,-0.9019
all across,162,-0.9019
backlog our,195,-0.9024
who you,273,-0.903
earnings are,548,-0.9042
look can,188,-0.9051
kind time,127,-0.9052
look net,105,-0.9055
are put,138,-0.9058
current growth,105,-0.9058
growing are,212,-0.9079
you similar,163,-0.909
product one,127,-0.91
cost well,119,-0.9107
decreased our,131,-0.9114
actions our,203,-0.9116
first has,217,-0.9121
kind last,122,-0.9136
how growth,435,-0.914
are five,111,-0.9144
but today,252,-0.9145
not cost,157,-0.9151
capital billion,104,-0.9161
good margin,152,-0.9164
our working,438,-0.9175
continue but,398,-0.9179
but industry,138,-0.9182
want first,107,-0.9193
happen our,113,-0.9203
over lower,160,-0.9212
you six,125,-0.9213
mentioned over,142,-0.9217
com now,235,-0.9228
debt our,391,-0.9231
our trial,127,-0.9234
point growth,187,-0.9241
term can,151,-0.9245
you fact,157,-0.9256
design you,109,-0.9257
through look,127,-0.9259
equipment our,163,-0.9265
you rest,128,-0.9266
most are,285,-0.9271
are driven,388,-0.928
one are,872,-0.9284
product are,482,-0.9298
basis are,519,-0.9302
ratio you,191,-0.9304
all today,147,-0.9306
look strong,117,-0.9312
good those,164,-0.9317
are changes,137,-0.9361
power are,149,-0.9364
you regarding,105,-0.9365
terms not,123,-0.9366
each you,213,-0.9369
guidance margin,108,-0.9372
facility you,140,-0.9373
growth need,134,-0.9375
flow can,105,-0.9386
over end,256,-0.9394
cash was,309,-0.9399
kind share,109,-0.9399
level our,502,-0.9401
lot you,767,-0.9405
you three,379,-0.9417
period growth,130,-0.943
focus you,449,-0.943
our profit,278,-0.9436
but impact,199,-0.9438
run you,184,-0.9439
but second,276,-0.9441
see are,904,-0.9444
you comments,168,-0.9448
generally our,123,-0.9454
data one,113,-0.9459
has over,338,-0.9459
increase well,111,-0.9463
looking you,617,-0.9471
impact growth,208,-0.9474
now time,221,-0.9478
gain our,111,-0.9479
billion margin,117,-0.9485
you expected,564,-0.949
increased new,116,-0.9491
strong last,130,-0.9506
significant but,132,-0.9518
those can,224,-0.9532
revenue well,274,-0.9538
period are,249,-0.9539
interest was,111,-0.9548
anticipated our,163,-0.9552
anything are,117,-0.9554
flow our,709,-0.9555
support are,211,-0.9565
looking can,112,-0.9577
end through,112,-0.9578
was point,162,-0.958
last end,110,-0.9584
flow are,341,-0.9588
all get,146,-0.9592
was overall,127,-0.9596
looking not,121,-0.9601
talk growth,117,-0.9602
first well,240,-0.9603
strategy growth,134,-0.9605
research you,130,-0.9607
term these,110,-0.9608
date you,269,-0.9614
cost not,152,-0.9618
tell our,129,-0.9633
big you,279,-0.9638
not strong,207,-0.9638
ratio our,233,-0.9647
our midpoint,152,-0.9655
had our,931,-0.9659
over you,2549,-0.9661
you past,278,-0.9672
investments was,110,-0.9673
performance you,717,-0.9695
good back,110,-0.9697
across sales,110,-0.9713
over any,236,-0.9723
see end,145,-0.9739
kind capital,102,-0.9741
power you,241,-0.9742
are start,287,-0.9747
look margin,121,-0.9749
towards you,116,-0.975
our same,563,-0.9757
adjusted was,230,-0.976
looking over,171,-0.9764
those well,180,-0.9784
but full,247,-0.9785
see not,290,-0.979
through sales,140,-0.98
okay are,160,-0.9808
are terms,363,-0.9809
outlook over,104,-0.9812
had you,737,-0.9819
high but,194,-0.9819
not through,221,-0.9824
earnings through,108,-0.9827
our quality,273,-0.9837
our selling,158,-0.9838
now first,300,-0.9839
basis through,104,-0.9847
focused are,218,-0.985
volume our,498,-0.9855
all cash,190,-0.9858
four our,215,-0.986
following you,141,-0.9866
earnings margin,106,-0.9889
support but,102,-0.9892
marketing are,145,-0.9904
across customers,100,-0.9908
you execute,101,-0.9927
positive you,344,-0.9941
our attractive,103,-0.9943
rate are,420,-0.9947
made you,308,-0.9949
highlighted you,105,-0.995
share well,148,-0.995
now things,106,-0.9952
now any,156,-0.9956
see net,148,-0.9957
revenue across,174,-0.9974
growth large,114,-0.9978
retention you,100,-0.9989
things our,695,-0.9993
one capital,148,-0.9993
back see,134,-0.9998
our december,147,-1.0
all capital,166,-1.0002
you way,465,-1.0008
full but,243,-1.0021
those first,210,-1.0023
income but,152,-1.0032
software you,154,-1.0037
but strong,303,-1.0037
revenue product,153,-1.0064
not data,137,-1.0064
revenue customer,132,-1.007
had growth,226,-1.0071
one well,205,-1.0073
time revenue,225,-1.0074
one end,135,-1.009
but additional,110,-1.0095
one financial,134,-1.0095
through earnings,106,-1.0097
you pleased,201,-1.0107
got over,130,-1.0115
you throughout,167,-1.0119
you overall,442,-1.0137
pricing our,516,-1.0142
expect earnings,102,-1.0143
you early,359,-1.0146
sequentially you,175,-1.0162
revenue end,173,-1.0163
right continue,119,-1.0164
guidance growth,258,-1.0177
investment you,413,-1.0179
you multiple,159,-1.0181
second over,249,-1.0182
last all,188,-1.0185
over expected,152,-1.0187
you growing,326,-1.0187
but volume,116,-1.0188
planned our,123,-1.0191
share are,586,-1.0196
dividend our,165,-1.0197
was given,102,-1.02
customers strong,116,-1.0203
color are,118,-1.0208
you four,168,-1.0208
now years,131,-1.0214
are benefits,104,-1.0218
growth say,187,-1.0234
inventory our,335,-1.0234
all not,301,-1.0238
was points,151,-1.0241
talk are,216,-1.0243
our price,553,-1.0246
look share,106,-1.025
delivery you,107,-1.0253
are new,926,-1.0253
decline you,186,-1.0266
consumer you,266,-1.0268
margin can,195,-1.0282
all through,190,-1.0286
see had,117,-1.0295
right through,103,-1.0301
see sales,177,-1.0304
you broader,115,-1.0312
are one,812,-1.0313
two but,168,-1.0319
second has,114,-1.0323
was our,2975,-1.0329
given was,101,-1.0342
third you,527,-1.0346
inflation our,116,-1.0351
any revenue,161,-1.0355
right has,107,-1.0364
growth earnings,259,-1.0368
our metrics,134,-1.0372
time across,107,-1.0373
now good,215,-1.0373
become our,116,-1.0377
but time,325,-1.0398
you completed,111,-1.0406
dynamic our,106,-1.0406
cloud you,142,-1.042
revenue through,216,-1.0422
get revenue,158,-1.0439
these end,115,-1.044
today good,102,-1.0446
through was,296,-1.0448
compared was,128,-1.0453
can management,114,-1.0462
capital our,1142,-1.0481
all how,223,-1.049
our transactions,109,-1.0492
solutions you,274,-1.0493
value see,107,-1.0494
security our,112,-1.0494
impact now,118,-1.0494
how any,118,-1.0495
risk are,149,-1.0497
performance can,124,-1.0499
basis can,145,-1.0502
points not,106,-1.0507
those you,1144,-1.0518
less you,199,-1.0526
bit new,124,-1.0527
fleet our,109,-1.0529
earnings was,227,-1.054
unique our,126,-1.0551
improve are,127,-1.0567
you okay,252,-1.057
expect good,135,-1.0574
plus are,102,-1.0585
you active,123,-1.0586
you last,1040,-1.0598
earnings over,231,-1.0602
both can,133,-1.0615
are double,111,-1.0626
marketing you,229,-1.0627
capital sales,113,-1.066
now new,284,-1.0661
billion strong,101,-1.0684
you these,1146,-1.0695
time new,190,-1.0698
new management,109,-1.07
continue those,162,-1.0702
value first,114,-1.0704
you without,101,-1.0707
growth support,101,-1.0708
bit see,113,-1.0712
value you,642,-1.072
years over,188,-1.0742
you broad,101,-1.0746
follow our,322,-1.0749
further our,431,-1.0751
today over,214,-1.076
you approach,174,-1.076
technology you,349,-1.0773
our recovery,109,-1.0781
higher was,204,-1.0781
open but,100,-1.0787
all high,107,-1.0788
growth cost,221,-1.0789
value one,100,-1.079
continue our,1493,-1.0793
either our,104,-1.0796
now fourth,100,-1.0799
are help,169,-1.0811
offset our,310,-1.0817
continue continue,171,-1.0827
inc you,209,-1.0846
look revenue,183,-1.0847
volume are,224,-1.0854
first capital,158,-1.0855
further but,102,-1.0856
end one,128,-1.0858
one per,100,-1.086
not you,1641,-1.0862
good guidance,104,-1.0863
start was,122,-1.0872
capital well,133,-1.0876
related growth,108,-1.0877
related you,346,-1.0881
growth assets,104,-1.0883
how operating,122,-1.0883
had revenue,138,-1.0884
continues our,328,-1.0887
study our,133,-1.0895
our class,110,-1.0897
customers out,115,-1.09
move you,265,-1.0911
our flexibility,123,-1.0928
those right,106,-1.0929
you large,342,-1.093
are existing,116,-1.0934
all maybe,126,-1.094
come are,224,-1.0957
make you,434,-1.0957
our material,137,-1.0958
but opportunities,124,-1.0968
addition you,173,-1.0989
growth don,129,-1.0997
maybe new,127,-1.0997
investing you,104,-1.1015
are projects,115,-1.1022
obviously over,110,-1.1034
you larger,121,-1.1036
seeing over,181,-1.1038
energy are,100,-1.1078
first higher,128,-1.1087
you five,161,-1.1095
over back,214,-1.1101
over cost,196,-1.1103
got our,536,-1.1109
margin sales,126,-1.1112
cost growth,216,-1.1119
anticipate you,121,-1.1134
you access,134,-1.1136
you yeah,421,-1.1142
but last,298,-1.1155
reported our,260,-1.1164
through has,133,-1.1173
over other,221,-1.1177
transaction our,177,-1.1199
demand first,103,-1.122
you achieved,105,-1.1221
you mid,226,-1.1228
how revenue,243,-1.1237
lot over,191,-1.1242
back can,137,-1.1243
these financial,108,-1.1243
looking revenue,110,-1.1244
are here,311,-1.1252
down are,391,-1.1256
early you,332,-1.1274
are drive,214,-1.1275
growth billion,261,-1.1278
product new,124,-1.1281
ebitda but,159,-1.1286
but level,105,-1.1287
all see,232,-1.1291
was opportunity,122,-1.1304
you well,1202,-1.1311
you real,229,-1.1311
second all,143,-1.1312
looking are,327,-1.1315
risk our,292,-1.1317
got was,117,-1.1321
well product,104,-1.1324
gives our,125,-1.1325
side over,104,-1.1328
you gives,100,-1.1333
our available,225,-1.1356
our use,327,-1.1358
you accelerate,105,-1.136
not terms,107,-1.1376
you numbers,121,-1.1391
good operating,104,-1.1409
even are,218,-1.1411
how sales,149,-1.1416
positive are,187,-1.1419
are result,117,-1.1421
appreciate are,100,-1.1423
through are,602,-1.1423
opportunity was,121,-1.1423
income our,579,-1.1425
are make,253,-1.1427
top you,288,-1.1434
new term,126,-1.1448
growth period,113,-1.1451
probably are,137,-1.1452
customer now,113,-1.1457
see rate,103,-1.1464
billion all,145,-1.1469
one lot,104,-1.1475
stable our,130,-1.1476
give our,352,-1.149
flow revenue,100,-1.1497
good second,106,-1.1499
you course,197,-1.1506
well back,110,-1.1507
you small,143,-1.1509
still you,487,-1.152
one expect,150,-1.1522
over share,251,-1.1524
now guidance,143,-1.1533
you things,500,-1.1533
around are,322,-1.1534
you other,762,-1.1539
was said,120,-1.1541
over pricing,106,-1.1544
distribution you,124,-1.1567
term well,105,-1.1584
you low,271,-1.1586
timing are,111,-1.1588
first little,116,-1.1588
group our,194,-1.1602
revenue not,314,-1.1614
three are,196,-1.1615
now increased,107,-1.1617
all continue,198,-1.1637
earnings continue,109,-1.164
need you,367,-1.1641
efficiency you,184,-1.1649
take but,143,-1.1656
generation you,161,-1.1668
without our,118,-1.1674
already you,263,-1.1677
sales those,132,-1.1691
three growth,101,-1.1694
through margin,121,-1.1716
but price,119,-1.1722
revenues you,212,-1.1725
any you,726,-1.1731
was new,384,-1.1735
benefit are,139,-1.1744
you short,128,-1.1746
all seeing,107,-1.175
all out,165,-1.1762
are maybe,408,-1.1764
can but,424,-1.1771
last sales,120,-1.1771
first now,262,-1.1793
margin not,190,-1.1796
you each,180,-1.1797
over those,296,-1.1803
capital not,165,-1.1808
number are,235,-1.1812
you perspective,203,-1.1815
over believe,125,-1.1825
positive our,377,-1.1831
now both,127,-1.1833
you launch,175,-1.1834
term one,108,-1.1836
margin through,120,-1.1836
you pricing,367,-1.1846
over terms,148,-1.1849
growth products,144,-1.1855
state our,103,-1.1857
you front,118,-1.1865
six you,104,-1.1866
first over,388,-1.1868
time good,130,-1.1869
content you,135,-1.1878
channel our,212,-1.1885
premium you,108,-1.1889
are mid,130,-1.189
see operating,125,-1.1904
forward over,179,-1.1912
impact are,339,-1.1913
now high,107,-1.192
guidance over,207,-1.1937
track you,124,-1.1944
not end,150,-1.1953
you incremental,176,-1.1954
capex our,154,-1.1961
growing you,288,-1.1975
build you,234,-1.1977
are use,151,-1.1978
was back,197,-1.1981
last see,155,-1.1985
all back,125,-1.1986
look was,232,-1.1995
our study,123,-1.2023
expand you,156,-1.2048
these capital,112,-1.2051
through see,157,-1.2053
second not,153,-1.2055
underlying our,112,-1.2056
all last,165,-1.2068
kind revenue,163,-1.2068
revenue cash,187,-1.2074
management are,335,-1.2106
across revenue,150,-1.2115
end new,133,-1.2141
but new,401,-1.2167
but forward,185,-1.218
now forward,118,-1.2183
six our,127,-1.2195
price our,483,-1.2198
review you,107,-1.22
all lot,111,-1.22
all now,252,-1.2214
can through,173,-1.2217
get not,137,-1.2229
capital over,229,-1.2232
still but,138,-1.2236
you target,170,-1.224
expenses you,287,-1.224
not down,120,-1.2241
forward was,171,-1.2257
not increase,121,-1.226
now last,176,-1.2268
use are,148,-1.2268
growth any,218,-1.2285
you high,549,-1.2287
our april,109,-1.2292
fourth growth,148,-1.2301
earnings but,216,-1.2314
service you,271,-1.233
currently you,111,-1.2335
support you,289,-1.2342
one continue,168,-1.2342
eps are,105,-1.2346
another you,221,-1.2347
believe growth,133,-1.2347
growth cash,284,-1.2348
well customers,129,-1.2349
you expanding,127,-1.2368
management not,108,-1.2381
too our,135,-1.239
growth may,126,-1.2394
does you,248,-1.2398
versus growth,109,-1.2412
share revenue,168,-1.2431
you model,238,-1.2431
strong are,519,-1.2433
stock you,120,-1.2438
you place,151,-1.2463
full well,103,-1.2465
our lower,564,-1.2467
not today,133,-1.2469
through can,170,-1.247
largely our,114,-1.2485
back new,122,-1.2507
growth point,149,-1.2518
these growth,315,-1.2525
kind these,107,-1.2526
quality are,109,-1.2556
dividend you,112,-1.2575
over increased,149,-1.258
cost new,111,-1.2606
software our,161,-1.2607
are offset,132,-1.2608
all well,193,-1.2608
was price,104,-1.2608
second see,122,-1.2618
first any,121,-1.2629
quality you,180,-1.2635
now great,111,-1.2635
recently our,145,-1.2641
our six,123,-1.2657
thinking our,212,-1.2672
each are,102,-1.2676
built you,121,-1.2686
but around,147,-1.2687
you shift,119,-1.2687
over high,151,-1.269
has continue,137,-1.2691
higher our,806,-1.2703
record our,260,-1.2704
earnings now,134,-1.2718
good cash,117,-1.272
our projects,212,-1.2725
adoption you,106,-1.2734
direct you,122,-1.2746
you timing,170,-1.2754
you focus,356,-1.2779
see expect,144,-1.2791
are another,129,-1.2798
consistent are,107,-1.28
are back,405,-1.2801
expense our,309,-1.2812
full our,840,-1.2814
was how,299,-1.2817
our potential,346,-1.2831
versus but,101,-1.2838
great not,114,-1.2838
was continued,114,-1.284
you before,292,-1.2863
our applications,102,-1.287
expect you,872,-1.2885
may was,108,-1.2887
both but,185,-1.2889
engagement you,100,-1.2906
back are,402,-1.2908
not other,137,-1.2923
general our,142,-1.2926
enterprise you,133,-1.2931
potential you,275,-1.2933
selling you,102,-1.294
first back,118,-1.2957
you since,184,-1.2958
share not,159,-1.2958
excluding our,160,-1.2959
pricing growth,106,-1.2962
revenue our,1802,-1.299
sales has,117,-1.3002
may you,387,-1.3007
did our,347,-1.3007
revenue new,256,-1.3013
seeing can,102,-1.302
first these,173,-1.3021
increase growth,181,-1.3021
our deals,127,-1.303
create our,120,-1.3033
our shift,145,-1.3047
see basis,109,-1.3056
our continuing,199,-1.3056
feel our,284,-1.306
consumer are,132,-1.3061
growth growth,693,-1.3067
capital how,114,-1.3067
over looking,136,-1.3068
around was,133,-1.3073
book our,138,-1.3081
bit now,111,-1.3086
number over,101,-1.3091
how other,102,-1.3104
price are,218,-1.3148
having you,149,-1.3151
now customers,155,-1.3155
was long,139,-1.3162
deal our,141,-1.3166
you greater,107,-1.3172
how good,139,-1.3177
basis see,108,-1.3189
international you,160,-1.3193
end see,114,-1.3209
was years,155,-1.3213
long but,149,-1.3217
teams you,119,-1.3217
supply our,306,-1.3221
are strategic,160,-1.3224
customers good,107,-1.3237
liquidity you,101,-1.3241
time cash,109,-1.3245
all growth,385,-1.3257
make but,110,-1.3283
our ratio,181,-1.3291
invest you,108,-1.3306
first not,245,-1.3348
driving you,214,-1.3359
significantly you,103,-1.337
customer revenue,105,-1.3371
capital now,142,-1.3387
revenue had,116,-1.339
but cost,176,-1.34
out cash,102,-1.3402
you book,108,-1.3406
one full,101,-1.3407
how second,105,-1.3412
had but,171,-1.342
making you,206,-1.3438
one customers,125,-1.3462
greater our,131,-1.3463
you near,139,-1.3466
was cash,233,-1.3472
all expect,147,-1.3479
over price,100,-1.3488
you particularly,154,-1.349
right our,823,-1.3492
are current,149,-1.3494
not those,184,-1.3509
you hey,150,-1.3519
flow you,431,-1.3525
through over,244,-1.3549
over take,119,-1.3563
are reported,106,-1.3581
announced you,139,-1.3592
you part,355,-1.3607
but gross,123,-1.3621
based but,114,-1.3625
best our,246,-1.3626
our focused,348,-1.3629
revenue today,125,-1.3631
our care,166,-1.3632
two our,560,-1.3636
ebitda are,273,-1.3647
are again,236,-1.3653
may but,110,-1.368
you end,672,-1.369
over customer,144,-1.37
ask our,199,-1.3706
build are,125,-1.3706
brand you,242,-1.3709
see well,167,-1.371
can out,150,-1.3717
credit you,244,-1.3719
maybe are,356,-1.3731
our loss,217,-1.3734
building you,189,-1.3752
well sales,127,-1.3754
strong all,138,-1.3768
our increased,605,-1.3794
you drive,298,-1.3814
was across,183,-1.3818
not first,237,-1.3827
yes our,569,-1.3827
maybe over,166,-1.3834
equity our,165,-1.3841
our contribution,106,-1.3842
guidance new,114,-1.3842
improve you,168,-1.3846
our release,164,-1.3846
well net,103,-1.3848
growth per,162,-1.3854
you scale,205,-1.3857
such you,156,-1.3869
trying you,125,-1.3871
our securities,133,-1.3892
you especially,115,-1.3892
how cash,122,-1.3892
our improving,144,-1.3896
our front,128,-1.3903
strong our,972,-1.3908
our sell,115,-1.3911
improving you,115,-1.393
strong was,215,-1.393
terms over,128,-1.3944
see share,123,-1.3958
not can,242,-1.3965
marketing our,227,-1.3965
based are,225,-1.3976
share one,117,-1.3999
per but,153,-1.4005
first strong,137,-1.4013
second new,120,-1.4013
now data,100,-1.4019
are way,212,-1.4024
wanted you,167,-1.4026
not product,114,-1.4041
growth price,106,-1.4065
our past,256,-1.4072
open our,334,-1.4076
operations you,205,-1.4091
kind not,139,-1.4098
one now,197,-1.4102
you has,866,-1.4105
margin how,122,-1.4112
building are,111,-1.4114
our already,277,-1.414
already our,277,-1.414
look well,108,-1.4145
both you,569,-1.4156
are delivered,104,-1.4156
you slightly,113,-1.4173
but through,246,-1.4174
performance growth,164,-1.4175
are something,124,-1.4179
good last,107,-1.4183
product growth,178,-1.4184
has last,106,-1.4193
all was,320,-1.4194
you future,305,-1.4201
return you,165,-1.4203
over point,120,-1.4223
can one,188,-1.4224
our multiple,150,-1.4233
over points,117,-1.4235
well growth,306,-1.4247
capital you,704,-1.4249
new higher,103,-1.4254
every you,172,-1.426
any all,107,-1.4263
asset you,173,-1.4266
results new,100,-1.4281
our needs,122,-1.4298
third growth,125,-1.4303
kind are,417,-1.4305
margin these,110,-1.4335
those through,110,-1.4341
get growth,186,-1.4388
are customers,451,-1.439
years growth,161,-1.4396
now higher,109,-1.4397
you beyond,148,-1.4398
over say,127,-1.4399
you team,352,-1.4407
our activity,248,-1.4412
are build,119,-1.4416
make are,205,-1.4462
growth little,167,-1.448
our review,114,-1.4497
first share,128,-1.4508
you out,776,-1.4518
our specific,152,-1.4532
are point,250,-1.4538
first see,187,-1.4542
over results,156,-1.4566
focused you,261,-1.4568
you price,328,-1.457
first basis,106,-1.4583
our billion,829,-1.4618
mark our,163,-1.4621
expect one,121,-1.4622
other growth,192,-1.4624
are take,235,-1.465
need our,372,-1.4657
core are,146,-1.467
phase you,133,-1.4692
look now,132,-1.4705
balance you,276,-1.4714
management our,580,-1.4714
continue share,102,-1.4719
over strong,208,-1.4721
markets growth,128,-1.4724
you yes,428,-1.4724
not continue,180,-1.473
certain our,150,-1.474
five our,156,-1.4762
need are,178,-1.4764
still over,110,-1.4764
well share,106,-1.4765
only you,247,-1.4766
over based,100,-1.4772
you several,148,-1.4789
securities you,100,-1.4796
was other,168,-1.4819
stock our,127,-1.4831
our higher,695,-1.4841
margin are,468,-1.4848
growth got,103,-1.4891
you order,135,-1.4896
revenue can,231,-1.4904
new kind,118,-1.4913
our incremental,179,-1.4922
supply are,131,-1.4933
but data,147,-1.4944
are potential,144,-1.4951
our management,570,-1.4965
early our,321,-1.4971
cost you,530,-1.4971
further you,257,-1.4999
you long,442,-1.5005
you such,144,-1.5024
store you,125,-1.5028
over still,108,-1.5029
first right,105,-1.5035
you prepared,142,-1.5043
first get,101,-1.5048
you second,628,-1.5055
actually our,307,-1.5064
can right,108,-1.5068
you here,396,-1.5082
you level,271,-1.5083
good continue,117,-1.5094
over all,307,-1.5106
revenue kind,132,-1.5111
something our,241,-1.5119
well margin,114,-1.5124
mentioned growth,104,-1.5128
seen are,159,-1.5145
but customer,137,-1.5162
growth start,102,-1.5186
our relative,140,-1.5199
kind over,184,-1.5204
our europe,142,-1.5204
higher now,103,-1.5214
retail you,134,-1.5216
see look,110,-1.5219
revenue all,217,-1.5226
premium our,107,-1.5235
ended our,120,-1.5235
product our,662,-1.5247
our side,350,-1.5251
new all,191,-1.5252
lot revenue,103,-1.5266
strong you,708,-1.5269
our sequential,109,-1.5274
lot not,101,-1.5281
one good,126,-1.5285
profit our,185,-1.5312
helpful our,160,-1.533
basis growth,177,-1.5335
long you,432,-1.5335
first out,130,-1.5342
between are,139,-1.5347
execution you,154,-1.5359
now now,219,-1.5371
supply you,211,-1.5372
net growth,193,-1.54
solid our,129,-1.5412
not share,134,-1.5426
last revenue,150,-1.5429
manufacturing our,128,-1.5431
higher you,534,-1.5432
balance are,158,-1.5446
looking growth,127,-1.5473
our number,378,-1.5482
but well,268,-1.5487
starting you,139,-1.5489
you benefit,178,-1.5492
but bit,147,-1.5517
own our,108,-1.553
are through,452,-1.5558
earnings you,579,-1.5564
not well,177,-1.5575
end growth,184,-1.5576
bit are,296,-1.5579
debt you,201,-1.5619
you important,228,-1.5633
our prices,125,-1.5643
lower you,362,-1.5652
best you,171,-1.5662
over had,139,-1.5665
sales can,136,-1.5669
expected our,459,-1.5673
lot are,299,-1.568
you tariffs,103,-1.5721
but total,112,-1.5725
total was,104,-1.5737
flat our,139,-1.5747
has has,101,-1.5756
first end,103,-1.5797
any our,684,-1.5802
active our,107,-1.5808
over earnings,161,-1.581
those one,124,-1.5819
expected you,363,-1.5847
capital new,112,-1.585
you north,119,-1.5873
potential are,135,-1.5882
statements you,138,-1.5902
credit our,262,-1.5903
are grow,129,-1.5904
all strong,119,-1.5906
growth one,285,-1.5932
continued our,415,-1.5944
probably our,208,-1.5955
you risk,169,-1.5995
growth get,166,-1.6029
energy our,147,-1.6047
you forward,475,-1.6051
reduction you,106,-1.6058
ebitda our,479,-1.6063
data over,129,-1.6085
over kind,173,-1.6094
now was,303,-1.6113
production you,234,-1.6115
kind our,763,-1.6115
billion but,178,-1.6126
customer are,259,-1.6135
you positioned,100,-1.6147
top are,125,-1.6159
are global,112,-1.6171
expense are,118,-1.6173
are approximately,242,-1.6186
management was,116,-1.6189
great are,275,-1.619
after are,100,-1.6192
over capital,174,-1.6195
you support,221,-1.6213
our support,276,-1.6218
billion are,357,-1.6246
different are,136,-1.6246
revenue sales,144,-1.6252
our continues,226,-1.6261
our significant,347,-1.6261
you delivering,102,-1.6283
see has,122,-1.6305
expect not,136,-1.6319
was ebitda,104,-1.6353
margin our,874,-1.6364
competitive you,122,-1.6382
small you,102,-1.6384
most you,289,-1.6385
you progress,221,-1.6394
those growth,237,-1.6427
not are,671,-1.6448
percentage you,112,-1.6458
revenue right,108,-1.6475
but value,128,-1.6509
was you,1550,-1.6524
guys our,227,-1.653
last growth,215,-1.6538
see last,113,-1.6544
our companies,143,-1.6551
was capital,166,-1.656
these all,134,-1.6566
you was,1545,-1.6571
these first,135,-1.6599
increase you,452,-1.662
you top,201,-1.6622
can those,137,-1.6625
maybe but,144,-1.6629
see was,252,-1.6656
sales all,122,-1.6657
move are,107,-1.6679
new one,154,-1.6694
sales not,137,-1.6703
growth impact,126,-1.6705
competitive our,149,-1.6709
larger our,102,-1.6711
last new,121,-1.6713
customer you,413,-1.6719
within you,247,-1.6737
high over,114,-1.6745
you under,148,-1.6745
capital first,105,-1.675
you off,183,-1.6788
are markets,214,-1.6795
one see,141,-1.681
margin one,106,-1.6832
continue one,123,-1.684
you around,370,-1.6846
other but,157,-1.6854
see cash,109,-1.689
over want,100,-1.6901
interest are,145,-1.691
use you,178,-1.6921
first those,130,-1.6942
now across,101,-1.6967
versus are,153,-1.7006
revenue those,147,-1.7015
bank our,129,-1.7024
you china,107,-1.7025
our clear,141,-1.7026
open are,131,-1.7051
can not,195,-1.708
cost our,571,-1.7108
products growth,100,-1.7116
growth out,202,-1.7133
strong now,118,-1.7159
revenue strong,125,-1.7182
margin all,116,-1.7196
prior are,192,-1.723
full over,140,-1.7232
growth lot,139,-1.7244
are pricing,152,-1.7248
our single,232,-1.73
out revenue,129,-1.73
are feel,102,-1.7306
our demand,475,-1.733
you during,281,-1.7356
our opportunities,334,-1.736
drive you,233,-1.7363
are move,102,-1.7369
sales you,661,-1.737
you deliver,167,-1.7417
equity you,103,-1.7428
are say,219,-1.7441
you position,171,-1.746
was time,185,-1.747
you increasing,110,-1.7486
contract our,113,-1.7492
you supply,182,-1.7505
you same,263,-1.7526
cloud our,108,-1.758
you mix,214,-1.7585
capital are,336,-1.7605
over data,116,-1.7618
strong can,110,-1.762
strong not,119,-1.7624
key our,262,-1.7637
over product,127,-1.7637
expected are,193,-1.7645
not our,1278,-1.768
but increase,125,-1.7688
see time,108,-1.7692
you consumer,159,-1.7692
but margin,190,-1.7693
our different,255,-1.7704
new well,137,-1.7723
management but,112,-1.7753
being our,340,-1.776
great our,511,-1.7778
over maybe,126,-1.7812
low you,176,-1.7813
right over,138,-1.7824
don are,155,-1.7834
further are,127,-1.7853
get are,282,-1.787
term our,567,-1.788
other you,490,-1.7909
but guidance,144,-1.7916
you process,136,-1.7947
our increasing,133,-1.7958
growth great,126,-1.7964
energy you,103,-1.7968
over well,214,-1.7989
our positive,246,-1.799
sort our,282,-1.7998
our open,254,-1.8026
same you,254,-1.8029
our nearly,108,-1.803
bit our,518,-1.8032
you but,1502,-1.8035
few our,208,-1.8065
enterprise our,116,-1.8116
second growth,158,-1.8162
all revenue,177,-1.8166
growth good,205,-1.8217
ability our,179,-1.8244
terms but,100,-1.8249
new new,157,-1.8252
you capacity,176,-1.8267
credit are,107,-1.8296
now strong,109,-1.8304
good new,116,-1.8314
continue not,140,-1.8356
increased but,105,-1.8373
revenue how,148,-1.8391
different our,243,-1.84
revenue are,597,-1.8401
pleased you,113,-1.8416
these one,105,-1.842
capital growth,164,-1.8466
was continue,194,-1.8489
our building,170,-1.8491
you leverage,171,-1.8511
billion you,505,-1.8558
our day,232,-1.856
you new,864,-1.8569
within are,131,-1.8571
asset our,160,-1.8604
you current,173,-1.8656
our wanted,151,-1.869
you within,215,-1.8739
income are,168,-1.8749
sort are,129,-1.8754
specific our,113,-1.8809
being you,253,-1.8812
all sales,105,-1.8822
eps our,139,-1.8826
say growth,103,-1.8838
term over,120,-1.8853
forward growth,122,-1.886
was get,121,-1.886
during you,253,-1.887
you earlier,137,-1.8883
can well,130,-1.8888
you higher,420,-1.8896
you key,192,-1.891
related are,119,-1.8964
you significant,230,-1.8983
not time,119,-1.8996
anything our,126,-1.9012
our percentage,117,-1.9039
are due,145,-1.9094
not last,114,-1.9121
our build,178,-1.9134
interest you,206,-1.916
was now,245,-1.9179
expect can,103,-1.919
product over,114,-1.9194
how first,123,-1.9214
order our,125,-1.9218
our earlier,167,-1.9238
one all,127,-1.9304
are over,785,-1.9337
are how,414,-1.934
average are,101,-1.9379
good now,115,-1.94
revenue you,925,-1.94
not these,124,-1.9404
are want,179,-1.9405
our income,333,-1.9405
incremental you,105,-1.9406
you delivered,120,-1.9407
you industry,228,-1.9414
now out,105,-1.9415
how one,107,-1.942
our drive,251,-1.9501
average you,166,-1.9526
well revenue,137,-1.9538
you down,365,-1.9565
you over,1281,-1.9588
was out,151,-1.96
are mean,123,-1.9604
cost are,231,-1.9637
are first,482,-1.9642
you impact,329,-1.9661
are range,144,-1.9735
approximately are,189,-1.9752
are investments,119,-1.9756
our center,122,-1.9769
you based,250,-1.9772
you slide,135,-1.9781
earnings our,540,-1.9782
you recent,110,-1.9784
you lower,271,-1.9829
you changes,110,-1.9844
not has,115,-1.986
remain our,209,-1.9875
yeah our,287,-1.9881
are versus,125,-1.9922
able you,184,-1.9939
loss our,141,-1.9954
our part,285,-1.9986
taking are,105,-1.9996
couple you,146,-2.0004
retail our,120,-2.0019
deliver you,139,-2.0065
was cost,103,-2.0072
our level,239,-2.0107
you positive,170,-2.011
core you,166,-2.0133
incremental our,124,-2.0218
you range,231,-2.0233
you full,402,-2.0234
continue over,175,-2.029
you return,108,-2.0318
those over,164,-2.0322
but product,111,-2.0323
you average,157,-2.033
growth down,108,-2.0331
over across,119,-2.0341
still our,328,-2.0433
our announced,108,-2.0444
over through,151,-2.0472
growth today,120,-2.0523
through growth,166,-2.0523
you data,335,-2.0537
additional you,179,-2.0546
are focus,125,-2.0562
but share,141,-2.0588
are bit,209,-2.06
can how,115,-2.0624
little but,104,-2.0639
you sure,175,-2.0652
our starting,121,-2.0701
are don,127,-2.0708
over financial,116,-2.0712
average our,191,-2.0714
was but,345,-2.0724
our off,174,-2.0727
all first,130,-2.0772
our slide,157,-2.0814
expense you,142,-2.0818
continue growth,186,-2.0828
our areas,113,-2.0872
growth customers,149,-2.0882
our back,479,-2.0907
are work,129,-2.0945
was expect,138,-2.0948
full you,382,-2.097
our trends,122,-2.0986
has our,671,-2.0997
mid you,114,-2.1101
but customers,140,-2.1107
over are,693,-2.1135
over can,210,-2.1164
okay our,151,-2.117
you improve,101,-2.1188
you ongoing,102,-2.1255
consumer our,154,-2.1364
who our,145,-2.137
three you,165,-2.1414
you pipeline,133,-2.1417
you power,107,-2.1456
expect but,143,-2.1492
over right,107,-2.1495
you between,150,-2.1564
are look,260,-2.1569
you grew,113,-2.1572
growth financial,120,-2.164
not was,215,-2.165
first growth,217,-2.1669
kind was,115,-2.1671
those now,100,-2.1719
our rate,384,-2.1767
turn you,177,-2.1777
but basis,108,-2.1789
was earnings,104,-2.1801
you investor,116,-2.1811
you bit,319,-2.1815
but operating,114,-2.1833
may are,126,-2.188
management you,282,-2.1907
you outlook,159,-2.1907
you ahead,221,-2.1951
our move,154,-2.1953
you volume,172,-2.1981
are but,688,-2.1983
increase are,187,-2.2037
are products,137,-2.206
are said,125,-2.217
you guidance,359,-2.2213
you core,143,-2.2285
are full,210,-2.2286
are are,1362,-2.2291
out growth,141,-2.2319
international our,106,-2.2344
offset you,111,-2.2423
was share,115,-2.2471
you versus,173,-2.255
does our,153,-2.2577
prior you,220,-2.2582
ability you,106,-2.2591
ebitda you,243,-2.2642
our point,295,-2.2677
new but,193,-2.2717
are price,112,-2.2757
you strong,421,-2.2768
our term,401,-2.2878
you credit,129,-2.2914
was growth,308,-2.3035
our remains,124,-2.312
our benefit,131,-2.3126
but growth,329,-2.3141
was look,107,-2.316
but revenue,212,-2.3178
our rates,176,-2.3179
you opportunities,178,-2.3229
over how,148,-2.3276
are industry,105,-2.3284
our time,558,-2.3287
over look,107,-2.3474
revenue one,109,-2.3495
income you,200,-2.3549
you customer,257,-2.3562
across but,100,-2.3594
you inventory,106,-2.3624
want are,132,-2.3799
cash our,514,-2.3802
couple our,140,-2.3821
you increase,273,-2.3894
has you,437,-2.3973
you gross,200,-2.4084
other are,192,-2.411
same are,100,-2.4161
our sort,183,-2.4236
higher are,173,-2.4376
over not,181,-2.4447
was through,112,-2.4469
another our,119,-2.4489
you cost,272,-2.4595
new first,100,-2.4728
every our,104,-2.4729
don our,199,-2.4756
you commercial,132,-2.4765
across are,186,-2.4801
cash but,114,-2.4843
our remain,148,-2.4854
one over,139,-2.4873
our better,205,-2.4875
cash over,108,-2.4879
over has,116,-2.4888
but out,111,-2.5097
are data,147,-2.5104
are believe,106,-2.5107
can first,100,-2.5136
you margins,128,-2.5383
you increased,216,-2.5442
you service,109,-2.547
customers growth,108,-2.5525
our great,298,-2.5559
take are,110,-2.5601
you product,258,-2.5631
high you,217,-2.5678
our start,197,-2.5703
significant you,144,-2.5738
you remain,111,-2.5793
large you,122,-2.5801
customer our,274,-2.5849
not over,163,-2.5958
total are,111,-2.6014
expect are,211,-2.604
our kind,382,-2.6096
our may,195,-2.6107
total our,228,-2.6157
high are,126,-2.6205
how but,126,-2.6342
commercial you,118,-2.6382
continue you,403,-2.6475
you investment,133,-2.6526
you management,204,-2.6578
you third,170,-2.6669
you demand,198,-2.6743
are our,2059,-2.6856
was these,103,-2.692
you fourth,171,-2.7019
has but,104,-2.7208
cash you,322,-2.7338
our has,431,-2.7384
our only,128,-2.7461
same our,165,-2.7463
you across,256,-2.7508
you customers,301,-2.7539
not revenue,104,-2.7556
you billion,270,-2.7591
our important,124,-2.7631
are basis,144,-2.7798
our well,478,-2.7826
are net,157,-2.7865
driven you,176,-2.8001
continue are,217,-2.809
may our,168,-2.8257
those our,415,-2.8358
our driven,213,-2.846
long are,104,-2.8564
our over,856,-2.8615
you total,153,-2.8701
our one,468,-2.8789
our improvement,111,-2.8812
adjusted our,274,-2.8979
compared you,128,-2.8986
are cost,120,-2.9085
are across,138,-2.9107
our including,163,-2.9211
across you,227,-2.9243
are second,141,-2.929
not growth,142,-2.9366
you strategy,109,-2.9386
our based,160,-2.9422
our take,175,-2.943
you net,233,-2.9485
high our,205,-2.971
are customer,101,-2.9721
you capital,239,-2.9835
you margin,274,-2.9887
are end,130,-3.0074
are value,101,-3.0087
are time,166,-3.0251
but but,191,-3.0312
you type,137,-3.0532
one growth,103,-3.0615
can over,109,-3.0625
you operating,207,-3.0703
you value,158,-3.0947
our all,447,-3.1116
had are,101,-3.1176
let our,113,-3.1178
you portfolio,129,-3.1213
our believe,143,-3.1314
per our,193,-3.1341
was can,100,-3.1554
now growth,116,-3.1697
you growth,607,-3.178
little you,161,-3.181
are billion,120,-3.1974
you basis,175,-3.2301
including you,105,-3.2345
you products,111,-3.2412
are can,204,-3.2486
our impact,168,-3.2568
you prior,110,-3.2582
any are,103,-3.2588
total you,116,-3.2695
our continue,326,-3.2745
our look,242,-3.3131
our right,210,-3.3197
new are,187,-3.3333
other our,199,-3.4121
can are,182,-3.4132
you cash,201,-3.4137
our now,391,-3.4179
you rate,128,-3.4405
our per,155,-3.4505
can our,367,-3.4541
you half,105,-3.4761
you sales,197,-3.4835
cash are,115,-3.4877
our terms,132,-3.493
our through,244,-3.4979
these you,209,-3.5245
new you,269,-3.5403
our being,100,-3.5415
are expect,105,-3.6108
you revenue,288,-3.6234
our years,141,-3.6323
you years,110,-3.6694
our want,112,-3.6697
operating our,170,-3.6755
was are,228,-3.686
our both,145,-3.7091
our our,2034,-3.7559
per you,100,-3.7616
com you,166,-3.8202
our but,457,-3.8413
com our,201,-3.8653
our had,122,-3.8978
our increase,119,-3.9084
net you,116,-3.9547
our are,850,-3.962
our was,359,-4.0837
our good,170,-4.0931
our not,250,-4.1219
our expect,151,-4.1394
our these,170,-4.1436
our you,1231,-4.1593
maybe our,107,-4.16
our lot,102,-4.1723
our across,114,-4.2391
our maybe,101,-4.2433
our basis,107,-4.261
are growth,172,-4.2657
new our,198,-4.3035
our can,174,-4.5308
our how,138,-4.5716
our see,114,-4.9844
