bigram,frequency,pmi
exome genome,24,14.8697
taco bell,33,14.8347
los angeles,40,14.8267
pizza hut,35,14.722
puerto rico,43,14.6984
proof concept,30,14.6892
adi sfadia,35,14.6824
super bowl,20,14.5941
las vegas,53,14.5048
dow jones,41,14.2476
postpaid phone,21,14.2078
silicon carbide,26,14.1569
supreme court,26,14.1569
stand alone,31,13.527
watch list,20,13.4539
promoter score,32,13.4309
san diego,23,13.3793
storm fern,21,13.3554
san francisco,46,13.3482
front loaded,23,13.0599
artificial intelligence,44,13.0217
owner occupied,28,12.9948
stellar blue,47,12.8953
prepared remarks,25,12.8676
room nights,39,12.828
pass throughs,33,12.8002
cop trillion,20,12.7752
prepared foods,30,12.7311
write downs,36,12.6244
wholly owned,20,12.5864
machine learning,24,12.5857
colorectal cancer,20,12.5678
dry eye,22,12.3886
letter intent,22,12.376
gulf coast,32,12.3677
cross border,29,12.3522
breast cancer,32,12.3316
dry powder,23,12.294
world cup,22,12.2704
winter storms,27,12.2153
lung cancer,28,12.0532
special mention,28,12.0019
permian basin,27,11.9946
joint venture,186,11.9541
joint ventures,46,11.7329
covid vaccine,23,11.7262
unfunded commitments,30,11.6695
west coast,31,11.6484
agency mbs,25,11.6449
rare disease,21,11.6327
united states,69,11.5706
cubic feet,54,11.5679
pro forma,313,11.5548
obligations rpo,37,11.5186
winter storm,46,11.5127
medicare advantage,49,11.5085
rest world,89,11.4793
south korea,25,11.4765
life sciences,88,11.4577
social media,35,11.4227
little bit,161,11.4189
renewable diesel,23,11.3953
food beverage,53,11.39
mineral fiber,23,11.3853
goodwill impairment,80,11.3635
contingent consideration,20,11.3526
real estate,373,11.3341
criticized classified,23,11.3019
intellectual property,28,11.2694
nareit ffo,24,11.2683
southern california,23,11.2475
asia pacific,177,11.2341
marketable securities,204,11.1897
cross sell,76,11.1638
iran conflict,20,11.1354
middle east,434,11.0878
square feet,304,11.0328
mobile modular,21,10.9693
interim analysis,20,10.9423
general administrative,270,10.9364
foreign exchange,284,10.9203
pre pandemic,37,10.911
intangible amortization,28,10.9012
owned controlled,24,10.8842
natural gas,202,10.8811
cava group,28,10.8772
delayed draw,27,10.8457
square foot,122,10.8323
raw material,120,10.8064
fuel surcharge,33,10.7878
definitive agreement,33,10.7599
accounts receivable,82,10.7383
box office,29,10.7124
government shutdown,88,10.6009
bought back,80,10.5494
primary endpoint,23,10.5075
policies force,23,10.4616
latin america,158,10.4538
fastest growing,47,10.4524
historical averages,25,10.4206
rolled out,39,10.4067
patent litigation,23,10.4002
inflationary pressures,37,10.398
charge offs,395,10.3855
maturities until,48,10.3787
convertible notes,119,10.3745
phase iii,196,10.3691
depreciation amortization,79,10.3647
political advertising,30,10.3633
convertible note,36,10.363
private label,114,10.3541
household penetration,20,10.346
shareholder returns,330,10.3172
spin off,28,10.306
synergy realization,23,10.3048
ahead schedule,62,10.3004
trailing twelve,251,10.2993
sale leaseback,26,10.2886
earn out,48,10.2848
order intake,35,10.2778
undrawn revolver,56,10.2757
statistically significant,25,10.2519
seventh consecutive,39,10.2001
bitcoin holdings,20,10.1994
decision making,22,10.1985
goods sold,88,10.1825
adverse events,37,10.176
erp implementation,21,10.1717
raw materials,37,10.1674
metric tons,40,10.1637
east conflict,106,10.1533
pull forward,41,10.149
contribution tac,37,10.1482
eighth consecutive,29,10.1353
payroll taxes,22,10.1233
valuation allowance,43,10.1162
balance sheet,609,10.1128
agreement acquire,38,10.1119
metric ton,29,10.0996
material handling,24,10.0865
sixth consecutive,38,10.0596
supply chain,489,10.0482
merit increases,21,10.0403
battery storage,23,10.028
premiums written,55,9.9989
severe weather,26,9.9987
plus minus,109,9.9935
workers compensation,35,9.9886
private placement,23,9.9834
ending dec,38,9.9618
emea apac,39,9.9467
fifth consecutive,46,9.9453
negatively impacted,123,9.9355
returned shareholders,269,9.9049
mobile app,28,9.8919
oil equivalent,63,9.8748
premiums earned,26,9.8711
north america,627,9.8661
use cases,40,9.8446
fda clearance,33,9.8259
north american,195,9.8114
constant currency,837,9.8041
discrete items,23,9.7865
book bill,291,9.765
senior housing,34,9.7525
undrawn revolving,31,9.7457
southeast asia,21,9.7438
ended sept,86,9.7394
patients treated,23,9.7383
unsecured notes,45,9.7292
personal care,56,9.7184
barrels oil,60,9.7031
negatively affected,42,9.6961
aerospace defense,85,9.6902
patient starts,49,9.6862
equivalents marketable,109,9.6829
catastrophe losses,54,9.6747
trending toward,23,9.6741
forward looking,28,9.6595
macroeconomic geopolitical,24,9.6441
sofr plus,29,9.6374
winter weather,43,9.625
public sector,52,9.6144
fully enrolled,24,9.6114
design wins,60,9.5995
losses acl,36,9.5873
consumer sentiment,25,9.5794
written premiums,41,9.5751
home closings,26,9.5721
senior unsecured,27,9.5643
late stage,47,9.5615
two thirds,150,9.5355
senior notes,77,9.5232
primary driver,30,9.5153
salaries benefits,20,9.499
third party,208,9.4979
write offs,33,9.4856
google cloud,24,9.4837
pre provision,94,9.4819
since inception,49,9.4798
outstanding dso,20,9.4751
tangible common,171,9.4599
installed base,64,9.4599
oilfield services,23,9.4374
overall survival,23,9.4352
incentive compensation,123,9.4233
fair value,215,9.4202
clean energy,28,9.4158
write off,36,9.3991
brokered deposits,58,9.3984
written premium,83,9.3804
board approved,119,9.3774
noninterest bearing,82,9.3676
special items,49,9.3621
equivalents restricted,61,9.3619
litigation settlement,23,9.3517
design win,21,9.3494
ended dec,77,9.338
shares bought,117,9.3302
core gentex,20,9.3123
need quote,1849,9.2985
allocation priorities,28,9.2944
small cell,20,9.2892
essentially flat,79,9.2836
revolver availability,30,9.2727
light vehicle,20,9.2664
notable items,59,9.2564
leasing spreads,45,9.2548
wafer level,21,9.2547
currency translation,44,9.2434
stores opened,30,9.2363
dividend declaration,51,9.2279
well capitalized,26,9.212
maturity extended,26,9.21
held steady,39,9.1879
bearing deposits,112,9.175
does not,151,9.1738
buy back,21,9.1604
group inc,34,9.1573
highest ever,24,9.1317
twelve months,308,9.1203
mitigation efforts,26,9.1191
tangible book,210,9.0851
single digits,647,9.0704
marking fifth,24,9.0686
twelve month,171,9.0679
renewable energy,29,9.0653
rig count,25,9.0598
typical seasonal,23,9.0592
data center,601,9.0422
reserve release,22,9.041
active users,88,9.0347
revolving credit,212,9.0272
east africa,23,9.0256
professional fees,60,9.0087
feet leased,34,9.0055
partially offset,924,8.9967
noncash impairment,27,8.9856
after adjusting,72,8.9756
compound annual,52,8.9649
research development,125,8.9618
buyback authorization,74,8.9554
regulatory approvals,43,8.9522
trailing month,145,8.9328
double digit,716,8.9194
impairment charges,55,8.9079
highest history,51,8.8942
cross selling,35,8.8925
same store,598,8.8886
mortgage warehouse,21,8.8846
not sum,40,8.8818
safety profile,22,8.8723
potentially impacting,30,8.8621
legal settlement,25,8.8513
macro environment,31,8.8392
long term,890,8.8362
deposit beta,39,8.8333
pdufa date,28,8.8269
personal lines,25,8.8223
health care,83,8.8052
estate cre,28,8.8004
repurchase authorization,202,8.7874
mortgage banking,39,8.7833
inventory turns,30,8.7791
lead times,42,8.7666
board authorized,57,8.7548
mid teens,176,8.7531
shares repurchased,468,8.7486
wood products,29,8.7329
private wealth,38,8.7279
fda approval,65,8.7236
footprint optimization,21,8.7217
clinical trials,26,8.7159
iii trial,34,8.7099
restaurant level,52,8.7003
property noi,76,8.6971
adverse weather,22,8.6936
short term,392,8.691
early stage,59,8.6895
subsequent quarters,31,8.6855
nonrecurring items,36,8.6758
nine months,167,8.6717
system wide,59,8.6714
ground lease,20,8.6669
unrealized losses,46,8.6447
purchase accounting,39,8.643
negatively impacting,29,8.6411
units shipped,21,8.6354
broad based,147,8.6278
did not,96,8.6255
value creation,26,8.6174
not yet,118,8.6147
advanced packaging,33,8.6053
senior secured,47,8.6035
community count,33,8.5806
used vehicle,36,8.5747
single digit,908,8.5707
leadership transition,59,8.5683
payer coverage,20,8.5585
abl facility,23,8.5459
strategic alternatives,25,8.544
monthly active,67,8.5397
shift toward,91,8.539
charge off,127,8.5365
preferred stock,38,8.5273
fee paying,21,8.5248
investment grade,128,8.5246
nonperforming assets,106,8.524
large load,46,8.5235
selling general,67,8.5207
conflict middle,33,8.5155
continuing operations,138,8.5117
public funds,26,8.4977
macroeconomic uncertainty,31,8.4885
notes issued,27,8.4853
partly offset,113,8.4785
employer services,21,8.4761
common equity,294,8.466
clinical trial,70,8.466
supply constraints,54,8.4598
fee earning,24,8.4521
distributable earnings,57,8.4504
macro uncertainty,32,8.4385
rent spreads,23,8.4332
normalized ffo,31,8.4241
returns returned,99,8.4158
assets roa,27,8.4156
effective tax,459,8.4145
book value,471,8.4139
lowest level,27,8.4137
equity rotce,25,8.4076
restructuring charges,77,8.4066
impairment charge,75,8.3948
loyalty program,60,8.3929
variable compensation,43,8.3903
real world,28,8.3821
borrowing capacity,46,8.3781
competitive pressures,30,8.3693
selling prices,83,8.3637
geopolitical uncertainty,26,8.3525
relatively flat,32,8.3386
near term,571,8.3332
criticized loans,40,8.3329
investor day,30,8.3298
drilling completion,21,8.3283
allowance credit,181,8.3274
tariff refunds,20,8.3273
earning assets,47,8.3156
not recur,21,8.3045
weather disruptions,22,8.3034
pass through,90,8.303
remained stable,56,8.3006
professional services,93,8.295
foreign currency,160,8.2925
internal expectations,143,8.2846
board declared,36,8.2812
emerging markets,29,8.2747
federal government,31,8.2692
consecutive quarters,161,8.2658
product introductions,22,8.2589
commodity prices,35,8.2573
stockholders equity,26,8.2561
first lien,59,8.2553
time charter,41,8.2419
remains authorized,78,8.2381
coming quarters,58,8.2345
store openings,59,8.2334
remained steady,22,8.221
bearing deposit,58,8.2198
current accident,23,8.2182
pretax pre,35,8.2157
service provider,38,8.213
lock volume,22,8.2126
consumer confidence,40,8.2047
nonperforming loans,98,8.2028
interest bearing,155,8.1976
trade policy,24,8.1973
quality nonperforming,23,8.189
based compensation,340,8.1838
track deliver,22,8.1816
financial flexibility,60,8.178
strategic priorities,32,8.1743
operational efficiencies,84,8.1683
commodity inflation,25,8.16
data centers,124,8.1536
common stock,108,8.1465
marketing spend,120,8.1323
mid single,630,8.1115
currency neutral,49,8.1112
split between,47,8.1062
dollar retention,46,8.1017
milestone payment,24,8.1009
bad debt,100,8.0972
weighted average,407,8.0906
customer satisfaction,33,8.0902
twenty four,22,8.0827
discontinued operations,27,8.0814
weather normalized,24,8.0786
federal reserve,20,8.0771
gain sale,90,8.065
directly impacting,20,8.0538
you look,23,8.0431
oil gas,44,8.035
north africa,22,8.0217
promotional activity,54,8.0146
mitigation actions,33,8.0102
fewer days,26,8.0095
value nav,30,8.0083
advisory fees,20,8.0057
performance obligations,63,7.9984
via dividends,88,7.9969
returned via,62,7.9899
asset light,39,7.9878
regulatory developments,26,7.9861
core ffo,142,7.9803
economic uncertainty,25,7.9802
agreements signed,27,7.9747
store noi,105,7.9659
stock based,246,7.9608
industry wide,42,7.9594
medium term,43,7.9577
nonaccrual loans,41,7.9575
payable june,21,7.9539
south america,24,7.9515
since ipo,23,7.945
subordinated debt,31,7.9238
capital expenditures,1068,7.9233
capital expenditure,191,7.9213
run rate,537,7.9163
classified loans,42,7.9111
carried interest,22,7.9089
double digits,179,7.9081
price realization,60,7.9035
payout ratio,91,7.8952
credit card,101,7.8936
fuel prices,55,7.883
tax credits,89,7.8824
second half,818,7.8747
shareholders via,58,7.8696
agent count,23,7.8691
direct consumer,111,7.8688
same property,127,7.8508
vertical integration,22,7.8277
few quarters,23,7.8271
regular quarterly,20,7.8217
milestone payments,25,7.8196
equity tier,77,7.817
attributable common,42,7.8035
cost saving,31,7.8034
greater china,51,7.7911
shares outstanding,193,7.7897
employee benefits,25,7.7814
working capital,693,7.7806
teens percent,25,7.7736
right now,61,7.7669
not anticipate,28,7.7663
hash rate,20,7.764
regulatory approval,63,7.7595
draw term,27,7.7594
six months,117,7.7574
credit losses,317,7.7511
cap rates,48,7.7445
large scale,41,7.734
leadership changes,40,7.7267
you can,45,7.7254
performance chemicals,27,7.7211
store closures,39,7.7206
stock split,20,7.7202
local currency,57,7.7157
residential mortgage,30,7.7005
atm program,33,7.7003
floating rate,62,7.7002
one time,480,7.6986
equivalents short,65,7.6976
january february,25,7.6975
base rent,61,7.6963
dividends paid,83,7.6936
eight percent,20,7.6923
build out,30,7.6858
trial enrollment,20,7.6834
earning asset,26,7.6754
longer term,71,7.6735
administrative expenses,189,7.6691
fleet utilization,47,7.6641
pull through,32,7.6542
few years,34,7.651
energy storage,24,7.6396
earnings fre,24,7.6338
low single,428,7.6282
teens percentage,61,7.6275
new hampshire,22,7.6266
new zealand,21,7.6266
direct lending,27,7.6197
tariff mitigation,43,7.6106
credit ratings,32,7.6094
strategic partnerships,50,7.6054
received fda,24,7.6052
bill ratio,159,7.5982
new york,122,7.5916
past twelve,26,7.5809
non gaap,2968,7.5794
basic diluted,25,7.5784
underlying combined,23,7.5638
capital allocation,334,7.5617
positive comps,20,7.561
user base,24,7.5578
weight loss,25,7.5568
existing clients,20,7.5556
input costs,119,7.5531
credit rating,47,7.5499
dividends buybacks,57,7.5423
held sale,49,7.5399
point drag,35,7.5369
cost goods,103,7.5198
remains track,70,7.5174
noncash stock,22,7.513
equity raise,25,7.5107
dividend declared,79,7.505
capital employed,21,7.5003
shipment timing,31,7.4983
inventory write,34,7.4975
rmb rmb,26,7.4969
debt paydown,30,7.4954
life insurance,33,7.4925
oil prices,37,7.4917
buyback program,70,7.4906
nearly doubled,50,7.4889
credit quality,124,7.4883
synergy target,33,7.4808
deposit balances,59,7.4776
credit facility,372,7.4767
preferred equity,40,7.476
strategic review,53,7.4705
explicitly cited,35,7.4652
back half,134,7.4649
dealer inventory,35,7.4563
agreement signed,27,7.4393
portfolio composition,45,7.4284
product launches,206,7.4242
power generation,43,7.4221
commercial real,126,7.4072
performing assets,23,7.4049
new jersey,36,7.4042
return tangible,82,7.4018
workforce reduction,37,7.3956
provision credit,121,7.3914
phase trial,44,7.3879
equity roe,27,7.3766
historical levels,28,7.376
back office,20,7.3751
new logo,21,7.3751
unlevered free,23,7.3729
five years,157,7.3714
cost controls,71,7.3616
single family,20,7.3594
asset quality,69,7.3593
high teens,103,7.3521
headcount reductions,23,7.3517
price asp,21,7.351
performance coatings,23,7.3464
return invested,49,7.3432
several years,55,7.3401
mix shift,196,7.3268
free survival,23,7.324
pricing actions,166,7.3214
digital transformation,30,7.3204
payer mix,42,7.3183
combined ratio,203,7.315
common shareholders,49,7.3071
equity issuance,41,7.2998
wins secured,25,7.2995
rate cuts,82,7.2937
sheet strength,33,7.2898
loans held,81,7.2888
repurchase program,186,7.2837
contract awards,31,7.2798
average ticket,29,7.2797
proceeds used,27,7.2771
vegetation management,27,7.2743
authorization board,40,7.2698
divestiture proceeds,22,7.2679
customer concentration,45,7.2654
highest level,45,7.2591
track completion,25,7.2516
facility consolidation,22,7.2496
dividend policy,100,7.2477
noninterest expense,240,7.2463
europe asia,36,7.2457
inventory build,60,7.244
ten years,29,7.2432
tariff impacts,80,7.2426
remaining authorized,25,7.2407
gold production,44,7.2371
productivity improvements,39,7.2347
progression free,27,7.2334
recent acquisitions,98,7.2332
home health,30,7.2328
upcoming quarters,25,7.2238
debt repayment,84,7.2184
now exceeds,29,7.2099
several quarters,30,7.2057
ended june,75,7.2041
subscription arr,34,7.2018
performing loans,23,7.1969
productivity gains,73,7.1921
less favorable,48,7.1875
three years,215,7.1846
basis points,5444,7.1824
same restaurant,37,7.1815
competitive pressure,30,7.1725
pending regulatory,31,7.1679
price increases,245,7.1678
future periods,20,7.1603
loan originations,85,7.1587
are seeing,55,7.1577
favorable foreign,39,7.157
production ounces,35,7.1545
among top,21,7.151
revolver capacity,47,7.1499
key drivers,21,7.1449
available liquidity,128,7.1395
quality metrics,25,7.1394
all sustaining,24,7.1385
per ounce,112,7.1312
our ability,22,7.1308
industry leading,24,7.1263
remained flat,68,7.1246
fed rate,40,7.1224
class shares,26,7.1207
attach rate,21,7.1206
sell through,49,7.1206
authorization remaining,45,7.1146
sba loan,26,7.1112
non performing,55,7.105
below historical,36,7.0989
silver production,21,7.0939
marking consecutive,63,7.0923
average fico,20,7.0861
policy changes,29,7.0831
atm equity,22,7.0811
remains unchanged,46,7.0788
per barrel,113,7.0719
partnerships announced,21,7.0686
repurchases shares,294,7.0629
project delays,27,7.0541
accident loss,24,7.0521
high single,467,7.0515
mix shifts,54,7.0357
all regions,41,7.0355
quarterly dividend,335,7.0347
copper production,32,7.0336
internal targets,26,7.0296
per pound,72,7.0243
diluted eps,799,7.0188
advertising spend,22,7.0162
ahead plan,31,7.0121
order book,79,7.0108
specialty insurance,27,7.0084
selling marketing,44,7.0055
most recent,44,7.0002
now represent,26,6.9939
attributable shareholders,22,6.9876
held investment,85,6.9861
deferred tax,48,6.9852
operational efficiency,141,6.9803
management reiterating,22,6.9788
undrawn credit,40,6.9762
asset monetization,21,6.9755
exceeding internal,40,6.9596
pre tax,81,6.9593
weighted toward,28,6.9579
marking highest,41,6.9496
debt maturities,72,6.9438
gross profit,1098,6.9426
same period,292,6.9407
per gallon,55,6.9312
phase study,25,6.9291
economic return,29,6.9206
buybacks dividends,37,6.9189
across all,247,6.9169
remain elevated,46,6.9162
units sold,32,6.9157
across multiple,55,6.9126
paid dividends,48,6.9036
point headwind,125,6.903
commercial aftermarket,31,6.9029
slightly below,90,6.8952
first nine,123,6.8889
average daily,95,6.8887
cash equivalents,778,6.8854
coming months,36,6.8792
gas prices,34,6.8737
low double,157,6.8728
per mmbtu,28,6.8723
deals closed,20,6.8708
leverage ratio,465,6.8688
sale proceeds,41,6.8667
consumer banking,21,6.8656
shareholder return,63,6.8604
post close,23,6.8534
cash flow,4453,6.8449
management expressing,20,6.8413
healthcare solutions,23,6.8327
reserve development,40,6.8309
tax rate,892,6.8274
residential construction,20,6.8263
managed services,29,6.8262
tariff exposure,79,6.8258
cost savings,377,6.824
upper end,96,6.8239
share repurchases,1429,6.8227
board approval,24,6.8155
free cash,2885,6.8138
effective january,37,6.8131
loan origination,41,6.8106
management expects,839,6.8092
explicitly stated,40,6.8008
risks ceo,148,6.7987
product innovation,120,6.7963
operational improvements,67,6.796
third consecutive,107,6.7927
facility availability,22,6.7866
weak demand,21,6.7787
seasonal working,25,6.7766
uncertainty around,28,6.7756
strategic focus,62,6.769
selling price,87,6.7675
efficiency gains,89,6.7667
first half,596,6.7632
basis point,1098,6.7595
highest quarterly,76,6.7579
liquidity position,136,6.7564
merger related,45,6.7558
automotive industrial,20,6.7553
funds operations,35,6.7541
loan balances,82,6.7477
since start,33,6.7459
leasing activity,56,6.7451
daily active,20,6.7426
two years,205,6.7402
setting record,22,6.7353
per ton,173,6.734
unrestricted cash,89,6.7302
repurchases dividends,121,6.726
efficiency ratio,212,6.7241
two fewer,25,6.7199
percentage point,166,6.7181
annualized run,53,6.7177
credit facilities,52,6.7102
partially offsetting,25,6.7088
loan yields,45,6.7083
net promoter,38,6.7052
comparable store,63,6.7048
shipment volumes,21,6.7019
management emphasized,77,6.7017
income nii,57,6.6941
wind down,53,6.6875
four quarters,56,6.6846
restricted cash,130,6.6822
digit percentage,157,6.6808
average selling,128,6.6706
annual recurring,103,6.669
nim expanded,21,6.6681
capital ratios,87,6.6674
cost reductions,165,6.663
rate case,60,6.6619
partial offset,22,6.6591
bringing date,22,6.6564
said expect,38,6.6562
data showed,22,6.6546
digit percent,57,6.6521
reducing outstanding,22,6.6513
client retention,27,6.6436
renewal rates,36,6.6379
progress toward,24,6.6374
five percent,29,6.6281
subscription run,23,6.6259
outstanding shares,86,6.6235
private equity,67,6.6163
low teens,38,6.616
customer experience,40,6.6088
nine month,23,6.6081
debt repaid,33,6.6074
cited drivers,22,6.6054
existing customers,41,6.6049
grew organically,36,6.6036
operational execution,47,6.5991
ended september,35,6.5931
late early,33,6.5875
repurchases spent,20,6.5842
cost discipline,91,6.5821
input cost,65,6.5756
cap rate,70,6.5713
position ended,75,6.5708
management expressed,20,6.57
under review,38,6.5646
repurchase shares,115,6.5638
expenditures invested,24,6.5633
sequential improvement,155,6.5584
nearly doubling,22,6.5571
can you,20,6.5555
contract wins,33,6.5423
share repurchase,649,6.5391
now represents,21,6.5338
last twelve,75,6.5272
special dividend,30,6.5249
three times,62,6.5232
excluding notable,39,6.52
stock repurchased,46,6.519
digital advertising,25,6.5153
debt refinancing,70,6.514
dividend payout,28,6.5133
fund operations,36,6.5131
repurchases repurchased,107,6.5096
past months,32,6.5092
productivity initiatives,49,6.4988
force expansion,40,6.4952
management reiterated,143,6.4929
time items,50,6.4877
delinquency rate,32,6.486
now comprising,29,6.4849
unfavorable mix,45,6.4844
specialty products,38,6.484
you see,22,6.481
under construction,55,6.4803
persist through,25,6.4717
according ceo,22,6.4708
financial services,96,6.4674
management flagged,25,6.4667
not expect,58,6.4637
well below,60,6.4625
cost control,84,6.4619
dividend payable,24,6.4589
cost pressures,101,6.4563
continued softness,30,6.456
its highest,26,6.4547
per day,629,6.4481
tier ratio,47,6.4479
cost structure,120,6.4438
noninterest income,262,6.4431
repurchased during,97,6.4419
above historical,30,6.4402
return equity,144,6.4385
remaining authorization,28,6.4301
insurance proceeds,21,6.4282
health insurance,21,6.4254
allocation strategy,22,6.4244
stated expect,53,6.4225
equity offering,24,6.4123
product lines,79,6.4102
guidance assumes,73,6.4077
expected contribute,65,6.4025
low mid,155,6.4018
after accounting,35,6.4015
interest expense,568,6.4007
headcount reduction,37,6.3999
capital deployment,153,6.3999
personnel costs,42,6.3955
portfolio fair,37,6.3865
are being,65,6.3847
flow generated,211,6.3841
take rate,73,6.3809
coverage ratio,85,6.3798
strategic partnership,27,6.3781
investment banking,38,6.3777
portfolio size,37,6.3744
wealth management,106,6.3706
cre loans,24,6.3691
slightly above,82,6.3653
loss narrowed,23,6.3638
acquisition closed,79,6.3605
continued weakness,24,6.3595
point improvement,187,6.3578
weather related,51,6.3548
guidance incorporates,32,6.3528
all time,174,6.3464
management attributing,43,6.3442
boe per,36,6.3418
negative effect,23,6.3355
step down,41,6.3293
debt maturity,58,6.3291
non accrual,29,6.3267
remain stable,28,6.3249
cash hand,92,6.3238
expected normalize,29,6.3138
excluding special,26,6.3086
modest sequential,21,6.3074
provided operations,21,6.3038
interest earning,21,6.3022
barrels per,127,6.3003
assets under,137,6.2983
maintenance capex,30,6.2982
under revolving,22,6.2943
management cautioned,33,6.2925
average coupon,21,6.2914
past three,27,6.291
aisc per,24,6.2873
adjusted ebitda,5409,6.2862
fell short,21,6.2854
percentage points,454,6.2828
refinancing activity,23,6.2798
asset sale,70,6.2789
trailing months,40,6.2784
used operations,39,6.2768
exchange rates,34,6.2761
cited key,35,6.2752
origination volume,32,6.2649
commercial auto,37,6.2631
tax benefit,111,6.2613
value added,68,6.2538
expected recur,20,6.2455
upper half,21,6.2453
credit enhanced,28,6.2436
tier one,31,6.2433
program authorized,29,6.2424
administrative expense,67,6.2316
period ending,43,6.2313
management expecting,103,6.231
stock repurchase,42,6.2279
restructuring charge,33,6.2236
commercial industrial,73,6.2232
years ago,45,6.2211
private markets,35,6.216
structure actions,20,6.2115
stated goal,23,6.2089
maturity years,20,6.2086
related disruptions,23,6.206
management stating,145,6.2042
four years,67,6.2033
regulatory progress,26,6.1976
average earning,24,6.1907
acquisitions completed,52,6.1853
service agreements,25,6.1846
tariff impact,209,6.1834
margin compression,122,6.1832
available distribution,29,6.1826
repurchased shares,79,6.182
grow low,29,6.1748
remaining under,57,6.1747
portfolio companies,26,6.1738
reaching record,37,6.1731
real time,42,6.1729
competitive pricing,30,6.1649
commodity price,26,6.1644
all segments,72,6.1625
rate swaps,21,6.1563
four percent,20,6.1525
number one,28,6.1512
authorization remains,36,6.1485
expected generate,48,6.1443
large enterprise,20,6.1418
per share,4464,6.1406
pricing discipline,29,6.13
geographic performance,37,6.128
expected convert,20,6.1277
commercial team,27,6.1271
not included,49,6.1244
prior periods,69,6.1174
fully diluted,72,6.1115
cost synergies,63,6.1089
savings realized,25,6.1063
only partially,27,6.1043
unsecured debt,31,6.1022
restructuring actions,27,6.0999
gross margin,3367,6.0991
efficiency improvements,29,6.096
operating activities,128,6.0946
geographic expansion,39,6.0931
mainly due,411,6.0924
freight rates,20,6.0919
direct channel,22,6.0915
expected grow,131,6.0854
gbp billion,22,6.084
ended march,46,6.0826
fee related,70,6.0795
consecutive positive,46,6.0768
return returned,41,6.0763
six month,21,6.0758
one third,161,6.0731
management noting,116,6.0705
top five,33,6.0684
not include,20,6.0676
three quarters,59,6.0591
ceo transition,24,6.0579
management anticipates,98,6.0555
segment faces,21,6.055
order timing,41,6.0494
innovation pipeline,34,6.0488
estate loans,34,6.0479
primarily due,819,6.0471
management confirmed,116,6.0456
dividend payments,57,6.0448
management reports,21,6.0418
shareholders through,65,6.0381
available under,54,6.0368
project execution,23,6.0294
customer engagement,48,6.0275
average price,366,6.0265
guidance revision,27,6.0252
annual run,62,6.0247
portfolio diversification,21,6.0152
prior period,711,6.0128
products launched,28,6.0107
directly reported,34,6.0098
capital structure,115,6.0073
earnings per,1028,6.0069
under authorization,45,6.006
product mix,389,6.0051
retention rate,152,6.0051
disciplined cost,36,6.0032
bringing total,61,6.0006
operating expenses,1277,5.9965
equivalents totaled,23,5.996
gross billings,44,5.9954
projected grow,38,5.9908
pipeline progress,44,5.9899
fourth consecutive,66,5.9895
roughly flat,56,5.9874
dollar based,28,5.9854
nav per,38,5.9827
invested assets,22,5.9816
tangible equity,38,5.9809
management acknowledged,85,5.973
payment timing,22,5.9726
guided range,56,5.9724
excluding noncash,21,5.9724
affo per,48,5.9718
ffo per,183,5.9651
private credit,56,5.96
geographic mix,34,5.955
strategic initiatives,60,5.9477
convertible debt,47,5.9449
return shareholders,38,5.9425
now live,20,5.9416
excluding merger,28,5.9413
expected deliver,73,5.9401
cost absorption,20,5.9351
order trends,23,5.9329
distribution center,30,5.9328
technology investments,79,5.9314
invested capital,72,5.9313
management indicated,91,5.931
portfolio optimization,47,5.9304
shareholders record,51,5.929
times times,20,5.9239
new hires,31,5.9226
stock compensation,31,5.9182
flow conversion,168,5.9139
america europe,29,5.9087
annualized savings,54,5.9076
commercial vehicle,25,5.9071
since launch,59,5.9064
restructuring savings,33,5.9064
sustaining capital,29,5.905
due absence,39,5.9027
operational flexibility,20,5.9025
asset impairment,20,5.9007
home equity,38,5.8981
diluted share,936,5.894
expenditures totaled,30,5.8926
unfavorable product,36,5.8876
structural cost,23,5.8874
grow mid,25,5.8863
repurchased average,134,5.886
regional performance,44,5.8844
current authorization,35,5.8822
international markets,63,5.8816
pretax income,107,5.8806
compared ago,78,5.8798
per diluted,872,5.8776
flow outflow,24,5.877
clinical data,45,5.8747
capital needs,40,5.87
setting new,44,5.8669
financial results,43,5.8587
conversion rates,50,5.8566
cost inflation,92,5.8562
repurchase activity,64,5.8561
rate cut,23,5.8546
risk based,64,5.8535
common unit,23,5.8526
versus prior,518,5.8502
sales force,95,5.8501
tariff related,113,5.8497
second consecutive,77,5.8476
debt issuance,35,5.8457
reported constant,103,5.8436
favorable mix,83,5.8426
achieved record,87,5.8412
days days,24,5.8358
inventory levels,61,5.8345
indicating continued,50,5.8317
absence prior,35,5.8306
consecutive double,40,5.8266
risk weighted,21,5.8248
mid high,169,5.824
expenditures capex,53,5.8233
two quarters,65,5.8231
targeted completion,23,5.8164
highest since,29,5.8123
cash position,463,5.8048
new stores,113,5.8029
term investments,180,5.8018
rate sensitivity,24,5.8005
cash burn,71,5.8001
volume declines,74,5.795
demand weakness,24,5.7907
last week,21,5.7906
management highlighted,146,5.7891
compared prior,849,5.7871
manufacturing capacity,44,5.785
margin nim,135,5.7849
surpassing high,30,5.7826
management commentary,40,5.7805
equity tangible,33,5.7774
sales chf,21,5.7769
comprised total,59,5.775
consumer spending,20,5.7731
both segments,62,5.7726
client base,21,5.7721
freight costs,41,5.7703
provision expense,58,5.7678
tax equivalent,20,5.7674
labor costs,51,5.761
capital spending,114,5.7599
dividend paid,53,5.7562
outlook anticipates,27,5.7557
customer base,92,5.7541
share count,234,5.7524
past two,24,5.7454
remaining performance,70,5.7437
sheet liquidity,43,5.7375
guidance reaffirmed,186,5.7347
largely due,93,5.7343
east north,21,5.7332
customer wins,39,5.7316
through dividends,73,5.7314
efficiency initiatives,47,5.7274
net adds,40,5.7247
delivered double,31,5.7245
largest customer,41,5.7219
fee income,174,5.7212
future quarters,31,5.7161
offset declines,60,5.7114
below internal,25,5.7044
store count,29,5.7034
commercial aerospace,25,5.7021
under contract,69,5.702
cash runway,41,5.7012
not open,20,5.7012
cre loan,20,5.6985
expected between,389,5.696
four consecutive,26,5.6959
exchange impact,44,5.6947
compensation benefits,20,5.6932
adjusted ebit,127,5.6908
negative impact,157,5.6872
period ended,92,5.686
tariff headwinds,43,5.6856
according management,117,5.6855
included current,25,5.6852
completion targeted,21,5.6851
acquisitions closed,21,5.683
ebit margin,120,5.6782
commercial banking,20,5.6717
price volatility,33,5.67
inr billion,35,5.6689
projected between,118,5.666
expected close,124,5.6609
term loan,217,5.6573
test volume,25,5.6541
three percent,23,5.6533
cre portfolio,20,5.653
but still,25,5.6464
organic constant,73,5.6443
oil production,28,5.6431
second highest,48,5.6428
software services,33,5.639
quarterly result,23,5.6378
marking third,46,5.6368
loan deposit,90,5.633
debt reduction,242,5.6326
risks cfo,54,5.6283
development pipeline,71,5.6266
versus last,140,5.6247
store occupancy,25,5.6229
liquidity ended,64,5.6215
allowance loan,30,5.6215
fiscal ending,43,5.6203
target range,141,5.6196
gross merchandise,22,5.6176
strategic shift,26,5.6168
months ended,53,5.6164
equipment orders,21,5.6152
reported organically,23,5.6116
flat slightly,46,5.6115
management maintains,22,5.608
related charges,32,5.6059
income attributable,84,5.6043
customers added,35,5.6042
capital raise,21,5.6034
government contract,21,5.5964
flow operations,256,5.5955
guidance ranges,23,5.5946
returned through,47,5.5944
tangible assets,27,5.5929
four times,20,5.5918
power solutions,27,5.5906
supporting future,27,5.5897
cost funds,42,5.5887
write down,28,5.5849
deposit costs,138,5.5846
are still,34,5.5817
planned maintenance,20,5.5816
reached record,89,5.5795
interest income,612,5.5785
capital requirements,25,5.5764
securities portfolio,46,5.5753
totaling date,29,5.5744
level since,29,5.5725
per basic,25,5.5713
management emphasizing,32,5.57
management explicitly,77,5.5674
not fully,41,5.5646
fixed rate,97,5.5643
per boe,21,5.5642
management reaffirmed,129,5.5589
comprising total,47,5.558
consecutive years,41,5.5524
platform adoption,30,5.545
expected persist,45,5.5438
least one,37,5.5422
reflecting disciplined,24,5.5388
under current,67,5.538
product categories,26,5.5365
represented total,53,5.536
forward equity,28,5.5343
negatively impact,25,5.5338
tariff uncertainty,26,5.5332
comp sales,78,5.526
higher input,39,5.5245
are underway,38,5.5241
contract value,70,5.5239
continued strength,21,5.5196
versus previously,33,5.5167
quarterly record,101,5.5166
diluted earnings,182,5.5162
team expansion,24,5.5121
logistics costs,31,5.5056
sequential decline,93,5.5052
first time,185,5.5051
period last,158,5.5048
historical range,24,5.5043
return average,156,5.5037
guidance raised,440,5.5017
expected exceed,53,5.4919
purchase volume,30,5.4902
management stated,459,5.4893
operations ffo,22,5.4841
indicating ongoing,54,5.4835
win rate,27,5.4832
continued momentum,21,5.4828
indicating strong,26,5.4811
remains under,55,5.479
net charge,360,5.4763
management cited,251,5.4755
retail channel,20,5.4718
including undrawn,21,5.4711
one off,34,5.4679
gross written,47,5.4663
cash inflow,20,5.4653
performance fees,52,5.4613
consecutive quarterly,43,5.4593
negative negative,68,5.4589
network expansion,44,5.4561
response rate,42,5.4558
digital infrastructure,22,5.4507
post acquisition,44,5.4502
repurchased date,43,5.4491
order backlog,33,5.4425
accounted total,75,5.4415
tax payments,39,5.4408
three months,61,5.4399
excluding fuel,31,5.4398
compared same,144,5.4392
order value,43,5.4344
large customer,58,5.4343
portfolio occupancy,44,5.4325
compared previous,141,5.4313
cash flows,81,5.4308
comparable period,49,5.4286
reflecting sustained,26,5.4273
management projecting,23,5.4252
post launch,21,5.4235
supported strong,31,5.4232
flow breakeven,31,5.4225
loss attributable,36,5.4212
above internal,27,5.4199
capacity utilization,28,5.4194
core deposits,56,5.4184
after tax,98,5.4163
technology initiatives,36,5.4136
expected begin,38,5.4133
segment highlights,20,5.4065
initial expectations,21,5.4061
material costs,61,5.3996
continued focus,30,5.3982
net income,2363,5.3945
support future,20,5.3944
five consecutive,22,5.3943
our team,21,5.3912
fixed cost,72,5.3895
net inflows,86,5.3876
credit agreement,37,5.3864
deposit trends,21,5.3842
sequential increase,224,5.3834
favorable product,73,5.3825
retention rates,30,5.3816
channel inventory,35,5.3778
oil price,27,5.373
third ended,52,5.3725
cash marketable,75,5.3722
represent total,26,5.3704
strength across,20,5.3696
well above,37,5.3694
within target,42,5.3667
above midpoint,66,5.3657
expected add,55,5.3647
commercial launch,67,5.3625
savings achieved,38,5.3619
consistent prior,84,5.359
loss continuing,31,5.3588
guidance reflects,57,5.3583
customer retention,49,5.3542
mortgage rates,20,5.3538
within days,20,5.3523
high quality,32,5.3506
guidance affirmed,31,5.3501
net loss,1113,5.3477
portfolio yield,53,5.3466
productivity savings,21,5.3456
tax benefits,38,5.3429
comparable sales,202,5.3424
stock repurchases,41,5.338
six years,23,5.3378
brl billion,29,5.3371
management affirmed,24,5.333
share buybacks,136,5.3317
major projects,25,5.3305
distributable cash,30,5.3294
exceeding high,61,5.3257
versus ago,31,5.3245
three four,34,5.3244
debt stood,26,5.3216
all major,44,5.3153
ratio improved,161,5.3142
dividend buyback,20,5.3107
remain flat,38,5.3094
sheet ended,20,5.3063
compensation expense,86,5.3046
signed not,21,5.3045
track record,25,5.3028
variable rate,27,5.3016
expense discipline,30,5.3015
ratio times,51,5.2952
described strong,24,5.2916
pretax profit,24,5.29
enterprise customers,21,5.2873
share payable,48,5.284
declared per,72,5.282
excluding these,40,5.2803
expected improve,44,5.2794
average monthly,30,5.2787
purchase price,21,5.2779
hand end,26,5.2759
loan portfolio,167,5.2746
operations generated,31,5.2745
leasing pipeline,20,5.2706
highlighted ongoing,25,5.2685
equivalents investments,41,5.2664
compared last,187,5.2663
per ads,22,5.2613
funding costs,61,5.258
strategic investments,57,5.2577
following recent,20,5.2528
term target,108,5.2519
guidance lowered,62,5.2515
management noted,214,5.25
expense control,29,5.2479
equivalent per,57,5.2458
net interest,964,5.2451
expanding basis,102,5.243
annualized yield,22,5.2405
large project,22,5.2383
incremental tariff,28,5.2358
dividend board,33,5.235
remain below,29,5.2349
capacity expansion,108,5.2334
diluted shares,103,5.2314
safety performance,23,5.2295
common shares,31,5.2286
only one,28,5.2284
sequential decrease,44,5.2249
marketing expenses,88,5.223
underwriting income,36,5.222
mid range,110,5.2176
per vessel,33,5.2163
across key,26,5.216
disciplined capital,27,5.213
capital return,194,5.2127
operating profit,457,5.2087
repurchase repurchased,24,5.2082
return assets,57,5.2065
adjusted eps,1227,5.2046
fully offset,40,5.2043
digital asset,36,5.2038
management does,41,5.2036
offset lower,246,5.2032
backlog backlog,48,5.2003
repurchased since,29,5.2003
expected moderate,20,5.2002
customer count,41,5.1993
legal costs,30,5.1932
outstanding debt,75,5.1922
international expansion,92,5.1912
core deposit,48,5.1902
achieved its,21,5.1895
now guided,28,5.1894
gaap eps,462,5.1883
commercial execution,24,5.1866
management citing,104,5.1861
project timing,31,5.1833
fuel costs,46,5.1818
driven broad,33,5.1803
share declared,71,5.176
equivalents end,139,5.1759
impact tariffs,73,5.171
ratio trailing,35,5.1663
noi growth,182,5.1659
repurchases returned,29,5.1633
unit volumes,27,5.1632
technology solutions,32,5.1595
zero debt,21,5.1589
management disclosed,35,5.158
pricing pressure,41,5.1566
outlook raised,92,5.1561
debt outstanding,73,5.1532
below expectations,38,5.1527
three consecutive,29,5.1526
new leases,43,5.152
two percent,21,5.1464
asset value,61,5.1461
higher depreciation,36,5.1417
remains available,21,5.1387
fuel price,26,5.138
recurring revenue,345,5.138
operating income,1288,5.1377
high end,418,5.1353
higher incentive,35,5.1339
category performance,23,5.1338
versus previous,67,5.1338
due weaker,28,5.1331
added services,29,5.1322
same last,74,5.1312
expenditure guidance,53,5.1311
management estimates,28,5.1295
guidance maintained,133,5.1292
client assets,22,5.1174
expected rise,136,5.1165
backlog conversion,27,5.1151
major project,22,5.1136
price adjustments,20,5.1128
projected rise,42,5.1123
excluded adjusted,26,5.1111
cost reduction,175,5.1102
conversion rate,98,5.11
recent years,34,5.1077
fiscal ended,94,5.1061
cash taxes,56,5.1057
fee based,32,5.1041
was negatively,39,5.1018
within months,31,5.1003
revenue streams,34,5.099
inventory days,35,5.0985
restructuring costs,64,5.0974
tariff costs,130,5.0946
asset based,59,5.0946
significantly higher,33,5.0884
leverage ended,54,5.0882
segment reporting,26,5.0866
inventory reductions,25,5.0863
total deposits,169,5.0838
investments totaled,27,5.0831
recent quarters,20,5.0822
share buyback,77,5.0806
expected reach,74,5.0766
expanded basis,190,5.0763
ago period,32,5.076
over past,155,5.076
leverage times,34,5.0745
gaap opex,20,5.0736
record level,31,5.0698
first six,46,5.069
fiscal third,141,5.0684
savings initiatives,32,5.066
you you,25,5.0626
fixed price,31,5.0581
across segments,27,5.0574
generated during,30,5.0513
consecutive annual,41,5.0499
dividend raised,67,5.0445
higher personnel,22,5.0435
matching prior,24,5.0426
repurchase plan,20,5.0421
global retail,28,5.0421
indicating potential,21,5.0385
management forecasts,28,5.035
its first,59,5.0329
loan losses,52,5.0303
attributed mainly,65,5.025
achieved double,32,5.0245
are not,148,5.0238
ongoing uncertainty,26,5.0237
but not,104,5.0232
historical average,24,5.022
guidance update,123,5.0194
strong demand,47,5.0165
excluding restructuring,34,5.0123
marketing expense,73,5.012
marking first,65,5.0104
grow high,21,5.0067
exceeding expectations,23,5.0055
subscription based,21,5.0043
dividend quarterly,82,5.0043
organic growth,766,5.0042
representing increase,344,5.0005
adjusted ebitdar,22,4.9989
tax provision,23,4.9988
renewal rate,38,4.9984
based current,53,4.9976
acquisition integration,48,4.9925
transaction volume,48,4.9924
gross margins,188,4.9907
product development,96,4.9898
slight increase,22,4.9891
deposits decreased,32,4.982
margin contraction,29,4.9811
new acv,23,4.9803
interest rates,96,4.9779
guidance updates,35,4.9746
currency headwinds,27,4.9735
representing decrease,74,4.9732
non recurring,70,4.972
expected remain,145,4.9716
slightly positive,22,4.9693
dividend yield,35,4.9655
excluding mortgage,22,4.9615
new awards,35,4.9615
due seasonality,50,4.9602
acquisition announced,36,4.9597
marketing services,35,4.9588
quarters positive,23,4.9587
through april,29,4.9573
flat sequentially,125,4.9564
record levels,33,4.9563
projected reach,21,4.9505
time high,89,4.9474
reflecting continued,120,4.9443
favorable currency,24,4.9427
merchandise sales,24,4.941
marking record,32,4.9404
acquisition related,100,4.9369
all three,57,4.9302
charges related,20,4.9278
contract manufacturing,20,4.9243
forecast between,20,4.923
cost actions,72,4.9186
lease term,34,4.9173
reflecting broad,24,4.9173
annualized base,23,4.9141
net outflows,47,4.9135
led double,22,4.91
shareholders equity,23,4.9069
digit declines,25,4.9068
unit volume,48,4.9063
unchanged prior,60,4.9051
legal expenses,22,4.9023
guidance narrowed,28,4.9019
per megawatt,21,4.9001
representing sequential,70,4.8989
corporate expenses,32,4.8988
bank debt,34,4.8984
increased competition,27,4.8966
major contract,21,4.8958
tier capital,32,4.8945
completed sale,20,4.8921
has not,36,4.8885
raising total,22,4.8875
expect our,27,4.8871
point sequential,48,4.885
raised midpoint,38,4.8827
time deposits,35,4.8822
funded debt,28,4.8768
restaurant sales,54,4.8765
channel mix,35,4.8721
gains losses,21,4.8706
realized price,21,4.8696
said are,76,4.8649
four months,25,4.8539
potential future,20,4.8528
cash undrawn,46,4.852
per metric,28,4.8518
total loans,251,4.8515
point decrease,47,4.8487
management described,149,4.8484
lower incentive,22,4.8417
active customers,24,4.8415
cash outflow,27,4.833
shareholder value,20,4.8329
cost efficiencies,23,4.8312
annualized return,31,4.8292
deposit ratio,57,4.8276
material impact,31,4.8269
expense reductions,37,4.8264
segment performance,308,4.8254
average yield,52,4.8248
three segments,21,4.8237
continued pressure,26,4.8227
neutral basis,28,4.8199
digital initiatives,24,4.8196
consumer demand,40,4.8191
capital returned,67,4.8177
expected drive,40,4.8171
second largest,20,4.8154
dividend coverage,23,4.8126
gaap operating,763,4.8118
total liquidity,228,4.8113
new vehicle,39,4.8087
administrative costs,29,4.8083
due seasonal,54,4.8066
average balances,31,4.8046
manufacturing facility,20,4.8039
due unfavorable,37,4.8039
period end,306,4.8029
fixed income,73,4.7999
forecasted range,20,4.7982
are track,32,4.7977
nearly double,46,4.7962
low range,78,4.7961
management identified,50,4.7924
subscription revenue,208,4.7889
supporting ongoing,33,4.7854
phase data,28,4.7819
surpassed billion,57,4.7807
are currently,23,4.778
two major,29,4.7769
margin expanding,108,4.7753
two three,49,4.7751
improving basis,60,4.7709
expenses decreased,91,4.7707
since early,25,4.7662
now fully,27,4.7659
points sequentially,462,4.7649
ratio improving,20,4.7632
gaap diluted,206,4.7628
through december,23,4.7609
term targets,25,4.7603
primarily driven,209,4.7588
within three,24,4.758
rmb billion,114,4.757
production capacity,54,4.755
per unit,143,4.7523
operational initiatives,34,4.7522
employee costs,20,4.7513
exceeds billion,32,4.7501
term contracts,25,4.7487
available credit,32,4.7464
percentage range,60,4.7463
expects further,26,4.7429
our expectations,60,4.7415
pricing productivity,22,4.7409
compared previously,33,4.7408
cash provided,52,4.7407
one ago,22,4.7379
cash generation,120,4.7364
remain above,27,4.7362
full expectation,48,4.7347
top customers,21,4.7342
marketing investment,43,4.7337
guidance anticipates,50,4.7325
continued strong,26,4.7311
average tangible,33,4.7271
though management,59,4.7248
days inventory,27,4.7241
half weighted,24,4.7228
added during,23,4.7226
further increases,21,4.7212
impact estimated,34,4.7207
off rate,49,4.7204
roughly half,32,4.7196
averaged per,34,4.7195
payment volume,23,4.7154
repurchases totaled,21,4.7147
lower volumes,96,4.7135
expected fall,20,4.7127
value per,303,4.712
credit metrics,24,4.7084
margin expanded,215,4.7045
solutions segment,139,4.7026
accounting total,50,4.7024
remains below,26,4.7018
currency basis,212,4.7008
cited ongoing,36,4.6992
outlook reaffirmed,24,4.6927
improved profitability,29,4.6909
media segment,24,4.6901
backlog reached,35,4.6888
capital plan,83,4.6863
repurchases completed,34,4.6823
due lower,505,4.6818
savings target,33,4.6814
sales cycles,20,4.678
new wins,51,4.677
management states,45,4.6745
per user,31,4.6727
transportation segment,24,4.6695
ratio ended,52,4.6695
favorable pricing,25,4.6689
product adoption,41,4.6673
negative positive,31,4.6666
dividends repurchases,29,4.6651
per shipment,36,4.6637
under pressure,25,4.6637
liquidity available,23,4.6631
new patient,65,4.6631
margin pressure,189,4.6599
five percentage,20,4.6591
production volumes,45,4.6588
offset higher,219,4.6578
capital returns,63,4.6578
investment securities,23,4.6562
point benefit,29,4.6555
brand performance,26,4.6533
two times,22,4.6528
ffo debt,32,4.6511
marking fourth,25,4.6509
position cash,208,4.6504
price mix,106,4.6485
net leverage,465,4.6466
ratio remained,21,4.6463
driven primarily,193,4.6439
portfolio actions,36,4.6433
loan sale,40,4.642
offsetting lower,22,4.6401
cash balance,232,4.6386
pretax loss,22,4.6379
deposits grew,40,4.6367
product launch,64,4.6363
cost increases,78,4.6321
outlook maintained,25,4.63
after excluding,55,4.6297
strong performance,43,4.6273
expense ratio,156,4.6254
record high,83,4.6245
merchandise margin,22,4.6244
point decline,70,4.624
project pipeline,29,4.6209
below target,35,4.619
excess capital,22,4.618
debt position,72,4.6175
store sales,223,4.6151
declined slightly,33,4.6132
demand trends,25,4.6129
average assets,97,4.612
management aum,55,4.6119
fixed costs,39,4.61
net debt,864,4.6073
dividends share,148,4.6054
point increase,181,4.6045
cash short,104,4.6044
slightly lower,58,4.6027
stating are,20,4.6025
updated full,47,4.6022
roughly one,28,4.6
guidance reiterated,49,4.5956
technologies segment,23,4.5946
deposits rose,44,4.5945
materials segment,26,4.594
management targets,72,4.5931
maintenance costs,31,4.593
supporting continued,21,4.5925
weather impact,22,4.5883
digital platform,22,4.5872
related costs,130,4.5859
inventory position,33,4.5829
relative prior,22,4.5719
reaffirmed full,53,4.5715
debt leverage,140,4.5681
exit rate,22,4.568
cash restricted,30,4.5668
cost trend,22,4.5621
slightly negative,21,4.5611
capital markets,105,4.5522
total revpar,27,4.5504
marking second,30,4.5497
channel performance,27,4.5488
provided operating,33,4.5478
interest rate,234,4.5458
securities end,59,4.5421
improved working,29,4.5405
decline attributed,86,4.5399
affo guidance,20,4.5398
order activity,20,4.5368
technology investment,39,4.5342
packaging segment,24,4.5332
significant improvement,28,4.5268
yielding margin,35,4.5237
are expected,415,4.5228
total revenues,157,4.5209
annual savings,39,4.5188
driven mainly,86,4.5178
due fewer,21,4.516
transaction costs,48,4.5154
during period,66,4.5099
was lowered,22,4.5079
nearly all,59,4.5064
expected provide,20,4.5055
pay down,20,4.5039
reduction initiatives,33,4.5038
said our,46,4.5
acquisition completed,38,4.4988
slightly down,79,4.4982
operating leverage,273,4.497
across both,52,4.4948
noninterest expenses,37,4.4903
base rates,23,4.4893
expansion plans,26,4.4875
active pipeline,20,4.4874
repurchases common,20,4.4862
leasing volume,21,4.4857
ebitda yielding,23,4.4836
manufacturing costs,47,4.4831
last months,47,4.4817
cost recovery,33,4.4786
adjusted diluted,444,4.4779
loan production,74,4.4776
digit organic,61,4.476
inflows billion,48,4.4725
digital solutions,20,4.4724
center demand,31,4.471
top end,80,4.468
delivered record,20,4.466
dividends during,24,4.466
acquisition activity,56,4.4644
toward lower,33,4.4632
largely driven,24,4.4621
flat compared,80,4.4603
infrastructure investment,26,4.459
ebitda margin,1449,4.455
charge related,28,4.4527
offs basis,57,4.4523
savings targeted,21,4.452
common dividend,23,4.4516
customer support,28,4.4514
loss per,437,4.4505
continued investment,53,4.4504
loss ratio,128,4.4496
gaap gross,428,4.447
guidance revised,52,4.4449
volumes declined,45,4.4446
off ratio,22,4.4441
guidance updated,66,4.4439
labor cost,22,4.443
orders backlog,21,4.4422
stock price,27,4.4412
transaction value,21,4.4374
equating per,25,4.4372
gross premiums,27,4.4357
excluding stock,26,4.4348
revpar increased,26,4.4333
digit gains,29,4.432
sales marketing,151,4.4277
above high,64,4.4222
due higher,548,4.422
decreased sequentially,75,4.4177
doubled over,57,4.4153
backlog ended,22,4.4144
tax credit,76,4.4127
feet per,58,4.412
loss provision,21,4.4117
representing highest,23,4.411
material cost,33,4.4082
driven higher,338,4.4069
guidance includes,63,4.4063
flat versus,45,4.4061
due stronger,20,4.4052
higher employee,21,4.4025
rate synergies,23,4.4
notes due,49,4.3969
quarterly dividends,22,4.3964
net flows,44,4.3947
targeted range,45,4.3946
attributed higher,178,4.3929
phase one,25,4.3916
global supply,21,4.3867
dividend per,293,4.3862
corporate costs,25,4.3861
was recorded,24,4.3841
decision expected,20,4.3823
non interest,197,4.3808
deposit growth,234,4.3786
related expenses,101,4.3783
margin profile,34,4.378
average order,41,4.3764
expected reduce,29,4.3762
impact cfo,31,4.3758
peak sales,31,4.3753
decrease attributed,44,4.3725
customer adoption,26,4.372
may not,23,4.3701
investment portfolio,87,4.3692
deposit mix,41,4.3687
lease rate,46,4.3687
margin expansion,476,4.3675
before end,46,4.3674
operating margin,1399,4.3628
digit growth,380,4.3625
industrial segment,59,4.3619
new locations,26,4.3613
cash collections,23,4.3558
per square,65,4.3555
updated guidance,62,4.3537
below long,20,4.3533
deposits declined,34,4.352
net premiums,54,4.3478
capital discipline,25,4.343
currency impact,60,4.3422
capex outlook,45,4.3418
impact foreign,21,4.3414
profit margin,360,4.3406
net additions,42,4.3406
cash goodwill,20,4.3376
management projects,123,4.3369
rate base,68,4.3357
midpoint raised,26,4.3352
implying growth,43,4.3347
down organically,20,4.3308
average lease,32,4.3307
repurchased under,20,4.33
offset favorable,26,4.3289
flow generation,39,4.3288
attributed lower,131,4.3283
offset decline,76,4.3274
channel expansion,25,4.3269
shares average,85,4.3245
losses loans,24,4.3224
integration costs,50,4.3218
phase two,21,4.3149
investment income,211,4.3131
completed during,25,4.3126
loans decreased,35,4.3082
loan yield,25,4.308
royalty revenue,62,4.3016
debt financing,23,4.3011
daily sales,46,4.2994
inventory reduction,45,4.2966
deferred revenue,68,4.2949
positive free,52,4.2914
was returned,53,4.29
new products,123,4.2872
selling expenses,24,4.2868
stated our,65,4.2852
organic orders,31,4.2842
outlook management,305,4.2813
time since,27,4.2799
gains across,23,4.2794
operational leverage,43,4.2786
one percentage,35,4.2756
indicating improved,25,4.2743
end markets,106,4.2735
interest margin,460,4.2724
billion implying,36,4.269
point reduction,42,4.2676
down sequentially,288,4.2669
fiscal fourth,87,4.2657
new originations,32,4.2647
down ago,45,4.2641
guidance midpoint,192,4.2637
rate increases,72,4.2615
accounted approximately,29,4.2606
nearly flat,41,4.2569
operational performance,52,4.256
base dividend,28,4.2531
past due,33,4.2525
unchanged sequentially,21,4.2522
revenues grew,42,4.2504
ended period,34,4.2499
cash used,70,4.2495
total assets,143,4.2478
term debt,134,4.2465
equivalents period,26,4.2421
revpar growth,49,4.2413
logistics segment,20,4.2396
approximately shares,133,4.2361
deposits increased,98,4.235
marking increase,62,4.233
declines attributed,21,4.231
you are,46,4.2236
despite lower,52,4.2194
per month,99,4.2181
eps guided,25,4.2167
cash outflows,26,4.215
five point,21,4.215
anticipated between,30,4.2147
utilization rate,41,4.2122
growth drivers,64,4.2115
revenue recognition,67,4.2113
development expenses,60,4.2081
expected later,30,4.2052
stock dividend,22,4.2036
risks management,224,4.2003
reported organic,80,4.2002
driven largely,20,4.1991
new mexico,23,4.196
per foot,23,4.1942
all four,21,4.1905
cash usage,35,4.1884
ffo guidance,60,4.1873
cost deposits,56,4.1841
expenses rmb,20,4.1798
these are,29,4.1766
other income,88,4.1756
low end,132,4.1749
organic sales,294,4.1729
other revenues,20,4.1717
due timing,99,4.1708
items including,21,4.1675
expects continued,24,4.1662
reflecting ongoing,96,4.1632
below our,42,4.1628
flow negative,91,4.1626
target raised,27,4.1625
two additional,32,4.1615
fell basis,72,4.1587
point sale,21,4.1585
all other,26,4.1574
due delayed,26,4.1543
loan growth,461,4.152
position end,86,4.1514
new commitments,23,4.1502
balances increased,39,4.1489
cost headwinds,44,4.1477
demand across,41,4.147
point negative,33,4.1444
high risk,28,4.1441
record quarterly,39,4.1438
forma basis,33,4.1419
facility capacity,24,4.1416
loan value,54,4.1408
net sales,1610,4.1378
grew over,501,4.1365
dividend increase,158,4.1344
new existing,35,4.1338
equity ratio,57,4.1332
our customers,47,4.1311
decrease primarily,40,4.1311
loan book,33,4.1291
capex projected,33,4.1261
flow totaled,37,4.1244
raised full,108,4.1233
paid down,46,4.1229
sales team,34,4.1216
new contracts,44,4.1203
customer service,39,4.12
now expects,35,4.1193
below prior,102,4.1167
share gains,131,4.1153
eps guidance,482,4.1136
debt trailing,25,4.112
shareholders including,26,4.1107
cost optimization,22,4.1105
financial impact,33,4.1081
expenses totaled,26,4.106
due temporary,22,4.1059
per common,77,4.1057
rate effective,51,4.1037
growth outpacing,32,4.1033
growth driver,37,4.1028
segment results,82,4.1026
end providing,27,4.102
deposit cost,53,4.0989
slightly higher,53,4.0949
stated not,41,4.0939
decreased basis,132,4.0921
above previous,28,4.0904
targeting annual,20,4.0897
but below,36,4.0893
two months,31,4.0877
guidance unchanged,53,4.0843
digital services,20,4.0837
management fees,63,4.0832
exceeded billion,81,4.081
first patient,23,4.0803
inventory inventory,42,4.0799
are now,88,4.0778
load growth,42,4.0762
project activity,20,4.074
increasing sequentially,43,4.0739
ongoing headwinds,20,4.0718
liquidity end,134,4.0707
record backlog,30,4.0665
expenses fell,29,4.062
supply demand,30,4.0618
annual dividend,54,4.061
mix changes,22,4.0591
customer deposits,31,4.0581
positive impact,40,4.0556
month basis,77,4.0489
above target,31,4.0483
liquidity including,67,4.0458
midpoint guidance,165,4.0451
volume mix,86,4.0445
since last,30,4.0437
related earnings,57,4.0435
declined basis,209,4.0376
major customer,24,4.0366
reflecting improved,94,4.0346
consumables revenue,26,4.0339
fiscal period,98,4.0339
stable sequentially,24,4.0316
compensation expenses,37,4.0292
sequentially but,100,4.0286
grew annualized,28,4.0285
non core,95,4.0282
totaling approximately,38,4.0272
grew constant,23,4.0263
declined sequentially,94,4.026
expectations continued,20,4.0253
fourth ended,22,4.0253
billion returned,95,4.0245
driven strong,48,4.0188
international segment,88,4.018
guidance projected,276,4.0168
expected range,218,4.014
representing annualized,33,4.0134
digit range,50,4.012
cash revolver,41,4.0079
operating loss,286,4.006
improved basis,194,4.0059
costs partially,47,4.0036
advertising revenue,89,4.0019
adjusted earnings,344,4.0016
new product,248,4.001
financial performance,27,4.0009
average deposits,42,3.9995
digit increases,21,3.9985
debt metrics,26,3.9957
higher fuel,27,3.994
strategy management,71,3.9938
noted ongoing,22,3.9934
automotive segment,26,3.9933
due elevated,49,3.9908
expected continue,45,3.9899
growth midpoint,232,3.9898
licensing revenue,56,3.9895
time quarterly,30,3.9875
tons per,34,3.9871
digit sequential,25,3.987
volume gains,34,3.9841
through march,22,3.9822
excluding acquisitions,24,3.982
stated target,32,3.982
dropped basis,20,3.9816
guidance set,63,3.9802
full capex,84,3.9782
last four,20,3.9768
total revenue,1532,3.9763
down slightly,55,3.9758
gaap net,656,3.9751
commercial loan,55,3.973
target remains,20,3.9724
products services,24,3.9717
rose sequentially,99,3.9714
average unit,32,3.9697
above expectations,22,3.9686
acquisition strategy,20,3.9643
excluding one,49,3.9627
our financial,27,3.9619
deposit pricing,21,3.961
high value,50,3.9591
strategic investment,30,3.9528
but partially,28,3.9523
capital efficiency,62,3.9515
reiterated full,20,3.9508
loans deposits,21,3.9468
operating expense,296,3.946
expense savings,41,3.9434
expenses rose,92,3.9396
acquisitions organic,24,3.9393
now expected,178,3.9385
stood billion,33,3.9385
capex guidance,128,3.9378
projected range,64,3.9368
average loans,70,3.9334
equipment sales,67,3.9322
transition costs,24,3.9305
down previous,88,3.9291
contracted basis,21,3.9281
ongoing investments,39,3.9274
new partnerships,23,3.9262
flow free,168,3.9256
grew nearly,45,3.9224
grew double,28,3.9216
term profitability,20,3.9209
compared negative,52,3.9196
declined due,168,3.9181
net dollar,47,3.9179
range midpoint,37,3.9167
reflecting strong,39,3.9157
improved operational,34,3.9153
underwriting margin,27,3.9128
customer acquisition,62,3.9119
grew mid,38,3.9096
recent acquisition,23,3.9081
loans grew,42,3.9041
previous period,35,3.9027
between negative,22,3.9024
generated free,25,3.902
activities was,21,3.9019
annualized cost,49,3.8978
are fully,23,3.8976
aerospace segment,21,3.8964
operating earnings,212,3.8964
revised down,20,3.8956
attributed primarily,61,3.8934
projected decline,55,3.8878
loans declined,43,3.8878
loans rose,47,3.8867
timing related,23,3.8854
inventory ended,21,3.8834
guidance range,272,3.8803
industry average,25,3.88
management highlighting,27,3.8796
doubling over,33,3.8794
debt liquidity,71,3.8768
projected remain,21,3.875
project mix,30,3.8727
compensation costs,37,3.8726
reflecting decrease,51,3.8708
ebitda forecasted,33,3.8699
despite higher,53,3.8692
impacted higher,36,3.8638
common share,69,3.8616
content per,22,3.8592
margin improvement,218,3.8591
subscriber growth,20,3.8577
customer demand,55,3.8566
you not,20,3.855
revised full,22,3.852
development expense,45,3.8517
specialty segment,28,3.8516
due favorable,55,3.8508
sequential growth,198,3.8503
provision net,58,3.8491
flat low,25,3.8488
comparable prior,46,3.8464
two percentage,23,3.8447
performance achieved,30,3.8425
contributed approximately,33,3.84
exceeding guidance,88,3.839
was rmb,28,3.8389
orders grew,22,3.8377
margins declined,32,3.8344
expected decline,171,3.8333
outlook cfo,20,3.831
insurance costs,25,3.8256
surpassing prior,20,3.8241
digit decline,39,3.8232
down basis,466,3.82
eight new,20,3.8141
management continues,28,3.8141
total arr,42,3.8132
loan pipeline,37,3.8129
loan charge,22,3.8124
gmv growth,26,3.8124
management guided,40,3.8106
attributed strong,22,3.8045
asset sales,139,3.802
reached nearly,27,3.8012
average occupancy,20,3.8007
between billion,183,3.7988
operating cash,907,3.7984
now projected,50,3.7976
despite decline,22,3.7972
toward higher,27,3.7961
supported higher,54,3.7961
shares during,29,3.7951
raised range,33,3.7932
margin contracted,28,3.793
was flat,94,3.7928
excess cash,26,3.7914
adjusted pretax,49,3.7905
adjusted operating,986,3.7889
new launches,35,3.7872
but down,135,3.7872
consolidated revenue,191,3.7864
since program,20,3.7855
unit cost,33,3.7837
negative improvement,26,3.7827
increasing over,179,3.7776
price per,200,3.7774
guidance implying,20,3.7773
fourth fiscal,62,3.7769
prior reserve,24,3.7763
implying over,36,3.7749
declining basis,29,3.7739
division revenue,39,3.7725
impacted lower,26,3.772
flow trailing,24,3.7694
update full,33,3.7693
surpassing guidance,30,3.7672
aum billion,50,3.7659
reflecting higher,189,3.7647
are projected,76,3.7647
based pricing,31,3.7642
new deals,27,3.7631
return capital,71,3.7625
revenues declined,31,3.762
exceed billion,28,3.762
consolidated gross,54,3.7605
rising sequentially,28,3.7587
energy costs,26,3.7543
may impact,23,3.7533
credit loss,66,3.7533
used operating,36,3.7532
services revenue,323,3.7519
below last,25,3.7501
annualized dividend,23,3.7489
expense decreased,43,3.7478
leverage liquidity,34,3.7476
flat over,276,3.7452
outflows billion,22,3.7447
date through,32,3.7424
flow before,22,3.7419
totaled billion,77,3.7385
pretax margin,45,3.7368
repurchases during,30,3.7339
under management,118,3.7335
income per,546,3.7324
annual contract,24,3.7277
manufacturing expansion,20,3.7257
times end,42,3.7238
rental revenue,50,3.7236
attributed timing,24,3.7196
new customers,91,3.7176
full guidance,632,3.7162
loss compared,94,3.7159
investment activity,34,3.7154
ending cash,36,3.7151
fell sequentially,24,3.715
stated are,56,3.7107
rise average,24,3.7073
revenue grew,410,3.7064
fiscal second,76,3.7064
gross proceeds,29,3.7027
gross bookings,40,3.6972
assets return,20,3.6956
marketing costs,34,3.6944
was negative,83,3.694
sales rose,231,3.6935
ratio was,151,3.6934
americas segment,21,3.693
ongoing investment,43,3.6895
due accelerated,24,3.6883
nearly half,38,3.6869
services segment,90,3.6868
eps forecast,23,3.686
declined low,32,3.6858
mix partially,26,3.6845
gaap earnings,105,3.6824
maintenance capital,23,3.6821
dividend increases,21,3.6813
net unrealized,20,3.6809
offset pricing,39,3.6802
totaling billion,67,3.677
targets management,38,3.6711
down prior,346,3.67
growing over,98,3.668
but you,22,3.6679
ongoing cost,74,3.6671
high range,58,3.6662
new bookings,45,3.6631
capital position,50,3.6614
are forecast,20,3.6565
cost improvements,21,3.6539
outlook projected,57,3.6533
ebitda margins,100,3.6523
equity investment,36,3.6521
capital spend,30,3.6512
across portfolio,34,3.6494
tax expense,66,3.6464
total debt,237,3.6458
third fourth,26,3.6437
sequentially mainly,39,3.6405
gains offset,23,3.6392
debt equity,60,3.6383
loss versus,52,3.6377
billion invested,36,3.6343
regulatory capital,37,3.6343
net written,28,3.6311
acv growth,20,3.6303
margin fell,73,3.6285
guidance provided,22,3.6267
vehicle sales,26,3.6256
sales dropped,20,3.6225
adjusted free,345,3.6199
backlog record,22,3.619
sequentially marking,25,3.618
rose over,396,3.6175
primarily related,43,3.6161
achieved first,36,3.6158
billion aum,45,3.6139
leverage target,29,3.6134
segment pretax,21,3.6123
capital equipment,28,3.6109
driven favorable,29,3.6094
ebitda loss,211,3.6088
rose nearly,41,3.6084
prior levels,46,3.6076
average loan,74,3.606
above prior,94,3.6033
ended cash,104,3.603
driven lower,149,3.6029
reflecting lower,130,3.6025
loans increased,110,3.5986
comp growth,30,3.5973
benefit ratio,21,3.5972
license revenue,41,3.5971
semiconductor revenue,24,3.5965
operating margins,99,3.5962
record low,25,3.5958
sales declined,197,3.5932
core earnings,37,3.5919
net proceeds,57,3.5897
cash investments,175,3.5888
attributed improved,42,3.5871
higher volumes,57,3.5838
mainly driven,45,3.5834
full outlook,153,3.582
mainly higher,53,3.5813
nim basis,20,3.5802
including dividends,25,3.58
during first,53,3.5779
annualized loan,23,3.5768
exceeding prior,47,3.576
points above,92,3.5757
capital ratio,122,3.5753
volume increases,25,3.5726
investments end,101,3.571
declining due,22,3.5709
cash available,71,3.5703
ongoing operational,25,3.5699
service revenue,218,3.5685
rising basis,54,3.565
are anticipated,46,3.5649
expense reduction,48,3.5642
new store,71,3.562
prices are,20,3.5591
core eps,56,3.5582
date free,41,3.5531
ongoing tariff,23,3.5524
revised guidance,28,3.5518
wide sales,30,3.5517
rent growth,54,3.5502
income was,321,3.5482
reach approximately,20,3.5482
insurance segment,32,3.548
primarily attributed,48,3.5476
points over,1014,3.5451
sales grew,184,3.545
driven both,77,3.544
due reduced,93,3.5439
decrease compared,35,3.5425
cost efficiency,36,3.5423
last attributed,40,3.5412
increase driven,212,3.5403
share compared,263,3.5377
billion deployed,34,3.5372
increase quarterly,81,3.5366
second third,31,3.5332
ratio decreased,30,3.5318
higher compensation,39,3.5294
billion representing,278,3.5287
total available,41,3.5271
orders rose,20,3.5205
roughly basis,52,3.52
tariffs are,27,3.5198
new clients,20,3.5181
revenue rmb,75,3.5179
loan balance,23,3.5172
mainly lower,39,3.5164
reached billion,151,3.5161
margin reached,134,3.5122
anticipated second,30,3.5118
declined attributed,42,3.5113
decline mainly,22,3.5092
organic operational,27,3.509
expenditures capital,50,3.5065
rate savings,45,3.5023
down low,73,3.5012
nearly two,28,3.4942
guidance forecasted,33,3.4922
two new,98,3.4906
expectations due,67,3.4906
unit costs,25,3.4883
decline low,28,3.4878
was impacted,33,3.4876
debt ended,34,3.4876
accelerated share,29,3.4866
expense outlook,72,3.4826
higher tariffs,40,3.4801
achieved through,20,3.4793
liquidity cash,152,3.4773
billion available,78,3.4766
cost trends,22,3.4763
generated approximately,34,3.4756
completion end,25,3.475
was down,280,3.4739
reached all,21,3.4735
consolidated net,94,3.4723
decreased due,75,3.4721
capital improvements,24,3.4714
end supporting,44,3.4712
rising over,117,3.4678
liquidity leverage,28,3.4675
billion billion,1364,3.4653
sequentially attributed,66,3.4633
mainly attributed,22,3.4621
store expansion,27,3.4621
segment delivered,32,3.4615
debt reduced,50,3.4614
expenditures projected,21,3.4582
surpassing billion,31,3.4582
between non,51,3.4557
grew sequentially,61,3.4525
sequentially driven,123,3.4503
reflecting significant,28,3.4488
expenses excluding,58,3.4481
product pipeline,38,3.4465
equity investments,24,3.446
feet new,22,3.4458
geographic revenue,46,3.4438
sales decreased,108,3.4435
resulting lower,20,3.4435
post end,31,3.4428
capital raised,55,3.4424
loss was,145,3.4411
net revenues,139,3.4406
segment margins,65,3.4404
expenses increased,186,3.4404
hardware revenue,27,3.4401
expansion markets,25,3.4373
customer mix,51,3.4357
contributing approximately,27,3.4348
increased sequentially,195,3.4346
actions are,21,3.4336
seven basis,20,3.4334
sales outstanding,57,3.4288
maintained full,26,3.4225
annualized rate,42,3.4202
impact our,58,3.4151
reflecting sequential,37,3.4137
income noninterest,32,3.4096
asset management,83,3.407
improvement negative,20,3.4042
eps between,40,3.3977
retail sales,77,3.3974
above guidance,127,3.3955
decrease driven,42,3.3942
fell due,37,3.3938
continued demand,23,3.3926
capex expected,64,3.3907
fiscal first,96,3.3886
rise approximately,32,3.3881
raised billion,130,3.3864
new lease,32,3.3858
capital investment,94,3.381
operating model,28,3.3808
representing over,353,3.3792
eps was,172,3.3781
primarily reflecting,70,3.3772
reflecting operational,42,3.3772
volume grew,44,3.3755
risk management,52,3.3739
secured new,27,3.3731
repurchased approximately,39,3.3711
organic revenue,336,3.371
increase attributed,100,3.3674
prior comparable,33,3.3672
versus same,20,3.3671
cash noi,39,3.3635
close end,22,3.3615
authorized share,23,3.3605
profit rose,38,3.3587
margin improving,33,3.3582
unit sales,61,3.3574
broadband revenue,20,3.3559
commercial loans,27,3.3541
flow positive,41,3.3534
significant impact,20,3.3517
segment revenue,886,3.3514
rose basis,142,3.3506
improvement versus,25,3.3498
performance based,33,3.3479
financial guidance,69,3.3475
expected ramp,23,3.3471
volumes rose,23,3.3469
revenue arr,93,3.3467
outlook anticipated,32,3.345
home sales,39,3.3423
totaled approximately,26,3.3405
reflecting favorable,21,3.3402
contribution margin,67,3.3374
improvement attributed,30,3.3367
facility expansion,26,3.3354
both organic,34,3.3304
america segment,39,3.328
was generated,32,3.3272
ratio below,24,3.327
reported results,22,3.3256
repurchases dividend,28,3.3242
representing growth,275,3.3224
revenues rose,25,3.3223
pricing mix,34,3.3214
grew low,24,3.3211
rates are,36,3.3209
net retention,60,3.3209
pipeline expansion,30,3.3206
decreased primarily,24,3.3176
negative versus,20,3.317
previous attributed,23,3.3151
liquidity debt,48,3.312
acquisition pipeline,25,3.3117
tax assets,25,3.3113
forma net,29,3.3106
increased over,914,3.3094
driven improved,65,3.306
customers are,34,3.3044
headwinds are,20,3.3029
flow was,208,3.3028
inventory reduced,21,3.3008
expenses down,140,3.3003
attributed reduced,26,3.2984
multiple new,20,3.2975
now representing,39,3.297
management targeting,44,3.2957
acquisition impact,47,3.2941
sheet cash,52,3.2927
decreased compared,31,3.2909
average interest,70,3.2903
prior quarters,41,3.2899
risks gross,87,3.2891
product sales,229,3.2879
private capital,21,3.2868
products segment,54,3.2854
equity based,21,3.2853
expected around,33,3.2842
under credit,24,3.2826
infrastructure segment,29,3.2824
margin rising,65,3.2823
expense rose,56,3.282
increase compared,133,3.2791
reached approximately,57,3.2789
over setting,20,3.2776
management notes,26,3.2769
one point,25,3.2757
gaap profitability,24,3.2744
margin declining,30,3.2726
system sales,41,3.2723
margin guided,40,3.2706
lower volume,75,3.2704
ended approximately,43,3.2678
days sales,54,3.2657
margin improved,170,3.2652
during fourth,21,3.2614
billion annually,24,3.2595
over outpacing,22,3.2593
revenue representing,358,3.2586
new client,26,3.2583
due weather,21,3.2543
previous range,24,3.2539
volume decline,42,3.2527
expects full,58,3.2505
underlying growth,26,3.248
over sequentially,455,3.2472
raised per,82,3.2469
cost pressure,25,3.2452
sequentially due,171,3.2436
ended billion,95,3.243
expected yield,37,3.2406
income fell,30,3.2397
end following,35,3.2387
cash conversion,61,3.2384
reflecting increase,150,3.2377
down over,720,3.235
profit gross,84,3.2342
approximately basis,314,3.2333
margin declined,175,3.2313
expenditures are,26,3.2309
increase over,728,3.2299
revenues increased,67,3.2297
five average,21,3.2291
consolidated adjusted,78,3.2287
decreased over,168,3.2273
category growth,36,3.2262
profit margins,20,3.2249
backlog rose,22,3.2235
positive operating,63,3.2223
are planned,28,3.222
nearly billion,169,3.2212
loss negative,30,3.2205
returns billion,57,3.2164
higher working,28,3.2123
new accounts,21,3.2116
quarterly high,28,3.2113
revenue declined,301,3.2102
capital timing,39,3.2097
offset reduced,25,3.2076
after end,62,3.2025
margin pressures,30,3.2013
down last,79,3.2011
offset decrease,20,3.2008
increase board,22,3.2001
was raised,53,3.1994
segment profitability,29,3.1988
was described,36,3.1981
included guidance,35,3.1974
annual target,22,3.1947
guidance remains,75,3.192
first ended,25,3.1907
ebitda was,314,3.1878
declined primarily,36,3.1851
including one,44,3.1825
representing total,111,3.1825
three new,61,3.1823
income tax,91,3.18
incremental cost,20,3.1792
costs related,49,3.1782
regional sales,27,3.176
new record,81,3.1753
other expense,23,3.1695
volumes are,28,3.165
originations billion,29,3.165
led higher,28,3.1637
four new,37,3.1619
was slightly,33,3.1608
via share,34,3.1597
ratio reached,24,3.1585
decreased attributed,20,3.1584
higher energy,23,3.1583
driven demand,59,3.1549
digits sequentially,20,3.1537
was reduced,62,3.1522
declined over,262,3.151
management plans,30,3.1499
last reflecting,50,3.1484
third fiscal,37,3.1383
expense guidance,213,3.1352
lower deposit,26,3.135
arr growth,59,3.1345
cash balances,31,3.1314
full forecast,27,3.129
since end,50,3.1251
increased led,37,3.1234
down constant,33,3.1224
points versus,78,3.1223
income reached,55,3.1217
described management,45,3.1211
new leasing,20,3.1188
operations was,58,3.1177
raised approximately,48,3.1173
revenue visibility,36,3.1164
ebitda negative,72,3.1155
management said,54,3.1155
price cost,57,3.1133
price increase,81,3.1126
saas revenue,27,3.1094
high performance,40,3.1087
prior ago,23,3.1085
shipments increased,26,3.1077
margin basis,575,3.1062
decrease prior,52,3.1043
record annual,24,3.1027
backlog billion,109,3.1017
annual growth,194,3.1009
expenses declined,47,3.1
liquidity billion,137,3.0981
primarily lower,60,3.0978
sequentially reflecting,84,3.0965
portfolio expansion,42,3.0934
growth led,78,3.0931
flow date,45,3.0923
compared loss,61,3.0921
fee rate,22,3.092
anticipated decline,22,3.0904
sales fell,44,3.0892
non compensation,26,3.0866
noi increased,20,3.0864
retail segment,36,3.0845
income rose,93,3.084
previous guidance,87,3.0834
margin decreased,96,3.0825
cash operations,104,3.082
negative compared,29,3.0771
core operating,86,3.0768
volume declined,37,3.0753
first three,30,3.0744
rmb over,50,3.0739
was versus,70,3.072
declined mid,22,3.0708
improved sequentially,46,3.0708
capital projects,34,3.0704
count approximately,22,3.0703
sequentially primarily,54,3.07
last primarily,31,3.0695
digit loan,25,3.0695
liquidity total,68,3.0659
percent over,51,3.0659
decline mid,22,3.0654
assets declined,21,3.0618
favorable prior,30,3.0603
reflecting both,48,3.0586
margin was,424,3.0555
core portfolio,26,3.0554
over driven,478,3.0548
decline primarily,33,3.0541
reflecting reduced,36,3.0532
representing decline,34,3.0518
sequentially previous,30,3.0509
new equipment,24,3.0492
prior attributed,90,3.0491
outlook expects,21,3.049
adjusted gross,426,3.0474
unit growth,72,3.0465
higher marketing,29,3.0458
down impacted,23,3.0448
markets including,23,3.0442
debt ebitda,185,3.0441
mainly reflecting,27,3.0428
primarily higher,75,3.0421
mix pricing,28,3.0412
decrease over,140,3.0409
profit representing,32,3.0383
capital investments,57,3.0381
last two,22,3.0378
was compared,117,3.0371
representing nearly,29,3.0364
supported new,42,3.0331
funded cash,22,3.0313
previous reflecting,31,3.031
share tangible,28,3.027
declining over,40,3.0251
during fiscal,36,3.0245
loss improvement,32,3.0244
improved pricing,22,3.0167
lower interest,65,3.0166
balance end,44,3.0153
second fiscal,47,3.013
new orders,39,3.0112
increase midpoint,46,3.0105
previous primarily,20,3.0096
offset negative,20,3.0067
annual increase,71,3.0059
term loans,26,3.0037
increasing basis,45,2.9983
driven operational,37,2.9979
systems revenue,62,2.9966
inventory related,21,2.9966
outstanding end,27,2.9959
cash impairment,22,2.9958
average equity,34,2.9945
volume growth,235,2.9918
expenditures expected,49,2.9896
total risk,33,2.9878
bookings increased,29,2.9873
sequentially over,380,2.9873
fell over,74,2.9856
prior mainly,45,2.9853
eps representing,55,2.9838
share approved,24,2.9826
full target,59,2.9823
portfolio performance,36,2.9819
versus loss,33,2.9817
but are,45,2.9816
share based,97,2.9796
other expenses,21,2.9796
set per,28,2.9792
expenses reduced,31,2.9786
defense sales,25,2.9754
dividend increased,84,2.9741
fee revenue,84,2.973
projects are,20,2.9727
margin down,379,2.9717
points below,46,2.9713
over supported,110,2.9704
expected mid,69,2.9693
flow reached,38,2.9689
higher manufacturing,22,2.9688
growth constant,77,2.9687
management fee,33,2.9685
expenditures fiscal,23,2.9675
are under,29,2.9653
down due,225,2.9651
least billion,40,2.9629
expenditures full,42,2.9623
down percentage,40,2.962
approximately billion,428,2.9615
flat down,50,2.9601
results are,21,2.9587
collaboration revenue,21,2.9587
capital actions,24,2.9584
share totaling,30,2.9573
initial guidance,33,2.9559
period attributed,30,2.9552
equity earnings,23,2.9524
segment sales,337,2.9514
acquisition costs,49,2.9504
first positive,23,2.9498
sales declining,21,2.9491
across our,22,2.9489
date including,28,2.9442
energy segment,23,2.9437
expected flat,64,2.94
margins are,26,2.9397
digit volume,26,2.9379
expenditures including,21,2.9377
forma adjusted,22,2.9377
share versus,101,2.933
added new,26,2.9326
segments adjusted,50,2.9323
tariff expense,25,2.9313
mix tariff,20,2.9292
assets ratio,23,2.929
point impact,28,2.9286
higher average,98,2.927
outlook full,97,2.9245
new arr,23,2.9238
average deposit,20,2.9233
revenue comprised,25,2.9229
sales volumes,72,2.9223
revenue fell,78,2.9206
significant increase,30,2.9201
lower average,75,2.9188
loss improved,35,2.9187
ebitda reached,60,2.9186
demand data,20,2.9165
reach billion,29,2.9159
expected decrease,52,2.9154
approximately flat,49,2.9138
yield approximately,23,2.9138
revenue growing,64,2.9124
revenue contribution,87,2.9108
due ongoing,74,2.9092
growth expectation,31,2.9089
representing annual,29,2.9077
down primarily,77,2.9075
production tax,23,2.9072
costs are,69,2.9023
balances billion,31,2.902
new customer,90,2.9005
costs tariffs,20,2.8993
share paid,33,2.8978
during second,21,2.8971
full adjusted,428,2.8968
eps outlook,55,2.8942
orders increased,37,2.8932
points due,243,2.8923
over reaching,38,2.8914
sales down,314,2.8913
portfolio mix,35,2.8901
profit down,65,2.8881
new construction,20,2.8878
prior reflecting,132,2.8869
management maintained,22,2.8855
non cash,275,2.8846
income decreased,45,2.8836
end guidance,354,2.8802
new generation,20,2.8798
prior primarily,86,2.8796
launch new,40,2.8784
supported lower,22,2.8783
attributed ongoing,24,2.8779
credit performance,30,2.8772
planned capital,35,2.876
grew approximately,66,2.8746
range reflecting,50,2.873
over surpassing,29,2.8679
organic volume,32,2.8678
increase primarily,76,2.8676
volume rose,35,2.8657
down reflecting,114,2.8627
volume price,32,2.8624
credit portfolio,29,2.8617
income operations,50,2.8587
growth initiatives,92,2.8572
revenue rose,257,2.8528
eps compared,64,2.852
based capital,49,2.8519
guidance full,347,2.8512
target management,66,2.8481
but above,20,2.8457
higher interest,75,2.8454
midpoint fiscal,25,2.8446
over led,81,2.8441
sales increased,366,2.8427
declined but,27,2.8397
loss prior,103,2.8384
reaching billion,26,2.838
excluding impact,32,2.8373
point expansion,25,2.8366
elevated due,22,2.8355
new units,23,2.835
revenue retention,70,2.8346
expected second,87,2.8324
over trailing,48,2.8321
due continued,51,2.8314
revenue dropped,23,2.8296
account growth,20,2.8287
margin outlook,162,2.8285
eps reached,27,2.8252
approximately annualized,33,2.8237
all our,25,2.8233
midpoint non,32,2.8227
update management,21,2.8213
management reported,111,2.8192
revenue growth,1542,2.8167
ebitda representing,102,2.8162
five capital,24,2.8162
midpoint reflecting,26,2.8155
prior authorization,21,2.8139
end liquidity,56,2.812
ebitda ratio,106,2.8095
product portfolio,40,2.8079
flow outlook,66,2.8078
leverage improved,22,2.8069
improved last,22,2.8069
europe segment,22,2.8063
benefits expected,22,2.8058
but improved,25,2.8044
increased mainly,42,2.8033
increased nearly,67,2.8021
authorization increased,22,2.7985
ebitda between,55,2.7984
cloud revenue,50,2.7982
totaled end,20,2.7982
services gross,48,2.7981
first results,20,2.7971
ratio end,87,2.7951
prior expectations,39,2.7939
rose primarily,30,2.7926
higher rates,38,2.7921
first two,32,2.7919
between adjusted,85,2.7918
through end,71,2.7912
over marking,72,2.7902
both sequentially,38,2.7887
consolidated sales,48,2.7885
double prior,39,2.7876
decline due,77,2.7872
consolidated operating,38,2.7843
half need,22,2.7841
cost initiatives,24,2.7814
decrease due,44,2.7793
sales growth,754,2.779
adjusted ffo,27,2.7783
but sequentially,42,2.7771
projected annual,24,2.7769
increased annualized,38,2.7746
flow after,34,2.7744
adjusted net,749,2.7736
new authorization,21,2.7734
fees increased,22,2.7726
share gain,24,2.7716
reducing share,20,2.7686
improvement over,162,2.7682
not expected,69,2.7674
lower margins,27,2.7651
announced new,23,2.7643
currency growth,104,2.7641
supporting capital,22,2.7636
share marking,37,2.7633
revenue generating,21,2.7609
premium growth,50,2.7602
growth exceeded,37,2.76
outlook expected,99,2.7588
due tariffs,33,2.7587
third compared,26,2.7586
guidance anticipated,80,2.7547
expenses non,77,2.7525
over attributed,206,2.7515
first record,32,2.7514
core customer,21,2.7497
month adjusted,48,2.7477
management indicating,33,2.7476
product revenues,22,2.7448
driven double,25,2.7441
points primarily,78,2.7422
software revenue,55,2.7412
backlog increased,45,2.7411
increase marking,22,2.7383
debt balance,22,2.7377
rose compared,38,2.7377
fiscal guidance,175,2.7375
expenses projected,38,2.7337
ratio rose,31,2.7323
adjusted noninterest,39,2.7317
increased supported,35,2.7281
compared per,141,2.7241
production volume,25,2.7238
tariff cost,27,2.722
quarterly cash,88,2.7211
distribution segment,21,2.721
eps range,45,2.721
segment orders,28,2.7189
profit was,61,2.7184
represented revenue,23,2.7183
growth across,107,2.7159
increased constant,30,2.7151
compared first,55,2.7143
operations free,23,2.7142
six basis,20,2.7123
ebitda guidance,380,2.7119
points attributed,71,2.7105
ratio reduced,20,2.7084
property ebitda,20,2.7081
resulting net,38,2.7075
percent sales,22,2.7066
annual interest,28,2.7058
showing growth,21,2.7057
record first,31,2.7056
low cost,30,2.7049
expansion new,87,2.7049
authorization new,20,2.703
cash dividend,112,2.7028
over primarily,214,2.7026
maintained per,22,2.7024
net investment,137,2.7011
due tariff,45,2.701
points annualized,34,2.7
down attributed,62,2.6988
but offset,26,2.6986
revenue down,546,2.6949
flow through,49,2.6948
over last,178,2.6935
annual revenue,199,2.6933
reported basis,101,2.6932
segment organic,61,2.6879
manufacturing segment,21,2.6871
revenue rising,75,2.6853
eps non,81,2.6845
over constant,78,2.6838
revenue decreased,127,2.6828
count increased,20,2.6802
guidance management,378,2.6787
sales volume,129,2.6767
costs reduced,28,2.6752
commerce revenue,23,2.6749
cash liquidity,87,2.6723
cash cash,572,2.6703
average shares,27,2.67
price volume,28,2.6698
but declined,24,2.6698
over five,75,2.669
prior driven,130,2.6685
cash proceeds,27,2.6673
generated operating,27,2.6671
contribution expected,27,2.667
eps projected,40,2.6665
internal guidance,25,2.6663
loss reported,38,2.6663
volumes down,34,2.6657
full free,95,2.6643
improvement basis,65,2.6634
ratio declined,27,2.6624
growth outlook,185,2.661
points prior,195,2.6588
days down,20,2.6587
fiscal outlook,44,2.6579
during including,26,2.6565
full consolidated,28,2.6557
due project,34,2.6552
mix higher,61,2.6528
targeted end,35,2.6518
position billion,61,2.6513
midpoint adjusted,75,2.6506
focus management,25,2.6506
solutions revenue,115,2.6506
segment ebitda,211,2.6503
fourth full,52,2.6492
rate since,27,2.6485
compared third,24,2.6431
growth accelerated,25,2.6424
negative free,21,2.6423
fiscal fiscal,57,2.6412
international revenue,116,2.6381
over increase,483,2.638
growth excluding,144,2.6356
end range,73,2.6309
over but,194,2.6308
income reported,76,2.6269
over reflecting,310,2.6264
points mainly,35,2.6261
first second,36,2.6237
higher value,40,2.6236
ongoing expansion,24,2.623
center segment,24,2.621
billion increasing,57,2.6207
fiscal date,24,2.6204
sales flat,70,2.6196
reduced interest,20,2.6193
period reflecting,39,2.619
guidance estimated,28,2.6159
revenue recognized,31,2.6131
savings expected,37,2.6122
ratio improvement,21,2.6106
due strong,29,2.6098
exceeding billion,48,2.6082
cash rent,21,2.6076
higher tariff,31,2.6073
was completed,27,2.6065
average cost,63,2.6037
last due,63,2.6033
increase supported,27,2.6025
rose driven,46,2.602
eps adjusted,202,2.6019
lower end,112,2.5994
increased basis,241,2.5989
share dividend,90,2.5975
channel sales,28,2.5974
compared fourth,25,2.5959
revenue increasing,87,2.5958
down mid,41,2.5945
gaap tax,45,2.5936
half fiscal,33,2.593
sales comparable,30,2.5911
debt end,112,2.5906
forward guidance,22,2.5899
ebitda fell,24,2.5892
negative reflecting,24,2.5892
other revenue,95,2.5884
compared second,32,2.5877
over mainly,96,2.5862
total bookings,21,2.5843
guidance forecast,29,2.584
margin forecasted,20,2.5819
reduced approximately,40,2.5808
net working,44,2.58
sales momentum,20,2.5789
increase previous,35,2.5779
expense was,86,2.5779
loss operations,20,2.5762
margin recovery,25,2.5744
average diluted,34,2.5741
segment achieved,29,2.5737
within guidance,39,2.5726
growth forecast,42,2.5714
end after,40,2.5702
expense down,81,2.5695
sales mix,115,2.5691
reflecting decline,36,2.5688
americas revenue,33,2.5666
ratio reported,31,2.5664
over several,25,2.5661
margin improvements,28,2.5653
cash use,22,2.5601
decline driven,41,2.56
sequentially fourth,27,2.5591
automotive revenue,33,2.5587
flow guidance,209,2.5586
position total,29,2.5569
led increase,21,2.5551
revenue accounted,31,2.5535
higher tax,48,2.5526
other segment,27,2.5519
prior guidance,283,2.5508
loan loss,31,2.5502
revenue mix,226,2.5492
metrics net,30,2.5489
average annual,31,2.5484
digital sales,43,2.5479
capex was,29,2.5469
income rising,21,2.5465
including two,25,2.5418
offset price,22,2.5409
banking revenue,23,2.5407
reaffirmed billion,26,2.5396
down mainly,29,2.5387
sales rising,34,2.5385
development costs,21,2.537
midpoint full,37,2.5362
major new,23,2.5336
revenue decline,189,2.5335
international sales,54,2.5295
new large,21,2.5271
during average,25,2.5227
average rate,71,2.521
growth opportunities,27,2.5189
net realized,23,2.518
distribution per,28,2.5178
last driven,37,2.5175
was primarily,62,2.5169
organic loan,22,2.5154
revenues billion,77,2.5147
share eps,150,2.5127
quality net,22,2.5121
expense leverage,28,2.5116
attributed both,20,2.5103
loans are,25,2.5103
losses total,25,2.5098
eps per,141,2.5092
full revenue,544,2.5085
outlook now,24,2.507
adjusted effective,42,2.5059
due increased,197,2.5037
ebitda adjusted,393,2.5034
comparable basis,22,2.5027
revenue guidance,849,2.5026
ended down,25,2.5025
billion growing,31,2.5016
was attributed,57,2.4994
costs decreased,21,2.4986
volume pricing,20,2.4977
segment profit,51,2.4962
under new,42,2.4924
compared fiscal,47,2.4922
reached increase,33,2.4866
excluding acquisition,20,2.485
total deposit,28,2.4845
was repurchased,22,2.4843
between fiscal,20,2.4833
has increased,25,2.4803
expanded approximately,23,2.4797
margin versus,89,2.4795
loss gaap,57,2.4788
five new,24,2.4769
cost management,132,2.4767
expenditures guidance,47,2.4765
shipments per,22,2.4762
consumer segment,22,2.4759
expenses are,46,2.4739
guidance expects,53,2.4724
group revenue,52,2.4723
billion marking,41,2.4719
regional revenue,33,2.471
period primarily,23,2.468
growth organic,132,2.4674
repurchases approximately,42,2.4631
backlog approximately,31,2.4561
points previous,36,2.4557
franchise revenue,20,2.455
declined approximately,51,2.4524
portfolio grew,21,2.4511
higher previous,28,2.4496
repurchase approximately,23,2.4494
decrease basis,40,2.4462
approximately two,41,2.4441
decreased reflecting,20,2.4437
guidance targeting,31,2.4383
lower cost,63,2.4369
eps versus,28,2.4353
segment operating,187,2.4345
margin headwinds,38,2.4325
representing basis,79,2.4322
operating noninterest,21,2.4317
new manufacturing,20,2.4309
approximately percentage,28,2.4303
ebitda increasing,30,2.4287
operating days,24,2.4286
grew high,21,2.4259
product revenue,251,2.4257
loss loss,36,2.4257
prior despite,25,2.4253
revenue billion,1029,2.4237
due working,22,2.4205
through first,30,2.4174
below guidance,49,2.4172
future growth,53,2.4167
ffo adjusted,21,2.4157
gaap results,20,2.4156
noted management,30,2.4155
revenue decrease,100,2.4145
not including,24,2.4142
billion reflecting,190,2.4142
four basis,26,2.4138
billion rising,40,2.4134
full results,28,2.4132
was below,29,2.4116
rising prior,20,2.4116
full effective,21,2.411
production guidance,75,2.4109
rate was,114,2.409
revenue projected,180,2.4088
decreased approximately,30,2.4043
cash stock,33,2.4035
initiatives management,36,2.4027
showing over,21,2.4023
term earnings,23,2.4013
term demand,20,2.3996
total backlog,34,2.3993
percentage sales,48,2.3991
reaffirmed adjusted,22,2.398
margin midpoint,60,2.3978
increase since,27,2.396
volumes increased,34,2.396
driven volume,45,2.394
projected approximately,51,2.3927
operating efficiency,32,2.3927
improved mix,21,2.392
operating costs,117,2.3917
segment revenues,32,2.3914
guidance least,21,2.3897
reflecting increased,99,2.3894
increased marketing,25,2.3893
management expectations,36,2.3887
share representing,93,2.3884
forma revenue,25,2.3878
income increased,164,2.3876
prior indicating,21,2.3852
increased during,45,2.3839
slightly due,22,2.3826
prior supported,26,2.3817
lower rates,22,2.3813
negative prior,36,2.3796
increase constant,20,2.3789
high volume,26,2.378
percentage revenue,94,2.3742
increasing prior,24,2.3709
estimated per,21,2.3698
revenue increased,525,2.3686
cost per,139,2.3681
direct sales,27,2.3676
new contract,30,2.3673
offs net,21,2.3668
half due,55,2.3659
operating return,41,2.3658
revenue outlook,205,2.3647
points compared,79,2.3647
fiscal compared,43,2.3639
pipeline management,45,2.3615
was approximately,131,2.3609
leverage end,50,2.3603
projected billion,112,2.3593
versus fiscal,25,2.3574
income versus,44,2.3573
net earnings,112,2.3571
eps excluding,30,2.3559
headwind due,21,2.3552
accounted revenue,27,2.3542
expense projected,28,2.3517
quarterly revenue,124,2.3515
volume increased,70,2.3509
income compared,75,2.3508
arr billion,30,2.3494
end target,38,2.3478
delivered over,46,2.3475
additional capital,27,2.3469
improvement prior,43,2.3468
guidance expected,280,2.3466
costs offset,33,2.3465
ebitda rose,70,2.3455
billion midpoint,65,2.3448
ratio excluding,21,2.3445
bookings billion,35,2.3429
lower previous,20,2.3418
revenues down,30,2.3403
leverage net,94,2.3401
percent revenue,34,2.34
sales reached,52,2.3377
loss last,23,2.3374
inventory management,54,2.333
representing approximately,54,2.333
yield basis,21,2.3328
fiscal representing,33,2.3325
paid per,21,2.3315
flat due,39,2.3303
points supported,25,2.3285
range due,63,2.328
guidance projects,39,2.3277
available cash,30,2.3274
accounted over,24,2.3252
expected within,24,2.3251
positive adjusted,51,2.3243
points driven,102,2.322
growth driven,233,2.3215
equity was,37,2.3214
eps rose,33,2.3193
billion end,307,2.3184
due planned,31,2.3182
results expected,30,2.3177
revenue declining,27,2.3172
increased approximately,145,2.3157
over exceeding,55,2.3106
currency driven,22,2.3099
improved product,24,2.3098
exposure management,20,2.3092
higher volume,50,2.3078
ratio increased,66,2.3077
digit rate,30,2.3071
conversion adjusted,35,2.3069
down same,29,2.3051
expense declined,26,2.3045
profit increase,44,2.3042
over decrease,84,2.3039
guided billion,23,2.3037
expected benefit,24,2.3033
recognized revenue,25,2.3028
was partially,23,2.3028
driven continued,22,2.3005
assets billion,73,2.2994
decline approximately,46,2.2981
margin percentage,51,2.2955
was cited,21,2.2953
spend per,20,2.2946
backlog end,31,2.2923
over three,90,2.2917
china sales,31,2.2909
stated management,50,2.2908
income diluted,50,2.2906
growth americas,20,2.2885
ratio down,54,2.2879
approximately annual,43,2.2863
commercial segment,42,2.2852
offset cost,34,2.2845
tariff driven,21,2.2835
eps growth,198,2.2831
eps expected,99,2.283
was reported,58,2.2818
reached basis,39,2.2817
eps reflecting,50,2.2809
eps reported,36,2.2789
increased compared,79,2.2788
consolidated ebitda,26,2.2784
total sales,237,2.2783
offset increased,57,2.2735
cash dividends,34,2.2732
higher inventory,33,2.2721
bookings growth,38,2.2709
through fiscal,27,2.2701
total orders,23,2.27
was per,192,2.2694
nearly over,123,2.2688
both reported,20,2.2675
margin non,187,2.2673
investments are,21,2.2654
margin rose,98,2.2654
rose approximately,49,2.2653
increased driven,104,2.2641
expense increased,79,2.2636
losses increased,22,2.2627
expense management,91,2.2604
negative per,46,2.2604
below end,28,2.2581
loans down,36,2.257
month ebitda,22,2.2569
operational cost,21,2.2567
basis constant,25,2.255
lower last,28,2.2549
annual free,23,2.2536
due recent,22,2.2514
increase versus,38,2.2477
full service,28,2.247
growth target,81,2.2445
new program,38,2.2443
gross debt,79,2.2441
previous non,22,2.2438
expenses related,23,2.2437
balance was,24,2.2437
end previous,31,2.2429
income increasing,21,2.2428
previous due,33,2.2427
higher anticipated,28,2.2419
maintained billion,23,2.2412
guidance cfo,25,2.2407
continued cost,20,2.2388
record billion,82,2.2353
billion september,21,2.2347
assets increased,37,2.2347
arr over,39,2.2339
gaap non,73,2.2339
ebitda decreased,36,2.233
expected roughly,20,2.2322
first fiscal,43,2.2299
expenses versus,22,2.2285
increased investment,55,2.2265
group sales,22,2.2258
rate loans,30,2.2254
despite increased,23,2.2225
range fiscal,30,2.2217
prior due,153,2.2214
revenue expected,510,2.2203
generated billion,32,2.2198
income down,121,2.2187
revenue synergies,21,2.2168
rate projected,38,2.2168
due improved,49,2.2163
sequentially fiscal,43,2.2161
liquidity approximately,33,2.2128
nearly basis,51,2.2114
end supported,23,2.2112
reported net,113,2.2102
grow over,22,2.208
net new,279,2.2072
data expected,43,2.2058
margin targets,20,2.2051
net asset,56,2.2046
segment earnings,48,2.2045
billion dividends,38,2.2043
margin increasing,38,2.2042
declined compared,24,2.2042
previous driven,20,2.2023
net lease,26,2.2023
loans total,40,2.2018
total shares,37,2.2003
led growth,42,2.2
income declined,46,2.1978
guidance fiscal,120,2.1932
grew compared,23,2.1931
interest expenses,32,2.1923
impact expected,71,2.1918
fiscal primarily,29,2.1915
percentage total,27,2.1878
annualized basis,29,2.1876
higher costs,64,2.187
full fiscal,76,2.1823
dividends per,26,2.1821
ebitda down,148,2.1806
segment volumes,25,2.1802
date total,33,2.1799
new long,24,2.1795
over largely,21,2.1792
benefit expected,22,2.1777
margin slightly,32,2.1774
improved prior,45,2.1774
projected increase,44,2.1758
end down,122,2.1725
offset volume,21,2.1714
conversion revenue,53,2.1713
annual cost,28,2.1712
projected full,49,2.171
over growth,893,2.1695
mortgage revenue,30,2.1693
income non,94,2.1692
expected near,24,2.1684
our outlook,23,2.1681
new projects,23,2.1672
over sequential,76,2.1654
end including,70,2.1653
segment adjusted,234,2.1649
base growth,46,2.1642
but management,61,2.1641
deposits billion,44,2.164
contributed revenue,36,2.1622
driven pricing,25,2.1617
revenue forecast,43,2.161
management raised,34,2.1599
declined reflecting,27,2.1592
digits adjusted,34,2.1587
higher margins,23,2.1561
midpoint growth,65,2.1542
ebitda declined,56,2.153
over two,106,2.1521
income grew,43,2.1508
emea revenue,21,2.1501
offset increase,44,2.1488
rate improved,33,2.1487
attributed increased,51,2.1472
prior years,31,2.1466
margin compared,121,2.1466
income excluding,43,2.1452
increase prior,122,2.1451
mix lower,33,2.1441
volumes higher,21,2.1432
inventory down,34,2.1426
new markets,25,2.1425
full organic,46,2.1416
due inventory,41,2.1414
expected slightly,20,2.1401
equivalents billion,34,2.1398
including new,71,2.1388
closed billion,24,2.1349
decreased prior,28,2.1346
reported earnings,21,2.133
expansion basis,69,2.1314
fiscal non,52,2.1307
expense growth,155,2.1296
higher revenues,23,2.1296
margins expected,33,2.1281
segment grew,40,2.1274
down compared,59,2.1274
billion generated,30,2.1267
production costs,23,2.1266
fiscal end,73,2.1244
billion authorization,26,2.1238
margin guidance,374,2.1234
over despite,57,2.1221
approximately one,37,2.1212
over square,28,2.1211
segment backlog,25,2.1209
new quarterly,35,2.1193
increase mainly,22,2.1192
but lower,29,2.1186
over indicating,49,2.1154
securities billion,22,2.1143
excluding non,31,2.1107
operating revenues,36,2.1103
decline sequentially,25,2.1099
set billion,22,2.106
decline was,42,2.106
per active,23,2.1049
enterprise revenue,33,2.1039
improvement driven,24,2.1036
over decline,127,2.1008
revenue forecasted,25,2.1004
total portfolio,51,2.0993
margin decline,80,2.0966
cash yield,25,2.0951
between full,28,2.0948
increasing due,21,2.0943
billion incremental,30,2.092
down approximately,103,2.092
increased attributed,49,2.0895
cited management,24,2.0889
acquisition cost,29,2.0886
industrial sales,21,2.0876
improved compared,21,2.0873
total loan,49,2.0871
point margin,63,2.0859
lower production,23,2.0851
cost leverage,26,2.0844
points higher,102,2.0838
improvements adjusted,21,2.0811
driven reduced,21,2.0791
diluted loss,21,2.0785
net profit,80,2.0759
new investments,37,2.0753
sales decline,69,2.0743
inventory increased,39,2.0708
expected increase,132,2.0698
grew driven,28,2.0655
reported reflecting,31,2.0632
solutions gross,22,2.0612
driven record,24,2.059
debt adjusted,145,2.0579
over patients,31,2.0576
income representing,48,2.0574
expenditures approximately,20,2.0559
driven increased,90,2.0555
guidance now,66,2.0542
eps increase,66,2.0532
growth rate,219,2.0528
share annualized,32,2.0504
full core,34,2.05
end debt,77,2.05
period adjusted,85,2.0496
growth guided,22,2.049
billion plus,30,2.0464
investment management,56,2.0452
five basis,21,2.0452
was not,34,2.0445
sales pipeline,46,2.0442
end inventory,36,2.0442
revenue run,38,2.0435
over improvement,98,2.0431
due primarily,51,2.0418
expense excluding,21,2.0411
growth attributed,102,2.0409
sequentially excluding,23,2.0397
increased tariffs,20,2.0377
reflecting improvement,20,2.037
flat prior,30,2.0358
decrease approximately,22,2.0334
profit increased,43,2.0222
acquisitions adjusted,35,2.021
margin gains,37,2.0203
including impact,28,2.0198
expects approximately,22,2.0159
order growth,34,2.0131
cash plus,25,2.0127
rise over,39,2.0111
net product,115,2.0084
guidance consolidated,28,2.0076
expected approximately,126,2.0066
debt capital,61,2.0064
due strategic,23,2.006
total contract,23,2.0047
our first,27,2.0046
equity capital,26,2.0019
growth both,91,1.9981
lower demand,24,1.9967
growth achieved,49,1.9963
both new,41,1.9962
points reflecting,71,1.9957
operating results,26,1.9944
margin target,53,1.9917
rate above,23,1.9911
expenses grew,21,1.988
increased primarily,49,1.9856
current guidance,38,1.9855
reflecting growth,161,1.9847
full net,231,1.9815
rose due,48,1.9814
points percentage,23,1.9798
end fiscal,66,1.979
accounting over,21,1.9785
revenue reflecting,218,1.9776
investments billion,67,1.9743
debt was,68,1.9736
operating losses,21,1.9723
over excluding,112,1.9696
approximately half,35,1.968
volume outlook,21,1.9667
average debt,39,1.9666
billion date,56,1.9645
revenue exceeded,29,1.9641
over time,82,1.9635
ebitda compared,72,1.9632
leverage debt,23,1.9624
eps diluted,24,1.9618
sales representing,73,1.9592
projected non,30,1.9591
debt billion,145,1.9586
forecast billion,24,1.9547
shareholders billion,23,1.9541
outlook fiscal,27,1.9534
approximately total,108,1.9533
billion remaining,26,1.9515
end cash,203,1.951
ebitda grew,47,1.9505
billion including,121,1.9503
term eps,26,1.9465
debt free,35,1.9463
versus per,48,1.9455
new loan,45,1.9435
share prior,175,1.9406
excluding prior,39,1.9399
decline basis,49,1.9396
margins management,31,1.9371
increase sequentially,58,1.934
due mainly,23,1.933
annualized net,38,1.9326
reflecting impact,30,1.9323
share increasing,26,1.9278
higher pricing,25,1.9235
end backlog,24,1.9231
fiscal free,31,1.9226
rate approximately,78,1.9224
eps gaap,48,1.9215
reflecting over,190,1.9202
growth exceeding,34,1.9201
down but,37,1.9198
expenses expenses,32,1.9193
growth supported,43,1.9187
rose reflecting,25,1.9187
billion raised,47,1.9186
gross leverage,33,1.9179
cash debt,120,1.9149
liquidity was,28,1.9149
eps grew,22,1.914
increased demand,40,1.9136
share reflecting,99,1.9132
approximately sequentially,57,1.9128
costs declined,23,1.9124
support growth,29,1.9121
dividends billion,31,1.9106
income gaap,79,1.9103
revenue was,334,1.9079
store revenue,68,1.9071
revenue declines,37,1.9058
sales increasing,27,1.9023
fourth adjusted,58,1.9017
range full,44,1.9003
margins basis,30,1.9
ratio basis,57,1.8991
expected early,21,1.899
sequentially basis,77,1.897
generated over,36,1.8956
was fiscal,58,1.8954
range adjusted,82,1.8934
period driven,27,1.8921
expects total,23,1.8901
including billion,116,1.8894
increased reflecting,70,1.8894
expected low,31,1.8894
billion sequentially,126,1.8888
billion consolidated,33,1.8884
costs lower,40,1.8866
points last,36,1.8834
sales led,23,1.8814
new supply,21,1.8807
midpoint increase,21,1.8792
down versus,29,1.8787
rate expected,97,1.8778
gaap basis,98,1.8772
earnings guidance,66,1.8767
including cash,98,1.8755
was representing,41,1.8748
revenue advanced,26,1.8733
over subscription,25,1.8733
driven new,77,1.8724
reached over,68,1.8711
new production,34,1.8709
driven commercial,23,1.8691
points excluding,37,1.8674
range free,21,1.8672
sequential revenue,68,1.864
annual rate,27,1.8635
due mix,48,1.8632
billion annual,72,1.8616
was above,26,1.8584
billion liquidity,58,1.858
above billion,56,1.8579
was second,36,1.8575
revenue reached,74,1.8522
full impact,49,1.8518
higher mix,35,1.8514
over due,333,1.8512
expenses compared,29,1.8511
related cost,21,1.8508
flow billion,163,1.8437
net effective,27,1.8429
billion organic,75,1.8425
was offset,37,1.8418
revenue headwind,43,1.84
improved operating,44,1.8392
full expectations,20,1.8366
through cost,23,1.8326
margin projected,69,1.8289
inventory end,31,1.8284
reported sales,71,1.8256
ebitda non,93,1.8251
approximately excluding,32,1.8246
loss non,36,1.8239
impact management,59,1.8238
outlook increased,48,1.8209
compared net,103,1.8195
billion june,22,1.8132
center revenue,47,1.8121
cost impact,30,1.8118
ebitda projected,46,1.8095
share midpoint,33,1.8063
full non,76,1.8042
sequentially non,42,1.8041
initiatives new,20,1.8039
end reflecting,62,1.8032
higher expenses,44,1.803
margin headwind,24,1.8021
assets was,24,1.802
reflecting organic,21,1.7986
distribution revenue,38,1.7981
share excluding,52,1.7962
driven organic,24,1.7949
range per,57,1.7947
range billion,82,1.7941
expenses increase,50,1.7938
margin flat,45,1.7911
management now,43,1.7882
target approximately,23,1.7872
due one,35,1.7869
sales billion,332,1.7863
was nearly,29,1.7857
outlook guidance,69,1.785
share exceeding,20,1.7847
expense expected,61,1.7841
positive cash,32,1.7819
quarterly increase,24,1.7817
income net,193,1.7805
level margin,20,1.78
including non,38,1.7796
equipment revenue,30,1.7784
growth annualized,41,1.7779
annualized growth,41,1.7779
volume down,39,1.7768
margin above,47,1.7736
both down,30,1.7733
product costs,30,1.7733
adjusted return,41,1.7727
full gross,94,1.7723
prior but,38,1.771
over rise,33,1.7701
new capacity,24,1.7686
increase basis,114,1.7677
growth overall,27,1.7656
ratio approximately,38,1.7638
gross loans,26,1.7637
increase average,50,1.7626
billion total,212,1.758
positive net,35,1.7556
was driven,64,1.7554
share rose,57,1.7546
full capacity,23,1.7539
care revenue,24,1.7516
new commercial,33,1.7514
due operational,25,1.7502
marking over,35,1.7496
ebitda excluding,41,1.7479
higher prior,81,1.7478
date full,24,1.7465
ebitda positive,22,1.746
rates increased,25,1.7457
roughly billion,25,1.7448
costs increased,64,1.7447
over prior,291,1.7407
first compared,28,1.7403
income eps,57,1.7399
increased due,116,1.7396
operations cash,41,1.7391
other operating,21,1.7383
customer growth,89,1.7361
last non,23,1.7356
china revenue,42,1.7345
our guidance,64,1.7323
assets total,25,1.7318
flow fiscal,41,1.7308
revenue guided,24,1.7302
income adjusted,183,1.7294
ebitda outlook,51,1.7266
reflecting cost,37,1.726
guidance increased,169,1.7246
billion increase,182,1.724
sales price,54,1.7227
margin gross,162,1.7217
low margin,43,1.7206
expenses including,27,1.7201
consecutive growth,29,1.7197
reported adjusted,79,1.7194
costs rose,22,1.7189
growth projected,82,1.7189
was excluding,31,1.718
international growth,45,1.7163
plan billion,26,1.7147
segment gross,82,1.7144
higher last,25,1.7138
decline over,97,1.7121
segment outlook,38,1.7117
share reported,62,1.71
operational cash,39,1.7069
mix increased,43,1.706
growth north,36,1.7057
expected double,21,1.7056
reduced due,26,1.7052
future revenue,44,1.7038
headwinds adjusted,24,1.7004
orders over,43,1.7003
over impacted,29,1.6997
supporting margin,23,1.6992
billion assets,48,1.6945
guidance effective,20,1.6925
strong growth,33,1.6914
quarterly net,48,1.691
but higher,28,1.6903
eps free,28,1.6901
revenue marking,37,1.6888
digit revenue,81,1.6882
margin expected,202,1.6877
guidance adjusted,290,1.6872
increased low,25,1.6855
currency revenue,67,1.6853
was billion,184,1.6827
two basis,33,1.6813
core revenue,82,1.6807
prior adjusted,185,1.6806
segment mix,36,1.6775
approximately per,122,1.6761
raised adjusted,37,1.6728
cash tax,57,1.6718
points lower,59,1.6717
costs expenses,30,1.6696
flow full,72,1.6692
fee growth,25,1.6689
lower tax,20,1.6673
costs including,29,1.6666
industry growth,23,1.6665
annual sales,49,1.6659
reduction total,26,1.6656
investments capital,22,1.6646
expansion product,20,1.6636
product expansion,20,1.6636
new facility,20,1.662
income projected,33,1.659
sales outlook,63,1.657
contributed over,23,1.6568
growth europe,25,1.6566
margin consolidated,25,1.6563
net capex,32,1.6552
overall growth,25,1.6546
gaap adjusted,129,1.6544
prior full,97,1.6541
rose billion,72,1.6521
targeting billion,23,1.6514
negative due,23,1.6493
expected return,23,1.6486
increased billion,205,1.6469
was both,29,1.6464
points midpoint,20,1.6459
prior fourth,26,1.643
prior free,47,1.6428
eps increased,59,1.6427
growth potential,35,1.6418
growth expectations,40,1.6416
total operating,121,1.6413
totaling over,23,1.6404
exceeded over,21,1.6394
improvement expected,30,1.6386
improved over,87,1.6362
segment quarterly,22,1.6353
anticipated increase,21,1.6333
end period,34,1.633
store basis,22,1.6327
share previous,30,1.6305
expected annual,35,1.6302
full eps,55,1.6301
fiscal reflecting,30,1.6296
liquidity net,47,1.6284
debt reported,24,1.6283
income after,20,1.6283
full time,23,1.628
over same,58,1.6256
points improvement,26,1.6245
revenue reported,123,1.6239
end leverage,30,1.6233
sales versus,43,1.6211
mix cost,24,1.6211
record adjusted,50,1.6209
all new,28,1.6202
billion planned,36,1.6197
margin decrease,33,1.6185
was third,22,1.6174
growth international,42,1.6168
guidance reduced,36,1.6168
flow first,38,1.6165
stable over,23,1.6163
acquisition expected,38,1.6157
value increased,27,1.6142
total capital,78,1.6124
eps impact,24,1.6104
growth partially,35,1.6104
period gross,30,1.6095
ebitda increased,120,1.6083
digit increase,22,1.6072
fiscal full,51,1.6068
anticipated end,23,1.6046
over contributing,24,1.6025
share price,47,1.6023
income increase,80,1.6007
pipeline increased,23,1.6004
ebitda decrease,22,1.5991
margin achieved,29,1.5987
guidance non,103,1.5948
growth same,46,1.5946
net revenue,550,1.5937
margin targeted,30,1.5933
benefit adjusted,24,1.5933
lower prior,56,1.593
both full,30,1.5922
new assets,23,1.5908
annualized revenue,49,1.5907
eps loss,25,1.5903
billion supported,30,1.59
end total,94,1.5892
rate increase,62,1.5873
store growth,40,1.5859
flow nearly,20,1.5855
nearly new,28,1.5853
fiscal adjusted,94,1.5839
sales projected,51,1.5839
growth was,196,1.5832
growth expected,241,1.5832
billion reported,77,1.5831
sequentially prior,51,1.5821
dividend was,28,1.5809
portfolio growth,80,1.5799
bookings over,29,1.5775
fourth revenue,77,1.5762
billion decrease,36,1.5756
last full,29,1.5742
sales constant,20,1.574
prior fiscal,50,1.572
mix adjusted,69,1.5719
points total,93,1.5708
sale margin,23,1.5698
ebitda versus,32,1.5693
anticipated approximately,20,1.5667
last adjusted,54,1.566
expenses gaap,34,1.5651
dividend share,44,1.5651
per store,24,1.5649
period non,23,1.5647
sheet growth,21,1.5646
lower gross,49,1.5638
expectations adjusted,31,1.5638
currency adjusted,37,1.563
channel growth,20,1.5618
decline prior,31,1.5586
high cost,22,1.555
eps down,46,1.5534
compared reflecting,26,1.5524
gaap fiscal,35,1.5514
growth rates,47,1.5501
revenue increase,250,1.547
share increased,141,1.5465
day per,21,1.5435
expanded over,38,1.5417
share after,29,1.5412
lower sales,84,1.5393
growth guidance,320,1.5393
end second,31,1.5389
billion fee,20,1.5376
midpoint billion,37,1.5319
billion supporting,23,1.5307
tax income,29,1.5302
full operating,110,1.5298
previous net,36,1.5278
strong cash,22,1.5264
reaffirmed revenue,20,1.5261
guidance core,37,1.5239
segment margin,143,1.5236
including approximately,40,1.5217
increase excluding,26,1.5212
flow projected,23,1.5187
slightly over,32,1.5149
first full,48,1.5147
percentage growth,38,1.5119
expenses operating,57,1.5108
fourth net,45,1.51
share last,41,1.5089
growth acquisitions,30,1.5087
reduction prior,23,1.5085
increase nearly,23,1.5083
total investment,32,1.5077
guidance revenue,426,1.5077
our cost,22,1.5076
sales are,70,1.5054
gaap loss,29,1.5038
profit non,20,1.5024
profit operating,35,1.502
reported eps,21,1.5013
over months,53,1.5008
solutions sales,26,1.5001
period due,33,1.4995
fourth gross,21,1.4984
growth targeted,36,1.4972
channel revenue,26,1.496
revenue flat,64,1.4958
due product,45,1.4952
grew billion,57,1.4948
over highest,22,1.4947
loss net,77,1.4942
share was,119,1.4935
billion driven,115,1.4934
production expected,29,1.4931
eps full,50,1.4926
target end,21,1.4922
rate outlook,27,1.492
target full,21,1.492
billion over,489,1.4913
profit per,39,1.491
core sales,36,1.4876
transaction growth,23,1.4862
down excluding,25,1.4856
billion down,152,1.4851
rate rose,24,1.4841
mix operating,43,1.4827
quarterly sales,34,1.4793
prior range,33,1.4791
adoption over,26,1.4787
digits over,32,1.4779
higher operating,83,1.4772
performance was,31,1.4767
expenses lower,27,1.4761
dividend growth,64,1.4755
ongoing capital,21,1.4748
net cash,278,1.4737
due acquisition,32,1.4726
higher investment,24,1.4724
share reached,27,1.4721
previous adjusted,34,1.4709
headwind adjusted,20,1.47
rate guidance,100,1.4688
growth sequential,38,1.4688
costs adjusted,93,1.4674
expenses expected,51,1.4672
down high,29,1.4668
operating ratio,43,1.4663
sales decrease,26,1.4657
growth reported,81,1.4656
additional billion,36,1.4649
flow capital,51,1.4644
end prior,85,1.4638
over above,60,1.4634
rate now,21,1.4628
net unit,20,1.4628
ratio reflecting,20,1.4622
prior excluding,28,1.4618
over billion,479,1.4615
billion march,23,1.4612
approximately over,213,1.4607
range non,23,1.4603
spending over,20,1.4579
volume was,33,1.4577
flat full,20,1.457
end compared,42,1.4562
results adjusted,27,1.4557
sequentially down,41,1.4546
rate basis,77,1.4541
through new,29,1.4526
investments new,24,1.4509
growth despite,29,1.4506
revenues expected,21,1.4495
sales expected,150,1.4493
mix non,24,1.4492
growth marking,23,1.4473
prior first,46,1.4471
revenue now,86,1.4448
increase core,20,1.4445
gains adjusted,26,1.4422
pipeline new,20,1.4407
growth anticipated,47,1.4404
impact gross,33,1.4388
growth contribution,23,1.4358
growth capex,33,1.4352
increase reflecting,43,1.4351
costs higher,38,1.4349
america revenue,36,1.434
ebitda fourth,27,1.4333
total inventory,24,1.433
billion adjusted,311,1.4318
lower margin,89,1.4316
increase fourth,20,1.4308
repurchases share,34,1.4294
including first,23,1.4286
under billion,39,1.4278
growth over,534,1.4277
higher demand,21,1.4264
repurchases billion,46,1.426
increased third,22,1.4257
end dividend,27,1.4256
high margin,57,1.4247
volume increase,31,1.4246
point over,63,1.4234
revenue totaled,24,1.4217
product gross,36,1.4207
points core,22,1.4192
net book,26,1.4166
growth adjusted,351,1.4157
growth since,35,1.4153
organic net,53,1.4153
period cash,50,1.4141
brand revenue,22,1.4139
continued growth,41,1.4117
incremental revenue,29,1.4081
revenue led,33,1.4077
now approximately,24,1.4068
loss reflecting,22,1.4058
growth strategy,22,1.4044
income margin,139,1.4018
guidance free,62,1.4006
quarters net,21,1.4003
share return,25,1.3991
revenue over,712,1.3984
guidance capex,22,1.3972
margin increased,153,1.3933
ended net,25,1.3907
income guidance,121,1.3895
expenses fiscal,23,1.3874
now total,27,1.3867
representing margin,56,1.3856
margin adjusted,268,1.3856
production increased,25,1.3854
nearly total,24,1.3836
over units,23,1.3833
prior non,57,1.383
activity management,23,1.3823
fourth due,23,1.3822
growth full,183,1.3811
profit billion,52,1.3807
annual net,49,1.3801
margin excluding,47,1.3794
expense increase,36,1.3785
range capital,25,1.3774
flow representing,23,1.3766
sales reported,52,1.3763
total equity,21,1.3751
over previous,48,1.375
billion fiscal,87,1.3729
increased inventory,24,1.3703
period net,54,1.3695
inventory was,21,1.3694
end representing,31,1.3686
segment reported,30,1.3668
leverage adjusted,47,1.3657
loans end,22,1.3656
profit adjusted,48,1.3645
raised guidance,25,1.3642
average per,59,1.3622
loans billion,44,1.361
over four,29,1.3587
higher earnings,23,1.3577
costs interest,20,1.3577
cost debt,30,1.3577
flow operating,72,1.3573
compared driven,26,1.356
full capital,64,1.3531
share grew,38,1.3493
income core,20,1.3427
points adjusted,146,1.3424
offset new,29,1.3406
billion flat,37,1.3402
last net,47,1.3401
pipeline over,51,1.3395
share per,160,1.3384
was basis,88,1.3372
segment net,134,1.335
global sales,22,1.3344
billion backlog,32,1.3335
ebitda reflecting,54,1.3333
target increased,20,1.3329
total net,150,1.3326
earnings growth,66,1.3298
share quarterly,29,1.3298
outlook revenue,100,1.3291
income fourth,20,1.329
during management,25,1.3286
expenditures share,20,1.3271
achieved over,38,1.3261
ebitda increase,83,1.3252
revenue between,51,1.3205
billion led,20,1.3202
increased fourth,22,1.3196
new loans,22,1.3187
operating performance,37,1.317
lower due,49,1.3163
return billion,32,1.3158
full tax,26,1.3144
full price,26,1.313
share adjusted,211,1.3116
billion annualized,26,1.3114
margin between,29,1.3095
was reflecting,41,1.3094
guidance reflecting,69,1.3092
approximately fiscal,37,1.3078
billion full,152,1.304
approximately free,33,1.3028
asset growth,36,1.3028
outlook adjusted,59,1.3022
fiscal including,21,1.302
net orders,22,1.3012
totaled over,20,1.2996
range operating,36,1.2989
reported growth,72,1.2956
record new,22,1.2949
solutions adjusted,27,1.2943
guidance organic,40,1.2919
growth core,46,1.2911
billion after,33,1.2881
new high,30,1.288
lower operating,56,1.2872
mix approximately,27,1.2872
share increase,99,1.285
billion constant,21,1.2848
eps including,22,1.2835
revenue per,324,1.2819
operations billion,35,1.2815
core net,38,1.2798
points basis,91,1.2797
demand segment,22,1.279
margin representing,52,1.2787
flow margin,98,1.2781
period operating,33,1.2778
revenues over,46,1.2774
sequential over,41,1.275
end was,69,1.2723
growth investments,47,1.2722
driven product,24,1.2704
over arr,20,1.2704
further growth,27,1.2703
store cash,24,1.2689
was including,35,1.2681
over supporting,27,1.268
initiatives adjusted,25,1.2674
over non,148,1.2673
growth consumer,24,1.2672
capital management,74,1.2666
gaap was,49,1.266
end demand,24,1.2656
reached per,22,1.2624
related revenue,69,1.2598
end net,140,1.2593
premium revenue,24,1.257
date adjusted,32,1.2565
expected through,28,1.2535
growth above,42,1.2522
expected above,21,1.2521
reported revenue,95,1.2512
ebitda free,43,1.2504
full range,28,1.2482
through share,36,1.2463
share third,27,1.2449
expense non,26,1.2448
higher loan,21,1.2444
prior end,73,1.2443
share fourth,29,1.2419
but expected,30,1.2411
reduced over,50,1.2403
added over,22,1.2398
driven growth,110,1.2387
gaap expense,26,1.2367
reported management,37,1.2343
income billion,139,1.2333
reported gross,27,1.2329
ratio total,30,1.2328
versus end,21,1.2322
rate compared,27,1.2311
percentage net,26,1.2288
ebitda improved,28,1.2287
over years,46,1.2237
due customer,29,1.2232
higher margin,100,1.2221
prior net,137,1.2216
full representing,28,1.2215
fiscal gross,35,1.2209
due volume,32,1.2201
revenue sequentially,123,1.2191
profit growth,53,1.2175
attributed new,26,1.2172
expects net,27,1.2168
third guidance,28,1.2142
higher cost,35,1.2112
overall revenue,25,1.2102
loss driven,22,1.2094
growth loans,45,1.2028
ratio net,55,1.2026
consecutive over,25,1.2022
higher product,27,1.2021
leverage approximately,20,1.2021
outlook net,56,1.2013
share including,53,1.1988
half full,23,1.1983
over annual,64,1.1976
total production,21,1.1965
further margin,20,1.1964
down end,62,1.196
rate debt,32,1.1956
balance billion,25,1.1951
versus net,39,1.1944
reduction over,52,1.1932
adjusted efficiency,21,1.1919
income outlook,28,1.1902
revenue fiscal,119,1.1898
guidance net,209,1.1891
investment new,26,1.1875
margin reported,52,1.1852
range gross,24,1.1831
growth mid,40,1.1828
eps fiscal,22,1.1821
share non,73,1.1813
ebitda improvement,23,1.18
reported operating,36,1.1787
over fourth,53,1.1783
increase annual,20,1.1781
improved approximately,20,1.1776
annual guidance,35,1.1772
over half,64,1.1763
risks adjusted,42,1.1761
annual gross,20,1.1752
projected total,25,1.1741
expenses total,37,1.1733
higher expected,62,1.1732
cost sales,68,1.1709
over percentage,37,1.17
revenue generated,24,1.1698
annual cash,38,1.1689
guidance due,115,1.1677
margin fiscal,67,1.1646
debt expense,21,1.1634
was first,35,1.1621
over reported,81,1.1621
rose total,26,1.161
increase adjusted,115,1.161
half guidance,35,1.1559
flow approximately,45,1.1551
segment growth,142,1.1543
commercial sales,33,1.1533
full production,20,1.1521
clinical revenue,20,1.1513
expected end,78,1.151
expenditures billion,24,1.1506
new range,27,1.1491
ebitda decline,28,1.1476
approximately primarily,23,1.1471
over active,24,1.147
growth commercial,48,1.1437
performance segment,24,1.1436
sales organic,36,1.1431
growth offset,56,1.1416
net price,44,1.1414
guidance total,108,1.1412
debt net,78,1.1378
billion non,96,1.1369
billion free,66,1.1345
full reflecting,39,1.1341
representing revenue,82,1.1323
approximately new,62,1.1319
over full,190,1.1319
approximately full,60,1.1313
billion remains,23,1.1304
expected first,42,1.127
share fiscal,54,1.1244
revenue driven,138,1.1215
gaap expenses,25,1.1215
margin reflecting,69,1.1214
over customers,41,1.1156
down fiscal,32,1.1155
growth fiscal,83,1.1144
increased organic,24,1.1143
growth consolidated,22,1.1128
rate increased,53,1.1123
loss adjusted,58,1.111
sales reflecting,60,1.1108
products revenue,41,1.1096
revenue excluding,68,1.1088
compared end,33,1.1083
half total,22,1.1081
price was,21,1.108
including basis,41,1.1076
sequentially first,20,1.1071
costs operating,48,1.1063
infrastructure revenue,22,1.1054
last operating,26,1.1047
expenses net,66,1.1036
balance cash,20,1.1026
revenues adjusted,27,1.1021
digit sales,27,1.0977
margin both,38,1.0974
backlog growth,31,1.0971
term growth,57,1.0957
debt cash,68,1.0955
growth digital,23,1.095
center growth,21,1.0942
share same,21,1.0935
over now,61,1.0902
decline gross,20,1.0898
growth non,106,1.0892
investment increased,25,1.0889
reflecting basis,46,1.0866
share down,85,1.0861
flow expected,55,1.0856
points average,35,1.0851
over basis,224,1.0836
approximately end,58,1.0826
margin negative,26,1.0805
growth projects,24,1.0803
reached adjusted,26,1.0774
ebitda range,30,1.0774
margin impact,51,1.0736
flow down,42,1.0727
new investment,24,1.072
rose full,24,1.0715
share gaap,68,1.0708
ebitda expected,89,1.0707
prior gross,58,1.0695
revenue nearly,59,1.068
improvement adjusted,33,1.0661
costs expected,43,1.0645
total annual,21,1.0623
revenue sequential,39,1.062
cash cost,69,1.0617
flow including,24,1.0596
approximately including,29,1.0577
points full,64,1.0577
increased both,22,1.0561
guidance approximately,89,1.0521
one basis,24,1.047
quarterly operating,20,1.0467
margin full,113,1.0447
generated revenue,22,1.0442
digit over,47,1.0438
cash interest,47,1.0424
gaap free,22,1.0417
revenue compared,98,1.039
flat adjusted,28,1.0374
revenue fourth,53,1.0373
profit guidance,32,1.0366
earnings increased,25,1.0356
approximately compared,28,1.035
expected offset,26,1.0346
expenses full,33,1.0343
volume billion,53,1.0338
markets adjusted,21,1.0326
over adjusted,332,1.032
ratio adjusted,48,1.0318
due cost,42,1.0304
sales driven,65,1.0299
costs management,45,1.0293
billion debt,76,1.0266
but increased,24,1.0256
was increase,52,1.0241
billion cash,214,1.0225
fiscal down,30,1.0224
reported full,26,1.0211
declined management,26,1.0205
leverage increased,21,1.0199
margin fourth,30,1.0198
compared non,22,1.019
margin approximately,99,1.0179
expected full,71,1.0151
primarily increased,25,1.0148
term margin,42,1.0142
margin increase,99,1.014
increase due,59,1.013
sequentially management,42,1.0123
total expenses,33,1.0082
period full,22,1.0047
increase approximately,49,0.9992
rate full,46,0.9966
increased range,25,0.9961
billion net,234,0.9958
end management,75,0.9936
platform revenue,37,0.9919
costs net,68,0.9901
expense higher,24,0.9872
date net,27,0.9858
fiscal driven,22,0.9857
last cash,33,0.9856
revenue versus,55,0.9816
global net,21,0.9814
transaction revenue,22,0.9777
cost capital,31,0.975
capex billion,21,0.9738
projected adjusted,40,0.9732
segment volume,23,0.973
bookings revenue,21,0.9709
over total,173,0.9706
full sales,94,0.9702
costs down,31,0.9686
increased per,89,0.9684
sales increase,84,0.968
billion record,34,0.9652
driven cost,25,0.964
prior outlook,25,0.9622
expenditures net,20,0.9613
margins adjusted,24,0.9587
ebitda reported,30,0.9572
third adjusted,28,0.9572
lower costs,21,0.957
demand new,20,0.9556
billion target,29,0.9533
record net,32,0.9515
revenue base,27,0.9512
cash same,22,0.9504
total cost,38,0.9501
share above,22,0.9495
projected end,21,0.9489
increase full,53,0.9485
fourth sales,25,0.9478
projected growth,48,0.9463
offset basis,26,0.944
retail revenue,28,0.9435
guidance was,86,0.9417
profit over,54,0.9411
loan sales,34,0.941
assets net,27,0.9382
ratio full,24,0.9369
billion since,22,0.9361
currency sales,20,0.9357
growth low,32,0.9353
sequentially total,33,0.9343
billion capital,96,0.9337
end credit,20,0.9334
share diluted,30,0.9305
shares per,21,0.9301
billion first,64,0.9254
fiscal revenue,99,0.9244
activity net,26,0.9244
growth fourth,36,0.9237
growth now,44,0.9223
higher sales,71,0.9191
sales guidance,142,0.9173
investments adjusted,30,0.9144
increased representing,24,0.9104
growth increase,118,0.9082
fiscal operating,39,0.9078
income reflecting,32,0.907
growth total,134,0.9055
over compared,81,0.9051
rose adjusted,40,0.9034
income including,28,0.9014
growth deposit,21,0.9005
driven increase,34,0.8999
billion fourth,31,0.8986
billion range,44,0.8959
negative adjusted,24,0.8958
points operating,71,0.8955
down reported,21,0.8941
capacity growth,29,0.8933
over representing,63,0.893
full loan,21,0.8907
months adjusted,23,0.8899
over since,30,0.8895
customers over,35,0.8874
end first,31,0.8842
outlook total,24,0.8835
per customer,30,0.8832
expected lower,39,0.8821
billion leverage,36,0.8818
adjusted non,75,0.8801
expects adjusted,21,0.8798
sales compared,44,0.8783
ebitda full,68,0.8775
flow cash,71,0.874
was adjusted,98,0.8732
primarily new,22,0.8723
projected revenue,62,0.8711
approximately reflecting,29,0.8707
increased average,32,0.87
total gross,51,0.8641
over fiscal,86,0.8622
due high,23,0.8611
period prior,20,0.861
growth after,28,0.8604
over including,80,0.8593
portfolio management,26,0.8575
higher sequentially,24,0.8546
sales improved,28,0.8543
prior loss,26,0.8523
income operating,66,0.8512
targeted growth,23,0.8509
increase fiscal,27,0.8494
revenue exceeding,22,0.8477
increased fiscal,32,0.8457
share loss,38,0.8412
income prior,53,0.8404
lower capital,27,0.8393
half management,22,0.8382
average sales,46,0.8374
range guidance,33,0.8372
revenue organic,58,0.8366
growth deposits,20,0.8359
down driven,32,0.8334
costs full,32,0.8333
income sequentially,29,0.8322
due new,60,0.8305
sequentially gross,27,0.8281
digital revenue,26,0.8275
prior gaap,39,0.8274
loss increased,27,0.8243
rate down,36,0.824
end loan,20,0.8205
expansion management,28,0.8201
annual ebitda,21,0.818
increased interest,25,0.818
over gross,137,0.8173
net loan,38,0.8157
over reduction,40,0.8147
operations net,24,0.8109
guidance representing,33,0.8105
over new,157,0.8099
growth markets,22,0.8097
total volume,23,0.8078
continued margin,21,0.8056
billion sequential,21,0.8039
expense full,27,0.8034
full expense,27,0.8034
flow non,28,0.8025
rose prior,20,0.8023
income fiscal,28,0.8
impact was,22,0.7996
reported per,31,0.7958
gross net,91,0.7949
decline adjusted,34,0.793
annual adjusted,32,0.791
share core,21,0.7899
revenue non,117,0.7873
performance total,21,0.7857
billion excluding,35,0.7856
growth other,20,0.7848
growth approximately,108,0.7843
sales fiscal,45,0.7814
revenue constant,23,0.7811
end capital,43,0.7796
approximately due,50,0.7781
rate non,28,0.7762
operations adjusted,23,0.7751
revenue third,41,0.7731
due prior,56,0.7714
sales excluding,27,0.7707
increase gross,42,0.7701
sales primarily,31,0.769
margin anticipated,23,0.7685
basis excluding,21,0.7673
lower expected,36,0.7666
over shares,38,0.7664
over third,37,0.7659
guidance billion,164,0.7656
ebitda growth,144,0.765
prior operating,65,0.7646
per management,89,0.7612
over annualized,25,0.7607
billion equity,27,0.7594
rate end,39,0.7586
expected high,23,0.7562
growth positive,21,0.7543
growth all,34,0.752
billion third,26,0.751
growth including,60,0.7477
increased prior,55,0.7469
growth capital,96,0.743
ratio expected,24,0.7418
target billion,25,0.7391
expenses higher,21,0.7359
services adjusted,24,0.7357
margin operating,113,0.7328
performance sales,31,0.7288
cash end,87,0.7286
share full,75,0.7244
performance adjusted,37,0.7239
investments cash,24,0.7225
costs non,21,0.7215
growth date,27,0.7214
growth nearly,34,0.7171
nearly growth,34,0.7171
growth global,21,0.7171
increase non,32,0.7164
markets revenue,28,0.7133
debt total,31,0.7112
billion period,36,0.7109
performance revenue,61,0.7108
growth gross,103,0.7092
volume guidance,33,0.7066
was non,33,0.7038
income full,48,0.7037
our full,20,0.7023
was lower,28,0.7022
diluted net,33,0.7022
investment billion,36,0.6993
performance net,37,0.6983
growth mainly,21,0.6969
improvement net,26,0.6966
impact full,22,0.6965
demand growth,37,0.6948
billion above,25,0.6944
expected billion,114,0.6939
down per,61,0.6932
second guidance,27,0.6913
revenue total,157,0.6897
expansion adjusted,39,0.689
compared adjusted,46,0.6822
full gaap,35,0.6775
between growth,24,0.6774
expenses approximately,23,0.6774
core growth,30,0.6744
pipeline growth,26,0.671
margin performance,34,0.671
services growth,28,0.6682
margin gaap,62,0.6665
share second,25,0.6635
average revenue,81,0.6591
guidance gross,68,0.6571
increase including,22,0.6553
organic basis,20,0.6542
impact adjusted,40,0.654
management projected,21,0.6527
fiscal due,28,0.6515
impact new,22,0.6499
sequentially operating,33,0.6484
expected total,56,0.6467
share both,23,0.644
loss approximately,20,0.644
over organic,46,0.6431
over one,42,0.6416
points non,34,0.641
sales nearly,22,0.6393
segment guidance,68,0.639
growth double,20,0.6353
expense adjusted,45,0.6353
record over,38,0.6316
was over,125,0.6309
consumer revenue,21,0.6302
projected net,32,0.6257
impact operating,26,0.6256
net operating,112,0.6252
income expected,52,0.6241
savings over,23,0.6229
over international,26,0.6215
total reported,20,0.6166
end end,47,0.6155
segment income,41,0.6154
expected non,38,0.6091
sales adjusted,137,0.6086
over after,29,0.6076
based growth,29,0.6075
margin range,32,0.605
rate management,43,0.6034
growth need,34,0.6029
full average,25,0.6025
growth backlog,22,0.6023
reported billion,39,0.6017
eps over,76,0.5982
fiscal expected,29,0.5973
sequentially higher,20,0.5915
based revenue,39,0.5906
was net,82,0.5904
management attributed,20,0.5895
fiscal net,48,0.5887
over first,71,0.581
expenses adjusted,45,0.5767
billion nearly,27,0.5752
guidance annual,23,0.5715
higher net,68,0.571
over date,30,0.57
margin record,23,0.5698
growth compared,52,0.5691
ebitda approximately,49,0.5688
adjusted tax,29,0.5669
expected impact,23,0.5656
acquisition adjusted,30,0.5647
gaap income,31,0.5607
expects revenue,28,0.5605
end driven,30,0.5594
billion across,21,0.5574
was end,42,0.5561
billion quarterly,23,0.5559
growth high,40,0.5547
increased reported,20,0.554
due non,34,0.5536
billion gross,81,0.5532
ebitda impact,24,0.5517
fiscal capital,20,0.5489
capacity billion,20,0.5479
growth reached,22,0.5465
over second,44,0.5455
growth but,37,0.5437
eps prior,26,0.543
billion primarily,34,0.5427
quarterly growth,26,0.5421
approximately lower,24,0.5407
despite revenue,21,0.5406
ebitda billion,108,0.5406
approximately prior,40,0.5401
points gross,40,0.5369
sales now,23,0.5366
guidance excluding,23,0.5362
growth through,34,0.5337
value billion,24,0.5285
sales offset,25,0.5283
revenue potential,22,0.5276
during cash,20,0.5276
sales gross,62,0.5271
over free,61,0.5268
increase per,55,0.5228
sales including,35,0.5202
versus adjusted,24,0.5195
grew adjusted,27,0.5161
including share,33,0.5153
over over,350,0.5148
expenses over,65,0.5138
margin nearly,23,0.5123
volume over,52,0.5123
approximately adjusted,73,0.5092
costs total,26,0.5077
expansion net,35,0.5073
compared operating,27,0.5066
margin free,38,0.5065
end increase,39,0.5062
expansion expected,21,0.5058
growth versus,29,0.5026
revenue midpoint,28,0.4948
end due,46,0.4941
increase was,36,0.4936
revenue adjusted,252,0.4933
over quarterly,31,0.4924
points free,21,0.484
backlog over,25,0.4833
expense due,23,0.4819
date billion,20,0.4791
sales performance,26,0.4751
digit adjusted,21,0.4749
growth primarily,37,0.474
based net,22,0.4733
expected down,43,0.4727
anticipated growth,24,0.4708
increased including,23,0.4707
increased total,46,0.4693
billion new,88,0.4688
rose per,22,0.4669
declined adjusted,27,0.4658
offset growth,35,0.4636
term revenue,50,0.4623
operational growth,22,0.461
higher end,33,0.4588
contract revenue,24,0.4527
revenue record,37,0.4522
revenue timing,22,0.4517
cash costs,42,0.4506
core adjusted,21,0.4498
portfolio billion,32,0.4485
core margin,20,0.4485
lower net,48,0.4461
production growth,28,0.4425
increase total,38,0.4424
expense net,40,0.4398
volume expected,20,0.4371
loans net,22,0.4347
growth second,33,0.4339
earnings adjusted,29,0.4333
revenue impact,57,0.4306
raised revenue,26,0.4295
higher gross,29,0.4294
total cash,72,0.4293
prior including,21,0.4219
ebitda over,140,0.4209
prior total,42,0.4205
increase net,70,0.4192
end average,22,0.4183
billion core,22,0.4176
billion attributed,29,0.4171
income over,111,0.4147
prior average,22,0.4118
was sequentially,21,0.4113
now billion,27,0.4084
repurchases over,32,0.4083
both over,37,0.3963
revenue anticipated,31,0.3957
mix management,20,0.3944
over average,61,0.3909
increased costs,25,0.3885
net pricing,21,0.3876
costs due,25,0.387
product margin,35,0.3869
rate per,42,0.3863
approximately higher,28,0.3855
reduction net,20,0.3825
down adjusted,66,0.3809
new debt,25,0.3802
costs cash,40,0.3802
flow adjusted,55,0.3756
rate adjusted,56,0.3753
sequentially full,22,0.3753
guidance attributed,22,0.3748
was full,37,0.373
points margin,71,0.3715
loss guidance,29,0.368
growth quarterly,23,0.3652
ebitda fiscal,26,0.3645
first due,23,0.3631
growth increased,96,0.3617
billion loans,22,0.361
flow increase,26,0.3599
over both,36,0.3568
revenue including,62,0.3506
margin prior,70,0.3476
ongoing margin,21,0.3463
lower revenue,73,0.3423
representing net,29,0.3415
billion prior,78,0.3353
growth range,34,0.3333
revenue gross,108,0.3332
cash operating,82,0.331
revenue achieved,21,0.3295
increased full,41,0.3293
guidance second,21,0.3288
ebitda ebitda,56,0.3271
expected fiscal,24,0.3242
operating cost,30,0.3232
revenue above,30,0.3224
our sales,24,0.3205
guidance outlook,25,0.3204
growth average,47,0.3182
income growth,84,0.316
gaap down,24,0.3143
revenue primarily,45,0.3121
growth annual,28,0.3084
loss operating,22,0.3056
expenses prior,20,0.3056
approximately non,24,0.3052
guidance high,23,0.3033
anticipated revenue,29,0.2995
reflecting margin,39,0.2982
sequentially adjusted,39,0.2963
expenses guidance,31,0.296
higher capital,24,0.2917
results revenue,20,0.2884
rate new,29,0.2843
risks net,23,0.2818
over return,22,0.2812
over current,21,0.2795
end share,55,0.2772
share first,30,0.2718
was total,35,0.2668
gaap revenue,82,0.2664
revenue range,44,0.261
gaap expected,30,0.26
billion share,109,0.2594
including per,26,0.2571
growth free,41,0.257
segment was,31,0.2569
rate growth,63,0.2553
prior capital,30,0.2537
cost guidance,36,0.2501
down full,32,0.2415
activity over,24,0.2412
approximately gross,29,0.2397
income approximately,31,0.2369
sequentially net,38,0.2332
higher due,30,0.2309
ebitda sequentially,24,0.2305
approximately revenue,100,0.2289
adjusted basis,82,0.2272
fiscal management,24,0.2234
sales full,56,0.223
expenses due,20,0.2216
improved net,22,0.2205
over core,27,0.2189
was higher,26,0.2177
growth segment,74,0.2141
expense per,25,0.2133
investment sales,20,0.2109
prior cash,61,0.2099
billion commercial,22,0.2088
fourth over,27,0.2052
first operating,24,0.2027
expected due,43,0.2014
lower over,60,0.2003
share range,20,0.1979
range share,20,0.1979
end full,35,0.1899
billion compared,35,0.1886
prior management,43,0.1846
growth net,152,0.1827
guidance per,76,0.1812
operating eps,25,0.1806
earnings billion,26,0.1765
sales over,153,0.1746
billion investment,25,0.1732
share total,52,0.17
revenue approximately,96,0.17
date revenue,25,0.166
impact net,29,0.1644
new capital,29,0.1644
revenue target,26,0.1607
adjusted loss,30,0.1599
approximately expected,35,0.1586
ebitda including,21,0.1577
gaap per,34,0.1566
over net,184,0.1549
range net,25,0.1541
revenue full,106,0.149
guidance gaap,38,0.1481
projected over,34,0.1453
return over,20,0.1436
billion both,22,0.1404
rate due,27,0.1377
expenses revenue,55,0.1319
margin rate,45,0.129
total segment,31,0.1278
points net,64,0.127
reflecting new,20,0.124
revenue service,20,0.1223
increased operating,44,0.1193
over commercial,29,0.1132
impact guidance,23,0.1126
was prior,31,0.1115
income driven,21,0.1029
approximately net,56,0.1011
guidance operating,64,0.1004
reduced revenue,25,0.0994
billion through,22,0.0963
ratio guidance,21,0.0962
liquidity over,24,0.0909
increased adjusted,65,0.0891
first guidance,28,0.089
share driven,32,0.0875
growth new,77,0.0855
gaap ebitda,28,0.0852
approximately increase,26,0.085
growth reflecting,43,0.08
fiscal over,50,0.0798
full total,33,0.0788
increase operating,36,0.0785
commercial revenue,31,0.0685
basis driven,26,0.067
fiscal cash,30,0.0662
approximately cash,49,0.0641
higher revenue,78,0.0602
including net,31,0.0593
full margin,57,0.0574
expected cost,23,0.0567
increased sales,53,0.0549
guidance driven,33,0.0487
full cash,54,0.0403
high growth,28,0.0401
full ebitda,38,0.038
share guidance,73,0.0373
leverage billion,20,0.0338
billion last,20,0.0338
over record,25,0.0276
was due,31,0.0275
revenue backlog,20,0.0205
increased capital,27,0.0193
full growth,71,0.0152
margin eps,32,0.0128
sales basis,59,0.0125
billion projected,22,0.0114
end billion,62,0.0105
over down,77,0.0099
growth record,20,0.0091
declined billion,21,0.0039
second adjusted,20,0.0014
share sequentially,25,-0.0051
reported over,36,-0.0078
down billion,54,-0.0079
billion operating,76,-0.008
share free,22,-0.011
expenses sales,25,-0.0111
gaap guidance,34,-0.0124
expenses billion,32,-0.0145
down gross,24,-0.0162
new sales,49,-0.0164
higher over,67,-0.0182
first adjusted,31,-0.0211
net capital,47,-0.023
operations revenue,22,-0.0233
sales sequentially,26,-0.0285
billion per,84,-0.0307
outlook billion,25,-0.0359
sequentially billion,33,-0.0441
acquisition net,20,-0.0459
over all,24,-0.054
costs per,24,-0.0608
expected adjusted,63,-0.0624
over operating,103,-0.0634
revenue first,50,-0.0658
income higher,22,-0.0681
eps operating,21,-0.0709
increase new,27,-0.0713
sales net,87,-0.0721
flow net,41,-0.0738
total non,21,-0.0774
full increase,26,-0.079
end operating,36,-0.0814
portfolio net,21,-0.0854
approximately growth,59,-0.0879
growth customer,25,-0.0958
revenue both,29,-0.0961
adjusted expense,27,-0.1017
growth management,80,-0.1085
net impact,24,-0.1086
adjusted segment,48,-0.1205
capital end,23,-0.1231
lower cash,29,-0.1252
end new,29,-0.128
flow increased,22,-0.1299
expenses cash,25,-0.1413
expansion over,33,-0.1454
capital was,21,-0.1515
sales lower,26,-0.1526
management guidance,53,-0.1556
half revenue,28,-0.1573
ebitda driven,22,-0.1586
average net,28,-0.1647
revenue attributed,30,-0.169
mix net,21,-0.17
over liquidity,20,-0.1721
record revenue,24,-0.1723
eps net,30,-0.175
basis due,35,-0.1862
lower share,24,-0.1881
over volume,32,-0.1882
impact revenue,37,-0.1928
revenue quarterly,21,-0.2104
but over,27,-0.2143
flow over,55,-0.2178
points segment,24,-0.2182
was gross,22,-0.2198
billion portfolio,20,-0.2295
driven net,33,-0.2339
driven basis,21,-0.2411
margin segment,42,-0.244
share net,73,-0.2453
lower adjusted,29,-0.2553
down down,20,-0.2554
ebitda end,31,-0.2555
increase end,23,-0.2557
ebitda net,59,-0.2579
expected growth,67,-0.2636
segment segment,21,-0.2689
expense sales,20,-0.2744
growth operating,72,-0.2766
total approximately,23,-0.2781
over nearly,21,-0.2814
points management,31,-0.284
over customer,27,-0.2882
full down,22,-0.299
revenue annual,25,-0.2995
expense revenue,39,-0.3054
revenue segment,70,-0.3105
expense over,35,-0.3206
sales first,21,-0.3228
margin driven,29,-0.3256
cash was,39,-0.3261
sales approximately,34,-0.3329
driven operating,20,-0.3377
revenue last,24,-0.3382
growth investment,20,-0.3393
guidance capital,31,-0.3408
was operating,28,-0.3411
new share,37,-0.3417
data revenue,20,-0.3428
higher share,28,-0.3434
margin net,82,-0.3486
over loan,25,-0.3562
first net,25,-0.3571
growth lower,33,-0.3588
over segment,61,-0.3681
sales sales,58,-0.3712
share over,99,-0.3735
growth higher,42,-0.3885
expected gross,24,-0.3924
revenue prior,73,-0.3953
product growth,26,-0.401
growth product,26,-0.401
billion average,25,-0.4019
guidance eps,21,-0.407
segment full,21,-0.4081
revenue performance,28,-0.4125
range over,25,-0.4137
share end,34,-0.4167
compared billion,23,-0.4172
margin product,20,-0.4205
increased new,25,-0.4311
full expected,26,-0.4342
revenue ebitda,85,-0.4399
over margin,114,-0.441
share cash,57,-0.4466
margin first,22,-0.4467
revenue operating,87,-0.4479
expected capital,21,-0.4497
gross operating,25,-0.4504
our revenue,28,-0.4516
billion growth,103,-0.4524
adjusted expenses,22,-0.4558
debt share,20,-0.4599
ebitda prior,27,-0.4612
was margin,37,-0.4629
prior increase,20,-0.4637
sales due,37,-0.4651
prior share,33,-0.4662
revenue but,25,-0.4662
new billion,46,-0.4671
end basis,27,-0.4702
expected revenue,79,-0.4702
segment expected,23,-0.4719
margin due,42,-0.4733
guidance increase,31,-0.4733
prior basis,27,-0.4766
increase margin,35,-0.4861
over earnings,23,-0.4945
billion approximately,39,-0.4946
revenue profit,22,-0.4953
rate net,31,-0.5034
over dividend,20,-0.506
end over,61,-0.507
billion due,46,-0.5105
rate operating,20,-0.517
billion revenue,134,-0.5172
now over,20,-0.5186
flow per,22,-0.5203
first cash,20,-0.5234
gaap cash,26,-0.5264
share approximately,28,-0.5331
rate over,45,-0.5336
basis adjusted,48,-0.5454
down margin,33,-0.55
performance over,23,-0.5554
both revenue,21,-0.5617
approximately sales,29,-0.5624
margin margin,66,-0.567
decline revenue,22,-0.5693
first revenue,35,-0.5803
cost revenue,40,-0.5892
revenue second,22,-0.5954
total new,21,-0.62
over higher,44,-0.6249
over management,69,-0.6254
sales non,22,-0.6291
investment over,20,-0.6428
increased net,39,-0.6735
end expected,22,-0.675
billion expected,44,-0.6796
growth first,24,-0.6803
share operating,35,-0.6871
over per,75,-0.6882
approximately share,25,-0.6966
increase share,25,-0.7005
increased end,20,-0.7061
expected per,30,-0.7068
capital guidance,24,-0.71
over revenue,164,-0.7198
margin higher,26,-0.7213
margin lower,20,-0.7222
down management,20,-0.7324
revenue revenue,178,-0.7425
expected net,40,-0.7434
down operating,20,-0.7485
over high,20,-0.7488
cash gross,28,-0.7499
billion was,34,-0.7534
share growth,61,-0.7687
growth basis,50,-0.7764
down net,30,-0.7822
over approximately,45,-0.7822
sales prior,28,-0.7832
increase billion,32,-0.7838
cash total,31,-0.7864
cash billion,61,-0.7882
revenue product,27,-0.791
over end,50,-0.7939
growth due,43,-0.7985
was cash,28,-0.8041
over product,24,-0.82
guidance basis,33,-0.829
revenue earnings,20,-0.837
share due,27,-0.8397
revenue gaap,38,-0.8432
management operating,26,-0.847
sales operating,33,-0.8519
driven margin,20,-0.8616
adjusted margin,56,-0.8732
range revenue,20,-0.8765
guidance guidance,41,-0.8781
mix revenue,21,-0.8787
revenue due,55,-0.8877
over cash,80,-0.8911
was sales,24,-0.8963
ebitda cash,34,-0.8975
capital cash,23,-0.8984
driven revenue,34,-0.8996
management net,38,-0.9182
revenue management,62,-0.9206
management increased,21,-0.9318
over capital,37,-0.9359
prior margin,28,-0.9743
was revenue,45,-0.984
guidance sales,38,-0.9845
billion segment,28,-0.9974
operating ebitda,23,-0.9983
increased management,20,-1.0022
billion sales,48,-1.0038
billion guidance,48,-1.007
operating revenue,59,-1.0082
total billion,31,-1.0158
higher adjusted,22,-1.0315
higher cash,20,-1.0389
share expected,25,-1.0557
guidance segment,21,-1.0561
cash net,48,-1.0603
growth margin,60,-1.0636
increase growth,30,-1.0676
over cost,26,-1.0698
margin management,32,-1.0714
growth cost,21,-1.0745
over sales,64,-1.0828
billion ebitda,35,-1.085
growth revenue,103,-1.0874
revenue higher,35,-1.0959
share management,26,-1.0999
approximately guidance,20,-1.1017
increased margin,27,-1.1092
first over,22,-1.1093
revenue basis,54,-1.1098
growth gaap,23,-1.1232
expected operating,20,-1.1247
points sales,22,-1.1277
billion higher,22,-1.1308
billion gaap,20,-1.1342
due share,22,-1.1352
increased growth,34,-1.1358
higher growth,25,-1.137
including over,20,-1.1407
costs over,23,-1.1416
revenue lower,26,-1.1471
sales total,22,-1.151
expected cash,27,-1.1548
revenue share,63,-1.1665
management adjusted,31,-1.1863
capital billion,22,-1.1919
over gaap,27,-1.1953
points guidance,21,-1.1981
expected over,43,-1.2068
total adjusted,25,-1.2268
flow growth,22,-1.2363
sales management,25,-1.2364
gaap over,26,-1.2498
gross revenue,36,-1.2517
growth billion,59,-1.2563
end revenue,40,-1.2568
share share,28,-1.2619
margin over,63,-1.2966
full billion,25,-1.3001
sales per,27,-1.3086
end adjusted,23,-1.3208
points growth,28,-1.33
revenue average,20,-1.3588
growth prior,27,-1.3859
guidance growth,42,-1.3903
rate revenue,27,-1.4115
adjusted revenue,67,-1.4179
increase revenue,32,-1.4188
margin sales,32,-1.4203
guidance cash,30,-1.4557
sales revenue,54,-1.4689
prior billion,22,-1.4907
ebitda revenue,41,-1.4917
increased revenue,36,-1.4977
over share,44,-1.5434
growth growth,54,-1.5747
over was,27,-1.58
due revenue,34,-1.5816
adjusted sales,30,-1.5825
management revenue,39,-1.5894
operating net,24,-1.5972
growth ebitda,28,-1.5976
revenue net,60,-1.6027
cash basis,21,-1.608
margin per,25,-1.6107
sales margin,28,-1.6129
due net,20,-1.6385
growth sales,35,-1.6501
revenue new,31,-1.6714
revenue margin,53,-1.6869
net margin,32,-1.7061
income revenue,28,-1.7133
billion management,23,-1.7163
prior over,26,-1.7438
growth share,31,-1.7452
guidance margin,25,-1.7797
margin revenue,49,-1.8001
over ebitda,30,-1.8015
billion margin,31,-1.8256
total growth,20,-1.8387
growth cash,32,-1.9096
points revenue,25,-1.9378
over guidance,35,-1.9568
growth per,25,-1.9698
over expected,25,-1.9892
adjusted cash,24,-2.0347
prior revenue,23,-2.0616
total over,21,-2.0717
margin cash,22,-2.091
margin growth,25,-2.3266
guidance over,27,-2.3312
revenue sales,25,-2.5799
share revenue,22,-2.6844
revenue cash,23,-2.8304
